cell,KUL28-T_AAGGAGCAGGTGCAAC,KUL28-T_ACGTCAACACCCAGTG,KUL28-T_ACTTACTAGCGGCTTC,KUL28-T_ACTTACTCAATGAAAC,KUL28-T_AGAGCTTAGACTTGAA,KUL28-T_AGCCTAAGTCCTCTTG,KUL28-T_AGGCCGTGTGTGTGCC,KUL28-T_AGTGAGGGTCTCAACA,KUL28-T_AGTGTCATCAACTCTT,KUL28-T_AGTTGGTGTCTCTCGT,KUL28-T_ATAAGAGCATATGCTG,KUL28-T_ATAGACCTCACGACTA,KUL28-T_ATCCACCGTGACCAAG,KUL28-T_ATCTGCCGTCAGAGGT,KUL28-T_ATTCTACTCTTAACCT,KUL28-T_CACATAGTCGAATGGG,KUL28-T_CACCACTTCGATGAGG,KUL28-T_CAGAATCCAATGAATG,KUL28-T_CAGAATCGTACATCCA,KUL28-T_CAGATCACATCCGTGG,KUL28-T_CAGCGACCACCCTATC,KUL28-T_CAGGTGCAGCGTTCCG,KUL28-T_CAGTCCTAGCACCGCT,KUL28-T_CATATTCGTTTCCACC,KUL28-T_CCATTCGGTAGGCATG,KUL28-T_CCTACACGTGCAGGTA,KUL28-T_CCTCAGTAGCTATGCT,KUL28-T_CCTCAGTAGTGTACCT,KUL28-T_CGATGTACATCCAACA,KUL28-T_CGCGGTAGTCACCTAA,KUL28-T_CGGTTAACACCACCAG,KUL28-T_CGTTAGACATGAAGTA,KUL28-T_CTACACCAGCTAGTTC,KUL28-T_CTGCGGATCAAGAAGT,KUL28-T_CTGGTCTTCACAAACC,KUL28-T_CTTAACTGTGTCGCTG,KUL28-T_CTTACCGCATTAGCCA,KUL28-T_GAAACTCGTAAACACA,KUL28-T_GAACATCCAACTGGCC,KUL28-T_GAATAAGAGAGAGCTC,KUL28-T_GAGCAGAGTATAATGG,KUL28-T_GAGGTGAAGCTGTCTA,KUL28-T_GATCAGTAGGCTCTTA,KUL28-T_GATGAGGTCGAATGGG,KUL28-T_GATTCAGCAAGGGTCA,KUL28-T_GCAAACTCAAACAACA,KUL28-T_GCTGGGTCAGCATACT,KUL28-T_GGAATAAAGTGTCCCG,KUL28-T_GGAATAATCCGGGTGT,KUL28-T_GGCCGATCATGCCTTC,KUL28-T_GTACTTTGTTTCCACC,KUL28-T_GTCACAACATGTTCCC,KUL28-T_GTCTCGTCAAGTCTAC,KUL28-T_TAGTTGGTCTTAACCT,KUL28-T_TCAGATGAGGCGACAT,KUL28-T_TCGTAGATCCTCTAGC,KUL28-T_TTAGTTCGTGTTTGGT,KUL28-T_TTGGAACGTTACGTCA,KUL28-T_TTGTAGGTCATGCAAC
IGHA1,0.0,0.0,0.0,1.655119,0.0,0.0,0.0,0.0,0.0,0.0,0.0,0.0,0.0,0.0,0.0,0.0,0.0,0.0,0.0,0.0,0.0,0.0,0.0,0.0,0.0,0.0,0.0,0.0,0.0,0.0,0.0,0.0,0.0,2.489042,0.0,0.0,0.0,0.0,0.0,0.0,0.0,0.0,0.0,0.0,0.0,0.0,0.0,0.0,0.0,0.0,0.0,0.0,0.0,0.0,0.0,0.0,0.0,0.0,0.0
CD79A,0.0,0.0,0.0,0.0,0.0,0.0,0.0,0.0,0.0,0.0,0.0,0.0,0.0,0.0,0.0,0.0,0.0,0.0,0.0,0.0,0.0,0.0,0.0,0.0,0.0,0.0,0.0,0.0,0.0,0.0,0.0,0.0,0.0,0.0,0.0,0.0,0.0,0.0,0.0,0.0,0.0,0.0,0.0,0.0,0.0,0.0,0.0,0.0,0.0,0.0,0.0,0.0,0.0,0.0,0.0,0.0,0.0,0.0,0.0
JCHAIN,0.0,0.0,0.0,0.0,0.0,0.0,0.0,0.0,0.0,0.0,0.0,0.0,0.0,0.0,0.0,0.0,0.0,0.0,0.0,0.0,0.0,0.0,0.0,0.0,0.0,0.0,0.0,0.0,0.0,0.0,0.0,0.0,0.0,0.0,0.0,0.0,0.0,0.0,0.0,0.0,0.0,0.0,0.0,0.0,0.0,0.0,0.0,0.0,0.0,0.0,0.0,0.0,0.0,0.0,0.0,0.0,0.0,0.0,0.0
IGKC,0.0,0.0,0.0,0.0,0.0,0.0,0.0,0.0,0.0,0.0,0.0,0.0,0.0,0.0,0.0,0.0,0.0,0.0,0.0,0.0,0.0,0.0,0.0,0.0,0.0,0.0,0.0,0.0,0.0,0.0,0.0,0.0,0.0,3.139809,0.0,0.0,0.0,0.0,0.0,0.0,0.0,0.0,0.0,0.0,0.0,0.9965122,0.0,0.0,0.0,0.0,0.0,0.0,0.0,0.0,0.0,1.16322,0.0,0.0,0.0
S100A6,3.70607551955725,1.98342992507697,1.78553667378979,3.66620692087251,2.63881858699193,1.7961479158672,0.0,3.29387449668014,3.57184361762088,1.36950713014174,0.0,2.42531028363106,2.72959298432882,2.40841590775559,0.0,2.86447606588456,2.96528645610197,2.98476546167621,2.86463204826055,3.10812041590266,2.32484472398328,2.90098067696802,3.44927238630172,1.83734307652052,0.0,2.99269736985884,2.88994685880331,0.0,2.16950406602236,0.0,1.50520617489663,3.35038666830274,3.98991690535293,3.13980870009074,0.0,4.53381207194931,3.08675707262344,3.83216070208202,2.90410009950787,4.00831550358258,2.17110825769972,5.45571667998928,3.40239681691071,3.49305283794467,3.69952978243472,2.56200059012028,3.2038311458553,2.38645900995937,4.59342490160508,3.43089553406766,2.9462407814557,1.49707719415312,3.85124294768773,0.0,2.93587773509729,2.48499832142028,2.6874351932467,3.47688863601639,4.22279402297979
DERL3,0.0,0.0,0.0,0.0,0.0,0.0,0.0,0.0,0.0,0.0,0.0,0.0,0.0,0.0,0.0,0.0,0.0,0.0,0.0,0.0,0.0,0.0,0.0,0.0,0.0,0.0,0.0,0.0,0.0,0.0,0.0,0.0,0.0,0.0,0.0,0.0,0.0,0.0,0.0,0.0,0.0,0.0,0.0,0.0,0.0,0.0,0.0,0.0,0.0,0.0,0.0,0.0,0.0,0.0,0.0,0.0,0.0,0.0,0.0
AL928768.3,0.0,0.0,0.0,0.0,0.0,0.0,0.0,0.0,0.0,0.0,0.0,0.0,0.0,0.0,0.0,0.0,0.0,0.0,0.0,0.0,0.0,0.0,0.0,0.0,0.0,0.0,0.0,0.0,0.0,0.0,0.0,0.0,0.0,0.0,0.0,0.0,0.0,0.0,0.0,0.0,0.0,0.0,0.0,0.0,0.0,0.0,0.0,0.0,0.0,0.0,0.0,0.0,0.0,0.0,0.0,0.0,0.0,0.0,0.0
MZB1,0.0,0.0,0.0,0.0,0.0,0.0,0.0,0.0,0.0,0.0,0.0,0.0,0.0,0.0,0.0,0.0,0.0,0.0,0.0,0.0,0.0,0.0,0.0,0.0,0.0,0.0,0.0,0.0,0.0,0.0,0.0,0.0,0.0,0.0,0.0,0.0,0.0,0.0,0.0,0.0,0.0,0.0,0.0,0.0,0.0,0.0,0.0,0.0,0.0,0.0,0.0,0.0,0.9953279,0.0,0.0,0.0,0.0,0.0,0.0
IGHA2,0.0,0.0,0.0,0.0,0.0,0.0,0.0,0.0,0.0,0.0,0.0,0.0,0.0,0.0,0.0,0.0,0.0,0.0,0.0,0.0,0.0,0.0,0.0,0.0,0.0,0.0,0.0,0.0,0.0,0.0,0.0,0.0,0.0,0.0,0.0,0.0,0.0,0.0,0.0,0.0,0.0,0.0,0.0,0.0,0.0,0.0,0.0,0.0,0.0,0.0,0.0,0.0,0.0,0.0,0.0,0.0,0.0,0.0,0.0
FTH1,4.534171,3.73145,6.228912,5.137843,3.858973,5.005813,5.040905,3.469992,3.721971,3.412273,3.686218,4.464541,5.066342,4.436276,3.685797,4.407272,3.714733,4.552922,6.157962,5.668555,3.674727,2.900981,4.50799,6.384083,3.70709,4.057303,6.033836,6.146895,4.427343,3.788412,3.840872,4.796287,4.844145,5.663977,3.853039,5.112202,4.438214,4.220375,4.46871,5.491634,5.176571,4.933652,4.9234,6.141126,5.035553,3.98849,4.274999,3.308099,4.863873,5.19532,4.352155,5.861725,3.605983,4.018222,3.602124,4.488735,4.080909,3.835059,4.881391
IFITM3,1.658781,2.341944,0.0,1.655119,1.049655,0.0,0.0,0.0,1.35631,0.0,0.0,0.0,0.0,1.261038,3.117873,0.0,1.15207,0.0,1.636206,0.0,3.043937,0.0,0.0,0.0,0.0,0.0,0.0,0.0,1.27666,0.0,2.919143,0.0,1.462248,0.0,0.0,0.0,0.0,0.0,0.0,1.995965,0.0,0.0,0.0,1.239181,0.0,0.0,0.0,0.0,1.576204,1.943172,2.675919,0.0,1.484152,0.0,1.518989,0.0,0.0,0.0,0.0
SSR4,2.512934,1.98343,0.0,0.0,1.550395,1.256526,0.0,1.82284,2.266495,1.369507,2.266237,0.0,0.0,0.0,2.636122,1.460467,1.673252,0.0,2.226923,0.0,0.9311854,0.0,0.0,0.0,0.0,2.348485,2.250889,0.0,0.0,2.360564,0.0,2.140507,0.0,1.87562,1.91206,1.071247,2.075514,1.867825,2.264302,1.995965,1.821102,3.030035,1.361899,0.0,0.0,1.812616,1.932488,1.456669,2.160229,1.943172,2.304297,1.497077,1.484152,0.0,2.45983,0.0,1.486928,0.0,1.53336
TNFRSF17,0.0,0.0,0.0,0.0,0.0,0.0,0.0,0.0,0.0,0.0,0.0,0.0,0.0,0.0,0.0,0.0,0.0,0.0,0.0,0.0,0.0,0.0,0.0,0.0,0.0,0.0,0.0,0.0,0.0,0.0,0.0,0.0,0.0,0.0,0.0,0.0,0.0,0.0,0.0,0.0,0.0,0.0,0.0,0.0,0.0,0.0,0.0,0.0,0.0,0.0,0.0,0.0,0.0,0.0,0.0,0.0,0.0,0.0,0.0
TMSB10,4.149085,4.788199,3.426757,4.098864,4.101209,3.984847,0.0,4.147458,3.180333,3.9853,3.789069,4.292378,4.544605,4.274085,3.571144,4.25515,4.066725,4.801892,3.076309,3.322287,4.518669,3.84685,4.710049,0.0,3.529666,3.381304,3.950802,2.482481,3.466228,3.891507,4.560562,4.069518,4.576296,3.680697,3.572404,4.276717,2.70386,4.114412,4.116935,4.064464,3.467983,4.039728,4.053873,3.493053,3.917714,4.688182,3.745891,4.755376,4.069854,3.430896,3.727549,3.472509,3.142986,3.472005,4.177719,4.237099,4.499928,4.258253,4.195802
MYL6,2.621673,2.605298,1.785537,0.0,1.882513,1.256526,0.0,1.82284,3.052723,2.544248,2.266237,1.489583,3.113069,2.150279,2.265849,3.113596,3.166729,2.462362,3.076309,2.835223,2.161894,0.0,2.247703,2.447522,0.0,0.0,3.276712,1.869563,2.169504,0.0,1.505206,2.39835,2.657641,3.139809,0.0,3.456452,2.075514,2.05959,1.670007,2.618753,2.951013,3.698729,2.643775,3.138752,2.384817,2.895258,0.0,2.859809,3.672893,2.562001,2.304297,2.434124,3.066533,0.0,2.725918,2.797375,1.486928,1.500587,3.04383
ITM2B,2.809041,2.985828,1.785537,2.617476,3.295589,3.162041,0.0,2.431754,3.180333,2.923187,3.44204,2.900115,0.0,4.162425,2.636122,3.621342,3.906137,3.224783,2.226923,0.0,2.697167,3.389573,1.804936,1.837343,4.104339,2.348485,2.250889,1.869563,3.861227,4.149149,3.58493,1.792176,2.032258,1.87562,2.906958,1.071247,2.075514,1.867825,2.634519,2.82721,3.077987,2.384071,1.361899,2.585048,1.779777,1.812616,4.559197,0.0,2.526503,1.943172,2.304297,0.0,2.418915,2.80944,1.518989,1.68648,3.957995,0.0,1.53336
CST3,3.514693,4.677953,0.0,3.098672,3.295589,1.256526,0.0,3.079966,2.906413,3.197337,3.967614,3.220743,2.099651,3.055541,3.881898,3.528703,3.166729,4.049096,0.0,1.847625,4.110269,3.716364,2.247703,0.0,2.031107,2.348485,2.250889,0.0,3.290134,3.543543,3.840872,0.0,3.315102,0.0,1.91206,1.576509,0.0,2.480598,3.569466,2.99962,3.807077,3.521346,1.678106,1.239181,2.384817,4.439494,3.203831,2.650884,2.669169,2.562001,1.706304,2.071563,1.811045,3.688918,2.935878,3.459563,2.687435,4.03864,1.53336
HSP90AB1,1.658781,1.98343,0.0,3.273447,0.0,1.256526,2.161078,2.431754,0.0,1.369507,0.0,1.489583,0.0,1.801408,1.671408,0.9760627,2.149035,1.303761,1.636206,0.0,0.0,1.906673,1.478506,0.0,2.031107,2.348485,2.250889,0.0,1.27666,1.757593,2.443672,1.792176,2.657641,0.0,2.528447,2.160569,0.0,2.220431,1.670007,1.995965,1.277966,0.0,2.111304,0.0,0.0,2.562001,0.0,3.17978,2.526503,0.0,0.0,3.230024,2.684092,0.0,0.0,1.16322,1.486928,2.075514,1.53336
HSPB1,0.8827899,0.0,0.0,0.0,0.0,1.796148,2.161078,0.0,2.527916,0.0,0.0,0.0,0.0,0.0,1.671408,2.864476,2.149035,1.303761,0.0,0.0,0.9311854,1.906673,0.9907276,0.0,2.031107,0.0,0.0,0.0,1.819584,0.0,1.505206,2.140507,0.0,1.87562,0.0,2.526856,2.075514,2.589038,0.0,1.995965,1.821102,0.0,1.532449,0.0,0.0,0.0,0.0,0.0,1.91026,0.0,0.0,0.0,2.056997,0.0,1.518989,0.0,1.486928,0.0,1.035623
CD69,0.0,0.0,0.0,1.655119,0.0,0.0,0.0,0.0,0.0,0.0,0.0,0.0,0.0,0.0,0.0,0.0,0.0,0.0,0.0,0.0,0.9311854,0.0,0.0,0.0,0.0,0.0,0.0,0.0,0.0,0.0,0.0,0.0,0.0,2.489042,0.0,0.0,2.075514,0.0,0.0,0.0,0.0,0.0,0.0,0.0,0.0,0.0,0.0,0.0,0.0,0.0,0.0,0.0,0.0,0.0,0.0,0.0,0.0,0.0,0.0
LGALS1,4.534171,2.813555,3.037408,3.666207,1.882513,3.516653,2.794899,3.293874,4.437621,3.310569,1.671759,2.900115,3.934631,3.594766,1.671408,4.655874,4.205058,2.839005,3.076309,2.458689,2.324845,2.900981,4.179625,3.486732,2.031107,4.741765,3.276712,2.482481,3.07626,0.0,2.443672,3.584005,3.315102,3.354256,1.91206,4.303019,0.0,4.091803,3.786959,4.064464,3.077987,4.957015,3.675609,3.754136,2.384817,0.0,1.932488,3.17978,4.553832,3.60781,2.304297,3.574761,4.186821,0.0,3.257067,2.484998,4.021339,2.70386,3.341196
EVI2B,0.8827899,1.4192,0.0,0.0,1.550395,0.0,0.0,0.0,0.0,1.369507,1.671759,0.0,0.0,0.0,0.0,0.9760627,1.15207,0.0,0.0,0.0,1.725004,0.0,0.0,0.0,0.0,0.0,0.0,0.0,2.169504,1.757593,1.505206,0.0,0.0,0.0,1.91206,0.0,0.0,0.0,1.670007,0.0,1.821102,0.0,0.5457487,0.0,1.779777,0.9965122,1.932488,1.456669,0.0,0.0,0.0,0.0,0.0,2.174787,0.0,2.282472,1.486928,0.0,0.0
CD48,0.0,1.41920043157068,1.78553667378979,1.65511853346191,1.04965501064734,0.0,2.16107815742127,0.0,0.0,1.36950713014174,1.67175919771753,2.06312047981087,0.0,0.0,0.0,0.0,1.44623749548403,0.0,0.0,0.0,1.72500447137959,0.0,0.0,0.0,0.0,0.0,0.0,0.0,0.0,1.75759313963331,0.0,0.0,0.0,0.0,0.0,0.0,2.07551397826316,0.0,0.0,0.0,0.0,0.0,0.545748720849974,0.0,1.77977734016826,0.996512192170311,1.93248826900718,0.0,0.0,0.0,0.0,0.0,0.0,0.0,0.0,2.28247218654317,1.48692787133448,0.0,0.0
VIM,3.037205,1.4192,3.250913,2.886743,1.550395,2.144712,2.794899,2.431754,3.180333,1.926702,2.266237,1.489583,0.0,2.408416,1.671408,2.390955,2.470104,2.984765,3.076309,3.322287,2.967857,2.900981,3.273284,2.447522,0.0,2.992697,2.889947,2.859706,2.633559,0.0,2.080711,3.157479,3.039457,1.87562,0.0,3.515219,0.0,3.521798,2.634519,3.490322,3.383802,3.305565,3.657048,3.694974,2.759099,3.282123,3.203831,2.650884,2.904961,1.943172,0.0,4.093784,3.214006,2.174787,2.725918,2.028235,2.422185,0.0,3.203526
ACTB,3.805477,4.153812,2.765585,4.916166,3.147594,3.588637,2.161078,3.079966,4.291091,3.412273,3.44204,4.38216,2.099651,3.055541,3.788647,4.774348,4.532613,4.220655,3.746122,3.778672,4.031592,3.174825,3.768841,3.096452,3.038195,2.992697,2.889947,4.202086,2.428212,1.757593,3.913445,3.651145,1.462248,4.123474,3.395684,4.554212,2.70386,3.995876,3.880207,4.008316,3.684871,5.412733,4.278584,4.545482,4.011215,4.553719,3.41882,4.726642,4.93531,4.107731,4.352155,3.230024,4.353531,2.174787,4.121462,3.900048,4.080909,3.579154,4.299656
CYTIP,0.0,0.0,0.0,0.0,0.0,0.0,0.0,0.0,0.0,0.0,0.0,0.0,0.0,0.0,0.0,0.0,0.0,1.303761,0.0,0.0,0.0,1.906673,0.0,0.0,0.0,0.0,0.0,0.0,0.0,0.0,1.505206,0.0,0.0,0.0,0.0,0.0,2.075514,0.0,0.0,0.0,0.0,0.0,0.0,0.0,0.0,1.812616,0.0,0.0,0.0,0.0,2.675919,0.0,0.0,0.0,1.518989,0.0,1.486928,0.0,0.0
IGFBP7,0.0,0.0,0.0,0.0,0.0,0.0,0.0,0.0,0.0,0.0,0.0,0.0,0.0,0.0,0.0,0.0,0.0,0.0,0.0,0.0,0.9311854,0.0,0.0,0.0,0.0,0.0,0.0,0.0,0.0,0.0,0.0,0.0,0.0,0.0,0.0,0.0,0.0,0.0,0.0,0.0,0.0,0.0,0.0,0.0,0.0,0.0,0.0,1.456669,0.0,0.0,0.0,0.0,0.0,0.0,0.0,0.0,0.0,1.500587,1.035623
S100A11,3.5146931314691,3.260804821603,1.78553667378979,3.09867241963406,1.04965501064734,2.92275073770136,0.0,1.8228403481643,3.78935051422824,1.36950713014174,3.29320849087749,2.90011459199285,3.93463084102708,2.40841590775559,3.57114366356179,4.13031457997518,3.29497862078229,2.20269508302588,2.59577307189738,1.84762540377944,2.58777328339773,0.0,3.7289805657654,1.83734307652052,0.0,3.66044880314916,0.0,0.0,3.18890411754299,2.36056424053068,2.08071132751938,3.1574792693697,2.86666230464022,1.87561978493154,0.0,3.89131887806291,2.07551397826316,3.48052186872264,2.63451923430677,4.21615879512475,3.29187791091614,4.63252089012514,2.91352404047583,2.89974366892053,3.42005895677974,2.4206263166279,1.93248826900718,1.45666876632877,4.00208076376303,3.75807964063277,2.30429688223136,1.49707719415312,2.68409158480491,2.80944028652106,3.60212426329198,2.48499832142028,2.6874351932467,2.07551397826316,3.57010573894312
RGS1,1.89770104654437,0.0,0.0,0.0,2.33052385984666,3.26315842423045,2.7948994212346,2.80748765735265,3.18033269190388,1.92670157064697,1.67175919771753,0.0,2.09965141229548,0.0,0.0,2.39095457259555,3.54250638387475,2.20269508302588,0.0,0.0,0.0,0.0,2.88658312490447,0.0,2.03110657190696,0.0,0.0,0.0,2.16950406602236,0.0,1.50520617489663,1.79217625746399,0.0,0.0,0.0,2.36039043286559,0.0,2.77596163711414,0.0,0.0,2.95101330330765,0.0,1.80521862260206,0.0,0.0,2.56200059012028,0.0,2.65088404219877,2.16022915031968,2.94141249514132,0.0,0.0,0.99532793544424,4.54969705402478,3.25706689096214,1.68648043988057,3.34596232390595,2.4382483579046,1.53336020197676
LAPTM4A,0.8827899,0.0,0.0,0.0,1.049655,0.0,0.0,1.82284,2.906413,1.369507,0.0,0.0,0.0,2.408416,0.0,1.460467,1.446237,1.85101,0.0,0.0,0.0,1.906673,0.0,0.0,0.0,0.0,0.0,0.0,2.428212,2.360564,1.505206,0.0,0.0,0.0,0.0,1.071247,0.0,1.630348,1.670007,0.0,0.0,1.454652,0.8968225,0.0,0.0,1.485604,2.550488,0.0,1.91026,0.0,1.706304,1.497077,1.811045,2.80944,0.0,0.0,2.896874,2.075514,1.035623
CD74,4.799906,4.52049,2.765585,3.098672,4.39243,4.156221,0.0,4.226284,3.649722,4.420472,4.691697,3.073224,2.099651,4.651027,3.788647,3.66463,4.796971,4.756812,1.636206,3.498579,4.701966,5.084248,4.205208,0.0,5.074801,4.456987,2.889947,2.482481,4.143635,4.668767,3.840872,4.227327,4.347176,1.87562,4.705678,2.905324,0.0,3.521798,3.439951,3.745625,3.863,3.613966,3.472392,2.380577,3.244258,4.553719,3.745891,4.602659,2.669169,3.888691,1.706304,2.699644,2.794259,4.89489,3.602124,4.171404,4.735979,4.207704,0.0
DSTN,1.658781,0.0,0.0,0.0,0.0,2.144712,0.0,0.0,2.266495,0.0,0.0,1.489583,0.0,1.801408,0.0,0.9760627,1.673252,0.0,0.0,0.0,0.9311854,0.0,0.9907276,0.0,0.0,0.0,0.0,1.869563,0.0,1.757593,0.0,1.25312,1.462248,1.87562,0.0,1.576509,0.0,1.630348,1.670007,2.355078,1.821102,1.454652,0.8968225,0.0,0.0,0.0,0.0,1.456669,1.576204,0.0,1.706304,0.0,0.9953279,0.0,0.0,1.16322,0.0,0.0,0.0
ISG20,0.0,0.0,0.0,0.0,0.0,0.0,0.0,0.0,0.0,0.0,0.0,0.0,0.0,0.0,0.0,0.0,0.0,0.0,0.0,0.0,0.9311854,0.0,0.0,0.0,0.0,0.0,0.0,0.0,0.0,0.0,0.0,0.0,0.0,0.0,0.0,0.0,0.0,0.0,0.0,0.0,1.277966,0.0,0.0,1.239181,0.0,0.0,0.0,0.0,0.0,0.0,0.0,0.0,0.0,0.0,1.518989,0.0,0.0,0.0,0.0
S100A10,2.71973854824071,2.34194440753899,2.39110484380907,3.27344739774104,1.55039484657658,2.40268171581532,0.0,2.80748765735265,2.52791645104193,1.36950713014174,0.0,1.4895829964291,0.0,0.0,0.0,1.78539900421335,2.2678845090756,2.98476546167621,0.0,0.0,2.32484472398328,1.90667306245649,2.55352694933886,0.0,0.0,0.0,3.55491101976925,2.85970580309584,1.81958447016452,1.75759313963331,0.0,2.14050746327837,3.92661104094252,1.87561978493154,0.0,3.32741608116992,0.0,1.86782548328248,2.26430227536865,2.99961977894573,2.95101330330765,4.24767885036124,3.37793232106297,3.13875217204967,1.77977734016826,2.68584140036154,0.0,1.45666876632877,2.16022915031968,3.43089553406766,0.0,0.0,0.99532793544424,0.0,2.72591792140661,2.02823509431132,2.06012749750663,2.07551397826316,3.57010573894312
FAM46C,0.0,0.0,0.0,0.0,0.0,0.0,0.0,0.0,0.0,0.0,0.0,0.0,0.0,0.0,0.0,0.0,0.0,0.0,0.0,0.0,0.0,0.0,0.0,0.0,0.0,0.0,0.0,0.0,0.0,0.0,0.0,0.0,0.0,0.0,0.0,0.0,0.0,0.0,0.0,0.0,0.0,0.0,0.0,0.0,0.0,0.0,0.0,0.0,0.0,0.0,0.0,0.0,0.0,0.0,0.0,0.0,0.0,0.0,0.0
SPARC,0.0,0.0,0.0,0.0,0.0,0.0,0.0,0.0,0.0,1.369507,0.0,0.0,0.0,0.0,0.0,0.0,0.0,0.0,0.0,0.0,0.0,0.0,0.0,0.0,0.0,0.0,0.0,0.0,0.0,0.0,0.0,1.25312,0.0,0.0,0.0,0.0,0.0,0.0,0.0,0.0,0.0,1.454652,0.0,0.0,0.0,0.0,0.0,0.0,0.0,0.0,0.0,0.0,0.0,0.0,0.0,0.0,0.0,0.0,0.0
CD63,3.102995,0.0,0.0,1.655119,1.049655,2.402682,0.0,1.82284,3.180333,2.282406,1.671759,2.06312,0.0,2.783436,1.671408,3.528703,3.477809,2.668312,0.0,2.458689,1.404878,0.0,2.7874,1.837343,0.0,3.381304,0.0,1.869563,2.949297,0.0,2.709405,3.044999,2.393061,0.0,2.528447,2.669526,0.0,3.069367,2.634519,3.388344,2.171108,4.149099,2.475572,2.380577,1.779777,0.0,2.550488,0.0,3.095627,2.562001,0.0,0.0,2.056997,0.0,3.385774,2.653335,1.486928,2.70386,2.112325
CCL5,1.658781,0.0,0.0,0.0,0.0,0.0,0.0,0.0,0.0,0.0,0.0,0.0,0.0,0.0,0.0,0.9760627,0.0,0.0,0.0,0.0,0.0,0.0,0.0,0.0,0.0,0.0,0.0,0.0,0.0,0.0,0.0,0.0,0.0,0.0,0.0,0.0,0.0,0.0,0.0,0.0,0.0,0.0,1.156158,0.0,0.0,0.0,0.0,0.0,0.0,0.0,0.0,0.0,0.0,0.0,0.0,0.0,0.0,0.0,0.0
POLR2L,1.658781,0.0,0.0,0.0,0.0,0.0,0.0,2.431754,2.527916,1.369507,0.0,2.06312,2.729593,0.0,0.0,2.030244,1.15207,0.0,0.0,1.847625,1.725004,0.0,1.478506,0.0,0.0,0.0,2.250889,0.0,2.428212,1.757593,2.443672,0.0,1.462248,2.489042,2.906958,2.160569,2.70386,1.31831,1.670007,2.355078,1.821102,2.85733,1.361899,1.239181,1.779777,0.0,0.0,0.0,1.91026,0.0,0.0,1.497077,1.811045,0.0,0.0,1.16322,2.687435,0.0,1.86417
SPARCL1,0.0,0.0,0.0,0.0,0.0,0.0,0.0,0.0,0.0,0.0,0.0,0.0,0.0,0.0,0.0,0.0,0.0,0.0,0.0,0.0,0.9311854,0.0,0.0,0.0,0.0,0.0,0.0,0.0,0.0,0.0,0.0,0.0,0.0,0.0,0.0,0.0,0.0,0.0,0.0,0.0,0.0,1.454652,0.0,0.0,0.0,0.0,0.0,0.0,0.0,0.0,0.0,0.0,0.0,0.0,0.0,0.0,0.0,0.0,0.0
CYBA,3.556012,3.132738,1.785537,3.422173,3.295589,3.162041,0.0,3.619687,2.906413,3.412273,3.293208,2.690632,0.0,3.839958,3.685797,3.478952,3.632323,2.984765,2.226923,2.458689,3.180664,1.906673,3.501666,0.0,3.529666,4.20898,0.0,1.869563,3.466228,3.005378,2.709405,2.39835,2.393061,2.866454,3.395684,2.669526,2.075514,2.857769,3.29113,3.14663,3.19064,3.916909,2.787718,2.585048,3.420059,3.282123,2.929594,3.308099,3.850972,1.943172,2.304297,0.0,3.214006,4.018222,2.725918,3.387871,3.459824,3.086757,2.853693
SEC11C,1.658781,0.0,0.0,0.0,0.0,0.0,0.0,0.0,1.35631,1.369507,0.0,0.0,0.0,0.0,0.0,0.9760627,0.7335058,1.303761,0.0,0.0,0.9311854,0.0,0.0,0.0,0.0,0.0,0.0,0.0,0.0,0.0,0.0,0.0,0.0,0.0,0.0,0.0,0.0,0.0,0.0,0.0,0.0,0.0,0.5457487,0.0,0.0,0.9965122,1.932488,0.0,0.0,0.0,1.706304,0.0,0.0,0.0,1.518989,1.16322,0.0,0.0,0.0
IGLC2,0.0,0.0,0.0,0.0,0.0,0.0,0.0,0.0,0.0,0.0,0.0,0.0,0.0,0.0,0.0,0.0,0.0,0.0,0.0,0.0,0.0,0.0,0.0,0.0,0.0,0.0,0.0,0.0,0.0,0.0,0.0,0.0,0.0,0.0,0.0,0.0,0.0,0.0,0.0,0.0,0.0,0.0,0.0,0.0,0.0,0.0,0.0,0.0,0.0,0.0,0.0,0.0,0.0,0.0,0.0,0.0,0.0,0.0,0.0
FOS,0.0,1.98343,4.905238,4.97636,3.641088,4.116052,3.457009,4.601151,0.0,3.069628,4.838851,4.292378,0.0,0.0,4.250129,3.66463,1.446237,3.652312,4.266981,4.775623,3.457902,4.159465,3.335453,3.766735,3.988616,0.0,3.950802,3.347351,4.648094,2.360564,3.840872,3.157479,2.032258,3.354256,4.851048,3.179229,3.907623,2.589038,5.023401,1.430228,3.617669,0.0,3.327131,3.862894,3.420059,4.01966,4.495357,3.523898,1.91026,4.631565,4.352155,4.512878,3.066533,4.951632,0.0,4.328197,2.687435,4.03864,3.40352
RHOA,0.8827899,1.98343,0.0,1.655119,1.550395,2.402682,0.0,3.079966,2.734966,1.369507,2.266237,2.900115,0.0,1.801408,1.671408,2.531942,2.782115,2.462362,1.636206,1.847625,2.324845,2.522629,2.553527,0.0,2.031107,0.0,0.0,1.869563,1.27666,0.0,1.505206,1.792176,0.0,2.866454,0.0,2.905324,0.0,2.05959,2.9041,2.618753,2.171108,3.030035,2.475572,2.123261,0.0,2.058635,0.0,0.0,2.526503,0.0,2.304297,1.497077,1.811045,0.0,2.096202,2.282472,2.060127,2.438248,2.476636
SPINK2,0.0,0.0,0.0,0.0,0.0,0.0,0.0,0.0,0.0,0.0,0.0,0.0,0.0,0.0,0.0,0.0,0.0,0.0,0.0,0.0,0.0,0.0,0.0,0.0,0.0,0.0,0.0,0.0,0.0,0.0,0.0,0.0,0.0,0.0,0.0,0.0,0.0,0.0,0.0,0.0,0.0,0.0,0.0,0.0,0.0,0.0,0.0,0.0,0.0,0.0,0.0,0.0,0.0,0.0,0.0,0.0,0.0,0.0,0.0
NEAT1,3.102995,1.98343,4.905238,3.769007,3.538637,4.516066,3.673828,4.547641,2.734966,2.544248,4.565113,4.576636,0.0,2.783436,3.685797,3.03725,2.149035,3.580197,5.394488,4.861931,3.785335,3.174825,3.393981,3.766735,3.70709,0.0,4.548155,4.887723,3.683106,3.218569,4.10407,4.394943,3.623598,4.714,5.016898,3.005196,5.278737,2.480598,2.9041,0.0,4.397768,0.0,3.988812,4.5191,3.69953,3.60781,4.189252,3.616525,3.514847,4.366293,5.200388,4.474096,4.308667,4.702337,4.942618,4.02545,2.896874,4.352277,3.837763
RHOB,0.0,0.0,1.785537,1.655119,1.550395,2.144712,2.794899,1.82284,1.911568,1.369507,3.118286,2.06312,0.0,0.0,1.671408,1.785399,1.15207,1.303761,2.226923,0.0,1.404878,0.0,0.0,0.0,0.0,0.0,2.250889,0.0,1.27666,1.757593,2.443672,0.0,0.0,2.866454,1.91206,1.576509,0.0,0.8622783,2.634519,0.0,1.277966,0.0,1.917981,1.775896,1.779777,0.0,0.0,2.025946,1.576204,2.562001,3.483083,0.0,0.9953279,2.80944,0.0,2.282472,0.0,2.075514,0.0
S100A4,2.51293378394774,2.81355486180781,0.0,3.42217258194984,2.13140069305802,2.77752437307009,0.0,0.0,4.11934171361424,1.36950713014174,1.67175919771753,3.46314538093589,2.72959298432882,3.26922076885374,3.11787344929481,3.70612161396421,2.01413063299633,0.0,2.59577307189738,2.83522345811601,1.96712095815354,2.52262929039521,1.47850581878633,2.44752163191848,0.0,2.34848508174124,2.25088926712533,0.0,0.0,1.75759313963331,2.70940458203033,2.9182438297337,3.62359795146365,1.87561978493154,0.0,4.07023156477344,2.07551397826316,2.9333865019136,3.68411391253865,1.99596488433083,2.95101330330765,4.41974203590945,2.87332182317076,2.75472406134766,3.56952575485696,3.21580892578038,3.74589101067879,1.45666876632877,4.61264838881158,3.60780950449445,2.9462407814557,2.07156285814112,3.60598252921533,0.0,2.09620183406936,2.65333492732923,2.6874351932467,2.91352404047583,3.34119635413007
CD27,0.0,0.0,0.0,0.0,0.0,0.0,0.0,0.0,0.0,0.0,0.0,0.0,0.0,0.0,0.0,0.0,0.0,0.0,0.0,0.0,0.0,0.0,0.0,0.0,0.0,0.0,0.0,0.0,0.0,0.0,0.0,0.0,0.0,0.0,0.0,0.0,0.0,0.0,0.0,0.0,0.0,0.0,0.0,0.0,0.0,0.0,0.0,0.0,0.0,0.0,0.0,0.0,0.0,0.0,0.0,0.0,0.0,0.0,0.0
CALD1,0.0,0.0,0.0,0.0,0.0,0.0,0.0,0.0,0.0,0.0,0.0,0.0,0.0,0.0,0.0,0.0,0.0,0.0,0.0,0.0,0.0,0.0,0.0,0.0,0.0,0.0,0.0,0.0,0.0,0.0,0.0,0.0,0.0,0.0,0.0,0.0,0.0,0.0,0.0,0.0,1.277966,0.0,0.0,0.0,0.0,0.0,0.0,0.0,0.0,1.943172,0.0,0.0,0.0,0.0,0.0,0.0,0.0,0.0,0.0
APP,0.8827899,0.0,0.0,0.0,1.550395,0.0,0.0,0.0,0.0,0.0,2.266237,0.0,0.0,0.0,0.0,0.0,0.0,0.0,1.636206,0.0,0.0,0.0,0.0,0.0,0.0,2.348485,2.250889,0.0,0.0,0.0,0.0,0.0,1.462248,0.0,0.0,1.071247,2.075514,0.0,0.0,0.0,0.0,1.454652,0.8968225,1.775896,0.0,1.485604,0.0,0.0,0.0,0.0,0.0,1.497077,0.0,0.0,0.0,1.16322,0.0,0.0,1.035623
CTGF,0.0,0.0,0.0,0.0,0.0,0.0,0.0,0.0,0.0,0.0,0.0,0.0,0.0,0.0,0.0,0.0,0.0,1.303761,1.636206,0.0,0.0,0.0,0.0,0.0,0.0,0.0,0.0,0.0,0.0,0.0,0.0,0.0,0.0,0.0,0.0,0.0,0.0,0.0,0.0,0.0,0.0,0.0,0.0,0.0,0.0,0.0,0.0,0.0,0.0,0.0,0.0,0.0,0.0,0.0,0.0,0.0,0.0,0.0,0.0
HSP90AA1,1.34424,0.0,3.250913,2.247854,1.882513,2.402682,3.457009,2.431754,3.852475,2.282406,3.118286,2.690632,2.099651,2.408416,2.636122,2.531942,3.294979,3.111958,4.143686,3.778672,0.9311854,1.906673,3.206994,1.837343,2.031107,0.0,2.250889,0.0,3.07626,0.0,2.919143,3.584005,2.657641,3.680697,1.91206,3.623309,2.70386,2.480598,0.0,1.995965,2.63524,1.454652,2.534839,1.775896,0.0,2.255922,1.932488,3.982784,3.45608,2.941412,1.706304,2.909251,2.983747,2.80944,2.096202,1.16322,2.687435,0.0,2.853693
DDX5,1.897701,1.98343,1.785537,1.655119,2.131401,2.144712,2.161078,0.0,2.906413,1.926702,2.90614,2.42531,0.0,2.150279,0.0,1.785399,1.446237,2.668312,1.636206,2.458689,1.404878,3.174825,2.247703,1.837343,3.529666,0.0,2.250889,2.482481,2.949297,2.734068,2.443672,2.39835,1.462248,0.0,2.906958,1.910587,2.70386,2.05959,1.670007,0.0,2.171108,0.0,1.678106,1.775896,3.244258,1.485604,2.929594,1.456669,1.070995,1.943172,2.675919,0.0,2.418915,0.0,1.518989,1.16322,3.069954,2.70386,2.476636
EGR1,0.0,0.0,1.785537,3.947475,2.496505,2.607565,2.161078,0.0,0.0,0.0,3.571564,2.690632,0.0,0.0,1.671408,1.460467,1.446237,0.0,3.076309,3.322287,0.9311854,1.906673,0.9907276,3.096452,2.031107,0.0,2.250889,2.859706,2.949297,0.0,0.0,2.140507,0.0,3.139809,2.528447,0.0,2.70386,0.0,1.670007,0.0,3.545624,0.0,1.678106,2.123261,2.384817,0.0,1.932488,0.0,1.070995,2.941412,2.946241,0.0,1.811045,0.0,0.0,2.028235,0.0,2.438248,2.31098
PPIA,2.390912,0.0,0.0,2.247854,1.550395,1.796148,0.0,1.82284,1.35631,0.0,1.671759,0.0,0.0,2.150279,1.671408,2.030244,1.858146,3.111958,1.636206,0.0,1.967121,1.906673,2.050627,0.0,2.656408,0.0,2.889947,0.0,2.169504,2.360564,2.709405,2.773058,2.657641,1.87562,1.91206,1.576509,0.0,2.589038,2.634519,1.995965,2.171108,2.85733,2.273239,2.123261,2.384817,2.796022,1.932488,0.0,1.070995,2.562001,0.0,0.0,2.418915,0.0,2.725918,2.653335,0.0,1.500587,1.86417
ACTG1,0.8827899,2.341944,2.765585,2.617476,1.882513,2.777524,0.0,1.82284,2.527916,2.75156,0.0,0.0,2.099651,1.801408,0.0,2.76543,2.846973,2.202695,1.636206,0.0,1.725004,2.900981,2.677285,2.823727,2.031107,0.0,2.889947,2.482481,1.819584,3.005378,2.080711,2.918244,2.393061,2.866454,1.91206,3.005196,0.0,2.480598,2.9041,2.355078,2.171108,2.384071,2.989382,3.415541,2.384817,2.796022,2.550488,3.308099,3.095627,3.430896,2.675919,2.071563,2.893484,2.174787,2.725918,2.028235,2.060127,2.438248,2.31098
FCRL5,0.0,0.0,0.0,0.0,0.0,0.0,0.0,0.0,0.0,0.0,0.0,0.0,0.0,0.0,0.0,0.0,0.0,0.0,0.0,0.0,0.0,0.0,0.0,0.0,0.0,0.0,0.0,0.0,0.0,0.0,0.0,0.0,0.0,0.0,0.0,0.0,0.0,0.0,0.0,0.0,0.0,0.0,0.0,0.0,0.0,0.0,0.0,0.0,0.0,0.0,0.0,0.0,0.0,0.0,0.0,0.0,0.0,0.0,0.0
CNN3,0.0,0.0,0.0,0.0,0.0,0.0,0.0,0.0,0.0,0.0,0.0,0.0,0.0,0.0,0.0,0.0,0.0,0.0,0.0,0.0,0.931185403523441,0.0,0.0,0.0,0.0,0.0,0.0,0.0,0.0,0.0,0.0,0.0,0.0,0.0,0.0,0.0,0.0,0.0,0.0,0.0,0.0,0.0,0.0,0.0,0.0,0.0,0.0,0.0,0.0,0.0,0.0,0.0,0.0,0.0,0.0,0.0,1.48692787133448,0.0,0.0
ITGB1,0.8827899,0.0,0.0,0.0,0.0,1.796148,0.0,1.82284,1.35631,1.369507,1.671759,0.0,0.0,2.150279,1.671408,0.9760627,1.446237,0.0,2.595773,2.835223,2.161894,1.906673,0.9907276,3.310512,3.038195,0.0,0.0,0.0,0.0,0.0,0.0,1.25312,0.0,0.0,1.91206,0.0,0.0,1.867825,0.0,1.430228,1.277966,1.454652,1.917981,1.775896,0.0,0.0,0.0,0.0,1.070995,0.0,0.0,0.0,2.893484,0.0,0.0,1.16322,2.060127,0.0,0.0
MT-CO3,4.845521,4.734595,4.38707,4.783681,3.97004,4.801011,4.534382,5.56249,5.072053,4.82192,4.0462,4.739379,5.11052,4.867406,4.76755,4.301025,4.520907,4.464297,4.207233,4.17649,3.674727,5.185431,4.952547,3.486732,5.032513,5.510247,5.090231,4.116434,4.39598,4.871822,5.336575,4.538456,5.346564,3.530738,5.445359,4.787317,5.278737,4.95555,4.562977,4.008316,4.545589,5.254437,4.857938,3.862894,4.380232,4.135445,4.559197,5.18598,4.133325,3.888691,4.809997,4.203252,5.561654,4.549697,4.89036,4.298744,4.674025,4.207704,4.985993
ANXA2,2.390912,1.4192,1.785537,1.655119,1.049655,1.796148,0.0,1.82284,0.0,1.926702,2.266237,0.0,0.0,0.0,0.0,2.76543,2.470104,1.85101,2.226923,0.0,1.725004,0.0,2.050627,2.447522,2.031107,0.0,0.0,0.0,0.0,1.757593,2.080711,2.140507,2.657641,2.489042,0.0,2.36039,0.0,2.480598,2.264302,3.274772,1.821102,2.85733,2.475572,1.239181,0.0,1.812616,2.550488,0.0,2.526503,2.941412,0.0,0.0,2.560268,0.0,3.257067,1.16322,2.060127,0.0,1.86417
TMSB4X,4.878417,5.36644,4.50347,4.498784,4.995025,4.899326,4.819377,4.367436,4.997037,4.868074,4.691697,5.190915,5.306152,4.786383,4.87206,5.270516,5.620117,5.501928,3.924501,3.322287,5.418219,4.397275,5.486594,5.279918,4.893729,5.297635,4.979729,4.354096,5.145089,4.574394,4.697362,5.629916,5.28129,4.714,5.054393,4.353636,3.907623,5.21703,4.83671,5.765081,5.018479,5.219532,5.56681,3.862894,4.860912,5.204746,4.559197,4.726642,5.134673,4.366293,4.947096,4.964333,4.186821,5.005327,3.257067,5.188602,4.95133,4.919167,5.372448
JUNB,0.0,1.98343,0.0,2.247854,3.06448,0.0,2.161078,1.82284,0.0,2.282406,2.266237,1.489583,0.0,0.0,2.265849,2.531942,1.15207,0.0,1.636206,2.458689,2.464926,2.900981,2.050627,2.823727,0.0,0.0,0.0,0.0,1.27666,1.757593,2.709405,1.792176,0.0,1.87562,2.906958,1.071247,2.075514,0.0,0.0,0.0,2.429863,0.0,1.917981,1.775896,2.759099,0.9965122,1.932488,2.650884,0.0,0.0,2.675919,0.0,0.9953279,0.0,0.0,1.68648,0.0,2.438248,1.53336
POU2AF1,0.0,0.0,0.0,0.0,0.0,0.0,0.0,0.0,0.0,0.0,0.0,0.0,0.0,0.0,0.0,0.0,0.0,0.0,0.0,0.0,0.0,0.0,0.0,0.0,0.0,0.0,0.0,0.0,0.0,0.0,0.0,0.0,0.0,0.0,0.0,0.0,0.0,0.0,0.0,0.0,0.0,0.0,0.0,0.0,0.0,0.0,0.0,0.0,0.0,0.0,0.0,0.0,0.0,0.0,0.0,0.0,0.0,0.0,0.0
TXN,1.897701,1.4192,2.765585,0.0,0.0,0.0,0.0,0.0,0.0,2.282406,0.0,0.0,2.099651,0.0,0.0,2.030244,1.446237,2.202695,0.0,1.847625,2.587773,0.0,1.478506,0.0,0.0,0.0,2.250889,1.869563,0.0,0.0,0.0,2.773058,0.0,1.87562,0.0,1.071247,0.0,1.630348,0.0,2.99962,1.821102,2.85733,2.273239,1.775896,0.0,0.9965122,0.0,0.0,1.91026,0.0,0.0,0.0,1.811045,0.0,1.518989,1.16322,0.0,0.0,1.53336
CALM2,2.621673,2.813555,0.0,2.247854,2.496505,3.162041,0.0,0.0,2.734966,2.923187,2.636523,2.690632,0.0,2.613404,1.671408,2.95459,3.166729,2.202695,0.0,2.458689,2.587773,0.0,2.412261,0.0,3.038195,0.0,2.250889,1.869563,2.633559,2.360564,2.080711,3.044999,1.462248,1.87562,1.91206,1.576509,0.0,2.358952,2.634519,2.82721,1.821102,0.0,2.412569,1.239181,3.030817,3.068323,3.41882,1.456669,3.393643,2.941412,2.304297,1.497077,0.9953279,0.0,2.096202,2.282472,2.422185,2.075514,1.53336
TSC22D3,0.0,2.813555,0.0,2.247854,1.550395,1.256526,0.0,1.82284,0.0,0.0,2.636523,0.0,0.0,0.0,1.671408,0.0,0.7335058,1.303761,0.0,2.458689,2.324845,1.906673,0.0,1.837343,3.313825,0.0,0.0,0.0,2.169504,0.0,2.709405,1.792176,2.032258,0.0,3.180885,1.071247,0.0,1.31831,0.0,0.0,0.0,0.0,0.0,1.239181,2.759099,2.420626,0.0,3.032538,0.0,3.430896,3.483083,0.0,1.484152,0.0,1.518989,1.68648,1.486928,2.075514,0.0
EID1,0.8827899,2.605298,0.0,0.0,1.550395,0.0,0.0,1.82284,1.911568,1.369507,0.0,0.0,0.0,2.150279,0.0,1.460467,0.7335058,2.668312,0.0,0.0,0.9311854,0.0,0.0,0.0,0.0,0.0,0.0,0.0,1.27666,0.0,0.0,1.25312,2.657641,1.87562,0.0,0.0,0.0,1.630348,0.0,1.430228,1.277966,0.0,0.8968225,0.0,0.0,1.485604,0.0,0.0,1.576204,0.0,1.706304,0.0,0.0,0.0,0.0,0.0,1.486928,1.500587,1.53336
ATP5I,1.897701,1.4192,0.0,2.247854,0.0,0.0,0.0,2.431754,3.052723,0.0,1.671759,2.06312,2.099651,1.261038,0.0,2.030244,1.858146,1.303761,0.0,0.0,1.725004,2.522629,2.677285,0.0,2.031107,0.0,2.250889,0.0,1.27666,2.360564,2.080711,2.39835,2.866662,1.87562,0.0,1.910587,0.0,2.05959,0.0,1.430228,1.277966,2.023663,2.019307,0.0,0.0,2.058635,1.932488,2.386459,2.904961,0.0,2.304297,0.0,2.056997,2.174787,1.518989,1.68648,2.060127,1.500587,2.953274
MT2A,0.0,0.0,3.250913,2.617476,1.049655,1.256526,2.161078,0.0,0.0,1.369507,0.0,0.0,0.0,0.0,3.292792,0.0,0.7335058,2.839005,0.0,1.847625,0.0,0.0,0.9907276,1.837343,2.031107,0.0,0.0,4.60255,0.0,0.0,0.0,2.140507,1.462248,0.0,1.91206,0.0,0.0,0.8622783,2.264302,3.14663,0.0,1.454652,2.019307,0.0,0.0,0.0,0.0,0.0,0.0,0.0,1.706304,1.497077,0.9953279,2.80944,0.0,1.16322,0.0,0.0,0.0
COX7A2,0.8827899,2.341944,0.0,2.247854,1.049655,1.256526,0.0,0.0,2.906413,1.369507,1.671759,1.489583,0.0,1.801408,1.671408,2.030244,2.149035,1.303761,0.0,1.847625,1.404878,0.0,2.247703,0.0,0.0,0.0,2.250889,1.869563,1.27666,0.0,0.0,2.140507,1.462248,0.0,0.0,1.576509,0.0,1.630348,1.670007,1.430228,0.0,2.384071,2.111304,0.0,1.779777,2.058635,0.0,1.456669,2.526503,1.943172,0.0,0.0,0.9953279,0.0,0.0,2.028235,2.060127,2.075514,2.31098
YWHAE,1.34424,0.0,0.0,0.0,1.550395,1.256526,0.0,1.82284,0.0,1.369507,1.671759,2.06312,0.0,0.0,0.0,1.460467,1.858146,2.202695,1.636206,1.847625,0.0,0.0,0.9907276,0.0,0.0,0.0,2.250889,0.0,1.27666,0.0,0.0,1.792176,0.0,0.0,1.91206,1.071247,0.0,1.31831,0.0,1.430228,1.821102,0.0,1.805219,0.0,0.0,1.485604,0.0,0.0,0.0,0.0,1.706304,0.0,0.0,0.0,0.0,1.16322,1.486928,0.0,2.112325
MALAT1,5.055863,6.308858,6.721166,3.947475,5.435336,5.712357,5.67969,5.542366,4.97737,5.891118,5.987908,5.714728,2.099651,5.526963,6.427638,5.287379,5.082587,5.468545,6.568544,6.39628,5.637742,5.826321,6.017992,6.695569,5.785373,0.0,5.726399,6.448618,5.082944,5.561132,5.779099,5.629916,5.193207,6.177245,6.136346,6.237267,7.779569,4.514417,4.934406,0.0,5.530084,2.023663,5.170154,6.081295,5.915232,5.570057,6.564985,6.413382,6.0654,6.508555,6.434839,6.215567,6.252878,6.245759,6.438281,5.795549,5.511374,5.528917,5.080682
SRGN,2.251903,3.476247,4.018014,3.422173,3.06448,2.777524,3.457009,3.079966,2.527916,2.923187,3.44204,2.06312,3.113069,2.783436,3.292792,2.76543,2.557696,3.224783,4.923452,3.893912,3.114635,1.906673,3.273284,4.890317,2.031107,2.348485,4.548155,4.116434,2.428212,0.0,2.919143,2.918244,2.657641,5.047906,3.722534,2.526856,3.907623,3.561437,3.116224,3.274772,3.807077,3.521346,2.694093,5.165629,4.316528,3.344312,3.595668,2.386459,2.793998,2.941412,3.334038,4.391705,2.983747,3.194621,0.0,3.589156,3.069954,2.70386,2.31098
ADIRF,0.0,0.0,0.0,0.0,0.0,0.0,0.0,0.0,0.0,0.0,0.0,0.0,0.0,0.0,0.0,0.0,0.0,0.0,0.0,0.0,0.0,0.0,0.0,0.0,0.0,0.0,0.0,0.0,0.0,0.0,0.0,0.0,0.0,0.0,0.0,0.0,0.0,0.0,0.0,0.0,0.0,0.0,0.0,0.0,0.0,0.0,0.0,0.0,0.0,0.0,0.0,0.0,0.0,0.0,0.0,0.0,0.0,0.0,0.0
GSN,0.0,0.0,0.0,0.0,0.0,1.796148,0.0,0.0,0.0,0.0,0.0,0.0,2.099651,0.0,0.0,0.0,1.15207,1.303761,0.0,0.0,0.9311854,1.906673,1.804936,0.0,2.031107,0.0,0.0,0.0,1.27666,0.0,1.505206,0.0,0.0,0.0,0.0,1.071247,0.0,1.31831,0.0,1.430228,0.0,2.023663,2.273239,0.0,0.0,0.0,0.0,2.025946,1.91026,0.0,0.0,0.0,2.056997,0.0,1.518989,0.0,2.060127,0.0,0.0
WBP5,0.8827899,0.0,0.0,0.0,0.0,0.0,0.0,0.0,0.0,0.0,0.0,0.0,0.0,1.261038,0.0,0.9760627,1.673252,0.0,0.0,0.0,0.0,0.0,0.0,0.0,0.0,0.0,0.0,2.482481,0.0,0.0,0.0,0.0,0.0,0.0,0.0,1.071247,0.0,0.8622783,0.0,0.0,0.0,0.0,1.361899,0.0,0.0,0.0,0.0,0.0,0.0,0.0,0.0,0.0,0.0,0.0,0.0,0.0,0.0,0.0,1.86417
NFKBIA,0.0,0.0,4.018014,4.346485,4.189402,3.162041,4.134269,3.469992,0.0,0.0,3.44204,3.961359,0.0,0.0,2.265849,1.460467,2.149035,0.0,4.521618,4.576825,3.356035,3.389573,1.478506,4.384492,3.038195,0.0,4.979729,5.204118,3.07626,0.0,2.709405,2.603153,0.0,4.429303,3.853039,2.36039,4.258253,0.8622783,4.116935,0.0,4.297303,0.0,2.694093,4.929829,3.030817,0.9965122,1.932488,2.650884,1.070995,3.430896,3.483083,4.253798,1.484152,0.0,0.0,3.854492,1.486928,2.70386,3.712863
CD53,1.34424003685314,1.41920043157068,1.78553667378979,1.65511853346191,0.0,0.0,0.0,0.0,1.91156841590416,1.36950713014174,0.0,1.4895829964291,2.72959298432882,1.26103848076862,0.0,0.0,2.2678845090756,1.3037610757724,2.59577307189738,1.84762540377944,0.931185403523441,1.90667306245649,0.990727613213213,0.0,0.0,0.0,0.0,1.86956329118445,0.0,0.0,2.44367199273037,2.14050746327837,1.46224791977103,2.4890417349358,1.91205973214532,1.07124707440253,0.0,0.862278251133781,2.26430227536865,0.0,0.0,1.45465231890093,1.15615777431471,2.75472406134766,0.0,0.996512192170311,0.0,2.02594562233073,2.36004292701598,1.94317229655797,0.0,0.0,1.48415195791382,2.80944028652106,0.0,0.0,1.48692787133448,0.0,1.8641702655592
FKBP1A,0.0,1.98343,0.0,0.0,1.882513,1.256526,2.161078,0.0,1.35631,0.0,0.0,1.489583,2.099651,0.0,1.671408,1.460467,2.374097,2.202695,0.0,1.847625,1.404878,1.906673,0.0,2.447522,0.0,0.0,0.0,0.0,1.819584,1.757593,0.0,0.0,1.462248,1.87562,0.0,1.910587,0.0,1.867825,1.670007,1.995965,0.0,2.64844,1.805219,1.239181,0.0,1.812616,1.932488,0.0,1.91026,0.0,0.0,0.0,0.0,2.174787,0.0,2.282472,1.486928,1.500587,1.53336
MGP,0.0,0.0,0.0,0.0,0.0,0.0,0.0,1.82284,0.0,0.0,0.0,0.0,0.0,0.0,0.0,0.0,0.0,0.0,0.0,0.0,0.9311854,0.0,0.0,0.0,0.0,0.0,0.0,0.0,0.0,0.0,0.0,0.0,0.0,0.0,0.0,0.0,0.0,0.0,0.0,0.0,0.0,0.0,0.5457487,0.0,0.0,0.0,0.0,0.0,0.0,0.0,0.0,1.497077,0.0,0.0,0.0,0.0,0.0,0.0,0.0
FKBP11,0.0,0.0,0.0,0.0,0.0,0.0,0.0,0.0,0.0,0.0,0.0,0.0,0.0,0.0,0.0,0.0,0.0,0.0,0.0,0.0,0.0,0.0,0.0,0.0,0.0,0.0,0.0,0.0,1.27666,0.0,0.0,0.0,0.0,0.0,0.0,0.0,0.0,0.0,0.0,0.0,0.0,0.0,0.0,0.0,0.0,0.0,0.0,0.0,0.0,0.0,0.0,0.0,0.0,0.0,0.0,0.0,0.0,0.0,0.0
RAC2,0.0,0.0,0.0,0.0,0.0,1.256526,0.0,0.0,1.911568,0.0,0.0,0.0,0.0,0.0,0.0,0.0,0.0,0.0,0.0,0.0,0.0,0.0,0.0,0.0,0.0,0.0,0.0,0.0,0.0,0.0,0.0,0.0,1.462248,0.0,0.0,0.0,2.075514,1.31831,0.0,0.0,0.0,0.0,0.5457487,0.0,0.0,0.0,0.0,0.0,1.070995,0.0,0.0,0.0,0.0,0.0,0.0,0.0,0.0,0.0,0.0
DYNLL1,0.8827899,0.0,1.785537,0.0,2.131401,1.256526,0.0,0.0,1.911568,0.0,1.671759,0.0,0.0,1.801408,0.0,0.9760627,1.673252,1.85101,0.0,0.0,0.9311854,1.906673,1.478506,0.0,0.0,0.0,0.0,0.0,1.27666,0.0,1.505206,2.39835,2.393061,2.489042,0.0,1.576509,0.0,2.05959,2.264302,0.0,1.821102,2.023663,2.345329,1.239181,0.0,0.0,0.0,1.456669,2.526503,0.0,0.0,0.0,0.9953279,0.0,2.096202,1.16322,0.0,0.0,1.53336
H3F3A,2.51293378394774,3.37431680320899,3.03740750198153,3.86221708423126,3.06448003516736,1.7961479158672,2.16107815742127,2.80748765735265,2.90641275935961,2.9231868140486,3.29320849087749,3.2207428545005,2.09965141229548,2.9287155535473,2.63612183117666,2.2267758857615,2.47010448771901,3.11195788562552,1.6362062807501,3.32228681985217,3.55034523256579,1.90667306245649,1.80493562912691,2.44752163191848,3.03819530494235,0.0,3.55491101976925,3.52379196781447,2.80383803492967,1.75759313963331,2.70940458203033,2.14050746327837,2.39306084230457,2.86645386048332,1.91205973214532,1.07124707440253,0.0,2.48059785009803,3.68411391253865,1.43022756802944,3.86300029221196,2.85733020717875,3.09336264001401,4.34427675493885,3.9177140257566,3.14478257472609,3.2038311458553,1.45666876632877,2.52650332977486,1.94317229655797,2.6759194136476,2.69964405834557,0.0,3.19462149375357,2.09620183406936,3.45956315012743,3.06995394785589,3.36296108508942,2.95327376625828
GSTP1,2.891017,1.4192,0.0,1.655119,2.638819,0.0,0.0,0.0,0.0,1.926702,0.0,0.0,2.729593,2.408416,1.671408,2.531942,2.374097,2.462362,0.0,0.0,2.967857,1.906673,0.9907276,0.0,0.0,2.992697,0.0,0.0,2.169504,1.757593,1.505206,0.0,1.462248,0.0,2.528447,1.910587,0.0,0.8622783,2.9041,1.430228,1.277966,1.454652,1.532449,1.775896,0.0,2.98553,0.0,2.386459,2.669169,0.0,0.0,0.0,0.9953279,0.0,2.096202,2.028235,1.486928,0.0,2.476636
IL32,0.0,0.0,0.0,0.0,1.049655,0.0,0.0,0.0,0.0,0.0,0.0,0.0,0.0,0.0,0.0,0.0,0.7335058,0.0,0.0,0.0,0.0,0.0,0.0,0.0,0.0,0.0,0.0,0.0,0.0,0.0,0.0,0.0,0.0,0.0,0.0,0.0,0.0,0.0,1.670007,0.0,0.0,0.0,0.0,0.0,0.0,0.0,0.0,0.0,0.0,0.0,0.0,0.0,0.0,0.0,0.0,0.0,0.0,1.500587,0.0
CD59,2.390912,0.0,0.0,0.0,0.0,0.0,0.0,0.0,1.35631,1.369507,0.0,0.0,0.0,1.801408,0.0,1.460467,1.446237,0.0,0.0,0.0,0.0,0.0,1.478506,0.0,0.0,2.992697,0.0,0.0,0.0,1.757593,0.0,1.25312,0.0,1.87562,0.0,1.576509,0.0,0.8622783,1.670007,0.0,0.0,1.454652,1.532449,0.0,0.0,0.9965122,0.0,0.0,1.070995,0.0,0.0,0.0,1.484152,0.0,1.518989,0.0,1.486928,0.0,0.0
LMNA,1.34424003685314,0.0,0.0,0.0,0.0,0.0,0.0,0.0,1.3563103964635,1.36950713014174,0.0,0.0,0.0,0.0,0.0,0.0,1.85814645408235,0.0,0.0,0.0,0.0,0.0,0.0,0.0,0.0,0.0,0.0,0.0,0.0,0.0,0.0,0.0,2.03225817610354,0.0,0.0,2.16056864413504,0.0,1.31831028677075,0.0,1.43022756802944,0.0,0.0,1.9179810120487,0.0,0.0,0.0,0.0,0.0,1.07099481969502,0.0,0.0,0.0,1.81104470536833,0.0,1.51898924628139,0.0,0.0,0.0,1.03562295451737
SKP1,1.897701,2.341944,1.785537,0.0,1.882513,0.0,0.0,0.0,1.911568,0.0,0.0,0.0,0.0,1.261038,0.0,1.460467,1.673252,1.303761,0.0,0.0,0.9311854,1.906673,0.9907276,1.837343,0.0,0.0,0.0,0.0,0.0,2.360564,0.0,1.792176,2.032258,2.866454,0.0,1.071247,2.075514,1.31831,0.0,2.99962,1.277966,1.454652,0.8968225,2.123261,0.0,2.058635,0.0,0.0,0.0,1.943172,1.706304,0.0,1.484152,0.0,0.0,0.0,2.060127,1.500587,0.0
TIMP1,1.34424,0.0,4.38707,4.166751,1.550395,0.0,4.354205,0.0,0.0,0.0,0.0,0.0,0.0,0.0,2.265849,0.0,0.0,2.462362,4.648146,4.861931,1.404878,0.0,0.0,5.856414,0.0,0.0,5.235994,4.545981,0.0,1.757593,1.505206,0.0,1.462248,6.345743,0.0,0.0,2.075514,0.0,0.0,0.0,2.951013,0.0,0.5457487,5.379183,2.384817,0.0,0.0,1.456669,1.91026,0.0,2.304297,4.939815,1.484152,2.174787,1.518989,1.68648,0.0,0.0,2.853693
PSAP,4.438413,1.4192,2.765585,2.247854,2.131401,3.984847,0.0,3.749864,3.180333,3.9853,2.636523,3.349271,3.605949,3.594766,3.292792,3.184525,3.68801,2.839005,2.864632,2.835223,0.0,1.906673,4.205208,2.447522,2.656408,3.878435,0.0,0.0,2.633559,2.734068,2.919143,3.584005,3.530953,2.866454,2.528447,3.456452,2.075514,4.020734,2.264302,5.075065,2.63524,4.337407,3.828768,2.585048,2.759099,0.0,1.932488,0.0,3.178861,2.562001,3.158821,0.0,4.396469,2.80944,4.281545,1.68648,3.345962,2.438248,2.853693
SRP14,2.251903,1.98343,1.785537,0.0,1.882513,1.256526,0.0,1.82284,2.527916,1.926702,2.266237,1.489583,0.0,1.261038,0.0,2.864476,2.374097,1.303761,0.0,0.0,2.697167,1.906673,1.804936,1.837343,2.031107,0.0,0.0,2.482481,1.27666,0.0,1.505206,2.918244,2.032258,0.0,1.91206,2.36039,0.0,1.630348,0.0,1.430228,2.63524,1.454652,2.111304,1.775896,1.779777,0.9965122,0.0,2.025946,1.91026,0.0,2.304297,0.0,0.9953279,0.0,0.0,1.68648,2.422185,1.500587,1.86417
ANKRD28,1.658781,0.0,1.785537,0.0,1.049655,0.0,0.0,3.619687,0.0,0.0,0.0,0.0,0.0,0.0,0.0,1.460467,0.0,1.303761,0.0,0.0,1.404878,2.900981,0.0,0.0,0.0,0.0,0.0,1.869563,0.0,0.0,0.0,0.0,0.0,0.0,0.0,0.0,0.0,0.8622783,0.0,0.0,0.0,0.0,0.5457487,0.0,0.0,0.0,0.0,1.456669,0.0,2.562001,0.0,0.0,0.0,0.0,0.0,0.0,0.0,1.500587,0.0
COL4A1,0.0,0.0,0.0,0.0,0.0,1.256526,0.0,0.0,0.0,0.0,0.0,0.0,0.0,0.0,0.0,0.0,0.0,0.0,0.0,0.0,0.0,0.0,0.0,0.0,0.0,0.0,0.0,0.0,0.0,0.0,0.0,0.0,0.0,0.0,0.0,0.0,0.0,0.0,0.0,0.0,0.0,0.0,0.0,0.0,0.0,0.0,0.0,0.0,0.0,0.0,0.0,0.0,0.0,0.0,0.0,1.16322,0.0,0.0,0.0
HMGB1,1.658781,2.605298,0.0,2.247854,1.550395,2.144712,2.161078,1.82284,1.911568,1.926702,2.636523,0.0,0.0,1.261038,0.0,2.030244,2.374097,1.85101,0.0,0.0,2.161894,2.522629,0.9907276,0.0,2.031107,0.0,0.0,0.0,2.169504,1.757593,2.080711,1.792176,2.032258,0.0,1.91206,0.0,0.0,3.069367,3.116224,0.0,1.277966,0.0,1.805219,1.239181,1.779777,2.058635,1.932488,2.650884,0.0,1.943172,0.0,1.497077,2.056997,0.0,0.0,1.68648,2.896874,2.438248,1.035623
TSPO,1.658781,0.0,0.0,1.655119,0.0,0.0,0.0,1.82284,1.911568,1.369507,0.0,1.489583,0.0,1.261038,0.0,2.226776,1.858146,1.303761,0.0,0.0,1.404878,0.0,2.412261,0.0,2.031107,2.348485,0.0,0.0,0.0,1.757593,0.0,2.773058,2.657641,2.489042,0.0,1.576509,0.0,1.867825,1.670007,1.995965,1.277966,2.384071,2.019307,1.239181,0.0,0.0,0.0,0.0,1.576204,2.562001,1.706304,0.0,1.811045,0.0,1.518989,1.16322,2.422185,2.075514,3.203526
MEF2C,0.0,2.813555,0.0,0.0,1.049655,1.256526,2.161078,0.0,0.0,1.369507,2.266237,0.0,0.0,0.0,0.0,0.9760627,1.15207,0.0,0.0,0.0,0.9311854,2.522629,1.478506,0.0,0.0,0.0,0.0,0.0,0.0,2.360564,1.505206,1.25312,0.0,0.0,2.528447,0.0,0.0,0.0,0.0,0.0,1.277966,0.0,0.8968225,0.0,1.779777,1.812616,1.932488,2.025946,1.576204,1.943172,0.0,0.0,0.0,0.0,0.0,2.282472,2.687435,0.0,1.035623
COL6A2,1.34424,0.0,0.0,0.0,0.0,0.0,0.0,0.0,0.0,0.0,0.0,0.0,0.0,0.0,0.0,0.0,0.0,0.0,0.0,0.0,0.0,0.0,1.478506,0.0,0.0,0.0,0.0,0.0,0.0,0.0,0.0,0.0,0.0,0.0,0.0,0.0,0.0,0.8622783,0.0,1.430228,0.0,0.0,0.0,0.0,0.0,0.0,0.0,0.0,0.0,0.0,0.0,0.0,1.484152,0.0,0.0,0.0,0.0,0.0,0.0
GADD45GIP1,1.34424,1.4192,0.0,0.0,0.0,0.0,0.0,0.0,2.266495,1.369507,0.0,0.0,2.099651,2.150279,0.0,0.9760627,1.15207,0.0,0.0,0.0,0.0,0.0,0.9907276,0.0,0.0,0.0,0.0,0.0,1.27666,0.0,1.505206,1.25312,0.0,1.87562,0.0,1.071247,0.0,0.8622783,2.264302,0.0,0.0,0.0,0.5457487,1.239181,1.779777,0.9965122,0.0,0.0,1.576204,2.562001,1.706304,0.0,0.9953279,0.0,0.0,1.16322,0.0,1.500587,1.035623
ICAM3,0.0,0.0,0.0,0.0,0.0,0.0,0.0,0.0,0.0,0.0,0.0,0.0,0.0,0.0,0.0,0.0,0.0,0.0,0.0,0.0,0.0,0.0,0.0,0.0,0.0,0.0,0.0,0.0,0.0,0.0,0.0,0.0,0.0,0.0,0.0,0.0,0.0,0.0,0.0,0.0,0.0,0.0,0.0,0.0,1.779777,0.0,0.0,0.0,0.0,0.0,0.0,1.497077,0.0,0.0,0.0,0.0,0.0,0.0,0.0
CFL1,3.037205,0.0,0.0,3.551615,1.882513,2.402682,0.0,1.82284,2.734966,1.369507,0.0,2.690632,0.0,2.408416,1.671408,2.76543,2.782115,3.326159,2.595773,0.0,2.697167,1.906673,2.412261,2.447522,0.0,0.0,2.889947,1.869563,1.819584,1.757593,3.092428,1.792176,1.462248,2.489042,1.91206,1.071247,0.0,2.480598,2.264302,3.274772,2.63524,3.613966,2.831435,2.380577,2.759099,2.255922,0.0,2.386459,3.393643,1.943172,1.706304,1.497077,2.254241,2.80944,1.518989,2.282472,2.896874,2.075514,2.476636
UQCRQ,1.897701,1.4192,0.0,2.247854,1.550395,1.256526,0.0,1.82284,2.266495,0.0,2.90614,2.06312,0.0,1.261038,1.671408,1.460467,2.014131,2.202695,1.636206,0.0,1.404878,0.0,2.412261,2.447522,2.031107,0.0,2.250889,1.869563,1.27666,0.0,0.0,2.603153,1.462248,0.0,0.0,2.160569,2.075514,2.480598,2.264302,1.430228,1.821102,2.384071,1.678106,0.0,0.0,1.485604,2.929594,1.456669,1.91026,0.0,1.706304,0.0,0.9953279,0.0,2.45983,1.68648,1.486928,2.075514,2.112325
SPRY1,0.0,0.0,0.0,0.0,0.0,0.0,0.0,1.82284,0.0,0.0,0.0,0.0,0.0,0.0,0.0,0.0,0.0,0.0,0.0,0.0,0.0,0.0,0.0,0.0,0.0,0.0,0.0,0.0,0.0,0.0,0.0,0.0,0.0,0.0,0.0,0.0,0.0,0.0,0.0,0.0,0.0,0.0,0.0,0.0,0.0,0.0,0.0,0.0,0.0,0.0,0.0,0.0,0.0,0.0,0.0,0.0,0.0,0.0,0.0
COX5B,1.897701,1.98343,0.0,0.0,1.049655,0.0,0.0,0.0,2.266495,2.544248,0.0,1.489583,2.099651,0.0,0.0,2.030244,2.014131,1.85101,0.0,0.0,0.9311854,0.0,2.247703,0.0,0.0,0.0,0.0,1.869563,2.169504,0.0,0.0,1.25312,2.032258,0.0,0.0,2.160569,2.075514,1.867825,2.9041,1.430228,0.0,1.454652,0.8968225,0.0,1.779777,1.812616,0.0,0.0,3.178861,2.562001,0.0,0.0,0.9953279,2.80944,1.518989,1.16322,1.486928,0.0,1.53336
RPS21,2.891017,2.341944,1.785537,2.886743,2.496505,2.144712,2.161078,2.431754,2.266495,2.282406,2.266237,2.42531,3.113069,1.801408,2.265849,2.531942,2.149035,1.85101,3.250913,2.458689,3.180664,3.389573,2.050627,1.837343,2.031107,2.992697,2.250889,0.0,2.633559,2.360564,3.092428,3.044999,2.657641,0.0,2.528447,2.36039,2.075514,2.05959,2.9041,1.430228,2.63524,3.030035,2.59079,1.775896,2.384817,2.98553,2.550488,3.523898,3.004831,2.941412,0.0,2.071563,2.056997,2.174787,2.725918,2.797375,2.687435,2.913524,3.203526
POMP,2.090403,1.98343,1.785537,2.247854,0.0,1.256526,2.161078,0.0,3.052723,1.926702,0.0,2.42531,0.0,1.261038,0.0,2.390955,2.267885,2.668312,0.0,2.458689,1.725004,0.0,2.247703,2.447522,2.031107,0.0,0.0,0.0,1.819584,0.0,2.080711,2.603153,2.657641,2.866454,0.0,1.071247,0.0,2.589038,0.0,1.995965,1.277966,2.023663,2.59079,2.585048,3.244258,1.812616,1.932488,1.456669,2.526503,0.0,2.304297,1.497077,1.484152,2.174787,1.518989,1.16322,0.0,1.500587,2.618711
TPD52,0.0,0.0,0.0,0.0,0.0,0.0,0.0,1.82284,0.0,0.0,1.671759,0.0,0.0,0.0,0.0,0.0,1.15207,0.0,0.0,0.0,0.0,0.0,0.0,0.0,0.0,0.0,0.0,0.0,0.0,0.0,0.0,0.0,0.0,0.0,0.0,0.0,0.0,0.0,0.0,0.0,0.0,0.0,0.5457487,0.0,0.0,0.0,0.0,0.0,0.0,0.0,0.0,0.0,0.0,0.0,0.0,0.0,1.486928,0.0,0.0
COX6B1,2.621673,0.0,0.0,1.655119,1.550395,1.256526,0.0,1.82284,2.266495,2.282406,2.266237,2.06312,0.0,0.0,2.905732,2.030244,2.267885,2.462362,1.636206,0.0,1.725004,2.522629,2.247703,0.0,2.031107,0.0,0.0,0.0,2.169504,2.734068,0.0,1.792176,1.462248,0.0,2.528447,1.910587,0.0,2.480598,3.116224,1.995965,1.277966,2.64844,2.195546,1.239181,1.779777,1.485604,2.550488,2.025946,1.070995,1.943172,0.0,0.0,2.056997,0.0,0.0,2.028235,2.060127,2.075514,2.112325
NDUFA4,1.34424,1.98343,0.0,0.0,1.049655,2.144712,0.0,0.0,2.527916,0.0,0.0,1.489583,3.113069,2.150279,0.0,1.460467,1.858146,1.85101,0.0,0.0,0.9311854,0.0,0.9907276,2.447522,0.0,0.0,0.0,1.869563,1.819584,2.734068,1.505206,2.140507,0.0,1.87562,0.0,1.071247,2.075514,1.630348,0.0,1.995965,0.0,0.0,1.156158,1.775896,0.0,2.255922,1.932488,2.025946,1.91026,1.943172,0.0,0.0,0.9953279,0.0,1.518989,1.68648,2.422185,2.438248,1.53336
NPC2,3.556012,3.132738,2.391105,2.617476,3.424479,3.439082,0.0,3.079966,3.180333,3.197337,1.671759,2.06312,2.099651,3.522769,3.441622,3.66463,3.766127,3.326159,2.595773,1.847625,2.161894,1.906673,3.135995,2.447522,2.656408,4.340652,0.0,0.0,3.466228,3.394199,2.709405,3.350387,3.186747,2.489042,3.572404,2.160569,0.0,3.069367,3.569466,3.667549,3.467983,3.698729,3.537807,1.239181,1.779777,2.420626,3.203831,0.0,2.360043,2.562001,1.706304,1.497077,3.214006,2.80944,3.385774,2.797375,3.459824,2.913524,2.112325
S100A13,0.0,0.0,0.0,0.0,0.0,1.2565256720442,0.0,0.0,0.0,0.0,0.0,0.0,0.0,1.26103848076862,0.0,0.0,0.733505814146228,0.0,1.6362062807501,0.0,0.0,0.0,0.0,0.0,0.0,0.0,0.0,0.0,0.0,0.0,0.0,0.0,0.0,0.0,0.0,0.0,2.07551397826316,0.862278251133781,0.0,0.0,0.0,0.0,0.0,0.0,0.0,0.0,0.0,0.0,0.0,0.0,0.0,0.0,0.0,0.0,0.0,0.0,0.0,0.0,1.03562295451737
RPL38,3.037205,3.260805,2.765585,3.422173,3.295589,2.402682,0.0,3.619687,2.266495,3.667001,3.789069,3.565368,3.605949,3.168078,2.905732,3.528703,2.782115,2.462362,3.076309,3.10812,3.505192,2.522629,2.553527,2.447522,2.656408,0.0,3.276712,0.0,3.07626,1.757593,3.092428,2.39835,3.530953,1.87562,1.91206,3.095993,2.075514,2.933387,2.9041,2.99962,3.291878,2.85733,2.742001,3.23977,2.759099,2.895258,3.203831,3.982784,2.669169,3.430896,2.946241,2.434124,1.484152,3.688918,2.935878,3.459563,0.0,2.913524,2.476636
CD99,1.897701,0.0,0.0,1.655119,1.049655,0.0,0.0,0.0,1.911568,0.0,0.0,0.0,0.0,2.150279,0.0,0.9760627,1.15207,1.303761,1.636206,1.847625,1.404878,0.0,0.9907276,0.0,0.0,2.348485,0.0,0.0,0.0,1.757593,1.505206,1.792176,2.032258,0.0,0.0,1.071247,0.0,1.31831,0.0,1.430228,1.277966,2.85733,1.678106,0.0,0.0,0.0,0.0,0.0,2.160229,1.943172,1.706304,0.0,0.9953279,0.0,0.0,0.0,0.0,0.0,1.035623
ACTN1,0.0,0.0,0.0,2.247854,1.049655,0.0,0.0,1.82284,0.0,1.926702,0.0,0.0,0.0,0.0,1.671408,0.0,0.0,0.0,1.636206,0.0,0.0,0.0,0.0,0.0,0.0,0.0,2.250889,1.869563,0.0,0.0,0.0,0.0,0.0,0.0,0.0,1.576509,0.0,0.8622783,0.0,1.430228,0.0,1.454652,0.0,0.0,0.0,0.0,0.0,2.025946,1.070995,0.0,0.0,0.0,0.0,0.0,1.518989,1.16322,0.0,0.0,0.0
PTRF,0.0,0.0,0.0,0.0,0.0,0.0,0.0,0.0,1.35631,0.0,0.0,1.489583,0.0,0.0,0.0,0.0,0.0,0.0,0.0,0.0,0.0,0.0,0.0,0.0,0.0,0.0,0.0,0.0,0.0,0.0,0.0,0.0,0.0,0.0,0.0,0.0,0.0,0.0,0.0,0.0,0.0,1.454652,0.0,0.0,0.0,0.0,0.0,0.0,1.070995,0.0,0.0,0.0,0.9953279,0.0,0.0,0.0,0.0,0.0,0.0
TCEB2,1.897701,1.4192,0.0,1.655119,1.550395,2.402682,0.0,1.82284,1.911568,2.544248,2.266237,3.073224,2.099651,2.408416,0.0,0.9760627,1.446237,1.85101,0.0,0.0,1.725004,2.522629,1.478506,2.447522,0.0,0.0,0.0,1.869563,0.0,2.360564,1.505206,2.603153,2.032258,0.0,1.91206,1.910587,2.075514,1.31831,2.634519,1.430228,2.63524,2.64844,1.678106,1.775896,2.384817,1.485604,1.932488,2.386459,2.360043,0.0,1.706304,0.0,2.254241,0.0,2.45983,2.028235,0.0,1.500587,2.618711
PPDPF,2.390912,0.0,0.0,0.0,1.049655,1.796148,0.0,0.0,1.35631,0.0,0.0,0.0,0.0,2.408416,1.671408,0.9760627,1.673252,0.0,0.0,0.0,0.9311854,0.0,1.478506,0.0,0.0,0.0,0.0,0.0,2.633559,0.0,0.0,1.25312,0.0,0.0,0.0,1.576509,0.0,0.8622783,1.670007,1.430228,1.277966,0.0,1.361899,1.239181,1.779777,1.485604,0.0,0.0,1.91026,1.943172,0.0,0.0,0.9953279,0.0,0.0,1.16322,0.0,1.500587,1.53336
CD7,0.0,0.0,0.0,0.0,0.0,0.0,0.0,0.0,0.0,0.0,0.0,0.0,0.0,0.0,0.0,0.0,0.0,0.0,0.0,0.0,0.0,0.0,0.0,0.0,0.0,0.0,0.0,0.0,0.0,0.0,0.0,0.0,0.0,0.0,0.0,0.0,0.0,0.0,0.0,0.0,0.0,0.0,0.0,0.0,0.0,0.0,0.0,0.0,0.0,0.0,0.0,0.0,0.0,0.0,0.0,0.0,0.0,0.0,0.0
RPS4Y1,2.090403,1.4192,0.0,0.0,1.049655,1.256526,0.0,1.82284,0.0,1.926702,0.0,0.0,0.0,1.801408,1.671408,1.460467,1.15207,1.85101,1.636206,1.847625,0.9311854,0.0,0.0,1.837343,0.0,0.0,0.0,0.0,0.0,1.757593,0.0,0.0,1.462248,0.0,1.91206,0.0,2.075514,0.8622783,1.670007,2.355078,2.171108,0.0,1.805219,1.775896,0.0,2.058635,1.932488,2.650884,1.070995,1.943172,1.706304,0.0,0.9953279,0.0,0.0,2.484998,2.060127,0.0,1.53336
ANXA1,0.8827899,0.0,3.250913,3.098672,0.0,2.402682,2.161078,1.82284,1.35631,0.0,0.0,2.42531,2.099651,1.261038,2.265849,0.0,1.858146,1.303761,4.003023,1.847625,1.725004,0.0,0.9907276,3.985242,2.656408,0.0,2.889947,3.804075,1.27666,1.757593,2.709405,2.39835,3.186747,2.866454,3.722534,3.394014,4.03864,1.31831,0.0,1.430228,0.0,2.64844,1.917981,2.585048,2.384817,1.485604,0.0,0.0,1.070995,2.562001,0.0,2.434124,0.0,0.0,2.096202,1.68648,1.486928,1.500587,1.86417
KLRD1,0.0,0.0,0.0,0.0,0.0,0.0,0.0,0.0,0.0,0.0,0.0,0.0,0.0,0.0,0.0,0.0,0.0,0.0,0.0,0.0,0.0,0.0,0.0,0.0,0.0,0.0,0.0,0.0,0.0,0.0,0.0,0.0,0.0,0.0,0.0,0.0,0.0,0.0,0.0,0.0,0.0,0.0,0.0,0.0,0.0,0.0,0.0,0.0,0.0,0.0,0.0,0.0,0.0,0.0,0.0,0.0,0.0,0.0,0.0
COL1A2,0.0,0.0,0.0,0.0,0.0,0.0,0.0,0.0,0.0,0.0,0.0,0.0,0.0,0.0,0.0,0.0,0.7335058,0.0,0.0,0.0,0.0,0.0,0.0,0.0,0.0,0.0,0.0,0.0,0.0,0.0,0.0,0.0,0.0,1.87562,0.0,0.0,0.0,0.0,0.0,0.0,0.0,0.0,0.0,0.0,0.0,0.0,0.0,0.0,0.0,0.0,0.0,0.0,0.9953279,0.0,0.0,0.0,0.0,0.0,0.0
IGLC3,0.0,0.0,0.0,0.0,0.0,0.0,0.0,0.0,0.0,0.0,0.0,0.0,0.0,0.0,0.0,0.0,0.0,0.0,0.0,0.0,0.0,0.0,0.0,0.0,0.0,0.0,0.0,0.0,0.0,0.0,0.0,0.0,0.0,0.0,0.0,0.0,0.0,0.0,0.0,0.0,0.0,0.0,0.0,0.0,0.0,0.0,0.0,0.0,0.0,0.0,0.0,0.0,0.0,0.0,0.0,0.0,0.0,0.0,0.0
CXCL8,0.8827899,1.4192,6.304276,2.247854,3.06448,1.796148,6.561886,3.619687,2.266495,1.926702,1.671759,3.073224,4.065715,0.0,2.265849,3.891118,1.446237,2.668312,6.233793,6.097204,3.043937,3.566258,0.9907276,7.178086,0.0,0.0,5.992265,5.730703,2.428212,4.07042,2.443672,1.25312,3.039457,6.673368,0.0,3.005196,3.579154,2.480598,2.264302,1.430228,2.63524,0.0,1.361899,5.271819,3.420059,0.9965122,3.203831,0.0,2.669169,3.75808,0.0,6.687419,3.066533,2.174787,2.096202,1.16322,1.486928,3.362961,3.61999
TNFRSF18,0.0,0.0,0.0,0.0,0.0,0.0,0.0,0.0,0.0,0.0,0.0,0.0,0.0,0.0,0.0,0.0,0.0,0.0,0.0,0.0,0.0,0.0,0.0,0.0,0.0,0.0,0.0,0.0,0.0,0.0,0.0,0.0,0.0,0.0,0.0,0.0,0.0,0.0,0.0,0.0,0.0,0.0,0.0,0.0,0.0,0.0,0.0,0.0,0.0,0.0,0.0,0.0,0.0,0.0,0.0,0.0,0.0,0.0,0.0
MYL12B,1.658781,0.0,2.391105,2.247854,1.049655,1.256526,0.0,1.82284,2.266495,0.0,0.0,1.489583,0.0,0.0,1.671408,0.9760627,2.149035,1.85101,0.0,1.847625,0.9311854,0.0,1.478506,1.837343,2.031107,0.0,0.0,0.0,0.0,0.0,0.0,0.0,2.393061,0.0,2.528447,1.576509,2.075514,1.31831,1.670007,1.995965,1.277966,2.64844,1.156158,2.585048,1.779777,1.812616,0.0,2.025946,2.160229,0.0,1.706304,1.497077,1.811045,2.174787,0.0,2.028235,1.486928,0.0,1.035623
SUMO2,1.897701,2.341944,1.785537,2.247854,1.550395,1.256526,0.0,0.0,0.0,2.282406,1.671759,1.489583,2.099651,1.801408,1.671408,0.9760627,1.673252,2.202695,1.636206,1.847625,2.161894,0.0,2.050627,0.0,2.031107,0.0,0.0,0.0,2.169504,2.360564,1.505206,0.0,2.393061,0.0,0.0,2.160569,0.0,1.31831,1.670007,2.355078,2.171108,0.0,2.111304,1.775896,0.0,1.812616,2.929594,1.456669,1.576204,2.562001,1.706304,0.0,2.056997,0.0,1.518989,2.484998,1.486928,2.70386,2.476636
ARHGDIB,1.34424,1.98343,0.0,0.0,1.049655,1.796148,0.0,0.0,0.0,1.369507,0.0,1.489583,0.0,0.0,1.671408,1.785399,1.446237,1.85101,0.0,0.0,0.9311854,2.522629,0.9907276,1.837343,0.0,0.0,0.0,0.0,1.819584,1.757593,0.0,2.140507,0.0,1.87562,0.0,1.576509,0.0,0.8622783,1.670007,0.0,2.171108,2.023663,0.8968225,0.0,0.0,1.485604,0.0,0.0,1.576204,0.0,0.0,0.0,1.484152,0.0,1.518989,1.16322,0.0,0.0,1.53336
MYL12A,1.34424,2.341944,0.0,2.617476,1.550395,1.256526,2.161078,0.0,3.293486,1.369507,0.0,2.42531,2.099651,1.261038,2.265849,3.113596,2.557696,1.85101,1.636206,0.0,2.697167,0.0,2.553527,0.0,2.031107,0.0,2.889947,1.869563,1.27666,2.360564,1.505206,1.25312,1.462248,2.866454,0.0,2.669526,0.0,1.630348,0.0,1.995965,1.821102,3.305565,1.532449,2.380577,2.759099,3.282123,3.203831,3.032538,3.004831,0.0,2.675919,1.497077,2.056997,2.174787,0.0,1.68648,2.422185,2.438248,2.112325
YBX3,0.0,1.4192,0.0,0.0,0.0,1.256526,0.0,0.0,0.0,0.0,2.266237,2.06312,0.0,0.0,0.0,0.0,0.7335058,0.0,0.0,0.0,1.725004,0.0,0.0,1.837343,0.0,0.0,0.0,0.0,1.819584,0.0,1.505206,0.0,1.462248,0.0,0.0,0.0,0.0,0.8622783,0.0,0.0,1.277966,0.0,1.805219,1.775896,0.0,0.0,0.0,0.0,0.0,1.943172,0.0,1.497077,1.484152,0.0,0.0,1.16322,0.0,0.0,1.035623
ZFP36,0.0,0.0,2.765585,4.026032,2.763379,1.256526,0.0,1.82284,1.911568,0.0,3.118286,3.220743,0.0,0.0,3.441622,0.9760627,1.858146,1.85101,2.595773,3.778672,1.725004,3.389573,0.9907276,1.837343,0.0,0.0,3.554911,3.919379,2.428212,1.757593,0.0,2.39835,1.462248,0.0,2.906958,1.576509,0.0,1.31831,3.116224,0.0,3.617669,0.0,2.111304,2.754724,2.384817,2.255922,2.929594,3.308099,1.070995,3.60781,2.946241,2.071563,2.056997,0.0,1.518989,3.459563,1.486928,2.438248,2.476636
MCL1,0.0,0.0,3.03740750198153,0.0,1.55039484657658,0.0,0.0,0.0,2.26649492126447,0.0,1.67175919771753,2.06312047981087,2.09965141229548,0.0,2.26584941054304,0.976062700974198,0.733505814146228,1.3037610757724,2.59577307189738,2.83522345811601,1.72500447137959,0.0,1.47850581878633,2.82372690956189,0.0,0.0,2.25088926712533,2.85970580309584,0.0,1.75759313963331,1.50520617489663,1.25312022618914,0.0,0.0,1.91205973214532,0.0,3.08675707262344,0.862278251133781,1.67000672770644,0.0,2.95101330330765,0.0,2.1955455327054,1.77589560412458,1.77977734016826,1.48560448424277,0.0,2.65088404219877,0.0,1.94317229655797,2.30429688223136,0.0,1.48415195791382,0.0,1.51898924628139,1.68648043988057,0.0,2.4382483579046,2.61871053435299
TMBIM4,0.0,1.4192,0.0,1.655119,1.049655,2.144712,2.161078,0.0,0.0,0.0,0.0,1.489583,0.0,1.801408,1.671408,0.0,2.014131,1.303761,0.0,0.0,0.9311854,0.0,0.9907276,0.0,0.0,0.0,0.0,0.0,2.428212,1.757593,0.0,1.792176,1.462248,0.0,0.0,1.071247,0.0,1.630348,0.0,0.0,1.277966,0.0,0.8968225,0.0,2.384817,0.9965122,2.550488,0.0,0.0,0.0,1.706304,0.0,0.0,2.174787,2.096202,2.282472,1.486928,0.0,1.53336
UBL5,1.658781,2.341944,1.785537,0.0,0.0,1.256526,0.0,2.431754,0.0,1.926702,0.0,2.42531,2.729593,2.150279,2.265849,2.531942,1.858146,2.462362,0.0,2.458689,0.0,0.0,1.804936,1.837343,2.031107,0.0,0.0,0.0,1.27666,1.757593,0.0,2.603153,2.032258,1.87562,1.91206,1.071247,0.0,1.31831,0.0,2.618753,0.0,2.384071,1.917981,1.775896,2.384817,1.485604,1.932488,2.025946,2.360043,1.943172,0.0,0.0,2.056997,0.0,2.096202,0.0,1.486928,2.075514,1.53336
COL4A2,0.0,0.0,0.0,0.0,0.0,0.0,0.0,0.0,0.0,0.0,0.0,0.0,0.0,0.0,0.0,0.0,0.0,1.303761,0.0,0.0,0.0,0.0,0.0,0.0,0.0,0.0,0.0,0.0,0.0,0.0,0.0,0.0,0.0,0.0,0.0,0.0,0.0,0.0,0.0,0.0,0.0,0.0,0.0,0.0,0.0,0.0,0.0,0.0,0.0,0.0,0.0,0.0,0.0,0.0,0.0,0.0,0.0,0.0,0.0
MYL9,0.0,0.0,0.0,0.0,0.0,0.0,0.0,0.0,0.0,0.0,0.0,0.0,0.0,0.0,0.0,0.0,0.0,0.0,0.0,0.0,0.0,0.0,0.0,0.0,0.0,0.0,0.0,0.0,0.0,0.0,0.0,0.0,0.0,0.0,0.0,1.576509,0.0,0.0,0.0,0.0,0.0,0.0,0.0,0.0,0.0,0.0,0.0,1.456669,1.070995,0.0,0.0,0.0,0.0,0.0,0.0,0.0,0.0,0.0,0.0
MORF4L1,0.8827899,1.4192,0.0,2.886743,1.049655,0.0,0.0,0.0,1.35631,1.926702,0.0,2.06312,0.0,1.801408,1.671408,0.9760627,1.673252,1.303761,0.0,0.0,0.9311854,0.0,1.478506,0.0,2.031107,0.0,0.0,0.0,0.0,2.360564,1.505206,0.0,2.032258,0.0,0.0,1.576509,0.0,1.31831,1.670007,0.0,0.0,0.0,1.156158,1.239181,0.0,0.0,1.932488,0.0,2.360043,2.562001,1.706304,0.0,1.484152,0.0,0.0,2.282472,1.486928,2.913524,1.035623
SERF2,3.426551,2.605298,1.785537,2.247854,2.131401,3.049536,0.0,3.079966,3.180333,2.282406,3.293208,3.742964,3.389573,2.783436,3.292792,3.03725,3.44382,2.668312,1.636206,2.458689,2.464926,2.900981,3.979476,1.837343,3.038195,3.878435,2.250889,2.482481,2.428212,2.360564,2.709405,2.603153,3.989917,2.489042,0.0,3.394014,0.0,3.295928,2.634519,3.388344,1.821102,4.095908,3.217062,2.899744,3.69953,3.215809,2.550488,3.032538,3.514847,1.943172,2.304297,2.071563,3.342501,0.0,2.935878,2.484998,2.896874,3.234365,3.274728
RPL28,3.633856,4.201854,3.576255,4.026032,4.244152,4.116052,2.161078,3.079966,3.180333,3.929234,4.186967,4.08428,4.285423,3.784063,4.250129,3.621342,3.211331,4.094823,3.924501,3.322287,4.031592,4.245174,3.449272,2.447522,3.988616,3.878435,4.102201,3.523792,3.466228,3.673454,3.913445,3.980172,3.623598,3.354256,3.180885,2.669526,3.362961,3.130998,4.562977,3.818044,3.684871,3.030035,3.300729,4.092122,3.69953,4.214257,4.095456,4.202194,3.929378,3.430896,3.334038,3.66752,2.254241,3.472005,2.45983,3.985372,3.069954,3.835059,4.249076
MT-CO1,5.41604,5.667502,5.009857,4.783681,4.738447,5.436777,5.339331,6.148569,5.686799,6.089071,5.182808,5.668365,6.065643,5.485888,4.996322,5.181652,5.249203,5.268811,4.648146,5.178273,4.355115,4.64585,5.86699,4.448251,5.583123,6.100489,4.787046,4.706908,4.807935,5.357211,5.477909,5.017777,5.644847,4.974292,5.584558,5.301202,5.986986,5.393483,4.308211,4.721065,5.444366,6.343807,4.994721,4.929829,5.15617,5.008414,4.918911,5.499548,4.533432,4.741765,5.480447,5.14144,6.4105,4.702337,5.669798,4.821992,5.296126,5.061293,5.246779
EVL,1.34424,1.4192,0.0,0.0,0.0,0.0,0.0,0.0,0.0,0.0,0.0,0.0,0.0,0.0,0.0,0.0,0.0,0.0,0.0,0.0,0.9311854,0.0,0.9907276,0.0,0.0,0.0,0.0,0.0,1.27666,0.0,0.0,0.0,0.0,0.0,0.0,0.0,0.0,0.0,0.0,0.0,0.0,0.0,1.361899,0.0,0.0,0.0,0.0,0.0,1.070995,0.0,1.706304,0.0,0.9953279,0.0,1.518989,0.0,0.0,1.500587,1.035623
WSB1,0.0,0.0,2.391105,0.0,1.049655,1.256526,0.0,0.0,2.527916,1.926702,2.636523,0.0,0.0,2.408416,0.0,0.9760627,1.858146,0.0,2.226923,0.0,0.0,0.0,0.0,0.0,0.0,0.0,0.0,0.0,0.0,0.0,2.080711,1.25312,1.462248,1.87562,1.91206,1.910587,0.0,1.31831,2.264302,0.0,0.0,0.0,0.8968225,0.0,1.779777,1.485604,0.0,0.0,1.070995,0.0,1.706304,0.0,0.9953279,0.0,1.518989,0.0,1.486928,0.0,0.0
PCBP2,1.658781,1.4192,2.391105,1.655119,1.550395,1.796148,0.0,0.0,1.35631,0.0,0.0,2.06312,0.0,1.801408,1.671408,0.9760627,1.858146,1.303761,1.636206,0.0,1.725004,0.0,1.478506,1.837343,2.031107,2.348485,0.0,0.0,1.819584,0.0,1.505206,1.25312,2.032258,1.87562,0.0,0.0,0.0,1.31831,0.0,0.0,1.821102,0.0,1.156158,1.775896,0.0,0.9965122,0.0,2.025946,0.0,1.943172,0.0,2.071563,1.484152,0.0,2.45983,1.68648,0.0,1.500587,1.035623
HLA-A,2.719739,1.4192,1.785537,2.247854,1.550395,2.607565,0.0,0.0,2.266495,3.504582,2.266237,2.42531,0.0,2.783436,3.117873,2.531942,3.071071,2.839005,2.595773,3.10812,2.161894,2.522629,2.976811,0.0,2.031107,2.348485,3.276712,1.869563,2.633559,3.005378,2.443672,3.157479,2.393061,3.354256,2.528447,2.36039,2.70386,3.069367,2.264302,3.490322,2.429863,3.305565,1.678106,1.775896,1.779777,2.255922,2.550488,1.456669,1.070995,0.0,0.0,2.699644,2.560268,0.0,2.935878,2.484998,2.422185,2.70386,0.0
PTPRC,1.65878147631396,0.0,1.78553667378979,0.0,1.04965501064734,1.2565256720442,0.0,0.0,0.0,0.0,0.0,1.4895829964291,0.0,1.26103848076862,1.6714083440343,0.976062700974198,1.15206977988174,1.3037610757724,0.0,2.45868851108846,1.72500447137959,0.0,0.990727613213213,2.44752163191848,2.03110657190696,0.0,0.0,1.86956329118445,0.0,0.0,1.50520617489663,0.0,0.0,0.0,0.0,0.0,0.0,1.63034818379366,0.0,0.0,1.27796609948947,0.0,1.67810552777897,1.23918083600871,2.75909868155945,0.996512192170311,0.0,2.02594562233073,1.57620422873054,0.0,3.15882137410726,0.0,1.81104470536833,0.0,0.0,1.16321956431772,2.06012749750663,2.07551397826316,0.0
TMA7,2.251903,2.341944,0.0,2.247854,1.550395,2.922751,2.161078,2.431754,2.266495,1.369507,0.0,2.690632,0.0,1.261038,2.905732,0.0,2.014131,1.303761,0.0,0.0,1.725004,2.522629,1.478506,1.837343,0.0,0.0,0.0,0.0,0.0,0.0,0.0,0.0,2.866662,0.0,1.91206,0.0,0.0,1.31831,2.634519,2.355078,1.821102,0.0,2.111304,1.239181,1.779777,2.058635,0.0,2.025946,2.360043,1.943172,2.304297,1.497077,0.0,0.0,1.518989,1.16322,2.060127,0.0,2.112325
GNG7,0.0,0.0,0.0,0.0,0.0,0.0,0.0,0.0,0.0,0.0,0.0,0.0,0.0,0.0,0.0,0.0,0.0,0.0,0.0,0.0,0.0,0.0,0.0,0.0,0.0,0.0,0.0,0.0,0.0,0.0,0.0,0.0,0.0,0.0,0.0,0.0,0.0,0.0,0.0,0.0,0.0,0.0,0.0,0.0,0.0,0.9965122,0.0,0.0,0.0,0.0,0.0,0.0,0.0,0.0,0.0,0.0,0.0,0.0,0.0
ANXA5,2.090403,0.0,3.037408,2.617476,1.049655,0.0,0.0,0.0,1.911568,0.0,2.266237,1.489583,2.729593,2.150279,2.265849,2.226776,2.267885,1.303761,0.0,0.0,1.967121,0.0,1.478506,0.0,2.031107,0.0,2.250889,0.0,1.819584,0.0,2.080711,2.39835,2.032258,0.0,0.0,2.36039,0.0,1.867825,2.9041,1.995965,1.821102,3.17726,2.345329,3.23977,0.0,0.0,0.0,0.0,2.360043,1.943172,0.0,2.071563,2.056997,2.80944,1.518989,1.68648,0.0,0.0,2.31098
TMEM230,0.8827899,0.0,0.0,1.655119,1.049655,1.256526,0.0,0.0,0.0,0.0,1.671759,0.0,0.0,1.801408,0.0,0.9760627,0.7335058,1.303761,1.636206,0.0,1.967121,0.0,0.9907276,0.0,0.0,0.0,0.0,0.0,1.27666,0.0,1.505206,1.792176,0.0,0.0,0.0,1.576509,0.0,1.31831,0.0,0.0,1.277966,2.384071,0.8968225,1.239181,0.0,0.9965122,0.0,0.0,1.070995,0.0,1.706304,0.0,0.0,0.0,0.0,0.0,0.0,0.0,0.0
CLIC4,0.0,0.0,0.0,0.0,0.0,0.0,0.0,0.0,1.3563103964635,0.0,0.0,0.0,0.0,0.0,0.0,0.0,0.0,0.0,0.0,0.0,0.0,1.90667306245649,0.0,0.0,0.0,0.0,0.0,0.0,0.0,0.0,0.0,0.0,0.0,0.0,0.0,1.57650863128493,0.0,1.31831028677075,0.0,0.0,0.0,0.0,0.89682254342059,0.0,0.0,0.0,0.0,0.0,0.0,0.0,0.0,0.0,0.0,0.0,0.0,0.0,0.0,0.0,0.0
PSMB1,0.0,0.0,0.0,0.0,1.049655,0.0,0.0,0.0,2.527916,0.0,0.0,1.489583,0.0,0.0,2.265849,0.9760627,1.673252,1.303761,1.636206,0.0,0.0,0.0,0.9907276,0.0,0.0,0.0,0.0,0.0,1.27666,0.0,0.0,1.25312,2.032258,0.0,1.91206,1.071247,0.0,0.8622783,1.670007,0.0,1.821102,0.0,0.0,1.775896,0.0,0.9965122,1.932488,0.0,0.0,0.0,0.0,0.0,0.0,0.0,1.518989,1.68648,0.0,1.500587,1.035623
TPM4,0.0,0.0,0.0,2.247854,0.0,1.256526,0.0,0.0,0.0,0.0,0.0,0.0,0.0,0.0,0.0,2.390955,0.0,1.303761,2.226923,0.0,0.0,0.0,0.0,0.0,0.0,0.0,0.0,1.869563,0.0,0.0,0.0,1.25312,0.0,0.0,0.0,2.160569,0.0,0.0,0.0,1.430228,0.0,1.454652,2.019307,1.239181,1.779777,1.485604,0.0,0.0,0.0,0.0,0.0,2.434124,0.9953279,0.0,0.0,0.0,0.0,0.0,1.035623
PPIC,0.0,0.0,0.0,0.0,0.0,0.0,0.0,0.0,0.0,0.0,0.0,0.0,0.0,0.0,0.0,0.0,0.7335058,0.0,0.0,0.0,0.0,0.0,0.0,0.0,0.0,0.0,0.0,0.0,0.0,0.0,0.0,1.25312,0.0,0.0,0.0,0.0,0.0,1.867825,0.0,0.0,1.277966,0.0,0.0,0.0,0.0,0.0,0.0,0.0,0.0,0.0,0.0,0.0,0.0,0.0,0.0,0.0,0.0,0.0,0.0
HSPG2,0.0,0.0,0.0,0.0,0.0,0.0,0.0,0.0,0.0,0.0,0.0,0.0,0.0,0.0,0.0,0.0,0.0,0.0,0.0,0.0,0.0,0.0,0.0,0.0,0.0,0.0,0.0,0.0,0.0,0.0,0.0,0.0,0.0,0.0,0.0,0.0,0.0,0.0,0.0,0.0,0.0,0.0,0.0,0.0,0.0,0.0,0.0,0.0,0.0,0.0,0.0,0.0,0.0,0.0,0.0,0.0,0.0,0.0,0.0
TFPI,0.0,0.0,0.0,0.0,0.0,0.0,0.0,0.0,0.0,0.0,0.0,0.0,0.0,0.0,0.0,0.0,0.0,0.0,0.0,0.0,0.0,0.0,0.0,0.0,0.0,0.0,0.0,0.0,0.0,0.0,0.0,0.0,0.0,0.0,0.0,0.0,0.0,0.0,0.0,0.0,0.0,0.0,0.0,0.0,0.0,0.0,0.0,0.0,0.0,0.0,0.0,0.0,0.0,0.0,0.0,0.0,0.0,0.0,0.0
CXCR4,0.8827899,1.98343,0.0,3.273447,1.882513,0.0,0.0,0.0,1.35631,2.282406,1.671759,2.06312,0.0,0.0,0.0,1.460467,0.0,1.303761,0.0,0.0,2.324845,3.174825,0.0,1.837343,2.031107,0.0,0.0,0.0,0.0,0.0,0.0,2.140507,2.032258,1.87562,0.0,1.071247,3.756815,0.0,0.0,0.0,3.19064,0.0,0.0,0.0,0.0,3.458167,4.189252,1.456669,1.070995,1.943172,1.706304,0.0,0.9953279,3.688918,1.518989,2.028235,0.0,0.0,0.0
EMB,0.0,0.0,0.0,0.0,0.0,1.256526,0.0,0.0,0.0,0.0,1.671759,0.0,0.0,0.0,0.0,0.0,0.0,1.303761,0.0,0.0,0.0,0.0,0.9907276,0.0,0.0,0.0,0.0,0.0,0.0,0.0,0.0,0.0,0.0,0.0,0.0,0.0,0.0,0.0,0.0,0.0,0.0,0.0,0.8968225,0.0,0.0,0.0,0.0,0.0,0.0,0.0,0.0,0.0,0.0,0.0,0.0,1.16322,0.0,0.0,0.0
NCF1,0.0,0.0,0.0,0.0,0.0,0.0,0.0,1.82284,0.0,0.0,0.0,0.0,0.0,0.0,0.0,0.0,0.7335058,0.0,0.0,0.0,0.0,0.0,0.0,0.0,2.031107,0.0,0.0,0.0,0.0,0.0,2.080711,1.25312,0.0,0.0,0.0,0.0,0.0,0.0,0.0,1.430228,0.0,1.454652,0.0,0.0,0.0,0.9965122,1.932488,0.0,0.0,0.0,0.0,0.0,0.0,0.0,0.0,1.16322,0.0,0.0,0.0
SELM,0.0,0.0,0.0,0.0,0.0,0.0,0.0,0.0,0.0,1.369507,0.0,0.0,0.0,0.0,0.0,0.0,0.0,0.0,0.0,0.0,0.0,0.0,0.0,0.0,0.0,0.0,0.0,0.0,0.0,0.0,0.0,0.0,0.0,0.0,0.0,0.0,0.0,0.8622783,0.0,0.0,0.0,0.0,0.0,0.0,0.0,0.0,0.0,0.0,0.0,0.0,0.0,0.0,0.0,0.0,0.0,0.0,0.0,0.0,0.0
MZT2B,0.8827899,0.0,0.0,2.247854,0.0,0.0,0.0,0.0,0.0,0.0,0.0,0.0,0.0,1.261038,0.0,0.0,1.15207,0.0,0.0,0.0,0.9311854,0.0,0.0,0.0,0.0,0.0,0.0,0.0,2.169504,0.0,0.0,0.0,0.0,0.0,0.0,0.0,0.0,1.630348,0.0,0.0,1.277966,2.023663,0.8968225,0.0,0.0,0.0,1.932488,0.0,0.0,1.943172,0.0,0.0,0.0,0.0,2.096202,0.0,0.0,0.0,1.53336
DNAJB9,0.0,1.4192,0.0,0.0,1.049655,0.0,0.0,0.0,0.0,0.0,0.0,0.0,0.0,0.0,0.0,0.9760627,0.0,0.0,0.0,0.0,0.9311854,0.0,0.0,0.0,0.0,0.0,0.0,0.0,0.0,0.0,1.505206,0.0,1.462248,0.0,0.0,0.0,0.0,0.8622783,0.0,0.0,0.0,0.0,0.0,0.0,0.0,0.0,0.0,1.456669,0.0,0.0,0.0,0.0,0.0,0.0,0.0,0.0,0.0,0.0,0.0
COL6A1,1.897701,0.0,0.0,0.0,0.0,0.0,0.0,0.0,0.0,0.0,0.0,0.0,0.0,0.0,0.0,0.0,0.0,0.0,0.0,0.0,0.0,0.0,0.9907276,0.0,0.0,0.0,0.0,0.0,0.0,0.0,0.0,0.0,0.0,0.0,0.0,0.0,0.0,0.8622783,0.0,0.0,0.0,0.0,0.0,0.0,0.0,0.0,0.0,0.0,0.0,0.0,0.0,0.0,0.9953279,0.0,0.0,0.0,0.0,0.0,0.0
TPM1,0.8827899,0.0,0.0,0.0,0.0,0.0,0.0,0.0,0.0,0.0,0.0,0.0,0.0,0.0,0.0,1.460467,0.7335058,0.0,0.0,0.0,0.0,0.0,0.0,0.0,0.0,0.0,0.0,0.0,0.0,0.0,0.0,1.25312,0.0,0.0,1.91206,0.0,0.0,0.0,0.0,0.0,0.0,0.0,0.0,0.0,0.0,0.9965122,0.0,0.0,0.0,0.0,0.0,0.0,0.0,0.0,2.096202,1.16322,0.0,0.0,0.0
CYR61,0.0,1.41920043157068,0.0,0.0,0.0,0.0,0.0,0.0,0.0,0.0,0.0,0.0,0.0,0.0,0.0,0.0,0.0,0.0,0.0,0.0,0.0,0.0,0.0,0.0,0.0,0.0,0.0,0.0,0.0,0.0,0.0,0.0,0.0,0.0,0.0,0.0,0.0,0.0,0.0,0.0,0.0,0.0,0.0,0.0,0.0,0.0,0.0,0.0,0.0,0.0,0.0,0.0,0.0,0.0,0.0,0.0,0.0,0.0,0.0
HNRNPA2B1,1.897701,0.0,0.0,2.247854,1.550395,2.402682,0.0,0.0,1.35631,1.369507,0.0,2.06312,2.099651,1.801408,3.441622,1.460467,2.267885,0.0,1.636206,2.458689,1.725004,0.0,0.9907276,1.837343,2.031107,0.0,2.250889,0.0,2.169504,0.0,0.0,1.25312,0.0,0.0,2.528447,1.576509,2.075514,1.867825,1.670007,0.0,1.277966,0.0,1.361899,1.239181,0.0,1.485604,0.0,0.0,1.070995,0.0,1.706304,1.497077,1.484152,0.0,0.0,1.16322,2.060127,0.0,1.035623
HLA-DPA1,3.426551,3.73145,1.785537,2.617476,3.97004,2.777524,2.161078,1.82284,2.527916,2.282406,3.293208,0.0,2.099651,4.238232,2.265849,3.426597,3.603271,3.897847,0.0,2.458689,4.599162,3.716364,2.7874,0.0,2.031107,2.992697,0.0,0.0,3.805306,3.891507,2.443672,2.140507,3.039457,0.0,3.180885,0.0,0.0,2.05959,1.670007,3.388344,2.951013,0.0,1.361899,0.0,0.0,3.560374,3.41882,3.851911,1.576204,3.430896,2.675919,0.0,0.0,3.867065,1.518989,3.589156,3.562036,2.70386,0.0
RPS27,4.10331563711914,4.58647888077548,4.70212575175862,4.67135584688228,4.39242999955324,3.77790407083098,4.35420461060999,4.22628434987345,3.39512712165809,4.1367915191431,4.65125677699387,4.02470737465435,4.28542263830706,4.54940507044924,4.36632627271427,4.32319678526234,3.4438196812757,3.89784733969337,4.07582564329128,3.77867179050819,4.85681392999899,3.96225843388253,3.33545257958596,4.16446081983928,3.52966631275066,4.89466878936627,4.23366312753476,4.11643376837414,4.64809449223423,4.9427523082406,3.24007264006985,3.6511453792381,3.4288400712206,3.92639437887787,4.25140745813062,3.32741608116992,3.08675707262344,2.9333865019136,4.60697536894606,3.27477218138747,4.14541730751921,3.41926474005024,3.76357419617843,3.91313594977079,4.49662295419908,4.31051925302384,4.55919737245173,4.38201840554193,3.96638983752962,4.43949401194399,4.08784618655821,3.97084150431713,2.56026766402982,4.62892632278035,2.72591792140661,4.58302355954569,3.34596232390595,4.35227661206029,4.13952911993369
IGFBP4,0.0,0.0,0.0,0.0,0.0,0.0,0.0,0.0,0.0,0.0,0.0,0.0,0.0,0.0,0.0,0.0,0.0,0.0,0.0,0.0,0.0,0.0,0.0,0.0,0.0,0.0,0.0,0.0,0.0,0.0,1.505206,0.0,0.0,0.0,0.0,0.0,0.0,0.0,0.0,0.0,0.0,0.0,0.5457487,0.0,0.0,0.0,0.0,0.0,0.0,0.0,0.0,1.497077,0.0,0.0,0.0,0.0,0.0,0.0,0.0
SH3BGRL3,2.71973854824071,3.13273811529242,1.78553667378979,3.66620692087251,2.49650517387979,1.2565256720442,0.0,1.8228403481643,1.91156841590416,0.0,0.0,2.42531028363106,2.09965141229548,2.15027894264002,1.6714083440343,2.39095457259555,2.78211539302544,2.46236213978458,1.6362062807501,2.45868851108846,1.96712095815354,0.0,2.05062704415604,2.44752163191848,0.0,0.0,2.25088926712533,2.48248096380034,2.16950406602236,1.75759313963331,2.08071132751938,0.0,0.0,0.0,1.91205973214532,2.36039043286559,2.70386025083836,0.862278251133781,1.67000672770644,1.43022756802944,1.82110205144729,4.14909924800189,1.9179810120487,3.91313594977079,1.77977734016826,2.25592185192207,0.0,0.0,3.25569580704656,2.56200059012028,1.7063043852994,1.49707719415312,1.81104470536833,0.0,2.93587773509729,2.48499832142028,2.06012749750663,0.0,3.46218673403794
JUND,1.34424,1.4192,2.391105,2.617476,1.550395,1.796148,2.161078,1.82284,1.911568,1.926702,2.90614,1.489583,0.0,0.0,0.0,0.0,0.0,0.0,0.0,1.847625,0.9311854,0.0,0.0,1.837343,0.0,0.0,2.250889,0.0,0.0,1.757593,2.443672,1.25312,1.462248,1.87562,0.0,2.669526,0.0,1.31831,2.264302,0.0,1.821102,0.0,0.5457487,0.0,3.030817,0.0,1.932488,3.032538,1.070995,2.941412,0.0,2.699644,2.056997,0.0,0.0,1.68648,3.069954,0.0,1.035623
ARGLU1,0.8827899,1.98343,0.0,0.0,0.0,0.0,0.0,1.82284,0.0,0.0,0.0,0.0,0.0,0.0,0.0,0.0,1.15207,1.303761,0.0,0.0,0.0,0.0,0.9907276,0.0,0.0,0.0,2.250889,0.0,0.0,0.0,1.505206,0.0,1.462248,1.87562,0.0,0.0,0.0,0.0,0.0,0.0,1.277966,0.0,0.5457487,0.0,0.0,0.0,0.0,0.0,1.070995,0.0,0.0,1.497077,0.9953279,0.0,1.518989,1.16322,0.0,0.0,1.035623
ATP5E,2.891017,3.132738,0.0,3.422173,3.224327,3.049536,3.457009,3.619687,3.721971,2.75156,3.118286,2.690632,3.113069,3.168078,3.117873,3.426597,3.166729,2.839005,2.595773,2.835223,2.697167,3.389573,3.059567,1.837343,3.038195,2.992697,2.889947,3.132963,3.290134,3.673454,3.840872,3.044999,3.708383,2.489042,1.91206,3.394014,2.075514,2.686861,3.116224,2.618753,2.805539,3.698729,3.327131,2.380577,3.244258,3.215809,2.550488,3.032538,3.672893,1.943172,3.334038,3.230024,3.342501,3.688918,3.109313,2.653335,2.896874,2.70386,3.274728
AAK1,0.8827899,1.4192,0.0,0.0,1.049655,0.0,0.0,0.0,1.35631,0.0,0.0,0.0,0.0,0.0,0.0,0.0,1.15207,1.303761,0.0,0.0,0.0,0.0,0.0,0.0,0.0,0.0,0.0,0.0,1.27666,1.757593,0.0,0.0,1.462248,0.0,0.0,0.0,0.0,0.0,0.0,0.0,0.0,0.0,0.5457487,0.0,0.0,0.0,0.0,0.0,1.070995,1.943172,0.0,0.0,0.0,0.0,0.0,0.0,1.486928,0.0,0.0
YBX1,1.65878147631396,2.34194440753899,0.0,1.65511853346191,1.8825132673014,2.14471215529002,0.0,1.8228403481643,1.91156841590416,1.92670157064697,2.63652294408315,2.42531028363106,0.0,2.40841590775559,1.6714083440343,2.2267758857615,2.6382297486952,0.0,0.0,2.83522345811601,2.32484472398328,1.90667306245649,2.55352694933886,0.0,0.0,2.34848508174124,0.0,1.86956329118445,1.27666005795582,2.73406833961356,0.0,2.39834994226151,2.03225817610354,0.0,1.91205973214532,1.57650863128493,0.0,2.48059785009803,2.26430227536865,2.35507798554095,1.82110205144729,2.38407127575583,3.18754216161656,1.77589560412458,2.38481670629391,1.81261587033724,2.55048752470993,0.0,1.57620422873054,2.56200059012028,2.9462407814557,2.07156285814112,0.99532793544424,0.0,2.45982970243956,1.16321956431772,2.6874351932467,2.4382483579046,2.74308805784308
UBE2J1,0.0,0.0,0.0,0.0,1.049655,0.0,0.0,0.0,0.0,0.0,0.0,1.489583,0.0,0.0,0.0,0.0,0.0,0.0,0.0,0.0,0.9311854,0.0,0.0,0.0,0.0,0.0,0.0,0.0,0.0,0.0,0.0,0.0,0.0,0.0,0.0,0.0,0.0,0.0,0.0,0.0,0.0,0.0,1.156158,0.0,0.0,0.0,0.0,1.456669,0.0,0.0,0.0,0.0,0.0,0.0,0.0,0.0,0.0,0.0,1.035623
MANF,1.34424,0.0,0.0,1.655119,0.0,0.0,0.0,0.0,0.0,0.0,0.0,0.0,0.0,0.0,2.265849,1.460467,0.0,0.0,0.0,0.0,0.0,0.0,0.0,0.0,0.0,0.0,0.0,0.0,0.0,0.0,0.0,0.0,0.0,0.0,0.0,1.071247,0.0,0.0,0.0,0.0,0.0,1.454652,0.0,0.0,0.0,0.0,0.0,0.0,0.0,0.0,0.0,0.0,0.0,0.0,0.0,1.16322,0.0,0.0,1.035623
COX6A1,0.0,0.0,1.785537,0.0,0.0,0.0,2.161078,0.0,1.911568,0.0,0.0,2.06312,0.0,1.261038,2.636122,1.460467,2.014131,0.0,1.636206,0.0,0.9311854,1.906673,0.0,1.837343,2.031107,0.0,0.0,0.0,1.819584,0.0,0.0,1.792176,1.462248,2.866454,0.0,1.576509,0.0,1.31831,0.0,0.0,0.0,2.85733,1.805219,1.775896,0.0,1.485604,0.0,0.0,2.160229,1.943172,0.0,0.0,0.0,0.0,0.0,1.16322,0.0,2.075514,1.86417
HNMT,1.34424,1.4192,0.0,0.0,0.0,1.256526,0.0,0.0,0.0,1.369507,1.671759,0.0,0.0,1.261038,0.0,1.460467,1.673252,1.303761,0.0,0.0,0.0,0.0,0.0,0.0,0.0,0.0,0.0,0.0,1.27666,1.757593,0.0,2.140507,0.0,0.0,1.91206,1.576509,0.0,1.630348,0.0,1.430228,1.277966,0.0,1.156158,0.0,0.0,0.0,0.0,0.0,1.070995,0.0,0.0,0.0,0.0,0.0,0.0,1.68648,0.0,0.0,0.0
USMG5,1.34424,1.4192,0.0,1.655119,1.550395,2.144712,0.0,0.0,1.35631,2.282406,0.0,0.0,2.099651,2.150279,0.0,2.226776,0.7335058,1.85101,1.636206,0.0,0.0,0.0,1.804936,0.0,0.0,0.0,0.0,1.869563,2.169504,1.757593,2.080711,0.0,2.657641,1.87562,0.0,1.576509,2.075514,1.630348,0.0,1.430228,1.277966,1.454652,1.805219,2.380577,1.779777,0.9965122,0.0,0.0,1.91026,1.943172,1.706304,0.0,0.0,0.0,2.096202,1.68648,0.0,2.075514,2.618711
YWHAB,1.34424,2.341944,0.0,1.655119,1.550395,1.796148,0.0,1.82284,0.0,0.0,0.0,0.0,0.0,0.0,1.671408,1.785399,1.673252,2.202695,0.0,0.0,1.725004,1.906673,0.0,0.0,0.0,0.0,0.0,1.869563,1.27666,1.757593,2.080711,2.140507,1.462248,0.0,1.91206,1.071247,0.0,2.05959,2.264302,1.430228,1.821102,1.454652,1.156158,1.239181,1.779777,2.255922,0.0,0.0,2.160229,2.562001,0.0,0.0,0.0,2.174787,1.518989,1.68648,1.486928,2.438248,1.035623
RPL8,2.390912,3.568742,1.785537,3.422173,3.295589,2.777524,0.0,2.431754,2.734966,2.923187,1.671759,2.900115,2.729593,2.783436,2.905732,2.76543,2.557696,1.303761,2.864632,3.997234,3.114635,1.906673,1.804936,2.823727,0.0,0.0,0.0,3.523792,3.290134,3.218569,2.080711,3.157479,2.032258,3.139809,2.528447,2.905324,0.0,2.589038,3.684114,2.82721,2.805539,0.0,2.873322,3.138752,3.030817,3.60781,1.932488,2.386459,2.793998,1.943172,2.304297,2.909251,1.484152,2.174787,1.518989,2.282472,0.0,2.913524,3.40352
NUCKS1,0.882789948505998,0.0,0.0,0.0,0.0,1.2565256720442,0.0,0.0,1.3563103964635,2.28240633160662,2.2662366553995,2.06312047981087,2.09965141229548,0.0,1.6714083440343,1.46046730918825,1.15206977988174,0.0,0.0,0.0,0.931185403523441,0.0,0.990727613213213,0.0,0.0,0.0,0.0,0.0,1.27666005795582,0.0,1.50520617489663,1.25312022618914,0.0,0.0,1.91205973214532,0.0,0.0,1.31831028677075,0.0,0.0,0.0,0.0,1.80521862260206,0.0,0.0,0.996512192170311,1.93248826900718,0.0,1.07099481969502,0.0,2.30429688223136,0.0,0.0,0.0,1.51898924628139,0.0,1.48692787133448,1.50058699183651,1.03562295451737
RDX,0.8827899,0.0,0.0,0.0,0.0,0.0,0.0,0.0,0.0,0.0,1.671759,0.0,0.0,1.261038,0.0,0.9760627,0.7335058,0.0,0.0,0.0,0.0,0.0,0.9907276,0.0,0.0,0.0,0.0,0.0,1.27666,0.0,1.505206,0.0,0.0,0.0,0.0,1.071247,0.0,0.8622783,0.0,0.0,0.0,0.0,1.361899,0.0,0.0,0.0,0.0,0.0,0.0,0.0,0.0,0.0,0.0,0.0,1.518989,0.0,2.060127,1.500587,1.035623
COX6C,1.658781,1.4192,0.0,0.0,0.0,1.796148,0.0,1.82284,2.906413,1.369507,0.0,0.0,2.729593,1.261038,2.636122,0.0,2.557696,1.303761,0.0,1.847625,1.404878,1.906673,1.804936,0.0,2.031107,0.0,0.0,0.0,1.819584,2.360564,1.505206,2.140507,2.866662,1.87562,0.0,2.160569,0.0,1.867825,2.634519,1.430228,0.0,3.305565,1.917981,0.0,0.0,2.255922,0.0,2.025946,2.160229,1.943172,0.0,0.0,2.056997,0.0,0.0,1.16322,2.060127,0.0,0.0
GUK1,1.34424003685314,0.0,0.0,0.0,1.04965501064734,0.0,0.0,0.0,1.3563103964635,1.36950713014174,0.0,0.0,2.09965141229548,1.26103848076862,0.0,1.78539900421335,1.6732523377293,0.0,0.0,0.0,0.0,0.0,0.0,0.0,0.0,0.0,2.25088926712533,0.0,1.81958447016452,1.75759313963331,1.50520617489663,1.25312022618914,2.03225817610354,0.0,1.91205973214532,1.91058675785902,0.0,1.31831028677075,0.0,1.43022756802944,0.0,0.0,0.545748720849974,1.23918083600871,0.0,0.996512192170311,0.0,0.0,0.0,0.0,0.0,0.0,1.81104470536833,0.0,0.0,1.68648043988057,0.0,0.0,1.53336020197676
LINC01480,0.0,0.0,0.0,0.0,0.0,0.0,0.0,0.0,0.0,0.0,0.0,0.0,0.0,1.801408,0.0,0.0,0.7335058,0.0,0.0,0.0,0.0,0.0,0.0,0.0,0.0,0.0,0.0,0.0,0.0,0.0,0.0,0.0,0.0,0.0,0.0,0.0,0.0,0.0,0.0,0.0,1.277966,0.0,0.0,0.0,0.0,0.0,0.0,1.456669,0.0,0.0,0.0,0.0,0.0,0.0,0.0,0.0,0.0,0.0,0.0
CCNI,0.8827899,0.0,1.785537,0.0,2.763379,1.796148,0.0,0.0,1.35631,0.0,2.266237,2.06312,0.0,1.261038,1.671408,1.785399,1.15207,0.0,0.0,1.847625,0.9311854,2.522629,1.478506,1.837343,0.0,0.0,2.889947,0.0,1.27666,0.0,1.505206,0.0,1.462248,0.0,0.0,1.071247,0.0,0.0,2.634519,2.618753,2.429863,0.0,2.195546,1.239181,1.779777,2.255922,1.932488,2.386459,0.0,0.0,2.304297,0.0,1.811045,3.194621,0.0,2.028235,1.486928,0.0,0.0
A2M,2.390912,0.0,0.0,0.0,0.0,1.796148,0.0,2.431754,0.0,1.926702,0.0,0.0,2.099651,1.801408,0.0,0.9760627,1.15207,1.303761,0.0,0.0,0.0,0.0,1.804936,0.0,2.031107,2.348485,0.0,0.0,0.0,0.0,0.0,1.25312,0.0,0.0,0.0,0.0,0.0,0.0,0.0,1.430228,0.0,0.0,1.805219,0.0,0.0,0.0,0.0,0.0,1.070995,1.943172,0.0,0.0,0.0,0.0,0.0,0.0,1.486928,0.0,0.0
DBI,3.514693,1.4192,1.785537,1.655119,0.0,3.263158,0.0,1.82284,2.527916,1.369507,0.0,0.0,0.0,1.801408,1.671408,1.785399,1.673252,1.85101,0.0,0.0,2.161894,1.906673,2.886583,0.0,0.0,2.992697,2.889947,1.869563,1.27666,0.0,2.080711,2.603153,0.0,1.87562,0.0,2.526856,0.0,2.480598,1.670007,3.388344,0.0,3.17726,2.59079,2.123261,1.779777,2.058635,0.0,2.025946,3.720473,2.562001,0.0,0.0,1.811045,2.174787,2.096202,1.68648,2.422185,1.500587,1.53336
PLAC9,0.0,0.0,0.0,0.0,0.0,0.0,0.0,0.0,0.0,0.0,0.0,0.0,0.0,0.0,0.0,0.0,0.0,0.0,0.0,0.0,0.0,0.0,0.0,0.0,0.0,0.0,0.0,0.0,0.0,0.0,0.0,0.0,0.0,0.0,0.0,0.0,0.0,0.0,0.0,0.0,0.0,0.0,0.0,0.0,0.0,0.0,0.0,0.0,0.0,0.0,0.0,0.0,0.0,0.0,0.0,0.0,0.0,0.0,0.0
ERH,0.0,1.98343,0.0,0.0,0.0,1.256526,0.0,0.0,0.0,0.0,0.0,0.0,0.0,2.150279,1.671408,0.9760627,1.15207,0.0,1.636206,1.847625,0.9311854,0.0,2.050627,0.0,0.0,0.0,2.250889,0.0,0.0,0.0,0.0,1.25312,1.462248,0.0,0.0,1.071247,0.0,1.31831,1.670007,0.0,0.0,0.0,0.5457487,0.0,0.0,0.9965122,0.0,1.456669,1.070995,0.0,0.0,0.0,1.484152,0.0,0.0,1.16322,0.0,1.500587,0.0
SPINT2,1.658781,0.0,0.0,0.0,1.550395,0.0,0.0,0.0,0.0,1.926702,0.0,0.0,0.0,1.261038,0.0,0.0,1.446237,1.303761,0.0,0.0,1.967121,3.174825,0.0,0.0,0.0,2.348485,0.0,0.0,0.0,0.0,1.505206,0.0,0.0,0.0,1.91206,0.0,0.0,0.0,0.0,0.0,1.277966,0.0,0.8968225,0.0,0.0,0.9965122,0.0,0.0,0.0,0.0,0.0,0.0,0.0,0.0,1.518989,0.0,2.060127,0.0,0.0
ST13,1.658781,0.0,0.0,0.0,1.550395,1.796148,0.0,1.82284,1.911568,1.369507,1.671759,0.0,0.0,1.261038,0.0,0.0,0.0,0.0,0.0,0.0,1.404878,0.0,0.9907276,0.0,0.0,0.0,2.250889,1.869563,1.819584,1.757593,0.0,2.140507,0.0,0.0,0.0,1.071247,2.075514,0.8622783,0.0,0.0,0.0,0.0,1.156158,0.0,0.0,0.9965122,1.932488,0.0,0.0,0.0,0.0,0.0,1.484152,0.0,1.518989,1.16322,0.0,0.0,1.86417
CORO1A,1.658781,1.4192,0.0,0.0,0.0,0.0,0.0,0.0,1.911568,0.0,0.0,2.06312,0.0,0.0,2.905732,2.531942,1.15207,1.303761,0.0,0.0,1.404878,0.0,0.9907276,0.0,0.0,0.0,0.0,0.0,1.27666,0.0,0.0,1.792176,0.0,0.0,0.0,0.0,0.0,0.0,1.670007,0.0,2.171108,0.0,0.5457487,1.239181,2.384817,2.058635,0.0,2.386459,1.576204,0.0,0.0,0.0,2.418915,0.0,0.0,0.0,0.0,0.0,0.0
EMP3,1.658781,1.4192,0.0,2.617476,1.049655,2.402682,0.0,1.82284,0.0,0.0,0.0,2.06312,2.099651,0.0,0.0,2.030244,2.014131,1.303761,1.636206,1.847625,0.0,0.0,2.412261,1.837343,0.0,0.0,0.0,0.0,0.0,0.0,1.505206,1.25312,2.032258,0.0,0.0,1.910587,0.0,1.31831,0.0,0.0,1.277966,2.023663,1.361899,0.0,0.0,0.9965122,0.0,0.0,1.91026,3.215809,0.0,1.497077,2.056997,0.0,1.518989,0.0,2.060127,2.075514,1.035623
VAMP8,1.897701,3.476247,0.0,0.0,1.882513,1.256526,0.0,1.82284,2.266495,1.369507,2.90614,1.489583,2.099651,2.928716,2.905732,2.226776,2.149035,2.462362,0.0,0.0,1.967121,1.906673,1.804936,0.0,2.031107,0.0,0.0,0.0,2.169504,2.360564,2.443672,2.140507,1.462248,0.0,2.528447,2.160569,0.0,1.867825,0.0,2.355078,2.429863,2.023663,2.195546,1.239181,1.779777,0.9965122,2.929594,2.650884,2.526503,1.943172,0.0,0.0,2.254241,0.0,2.45983,1.68648,1.486928,2.70386,2.618711
VAMP2,0.8827899,1.4192,0.0,0.0,0.0,0.0,0.0,0.0,0.0,1.369507,0.0,1.489583,0.0,0.0,2.265849,0.0,0.0,1.85101,0.0,0.0,0.0,0.0,0.0,0.0,2.031107,0.0,0.0,0.0,0.0,1.757593,0.0,0.0,0.0,0.0,0.0,1.071247,2.075514,0.0,1.670007,0.0,0.0,0.0,0.5457487,0.0,0.0,1.485604,0.0,1.456669,0.0,0.0,1.706304,0.0,0.0,0.0,0.0,0.0,0.0,1.500587,0.0
GAPDH,2.891017,2.341944,3.037408,3.098672,2.496505,1.256526,0.0,0.0,2.527916,2.923187,0.0,2.900115,0.0,2.408416,2.265849,2.655485,2.846973,2.202695,3.643381,1.847625,2.587773,2.900981,2.050627,3.985242,2.031107,2.348485,2.889947,3.673721,1.27666,0.0,1.505206,2.918244,2.393061,3.139809,0.0,2.36039,0.0,3.295928,3.29113,2.618753,1.277966,3.849337,2.694093,3.632091,3.244258,2.685841,1.932488,1.456669,2.793998,0.0,2.304297,3.903195,2.983747,0.0,3.257067,3.310639,2.422185,2.075514,2.853693
TPI1,1.34424,0.0,1.785537,1.655119,1.550395,2.144712,2.161078,1.82284,2.266495,1.369507,1.671759,0.0,0.0,1.261038,0.0,2.390955,2.149035,1.303761,0.0,0.0,0.9311854,1.906673,0.9907276,0.0,0.0,0.0,0.0,0.0,1.819584,1.757593,2.080711,1.25312,1.462248,0.0,0.0,1.576509,0.0,1.867825,2.9041,2.82721,1.277966,0.0,1.532449,1.775896,0.0,0.9965122,1.932488,0.0,1.070995,0.0,0.0,0.0,2.056997,0.0,1.518989,1.16322,1.486928,0.0,2.476636
SEC11A,0.0,2.341944,1.785537,0.0,2.638819,0.0,0.0,0.0,0.0,0.0,0.0,0.0,2.099651,1.801408,0.0,0.9760627,1.446237,0.0,0.0,0.0,0.9311854,2.522629,0.9907276,0.0,0.0,0.0,0.0,0.0,1.27666,0.0,2.080711,1.25312,0.0,0.0,0.0,0.0,0.0,1.31831,2.264302,1.430228,2.171108,0.0,1.917981,2.585048,1.779777,0.9965122,0.0,0.0,1.070995,1.943172,1.706304,0.0,0.0,2.174787,0.0,0.0,2.060127,1.500587,0.0
NDUFS5,0.882789948505998,1.41920043157068,1.78553667378979,0.0,0.0,1.2565256720442,0.0,0.0,1.91156841590416,0.0,2.2662366553995,2.06312047981087,2.09965141229548,0.0,1.6714083440343,1.78539900421335,1.6732523377293,0.0,0.0,1.84762540377944,0.931185403523441,0.0,1.80493562912691,1.83734307652052,0.0,2.34848508174124,0.0,0.0,1.27666005795582,0.0,1.50520617489663,1.25312022618914,2.03225817610354,0.0,0.0,0.0,0.0,1.63034818379366,1.67000672770644,1.43022756802944,1.82110205144729,1.45465231890093,1.67810552777897,0.0,1.77977734016826,0.996512192170311,0.0,2.02594562233073,2.66916858256955,1.94317229655797,0.0,1.49707719415312,1.48415195791382,0.0,0.0,1.16321956431772,0.0,1.50058699183651,2.47663610884784
EIF3L,0.0,0.0,0.0,1.655119,1.049655,0.0,0.0,0.0,0.0,0.0,1.671759,0.0,0.0,1.261038,0.0,0.9760627,0.0,0.0,0.0,0.0,0.9311854,1.906673,0.0,0.0,0.0,0.0,0.0,0.0,1.27666,0.0,0.0,0.0,0.0,0.0,0.0,0.0,0.0,0.0,2.634519,0.0,0.0,0.0,0.5457487,1.239181,0.0,1.485604,0.0,0.0,0.0,0.0,1.706304,0.0,0.0,2.174787,1.518989,0.0,0.0,1.500587,1.035623
HERPUD1,0.0,0.0,0.0,0.0,1.882513,1.796148,0.0,2.431754,1.35631,1.926702,2.90614,2.06312,0.0,0.0,0.0,1.460467,0.0,1.303761,0.0,0.0,0.0,3.174825,0.9907276,0.0,2.656408,0.0,0.0,1.869563,1.27666,0.0,2.709405,0.0,0.0,0.0,1.91206,0.0,0.0,0.0,1.670007,0.0,3.383802,0.0,1.156158,0.0,0.0,0.9965122,1.932488,2.025946,1.070995,0.0,0.0,0.0,0.9953279,2.80944,0.0,2.282472,2.060127,1.500587,0.0
NFIB,0.0,0.0,0.0,0.0,0.0,0.0,0.0,0.0,0.0,0.0,0.0,0.0,0.0,0.0,0.0,0.0,0.0,0.0,0.0,0.0,0.0,0.0,0.0,0.0,0.0,0.0,0.0,0.0,0.0,0.0,0.0,0.0,0.0,0.0,0.0,0.0,0.0,0.0,0.0,0.0,0.0,0.0,0.0,0.0,0.0,0.0,0.0,0.0,0.0,0.0,0.0,0.0,0.0,0.0,0.0,0.0,0.0,0.0,0.0
CD9,1.658781,0.0,0.0,0.0,0.0,2.607565,0.0,1.82284,1.911568,0.0,0.0,0.0,2.099651,3.168078,0.0,2.390955,1.673252,2.202695,0.0,0.0,0.0,0.0,0.9907276,1.837343,0.0,2.348485,0.0,0.0,1.819584,0.0,0.0,1.792176,2.032258,0.0,0.0,2.526856,0.0,0.8622783,0.0,2.618753,0.0,2.85733,1.678106,0.0,0.0,0.0,0.0,0.0,2.360043,0.0,0.0,0.0,2.418915,0.0,1.518989,0.0,2.060127,0.0,1.035623
PRDM1,0.0,0.0,0.0,0.0,0.0,0.0,0.0,0.0,0.0,0.0,0.0,1.489583,0.0,0.0,0.0,0.0,0.0,1.85101,0.0,0.0,0.9311854,0.0,0.0,0.0,0.0,0.0,0.0,0.0,0.0,0.0,0.0,1.792176,0.0,0.0,0.0,0.0,0.0,0.0,0.0,0.0,2.805539,0.0,0.0,0.0,0.0,0.0,1.932488,0.0,0.0,0.0,0.0,0.0,0.0,0.0,0.0,0.0,1.486928,0.0,0.0
FN1,1.897701,0.0,0.0,0.0,1.049655,0.0,0.0,0.0,0.0,0.0,0.0,0.0,0.0,0.0,0.0,0.0,0.0,0.0,0.0,0.0,0.0,0.0,3.206994,0.0,0.0,0.0,0.0,0.0,0.0,0.0,0.0,1.25312,0.0,0.0,0.0,0.0,0.0,1.867825,0.0,1.430228,1.277966,3.305565,0.0,0.0,0.0,0.0,0.0,0.0,0.0,0.0,0.0,0.0,0.9953279,0.0,0.0,0.0,0.0,0.0,2.743088
NDUFA1,0.0,1.4192,0.0,0.0,1.049655,0.0,0.0,1.82284,1.35631,1.369507,0.0,1.489583,2.099651,1.801408,1.671408,2.226776,1.673252,1.303761,0.0,0.0,1.404878,1.906673,1.804936,0.0,0.0,0.0,0.0,0.0,1.819584,0.0,0.0,2.140507,2.032258,1.87562,0.0,1.071247,0.0,0.0,0.0,0.0,0.0,0.0,0.8968225,0.0,0.0,0.9965122,0.0,1.456669,0.0,0.0,0.0,0.0,0.9953279,0.0,0.0,1.16322,1.486928,0.0,1.53336
RPS12,3.805477,3.934587,3.576255,3.769007,4.16086,3.655786,3.17978,1.82284,3.571844,3.667001,4.119058,4.08428,4.181591,3.784063,3.441622,3.250754,3.166729,3.326159,3.839283,3.893912,3.852813,3.716364,3.449272,2.823727,3.529666,3.878435,3.554911,3.132963,4.101765,3.984959,3.840872,3.350387,3.926611,4.029781,3.722534,2.669526,3.086757,2.480598,3.684114,3.490322,3.684871,3.17726,3.187542,3.754136,2.759099,4.079227,3.203831,4.042312,3.514847,2.562001,3.830502,3.752401,2.418915,4.149503,3.257067,3.526458,2.896874,4.154463,4.415929
RHOH,0.0,0.0,0.0,0.0,0.0,0.0,0.0,0.0,0.0,0.0,0.0,0.0,0.0,0.0,0.0,0.0,0.7335058,0.0,0.0,1.847625,0.0,0.0,0.0,0.0,0.0,0.0,0.0,0.0,0.0,0.0,0.0,0.0,0.0,0.0,0.0,0.0,2.075514,0.0,0.0,0.0,0.0,0.0,0.5457487,0.0,0.0,0.0,0.0,0.0,0.0,0.0,0.0,0.0,0.0,0.0,0.0,0.0,0.0,0.0,0.0
RPL13,3.706076,4.201854,2.765585,4.026032,4.244152,4.074201,3.457009,3.469992,3.571844,4.308586,4.310341,4.140503,4.37948,3.445183,4.118633,3.74596,3.166729,3.111958,2.226923,3.498579,4.20638,3.84685,3.64415,3.096452,3.857728,3.878435,3.554911,3.347351,3.466228,4.07042,3.240073,3.882054,3.530953,3.926394,3.395684,2.794359,2.075514,3.345368,4.418019,3.582856,3.617669,2.64844,3.472392,4.006628,4.496623,4.355385,4.095456,3.779435,3.622936,2.941412,4.292335,4.093784,2.794259,4.369487,3.257067,3.94362,2.422185,4.396168,3.61999
HCST,0.8827899,3.132738,1.785537,0.0,0.0,0.0,0.0,0.0,0.0,0.0,0.0,2.42531,0.0,0.0,3.292792,1.785399,0.0,2.202695,2.226923,1.847625,1.725004,2.522629,0.0,0.0,2.656408,0.0,0.0,0.0,2.169504,2.734068,0.0,0.0,0.0,0.0,0.0,0.0,0.0,0.0,2.264302,0.0,1.821102,2.384071,0.5457487,0.0,0.0,1.485604,0.0,0.0,1.91026,0.0,0.0,0.0,0.9953279,2.80944,0.0,0.0,1.486928,2.075514,1.86417
MARCKS,2.390912,1.4192,0.0,0.0,1.049655,1.256526,2.794899,3.079966,1.911568,1.926702,3.293208,1.489583,0.0,2.150279,2.265849,1.460467,1.858146,2.839005,0.0,2.458689,0.0,0.0,1.804936,0.0,2.031107,0.0,0.0,1.869563,2.428212,1.757593,1.505206,1.792176,1.462248,0.0,1.91206,1.071247,2.075514,2.220431,0.0,0.0,2.171108,0.0,1.805219,0.0,0.0,0.0,0.0,1.456669,1.070995,0.0,2.304297,1.497077,2.254241,0.0,2.725918,0.0,2.060127,1.500587,0.0
BTF3,1.34424,1.98343,2.391105,2.247854,2.330524,1.796148,0.0,0.0,1.911568,1.369507,1.671759,1.489583,2.729593,1.261038,1.671408,0.9760627,1.15207,1.303761,0.0,0.0,2.324845,2.522629,1.804936,1.837343,0.0,2.348485,0.0,1.869563,0.0,2.360564,1.505206,1.25312,2.393061,1.87562,2.528447,0.0,0.0,0.0,1.670007,1.995965,2.63524,2.023663,1.805219,2.123261,1.779777,3.068323,1.932488,2.650884,1.576204,0.0,2.304297,2.071563,0.0,0.0,0.0,2.797375,0.0,1.500587,1.035623
RPL30,2.96678,2.605298,3.426757,3.422173,3.483186,1.796148,2.161078,2.807488,1.911568,2.923187,2.636523,2.42531,2.099651,2.613404,2.636122,2.390955,2.712758,2.839005,2.226923,2.458689,3.180664,2.900981,1.804936,0.0,0.0,0.0,3.276712,3.804075,2.949297,3.543543,2.709405,2.140507,3.039457,1.87562,1.91206,1.910587,0.0,0.8622783,2.9041,2.355078,2.805539,2.384071,2.694093,2.585048,3.030817,2.255922,3.203831,3.032538,1.91026,2.941412,1.706304,2.434124,0.0,3.194621,2.096202,3.035048,3.217451,3.086757,2.476636
FOSB,0.0,1.4192,3.706283,2.617476,2.330524,2.607565,3.457009,3.079966,0.0,1.926702,3.686218,2.42531,0.0,0.0,2.265849,2.030244,1.446237,1.303761,3.250913,3.10812,2.324845,2.900981,0.9907276,3.486732,3.038195,0.0,0.0,2.859706,1.819584,0.0,3.092428,2.773058,0.0,2.489042,1.91206,1.071247,3.579154,0.8622783,2.9041,0.0,2.171108,0.0,2.345329,2.585048,2.759099,2.058635,0.0,3.032538,1.576204,2.941412,2.675919,2.434124,0.9953279,0.0,0.0,1.16322,1.486928,0.0,1.035623
PEBP1,0.0,0.0,0.0,0.0,0.0,0.0,0.0,0.0,1.911568,0.0,0.0,0.0,0.0,0.0,0.0,0.0,1.673252,0.0,0.0,0.0,0.9311854,0.0,1.804936,0.0,0.0,0.0,0.0,0.0,1.27666,0.0,0.0,0.0,0.0,0.0,0.0,1.576509,0.0,1.867825,0.0,0.0,0.0,1.454652,0.8968225,0.0,0.0,0.9965122,0.0,0.0,0.0,0.0,0.0,0.0,0.0,0.0,2.096202,0.0,0.0,0.0,0.0
TIMP3,0.0,0.0,0.0,0.0,0.0,2.402682,0.0,0.0,0.0,0.0,0.0,0.0,0.0,0.0,1.671408,0.0,0.0,0.0,0.0,0.0,0.0,0.0,0.0,0.0,0.0,0.0,0.0,0.0,0.0,0.0,0.0,0.0,0.0,0.0,0.0,0.0,0.0,0.0,0.0,0.0,0.0,0.0,1.805219,0.0,0.0,0.0,0.0,0.0,0.0,0.0,0.0,0.0,0.0,0.0,0.0,0.0,0.0,0.0,0.0
NDUFB1,2.090403,1.4192,1.785537,0.0,1.550395,1.796148,0.0,2.431754,1.35631,2.282406,0.0,0.0,2.729593,2.150279,2.265849,2.030244,1.858146,1.85101,1.636206,0.0,1.404878,0.0,2.050627,0.0,0.0,2.348485,0.0,1.869563,1.819584,0.0,2.443672,1.25312,0.0,2.866454,0.0,1.071247,0.0,2.480598,0.0,1.430228,0.0,2.023663,1.805219,1.239181,1.779777,1.485604,2.929594,1.456669,1.576204,0.0,0.0,2.071563,1.484152,0.0,1.518989,1.68648,2.060127,2.075514,2.112325
NNMT,0.0,0.0,0.0,0.0,0.0,0.0,0.0,0.0,0.0,0.0,0.0,0.0,0.0,0.0,0.0,0.0,0.0,0.0,0.0,0.0,0.0,0.0,0.0,0.0,0.0,0.0,0.0,0.0,0.0,0.0,0.0,0.0,0.0,0.0,0.0,0.0,0.0,0.0,0.0,0.0,0.0,0.0,0.0,0.0,0.0,0.0,0.0,0.0,0.0,0.0,0.0,0.0,0.0,0.0,0.0,0.0,0.0,0.0,0.0
GPX4,2.719739,2.341944,1.785537,1.655119,2.131401,2.607565,2.161078,0.0,2.527916,2.282406,2.636523,1.489583,2.099651,2.613404,1.671408,2.226776,2.470104,2.668312,0.0,1.847625,2.324845,0.0,2.677285,0.0,2.031107,2.348485,2.250889,0.0,2.169504,0.0,0.0,2.918244,2.032258,0.0,1.91206,2.794359,0.0,2.220431,2.634519,1.430228,1.821102,2.023663,1.917981,0.0,0.0,1.485604,0.0,0.0,2.526503,1.943172,1.706304,0.0,2.254241,0.0,1.518989,1.16322,1.486928,1.500587,2.618711
SEPW1,2.251903,0.0,0.0,0.0,1.550395,0.0,0.0,0.0,2.266495,0.0,0.0,0.0,0.0,0.0,0.0,1.785399,0.7335058,0.0,0.0,0.0,0.9311854,0.0,0.9907276,0.0,0.0,0.0,0.0,0.0,0.0,0.0,0.0,0.0,0.0,0.0,0.0,1.071247,0.0,0.0,0.0,0.0,0.0,2.023663,0.5457487,1.239181,0.0,0.0,0.0,1.456669,0.0,1.943172,0.0,0.0,0.9953279,0.0,0.0,0.0,0.0,1.500587,1.035623
KDELR2,0.0,0.0,1.785537,1.655119,1.049655,1.256526,0.0,0.0,0.0,1.369507,1.671759,0.0,0.0,1.261038,0.0,0.0,1.15207,1.303761,1.636206,0.0,0.0,0.0,1.478506,1.837343,2.031107,0.0,2.250889,0.0,0.0,0.0,1.505206,0.0,0.0,2.489042,0.0,0.0,0.0,0.8622783,0.0,1.430228,0.0,0.0,1.156158,0.0,0.0,0.0,0.0,0.0,1.070995,0.0,0.0,0.0,0.0,0.0,0.0,1.16322,1.486928,1.500587,2.476636
LSM5,0.8827899,1.4192,0.0,1.655119,0.0,0.0,0.0,0.0,1.35631,0.0,0.0,0.0,0.0,0.0,0.0,0.0,0.7335058,0.0,0.0,0.0,0.9311854,0.0,0.0,0.0,2.031107,0.0,0.0,1.869563,1.27666,0.0,0.0,1.25312,0.0,0.0,0.0,0.0,0.0,1.630348,0.0,0.0,0.0,0.0,1.156158,1.239181,0.0,0.9965122,1.932488,0.0,1.070995,0.0,1.706304,0.0,0.0,0.0,0.0,1.16322,0.0,0.0,0.0
NFIC,0.0,0.0,0.0,0.0,0.0,1.256526,0.0,0.0,0.0,0.0,0.0,0.0,0.0,0.0,1.671408,0.9760627,0.0,1.303761,0.0,0.0,0.9311854,1.906673,0.0,0.0,0.0,0.0,0.0,0.0,0.0,0.0,0.0,0.0,0.0,0.0,1.91206,1.071247,0.0,0.8622783,0.0,0.0,0.0,0.0,0.0,0.0,0.0,0.0,0.0,0.0,0.0,1.943172,0.0,0.0,0.9953279,2.174787,0.0,0.0,0.0,1.500587,0.0
SBDS,0.0,0.0,0.0,0.0,0.0,1.256526,0.0,0.0,1.35631,0.0,0.0,0.0,0.0,1.261038,1.671408,1.460467,1.15207,0.0,0.0,0.0,0.0,0.0,0.9907276,0.0,0.0,0.0,0.0,0.0,0.0,0.0,0.0,0.0,0.0,0.0,0.0,0.0,0.0,1.31831,1.670007,0.0,1.277966,0.0,0.0,1.239181,0.0,0.0,0.0,0.0,0.0,1.943172,1.706304,0.0,0.0,0.0,0.0,0.0,0.0,0.0,0.0
EIF4A1,0.0,0.0,0.0,0.0,0.0,1.256526,0.0,0.0,0.0,0.0,1.671759,0.0,0.0,0.0,0.0,0.0,0.0,0.0,0.0,0.0,0.9311854,0.0,0.9907276,0.0,0.0,0.0,0.0,0.0,1.819584,0.0,0.0,1.792176,1.462248,0.0,0.0,0.0,0.0,0.0,0.0,0.0,0.0,0.0,0.5457487,0.0,0.0,1.485604,0.0,0.0,1.070995,0.0,1.706304,0.0,2.056997,0.0,2.096202,1.16322,0.0,0.0,0.0
CD3D,0.0,0.0,0.0,0.0,0.0,0.0,0.0,0.0,0.0,0.0,0.0,0.0,0.0,0.0,0.0,0.0,0.0,0.0,0.0,0.0,0.0,0.0,0.0,0.0,0.0,0.0,0.0,0.0,0.0,0.0,0.0,0.0,0.0,0.0,0.0,0.0,0.0,0.0,0.0,0.0,0.0,0.0,0.0,0.0,0.0,0.0,0.0,0.0,0.0,0.0,0.0,0.0,0.0,0.0,0.0,0.0,0.0,0.0,0.0
SEPP1,0.0,0.0,0.0,0.0,0.0,1.256526,0.0,3.079966,0.0,3.412273,0.0,0.0,0.0,3.361067,0.0,0.0,1.673252,0.0,0.0,0.0,0.0,0.0,0.0,0.0,4.84283,0.0,0.0,1.869563,2.169504,4.413694,3.092428,0.0,0.0,0.0,3.722534,0.0,0.0,0.0,0.0,0.0,0.0,0.0,0.0,0.0,0.0,0.0,1.932488,0.0,0.0,0.0,0.0,0.0,0.0,3.194621,0.0,0.0,0.0,0.0,0.0
SDCBP,2.390912,0.0,2.391105,1.655119,0.0,2.144712,2.161078,1.82284,1.35631,2.544248,0.0,0.0,2.099651,2.150279,0.0,2.390955,1.673252,2.202695,2.226923,2.458689,0.9311854,2.522629,2.050627,1.837343,0.0,0.0,2.889947,1.869563,2.428212,1.757593,2.443672,1.792176,1.462248,2.489042,2.528447,1.910587,2.075514,2.05959,0.0,2.99962,2.171108,0.0,1.361899,2.123261,2.384817,1.485604,0.0,0.0,1.070995,0.0,1.706304,2.909251,2.254241,0.0,2.45983,2.028235,1.486928,0.0,2.31098
RTN4,2.090403,0.0,0.0,1.655119,0.0,1.796148,0.0,0.0,1.35631,1.369507,0.0,0.0,0.0,1.801408,1.671408,1.785399,2.267885,1.85101,1.636206,1.847625,1.404878,2.522629,0.0,0.0,2.031107,0.0,0.0,1.869563,2.428212,1.757593,1.505206,1.25312,1.462248,0.0,0.0,2.36039,0.0,2.358952,0.0,2.82721,0.0,0.0,1.361899,1.775896,0.0,0.9965122,0.0,0.0,1.576204,1.943172,0.0,0.0,1.484152,2.174787,0.0,0.0,2.422185,0.0,0.0
RPLP2,3.633856,3.871351,2.391105,4.026032,4.069994,3.162041,3.457009,2.431754,3.052723,3.739282,3.44204,3.893725,4.617953,3.522769,3.788647,3.621342,2.907878,3.502474,3.528863,3.778672,4.031592,3.962258,3.449272,2.823727,3.70709,3.381304,3.276712,3.804075,3.543866,3.673454,3.368697,3.651145,2.866662,3.926394,3.853039,3.005196,3.362961,3.392478,4.46871,3.818044,3.19064,3.419265,3.558694,3.564986,3.69953,4.214257,3.745891,3.919487,3.929378,3.430896,3.830502,3.903195,2.794259,4.549697,2.935878,4.02545,3.345962,3.671925,3.876155
ITGA6,0.0,0.0,0.0,0.0,0.0,0.0,0.0,0.0,0.0,1.369507,0.0,0.0,0.0,0.0,0.0,0.0,0.0,0.0,0.0,0.0,0.0,0.0,0.0,0.0,0.0,0.0,0.0,0.0,0.0,0.0,0.0,0.0,1.462248,0.0,0.0,0.0,0.0,0.8622783,0.0,0.0,0.0,0.0,0.8968225,0.0,0.0,0.0,0.0,0.0,0.0,0.0,0.0,0.0,0.0,0.0,0.0,0.0,1.486928,0.0,0.0
BTG1,0.8827899,0.0,3.426757,2.617476,1.550395,0.0,2.161078,0.0,2.266495,1.369507,0.0,3.349271,0.0,1.261038,0.0,2.030244,1.673252,2.202695,2.226923,3.498579,0.9311854,1.906673,2.050627,2.823727,2.031107,0.0,0.0,2.482481,0.0,0.0,2.709405,0.0,1.462248,1.87562,0.0,1.910587,0.0,0.0,0.0,0.0,2.171108,0.0,1.532449,2.585048,0.0,1.485604,1.932488,2.025946,0.0,2.941412,3.158821,2.071563,1.484152,3.688918,1.518989,2.797375,1.486928,1.500587,2.618711
DDOST,0.882789948505998,0.0,0.0,0.0,0.0,0.0,0.0,0.0,0.0,0.0,0.0,0.0,0.0,0.0,0.0,0.0,0.0,0.0,0.0,0.0,0.0,0.0,0.0,0.0,0.0,0.0,0.0,0.0,0.0,0.0,0.0,0.0,0.0,0.0,0.0,0.0,0.0,0.862278251133781,0.0,0.0,0.0,1.45465231890093,0.0,0.0,0.0,0.0,0.0,0.0,0.0,0.0,0.0,0.0,0.0,0.0,0.0,1.16321956431772,0.0,0.0,0.0
COL3A1,0.0,0.0,1.785537,0.0,0.0,0.0,0.0,0.0,0.0,0.0,0.0,0.0,0.0,0.0,0.0,0.0,0.0,0.0,0.0,0.0,0.0,0.0,0.0,0.0,0.0,0.0,0.0,0.0,0.0,0.0,0.0,0.0,0.0,0.0,0.0,0.0,0.0,0.0,0.0,0.0,0.0,0.0,0.0,0.0,0.0,0.0,0.0,0.0,0.0,0.0,0.0,0.0,0.0,0.0,0.0,0.0,1.486928,0.0,0.0
IL2RG,0.0,0.0,0.0,0.0,1.049655,0.0,0.0,0.0,0.0,0.0,0.0,0.0,0.0,0.0,0.0,0.0,0.0,0.0,0.0,0.0,0.9311854,0.0,0.9907276,0.0,2.031107,0.0,0.0,0.0,0.0,0.0,0.0,0.0,0.0,0.0,0.0,0.0,0.0,0.0,0.0,0.0,0.0,0.0,0.0,0.0,0.0,2.058635,0.0,1.456669,0.0,0.0,0.0,0.0,0.9953279,0.0,0.0,1.16322,0.0,0.0,0.0
SON,1.34424,2.341944,0.0,0.0,2.330524,1.796148,0.0,0.0,1.35631,1.369507,0.0,0.0,0.0,1.261038,2.636122,0.9760627,1.446237,1.85101,0.0,0.0,1.967121,0.0,1.478506,1.837343,0.0,0.0,0.0,0.0,0.0,1.757593,0.0,0.0,2.657641,1.87562,2.906958,0.0,0.0,1.630348,0.0,0.0,0.0,0.0,0.5457487,1.239181,0.0,1.485604,0.0,2.386459,1.070995,1.943172,0.0,0.0,0.0,2.80944,0.0,1.68648,1.486928,2.075514,0.0
DPYSL2,1.34424,0.0,0.0,0.0,0.0,0.0,0.0,0.0,0.0,0.0,1.671759,0.0,0.0,1.261038,2.265849,0.0,0.0,0.0,0.0,1.847625,0.0,0.0,0.9907276,0.0,0.0,0.0,0.0,1.869563,0.0,1.757593,0.0,0.0,2.393061,0.0,0.0,2.36039,0.0,0.0,0.0,0.0,1.277966,0.0,1.156158,0.0,0.0,0.9965122,0.0,2.025946,1.070995,0.0,0.0,0.0,1.484152,2.174787,0.0,0.0,0.0,0.0,1.035623
NUPR1,3.037205,0.0,0.0,0.0,0.0,2.144712,0.0,0.0,1.911568,1.369507,0.0,0.0,0.0,1.261038,0.0,2.864476,1.858146,0.0,0.0,0.0,0.0,0.0,2.412261,0.0,0.0,0.0,0.0,0.0,0.0,0.0,0.0,0.0,1.462248,0.0,0.0,3.515219,0.0,2.480598,0.0,3.14663,0.0,0.0,1.805219,0.0,0.0,0.0,0.0,1.456669,1.91026,0.0,0.0,0.0,1.484152,0.0,2.096202,0.0,2.687435,0.0,0.0
IFI27,0.0,0.0,0.0,0.0,0.0,0.0,0.0,0.0,0.0,0.0,0.0,0.0,0.0,0.0,0.0,0.0,0.0,0.0,0.0,0.0,0.0,0.0,0.0,0.0,0.0,0.0,0.0,0.0,0.0,0.0,1.505206,0.0,0.0,0.0,0.0,0.0,0.0,0.0,0.0,0.0,0.0,0.0,0.0,0.0,0.0,0.0,0.0,0.0,0.0,0.0,0.0,0.0,0.0,0.0,1.518989,0.0,0.0,0.0,0.0
RARRES2,0.0,0.0,0.0,0.0,0.0,0.0,0.0,0.0,0.0,0.0,0.0,0.0,0.0,0.0,0.0,0.9760627,0.0,0.0,0.0,0.0,0.0,0.0,0.0,0.0,0.0,0.0,0.0,0.0,0.0,0.0,0.0,0.0,1.462248,0.0,0.0,0.0,0.0,0.0,0.0,0.0,0.0,0.0,0.0,0.0,0.0,0.0,0.0,0.0,0.0,0.0,0.0,0.0,0.0,0.0,0.0,0.0,0.0,0.0,0.0
COX8A,1.658781,1.4192,0.0,1.655119,1.049655,0.0,0.0,1.82284,2.734966,0.0,1.671759,2.06312,2.099651,1.261038,1.671408,1.785399,2.014131,1.303761,1.636206,0.0,1.404878,0.0,0.0,0.0,0.0,0.0,0.0,0.0,1.819584,0.0,0.0,2.603153,0.0,0.0,0.0,1.071247,0.0,1.867825,2.264302,0.0,1.821102,2.85733,2.195546,1.775896,0.0,0.9965122,0.0,1.456669,2.160229,0.0,1.706304,0.0,0.9953279,0.0,2.096202,1.16322,2.060127,2.438248,1.86417
IER3,0.8827899,0.0,1.785537,2.886743,3.224327,3.588637,3.673828,1.82284,1.911568,2.75156,2.90614,2.690632,0.0,0.0,1.671408,2.030244,1.673252,0.0,4.266981,3.778672,2.464926,1.906673,0.0,4.164461,0.0,0.0,2.889947,3.804075,1.27666,0.0,0.0,2.603153,0.0,1.87562,2.528447,0.0,3.362961,0.0,2.264302,0.0,2.429863,0.0,1.156158,2.754724,1.779777,0.0,1.932488,0.0,1.576204,2.941412,0.0,2.909251,0.9953279,2.174787,0.0,2.797375,2.060127,0.0,1.53336
RPS15,3.22286,3.994061,3.250913,3.769007,3.424479,3.516653,3.17978,3.619687,3.052723,2.282406,3.571564,3.658103,3.389573,3.168078,3.685797,3.312868,2.965286,2.839005,3.250913,3.498579,3.785335,4.065715,2.976811,2.823727,3.529666,3.878435,3.276712,1.869563,3.382053,3.673454,2.709405,2.39835,2.657641,3.926394,3.395684,3.256065,3.362961,3.130998,3.880207,3.490322,3.19064,3.030035,3.352854,3.026372,3.917714,3.956318,3.41882,3.308099,3.672893,3.430896,3.483083,3.574761,2.684092,3.867065,2.725918,3.900048,3.654762,3.579154,2.953274
C4orf3,1.658781,0.0,0.0,0.0,0.0,0.0,2.161078,1.82284,1.35631,0.0,0.0,2.06312,2.729593,0.0,1.671408,0.0,1.15207,1.85101,1.636206,1.847625,1.404878,1.906673,2.050627,1.837343,0.0,2.348485,0.0,1.869563,0.0,0.0,2.443672,0.0,0.0,0.0,1.91206,1.071247,2.075514,1.31831,0.0,0.0,1.277966,0.0,1.532449,1.775896,0.0,0.0,1.932488,0.0,1.070995,0.0,1.706304,1.497077,0.9953279,0.0,0.0,1.68648,0.0,0.0,1.035623
GPX1,3.866648,3.73145,1.785537,3.098672,3.538637,3.833791,0.0,3.293874,4.250839,2.923187,3.571564,2.42531,3.605949,3.784063,2.905732,4.427231,3.714733,2.839005,0.0,2.458689,3.749808,0.0,3.393981,1.837343,2.031107,0.0,2.250889,1.869563,3.07626,3.788412,3.368697,3.77325,1.462248,1.87562,3.180885,3.456452,0.0,3.295928,3.684114,3.818044,3.684871,3.419265,3.157124,2.899744,1.779777,3.60781,2.929594,3.779435,4.573825,3.215809,0.0,2.434124,3.214006,2.80944,2.096202,3.13559,4.137128,3.671925,3.203526
PSMA7,1.658781,0.0,1.785537,1.655119,1.049655,2.144712,0.0,1.82284,1.35631,0.0,0.0,1.489583,0.0,1.261038,2.265849,1.460467,1.858146,0.0,0.0,1.847625,0.9311854,0.0,1.478506,1.837343,2.031107,0.0,0.0,0.0,0.0,1.757593,2.080711,1.792176,1.462248,0.0,2.528447,1.071247,2.075514,2.220431,0.0,0.0,0.0,0.0,1.156158,1.239181,1.779777,0.9965122,0.0,0.0,1.91026,1.943172,1.706304,2.071563,1.811045,0.0,0.0,0.0,0.0,0.0,1.86417
GABARAPL2,0.8827899,0.0,1.785537,0.0,0.0,1.256526,3.17978,0.0,1.35631,0.0,0.0,0.0,2.729593,0.0,0.0,0.9760627,1.15207,1.85101,0.0,0.0,1.404878,0.0,0.9907276,0.0,0.0,0.0,0.0,0.0,0.0,0.0,0.0,0.0,1.462248,2.489042,0.0,0.0,0.0,1.31831,0.0,1.430228,1.277966,0.0,0.0,1.775896,1.779777,2.058635,1.932488,0.0,1.070995,0.0,0.0,0.0,1.484152,0.0,0.0,1.16322,0.0,0.0,1.86417
RPSA,0.8827899,2.341944,1.785537,2.247854,2.874129,2.144712,0.0,0.0,0.0,1.926702,1.671759,1.489583,2.099651,1.801408,2.265849,2.655485,1.15207,1.85101,0.0,1.847625,1.967121,2.900981,1.478506,0.0,2.031107,0.0,0.0,1.869563,1.27666,1.757593,1.505206,1.792176,2.393061,1.87562,1.91206,1.576509,2.075514,1.867825,2.9041,1.430228,2.429863,0.0,2.273239,1.775896,1.779777,2.685841,1.932488,2.025946,1.070995,1.943172,0.0,0.0,0.9953279,0.0,0.0,2.282472,1.486928,2.075514,2.743088
GNG5,1.34424003685314,1.98342992507697,0.0,0.0,0.0,1.2565256720442,0.0,0.0,2.26649492126447,0.0,0.0,1.4895829964291,0.0,0.0,1.6714083440343,1.46046730918825,1.44623749548403,2.66831204795559,0.0,0.0,1.40487829275209,1.90667306245649,1.47850581878633,1.83734307652052,2.03110657190696,0.0,0.0,1.86956329118445,1.27666005795582,0.0,1.50520617489663,1.79217625746399,2.86666230464022,0.0,0.0,0.0,0.0,1.31831028677075,0.0,1.43022756802944,2.42986315757899,0.0,0.545748720849974,2.12326124608028,0.0,1.48560448424277,0.0,0.0,0.0,0.0,0.0,0.0,0.99532793544424,0.0,0.0,1.16321956431772,0.0,0.0,1.03562295451737
UQCR11,2.090403,1.4192,0.0,1.655119,1.550395,1.256526,0.0,0.0,2.266495,0.0,0.0,1.489583,2.729593,1.261038,1.671408,2.390955,2.557696,2.462362,1.636206,0.0,1.404878,1.906673,2.050627,0.0,0.0,0.0,0.0,0.0,1.819584,1.757593,2.080711,0.0,1.462248,0.0,1.91206,2.669526,0.0,2.05959,0.0,2.99962,2.171108,2.023663,2.475572,1.775896,2.384817,1.485604,1.932488,1.456669,1.91026,0.0,1.706304,0.0,0.9953279,0.0,2.096202,2.028235,2.060127,2.438248,2.618711
CD37,2.090403,0.0,0.0,0.0,1.049655,0.0,0.0,0.0,0.0,2.282406,0.0,0.0,0.0,0.0,0.0,0.0,0.7335058,1.303761,0.0,0.0,0.9311854,1.906673,0.0,0.0,0.0,0.0,2.250889,0.0,1.27666,0.0,1.505206,1.25312,1.462248,0.0,0.0,1.071247,0.0,0.0,0.0,1.430228,0.0,1.454652,1.361899,1.239181,1.779777,0.9965122,0.0,0.0,0.0,0.0,0.0,2.071563,1.484152,2.174787,1.518989,1.16322,0.0,1.500587,0.0
CEBPD,0.0,1.4192,0.0,0.0,0.0,1.796148,0.0,0.0,0.0,0.0,1.671759,1.489583,0.0,0.0,2.265849,0.0,1.15207,0.0,0.0,0.0,1.404878,1.906673,0.9907276,0.0,0.0,0.0,0.0,0.0,0.0,1.757593,0.0,1.25312,0.0,0.0,2.528447,0.0,0.0,0.0,1.670007,0.0,1.277966,0.0,0.5457487,0.0,0.0,0.9965122,1.932488,0.0,0.0,0.0,1.706304,1.497077,0.0,0.0,0.0,2.028235,0.0,2.075514,1.53336
ERGIC2,0.8827899,0.0,0.0,0.0,0.0,0.0,0.0,0.0,0.0,0.0,0.0,0.0,0.0,0.0,0.0,0.0,0.0,0.0,0.0,0.0,0.9311854,1.906673,0.0,0.0,0.0,0.0,0.0,0.0,0.0,0.0,0.0,0.0,0.0,0.0,0.0,0.0,0.0,0.0,0.0,0.0,0.0,0.0,0.8968225,0.0,0.0,0.9965122,0.0,0.0,0.0,0.0,0.0,0.0,0.0,0.0,0.0,0.0,0.0,1.500587,0.0
ATP5G3,0.8827899,0.0,2.391105,1.655119,0.0,1.796148,0.0,0.0,1.911568,1.369507,0.0,0.0,0.0,0.0,1.671408,1.785399,1.858146,1.303761,0.0,0.0,1.725004,1.906673,0.0,2.447522,2.031107,0.0,0.0,0.0,0.0,0.0,0.0,1.25312,0.0,0.0,0.0,1.576509,0.0,1.31831,0.0,1.430228,0.0,0.0,1.917981,1.239181,0.0,1.485604,0.0,0.0,2.160229,0.0,1.706304,0.0,1.484152,0.0,0.0,1.16322,0.0,0.0,1.53336
MYADM,0.0,0.0,2.391105,0.0,0.0,2.144712,0.0,1.82284,1.35631,0.0,0.0,0.0,0.0,0.0,0.0,0.9760627,0.7335058,0.0,1.636206,0.0,1.967121,1.906673,0.0,0.0,0.0,2.348485,0.0,0.0,0.0,0.0,1.505206,0.0,0.0,0.0,0.0,1.071247,0.0,0.8622783,0.0,0.0,0.0,2.023663,0.5457487,1.239181,0.0,1.485604,0.0,0.0,0.0,0.0,1.706304,1.497077,0.9953279,0.0,0.0,0.0,0.0,0.0,0.0
ISG15,1.34424003685314,0.0,0.0,1.65511853346191,0.0,0.0,2.16107815742127,0.0,0.0,0.0,0.0,0.0,0.0,0.0,0.0,0.0,2.01413063299633,0.0,0.0,0.0,2.58777328339773,0.0,0.0,0.0,0.0,0.0,2.25088926712533,0.0,1.27666005795582,0.0,0.0,1.25312022618914,0.0,1.87561978493154,0.0,0.0,2.07551397826316,0.0,0.0,0.0,0.0,0.0,0.545748720849974,0.0,0.0,2.25592185192207,1.93248826900718,1.45666876632877,1.07099481969502,0.0,0.0,0.0,2.41891540909786,0.0,2.72591792140661,0.0,0.0,0.0,0.0
CALM1,1.658781,1.4192,3.426757,2.617476,1.049655,1.796148,2.161078,1.82284,2.734966,1.926702,1.671759,0.0,0.0,1.261038,0.0,1.460467,1.673252,1.85101,0.0,3.10812,2.161894,0.0,0.9907276,0.0,2.031107,0.0,2.250889,0.0,0.0,2.360564,2.919143,2.140507,2.032258,2.866454,0.0,2.36039,2.70386,2.220431,2.264302,2.618753,2.171108,1.454652,1.805219,1.775896,0.0,1.485604,0.0,1.456669,1.91026,2.562001,0.0,0.0,1.484152,0.0,0.0,1.16322,1.486928,1.500587,2.112325
UBB,1.897701,1.4192,0.0,0.0,2.330524,1.796148,0.0,0.0,2.906413,1.926702,0.0,0.0,0.0,2.150279,0.0,2.030244,2.267885,2.668312,0.0,0.0,2.324845,0.0,1.804936,1.837343,2.031107,0.0,0.0,0.0,2.633559,1.757593,2.080711,1.25312,2.657641,0.0,0.0,0.0,0.0,2.358952,2.634519,3.274772,1.277966,0.0,1.361899,1.239181,0.0,0.9965122,1.932488,1.456669,0.0,1.943172,0.0,0.0,0.0,0.0,0.0,1.68648,2.687435,2.075514,1.035623
PTMA,3.706076,3.73145,3.250913,4.290088,3.295589,3.354984,2.161078,3.86503,2.734966,3.197337,3.571564,3.893725,2.729593,3.661926,4.309915,3.478952,3.477809,3.950846,3.643381,2.458689,3.884919,3.389573,3.135995,3.096452,3.313825,0.0,3.276712,2.859706,3.861227,3.543543,3.482647,3.434471,4.347176,1.87562,3.395684,3.095993,2.075514,4.179327,4.116935,1.430228,3.291878,2.85733,3.961554,3.331512,3.030817,3.60781,4.353971,4.498412,3.96639,3.888691,3.923838,2.699644,3.066533,4.018222,3.257067,3.310639,3.459824,3.756815,3.712863
ACAP1,0.0,0.0,0.0,0.0,0.0,0.0,0.0,0.0,0.0,0.0,0.0,0.0,0.0,0.0,0.0,0.0,0.0,0.0,0.0,0.0,0.0,0.0,0.0,0.0,0.0,0.0,0.0,0.0,0.0,0.0,0.0,0.0,0.0,0.0,0.0,0.0,0.0,0.0,0.0,0.0,0.0,0.0,0.0,0.0,0.0,0.0,0.0,0.0,0.0,0.0,0.0,0.0,0.0,0.0,0.0,0.0,0.0,0.0,0.0
PDK4,1.34424,1.4192,0.0,0.0,1.049655,3.162041,0.0,3.293874,0.0,1.926702,3.686218,0.0,0.0,2.783436,2.265849,0.9760627,2.014131,0.0,0.0,0.0,0.9311854,2.522629,1.804936,0.0,3.038195,0.0,0.0,0.0,3.382053,2.734068,2.443672,1.25312,2.032258,0.0,0.0,1.071247,0.0,0.8622783,0.0,0.0,1.821102,0.0,0.5457487,0.0,0.0,0.0,0.0,0.0,0.0,1.943172,0.0,0.0,0.0,2.174787,0.0,1.16322,2.422185,0.0,0.0
NDUFA11,0.8827899,0.0,0.0,1.655119,1.049655,1.796148,0.0,0.0,0.0,1.369507,1.671759,0.0,2.099651,0.0,0.0,0.9760627,1.15207,0.0,0.0,1.847625,0.9311854,0.0,0.9907276,0.0,2.031107,0.0,0.0,0.0,0.0,1.757593,0.0,0.0,0.0,1.87562,0.0,1.576509,2.075514,1.31831,0.0,0.0,0.0,0.0,1.156158,0.0,0.0,0.9965122,0.0,0.0,0.0,0.0,0.0,0.0,1.484152,0.0,0.0,1.68648,0.0,1.500587,1.86417
TOMM7,1.658781,2.605298,0.0,2.247854,2.763379,0.0,2.161078,1.82284,2.266495,2.282406,1.671759,2.42531,0.0,2.613404,2.636122,2.390955,1.673252,1.85101,2.226923,0.0,1.404878,0.0,0.0,0.0,0.0,0.0,0.0,0.0,1.819584,2.360564,2.443672,1.25312,0.0,0.0,3.180885,2.36039,0.0,0.8622783,2.634519,1.995965,1.821102,1.454652,2.273239,1.775896,0.0,1.812616,0.0,2.025946,1.070995,0.0,0.0,0.0,0.9953279,2.174787,1.518989,1.16322,0.0,2.075514,1.86417
PTGES3,0.8827899,1.4192,1.785537,0.0,1.550395,1.256526,0.0,1.82284,1.911568,0.0,0.0,1.489583,0.0,0.0,0.0,1.785399,1.15207,0.0,1.636206,0.0,0.0,1.906673,0.0,0.0,0.0,0.0,0.0,1.869563,0.0,0.0,0.0,0.0,1.462248,1.87562,0.0,0.0,0.0,1.31831,1.670007,2.355078,0.0,0.0,0.8968225,1.775896,0.0,0.9965122,0.0,0.0,1.91026,1.943172,1.706304,0.0,0.0,0.0,0.0,1.16322,0.0,0.0,1.53336
SOCS3,0.0,0.0,2.391105,2.247854,2.330524,0.0,3.17978,0.0,1.911568,0.0,0.0,2.42531,0.0,0.0,1.671408,0.0,0.0,0.0,0.0,3.778672,1.725004,1.906673,0.9907276,0.0,0.0,0.0,0.0,1.869563,1.27666,0.0,0.0,0.0,0.0,0.0,0.0,0.0,2.075514,0.0,1.670007,0.0,0.0,0.0,1.678106,2.123261,3.244258,0.0,1.932488,1.456669,1.576204,1.943172,0.0,2.699644,0.0,2.174787,0.0,0.0,1.486928,2.075514,1.035623
TCF4,0.0,1.4192,0.0,0.0,0.0,0.0,0.0,0.0,0.0,0.0,0.0,0.0,0.0,0.0,0.0,0.0,0.0,0.0,0.0,0.0,0.0,0.0,0.0,0.0,0.0,0.0,0.0,0.0,0.0,0.0,1.505206,1.25312,0.0,0.0,2.528447,0.0,0.0,0.0,0.0,0.0,1.277966,0.0,0.0,0.0,0.0,0.9965122,0.0,1.456669,0.0,0.0,0.0,0.0,0.0,0.0,0.0,0.0,1.486928,0.0,0.0
HSD17B10,0.0,0.0,0.0,0.0,1.049655,0.0,0.0,0.0,0.0,0.0,1.671759,0.0,0.0,0.0,0.0,0.9760627,1.15207,0.0,0.0,0.0,0.0,0.0,0.9907276,0.0,0.0,0.0,0.0,0.0,0.0,0.0,0.0,0.0,0.0,0.0,0.0,0.0,0.0,0.0,0.0,0.0,0.0,0.0,0.0,0.0,0.0,0.9965122,0.0,0.0,1.070995,0.0,0.0,0.0,0.0,0.0,0.0,0.0,0.0,0.0,0.0
TAOK3,0.0,0.0,1.785537,0.0,0.0,0.0,0.0,1.82284,0.0,0.0,0.0,0.0,0.0,0.0,1.671408,0.0,1.15207,0.0,0.0,0.0,0.9311854,0.0,0.0,0.0,2.031107,0.0,0.0,0.0,1.27666,0.0,1.505206,2.140507,0.0,0.0,1.91206,1.910587,0.0,1.31831,1.670007,1.430228,0.0,0.0,0.5457487,0.0,2.384817,0.0,0.0,0.0,0.0,1.943172,0.0,1.497077,0.0,0.0,2.096202,0.0,0.0,0.0,0.0
DUSP1,0.0,0.0,3.576255,3.862217,1.882513,2.922751,4.250271,3.079966,1.35631,2.282406,3.118286,3.565368,0.0,0.0,3.571144,2.655485,1.446237,1.85101,3.399514,4.396558,2.324845,1.906673,0.9907276,3.310512,2.031107,0.0,2.889947,3.673721,1.27666,0.0,3.240073,2.773058,0.0,3.354256,4.251407,1.071247,2.70386,2.686861,3.684114,0.0,3.383802,0.0,2.412569,3.415541,3.244258,1.812616,3.876466,3.421809,1.070995,4.107731,4.0092,2.909251,2.254241,2.80944,0.0,2.282472,2.896874,3.234365,3.203526
MIF,1.897701,1.4192,1.785537,1.655119,0.0,1.796148,0.0,0.0,0.0,0.0,0.0,1.489583,0.0,0.0,0.0,1.785399,1.15207,1.303761,0.0,0.0,1.404878,0.0,0.0,1.837343,0.0,0.0,0.0,0.0,2.169504,0.0,0.0,1.25312,0.0,0.0,0.0,1.910587,0.0,1.31831,0.0,0.0,1.277966,2.85733,1.678106,0.0,0.0,1.485604,0.0,0.0,1.070995,1.943172,0.0,0.0,0.0,0.0,0.0,1.16322,1.486928,1.500587,2.853693
FCGRT,1.34424,0.0,0.0,0.0,1.882513,1.796148,0.0,2.807488,1.911568,2.282406,2.636523,1.489583,0.0,1.261038,2.636122,2.030244,2.267885,1.303761,0.0,0.0,1.404878,0.0,0.0,0.0,0.0,0.0,0.0,0.0,1.27666,1.757593,0.0,2.140507,2.032258,0.0,0.0,1.576509,0.0,1.867825,0.0,1.995965,2.805539,2.384071,1.678106,1.775896,1.779777,1.812616,3.203831,0.0,2.160229,0.0,1.706304,0.0,1.811045,0.0,0.0,0.0,0.0,1.500587,1.86417
NDUFS6,0.8827899,1.98343,0.0,0.0,1.049655,1.256526,0.0,0.0,1.911568,1.369507,1.671759,1.489583,2.099651,0.0,0.0,0.9760627,1.15207,1.303761,0.0,0.0,0.9311854,0.0,0.0,0.0,0.0,2.348485,0.0,0.0,1.27666,0.0,2.080711,0.0,0.0,0.0,0.0,0.0,0.0,1.31831,0.0,1.430228,0.0,0.0,1.532449,0.0,0.0,0.9965122,0.0,0.0,1.576204,0.0,0.0,0.0,0.9953279,0.0,1.518989,1.68648,0.0,1.500587,0.0
RAN,0.8827899,0.0,0.0,1.655119,1.550395,0.0,0.0,1.82284,1.911568,0.0,0.0,0.0,0.0,0.0,1.671408,0.9760627,1.446237,1.85101,0.0,0.0,1.404878,1.906673,0.9907276,0.0,0.0,0.0,0.0,0.0,0.0,0.0,0.0,0.0,2.032258,0.0,1.91206,1.071247,0.0,1.31831,0.0,1.430228,0.0,1.454652,1.532449,0.0,0.0,0.0,0.0,0.0,1.576204,0.0,0.0,0.0,0.9953279,0.0,0.0,1.68648,0.0,1.500587,2.476636
MYH9,0.8827899,0.0,1.785537,1.655119,0.0,0.0,0.0,0.0,1.35631,0.0,0.0,0.0,0.0,0.0,0.0,0.0,0.0,0.0,0.0,0.0,0.0,0.0,0.0,0.0,0.0,0.0,0.0,1.869563,0.0,0.0,0.0,1.792176,0.0,0.0,2.528447,1.071247,2.075514,0.8622783,0.0,0.0,0.0,0.0,0.5457487,1.239181,1.779777,0.0,0.0,0.0,1.070995,0.0,0.0,1.497077,1.484152,0.0,1.518989,0.0,0.0,0.0,0.0
FTL,5.529117,4.910844,5.413096,5.417815,5.410752,6.216857,4.989952,5.56249,6.002548,5.85815,4.996751,5.190915,7.151542,5.735114,5.132655,6.775319,5.85966,5.322607,5.627939,5.014976,3.819643,3.174825,6.676346,6.290722,5.074801,7.65125,5.806191,4.801396,5.886843,5.73043,5.191618,5.77194,5.806835,4.808494,4.977942,6.632017,3.579154,6.615878,5.436107,7.399606,5.176571,6.458183,6.109985,5.736736,4.822001,2.562001,4.353971,4.098494,5.467843,4.688182,4.914543,5.800661,5.521538,4.834733,4.540714,4.02545,5.313135,5.542656,5.804136
CD52,0.0,0.0,0.0,0.0,0.0,0.0,0.0,0.0,1.91156841590416,0.0,0.0,2.42531028363106,0.0,0.0,2.26584941054304,2.39095457259555,0.0,0.0,0.0,1.84762540377944,2.16189405986111,0.0,0.0,0.0,0.0,2.34848508174124,0.0,0.0,0.0,0.0,0.0,1.79217625746399,1.46224791977103,0.0,0.0,0.0,0.0,0.862278251133781,2.26430227536865,3.27477218138747,0.0,3.77686567861304,1.80521862260206,2.12326124608028,3.24425819459288,1.48560448424277,0.0,2.65088404219877,1.07099481969502,0.0,2.6759194136476,0.0,0.99532793544424,0.0,0.0,1.16321956431772,0.0,1.50058699183651,2.95327376625828
MT-ND3,3.329883,4.554029,3.706283,3.666207,3.538637,4.302478,3.673828,4.299348,3.789351,4.308586,3.967614,3.349271,3.783734,4.374519,4.045776,3.891118,3.408634,3.841881,3.399514,4.17649,1.725004,4.324114,4.346318,1.837343,4.84283,4.20898,3.772321,3.347351,4.143635,4.622693,4.6313,3.434471,4.257436,3.354256,4.851048,3.766266,4.658992,4.334283,3.684114,4.008316,4.224241,4.7807,3.402397,2.380577,4.175479,3.60781,4.095456,3.982784,3.929378,3.215809,3.923838,3.66752,5.040227,4.369487,4.375598,3.387871,3.069954,3.362961,3.570106
MT-ATP6,4.255104,4.586479,3.576255,4.098864,3.688629,4.074201,4.003023,4.367436,4.402952,4.268324,3.293208,4.38216,5.269968,4.374519,3.117873,3.706122,3.372166,4.220655,3.528863,3.6484,2.885508,3.389573,4.526478,2.447522,5.032513,4.741765,3.772321,3.132963,3.683106,4.222129,3.482647,3.77325,4.541572,1.87562,4.705678,4.469989,4.517348,4.717182,3.880207,2.99962,4.103546,4.293549,4.114959,3.754136,3.814561,3.402859,3.991944,3.851911,4.447397,3.215809,3.830502,2.909251,5.062065,4.369487,4.89036,3.526458,4.378773,3.579154,4.53967
RPS26,0.0,0.0,0.0,0.0,1.550395,2.144712,0.0,1.82284,1.35631,1.926702,1.671759,0.0,0.0,1.261038,1.671408,2.226776,2.014131,1.85101,1.636206,1.847625,0.9311854,1.906673,0.9907276,1.837343,2.031107,0.0,0.0,0.0,1.819584,1.757593,0.0,2.140507,0.0,0.0,1.91206,1.910587,2.075514,1.630348,2.264302,1.430228,2.429863,0.0,1.532449,1.775896,0.0,1.485604,0.0,1.456669,1.91026,2.562001,0.0,0.0,0.9953279,2.174787,2.096202,1.16322,0.0,2.075514,2.112325
SNX3,2.390912,1.98343,0.0,0.0,2.131401,1.256526,0.0,1.82284,1.911568,1.369507,1.671759,1.489583,0.0,1.261038,1.671408,1.785399,2.267885,1.85101,1.636206,0.0,0.9311854,0.0,1.804936,0.0,2.031107,0.0,0.0,1.869563,2.169504,1.757593,0.0,0.0,1.462248,0.0,0.0,1.576509,0.0,0.8622783,2.264302,2.355078,2.805539,0.0,1.678106,1.239181,0.0,2.685841,0.0,2.025946,1.576204,1.943172,0.0,1.497077,0.0,0.0,0.0,2.028235,2.422185,1.500587,1.53336
LGALS3BP,0.0,0.0,0.0,0.0,0.0,0.0,0.0,0.0,0.0,0.0,0.0,0.0,0.0,0.0,1.671408,0.0,0.7335058,0.0,0.0,0.0,0.0,0.0,0.0,0.0,0.0,0.0,0.0,0.0,1.27666,0.0,1.505206,0.0,0.0,0.0,0.0,1.071247,0.0,0.0,0.0,1.995965,0.0,1.454652,0.8968225,0.0,0.0,0.0,0.0,0.0,0.0,0.0,0.0,0.0,0.9953279,0.0,0.0,0.0,0.0,0.0,0.0
PMP22,0.8827899,0.0,1.785537,0.0,0.0,1.256526,0.0,0.0,1.35631,0.0,1.671759,0.0,0.0,1.261038,0.0,0.0,1.15207,0.0,0.0,0.0,0.0,0.0,0.0,0.0,2.656408,0.0,0.0,0.0,1.27666,0.0,1.505206,0.0,0.0,0.0,0.0,0.0,0.0,1.31831,0.0,0.0,0.0,0.0,1.156158,2.585048,0.0,0.0,0.0,0.0,1.070995,1.943172,0.0,0.0,0.0,0.0,0.0,0.0,1.486928,0.0,0.0
SRSF5,0.0,0.0,0.0,2.247854,1.550395,0.0,0.0,2.431754,1.35631,1.369507,1.671759,2.06312,0.0,0.0,0.0,0.0,1.446237,1.303761,0.0,0.0,1.725004,0.0,1.478506,0.0,0.0,0.0,0.0,0.0,1.27666,1.757593,1.505206,1.25312,2.657641,0.0,0.0,1.071247,0.0,0.8622783,0.0,0.0,1.277966,0.0,0.5457487,0.0,0.0,1.485604,0.0,2.386459,1.070995,0.0,1.706304,0.0,2.056997,0.0,1.518989,1.16322,1.486928,1.500587,1.035623
SPTBN1,0.0,0.0,0.0,0.0,0.0,0.0,0.0,0.0,0.0,0.0,0.0,0.0,0.0,0.0,0.0,0.9760627,0.0,0.0,0.0,0.0,0.0,0.0,0.0,0.0,0.0,0.0,0.0,0.0,0.0,0.0,0.0,0.0,0.0,0.0,0.0,0.0,2.075514,0.0,0.0,0.0,0.0,0.0,0.0,0.0,0.0,0.0,0.0,0.0,0.0,0.0,0.0,0.0,0.0,0.0,0.0,0.0,0.0,0.0,0.0
ZFP36L1,0.8827899,0.0,1.785537,0.0,2.330524,1.796148,0.0,0.0,0.0,0.0,1.671759,2.06312,0.0,0.0,0.0,0.9760627,0.0,1.85101,2.226923,0.0,0.0,2.522629,0.9907276,1.837343,0.0,0.0,0.0,0.0,2.428212,1.757593,3.368697,1.25312,1.462248,1.87562,1.91206,1.071247,0.0,1.31831,2.634519,0.0,2.63524,0.0,1.361899,2.123261,1.779777,1.485604,1.932488,0.0,0.0,3.75808,0.0,0.0,2.684092,2.80944,0.0,2.797375,0.0,0.0,0.0
PERP,0.0,0.0,0.0,0.0,0.0,0.0,0.0,0.0,0.0,0.0,0.0,0.0,0.0,0.0,0.0,0.0,0.0,0.0,0.0,0.0,0.0,0.0,0.0,0.0,0.0,0.0,0.0,0.0,0.0,0.0,0.0,0.0,0.0,0.0,0.0,0.0,0.0,0.0,0.0,0.0,0.0,0.0,0.0,0.0,0.0,0.0,0.0,0.0,0.0,0.0,0.0,0.0,0.0,0.0,0.0,0.0,0.0,0.0,0.0
ALDOA,2.719739,0.0,0.0,1.655119,1.550395,1.256526,0.0,0.0,0.0,1.369507,0.0,1.489583,0.0,1.261038,0.0,0.9760627,2.267885,0.0,2.595773,3.10812,2.161894,1.906673,1.804936,0.0,0.0,0.0,0.0,2.482481,0.0,1.757593,0.0,1.792176,0.0,0.0,0.0,2.794359,0.0,1.630348,0.0,2.355078,1.821102,2.384071,1.917981,2.380577,0.0,2.895258,0.0,2.025946,2.360043,0.0,0.0,2.434124,2.056997,0.0,2.096202,1.68648,0.0,0.0,2.743088
RPL27,3.102995,2.985828,1.785537,3.422173,3.06448,2.607565,0.0,2.807488,2.734966,2.282406,3.293208,2.06312,2.099651,2.613404,3.117873,2.030244,2.557696,2.668312,2.226923,2.458689,3.043937,2.900981,2.247703,2.447522,2.031107,2.992697,0.0,3.132963,2.803838,2.734068,2.709405,2.140507,2.657641,1.87562,2.906958,2.160569,0.0,2.05959,1.670007,3.582856,2.951013,2.384071,2.59079,2.899744,1.779777,1.485604,2.550488,3.17978,2.526503,2.941412,1.706304,2.434124,1.484152,2.174787,2.096202,2.282472,2.060127,2.913524,2.853693
PRDX5,1.34424,0.0,0.0,0.0,1.550395,0.0,0.0,0.0,1.35631,0.0,2.266237,0.0,0.0,0.0,2.265849,1.460467,1.673252,0.0,0.0,0.0,1.404878,0.0,2.050627,0.0,0.0,0.0,0.0,0.0,1.27666,0.0,2.080711,1.792176,1.462248,0.0,0.0,1.071247,0.0,2.05959,0.0,1.430228,0.0,1.454652,0.0,0.0,1.779777,1.812616,1.932488,2.386459,1.91026,1.943172,0.0,0.0,1.811045,0.0,0.0,1.16322,2.060127,0.0,0.0
FSTL1,0.0,0.0,0.0,0.0,0.0,0.0,0.0,0.0,0.0,0.0,0.0,0.0,0.0,0.0,0.0,0.0,0.0,0.0,0.0,0.0,0.0,0.0,0.0,0.0,0.0,0.0,0.0,0.0,0.0,0.0,0.0,0.0,0.0,0.0,0.0,0.0,0.0,0.0,0.0,0.0,0.0,0.0,0.0,0.0,0.0,0.0,0.0,0.0,0.0,0.0,0.0,0.0,0.0,0.0,0.0,0.0,0.0,0.0,0.0
TBCA,1.897701,1.98343,0.0,1.655119,1.049655,1.796148,0.0,0.0,1.35631,2.282406,0.0,0.0,0.0,2.408416,1.671408,0.0,0.7335058,1.303761,0.0,0.0,1.404878,0.0,1.804936,0.0,0.0,0.0,2.250889,0.0,1.819584,0.0,1.505206,1.25312,1.462248,0.0,0.0,1.071247,0.0,0.8622783,0.0,1.995965,0.0,1.454652,1.361899,0.0,1.779777,1.485604,0.0,1.456669,0.0,1.943172,0.0,0.0,0.0,0.0,0.0,1.68648,1.486928,0.0,1.86417
TXNDC11,0.0,0.0,0.0,0.0,0.0,0.0,0.0,0.0,0.0,0.0,0.0,0.0,0.0,0.0,0.0,0.0,0.0,0.0,0.0,0.0,0.0,0.0,0.0,0.0,0.0,0.0,0.0,0.0,0.0,0.0,0.0,0.0,0.0,0.0,0.0,0.0,0.0,0.8622783,0.0,0.0,0.0,0.0,0.0,0.0,0.0,0.0,0.0,0.0,0.0,0.0,0.0,0.0,0.0,0.0,1.518989,0.0,0.0,0.0,0.0
DNAJC1,0.0,0.0,0.0,0.0,0.0,0.0,0.0,0.0,0.0,0.0,0.0,0.0,0.0,0.0,0.0,0.0,0.0,0.0,0.0,0.0,0.0,0.0,0.0,0.0,0.0,0.0,0.0,0.0,0.0,0.0,1.505206,0.0,0.0,1.87562,0.0,0.0,0.0,0.0,0.0,0.0,0.0,0.0,0.5457487,0.0,0.0,0.0,0.0,0.0,1.070995,0.0,0.0,0.0,0.0,0.0,0.0,0.0,0.0,0.0,0.0
RPLP1,4.313708,4.412546,3.426757,4.450549,4.244152,4.030522,2.794899,3.968292,4.020968,4.308586,4.310341,4.424198,4.75025,3.594766,3.685797,3.891118,3.542506,3.841881,3.643381,4.255351,4.183204,4.245174,3.947309,1.837343,3.70709,4.057303,3.772321,3.132963,4.012368,4.907916,4.213557,3.584005,4.105642,3.354256,4.071931,3.929754,3.579154,3.832161,4.46871,4.216159,4.185606,3.613966,4.002167,4.492004,3.569526,3.888691,3.876466,3.919487,4.102093,3.430896,4.087846,3.66752,3.651267,4.265532,3.998459,4.204791,4.021339,4.098228,4.479712
CHCHD2,1.34424,0.0,0.0,0.0,1.049655,1.796148,0.0,0.0,0.0,0.0,1.671759,2.06312,0.0,1.261038,0.0,1.460467,1.673252,1.85101,1.636206,1.847625,0.9311854,0.0,1.478506,1.837343,0.0,0.0,0.0,1.869563,0.0,0.0,1.505206,1.792176,2.032258,0.0,0.0,0.0,2.075514,1.630348,1.670007,1.430228,1.277966,2.023663,2.111304,0.0,0.0,0.9965122,0.0,2.650884,1.070995,0.0,2.304297,1.497077,0.0,0.0,0.0,2.282472,0.0,1.500587,1.86417
NGFRAP1,1.897701,0.0,0.0,0.0,1.049655,0.0,0.0,0.0,1.35631,0.0,0.0,0.0,2.729593,1.801408,0.0,0.9760627,0.0,1.303761,0.0,0.0,0.0,0.0,0.0,0.0,0.0,0.0,0.0,0.0,0.0,0.0,0.0,0.0,0.0,0.0,0.0,0.0,0.0,0.0,1.670007,0.0,0.0,0.0,0.0,0.0,0.0,0.0,0.0,0.0,0.0,0.0,0.0,0.0,0.0,0.0,0.0,0.0,0.0,0.0,2.112325
ROMO1,0.8827899,1.4192,1.785537,0.0,0.0,1.256526,0.0,0.0,1.35631,1.369507,0.0,0.0,0.0,0.0,0.0,0.9760627,1.446237,0.0,0.0,0.0,0.9311854,1.906673,0.0,1.837343,0.0,0.0,0.0,0.0,0.0,0.0,0.0,1.25312,0.0,0.0,0.0,0.0,2.075514,0.8622783,0.0,1.430228,1.277966,0.0,0.8968225,0.0,1.779777,0.0,0.0,0.0,0.0,0.0,0.0,0.0,2.056997,0.0,0.0,1.16322,0.0,1.500587,1.035623
RPL11,3.22285993897684,3.65340164918684,2.76558534757212,2.24785437195001,3.77742372543112,2.77752437307009,2.7948994212346,2.80748765735265,2.52791645104193,3.50458176006801,3.88232089127576,3.56536787226595,3.38957325346575,2.78343635018663,3.11787344929481,3.4789524292145,2.96528645610197,3.11195788562552,2.86463204826055,0.0,3.88491850748951,3.38957325346575,2.67728489189041,3.09645162381969,3.70709011239344,2.34848508174124,2.88994685880331,3.34735057046724,2.94929717843539,3.39419918289782,2.44367199273037,2.9182438297337,3.18674714506887,2.86645386048332,2.52844697628231,2.52685639043176,2.07551397826316,2.48059785009803,3.68411391253865,3.38834352858927,2.80553932129914,2.38407127575583,2.87332182317076,3.33151223514789,3.8145606839261,3.60780950449445,3.74589101067879,3.30809893017553,3.25569580704656,3.21580892578038,3.61276836726394,3.08244443825027,2.05699727379307,4.26553225742004,2.72591792140661,3.90004840490066,2.42218472861262,3.83505917683169,3.75625279781919
SAT1,3.102995,1.98343,3.426757,2.886743,2.330524,4.074201,4.534382,3.619687,3.487384,4.136792,3.882321,4.193732,4.181591,3.055541,4.186541,3.856756,3.166729,4.001177,3.839283,3.893912,2.885508,3.174825,3.768841,5.794079,3.038195,0.0,4.979729,5.262645,2.803838,3.005378,2.919143,4.069518,3.315102,4.714,1.91206,3.673267,4.154463,3.771037,3.880207,1.995965,3.807077,1.454652,3.157124,4.99834,4.011215,3.068323,4.780245,1.456669,2.669169,4.439494,4.352155,5.422567,3.651267,3.472005,3.385774,3.756636,3.562036,2.913524,2.853693
ARHGEF12,0.0,0.0,0.0,0.0,0.0,0.0,0.0,0.0,0.0,0.0,0.0,0.0,0.0,0.0,0.0,0.0,0.0,0.0,0.0,0.0,0.0,0.0,0.0,0.0,0.0,0.0,0.0,0.0,0.0,0.0,0.0,0.0,0.0,0.0,0.0,0.0,0.0,0.0,0.0,0.0,0.0,0.0,0.0,0.0,0.0,0.0,0.0,1.456669,0.0,0.0,0.0,0.0,0.0,0.0,0.0,0.0,0.0,0.0,0.0
CRIP2,0.0,0.0,0.0,0.0,0.0,0.0,0.0,0.0,0.0,0.0,0.0,0.0,0.0,1.261038,0.0,0.0,0.0,0.0,0.0,1.847625,0.0,0.0,0.0,0.0,0.0,0.0,0.0,0.0,0.0,0.0,0.0,0.0,0.0,0.0,0.0,0.0,0.0,0.0,0.0,0.0,0.0,0.0,0.0,0.0,0.0,0.9965122,0.0,0.0,0.0,1.943172,0.0,0.0,0.0,0.0,0.0,0.0,0.0,0.0,0.0
EPAS1,0.0,0.0,0.0,0.0,0.0,0.0,0.0,0.0,0.0,0.0,0.0,0.0,0.0,0.0,0.0,0.0,1.15207,0.0,0.0,0.0,0.0,0.0,0.0,0.0,0.0,0.0,0.0,0.0,0.0,0.0,0.0,0.0,0.0,0.0,0.0,0.0,0.0,0.8622783,0.0,0.0,0.0,0.0,0.0,0.0,0.0,0.0,0.0,0.0,0.0,0.0,0.0,0.0,1.484152,0.0,0.0,0.0,0.0,0.0,0.0
RPL3,2.891017,3.260805,2.391105,3.666207,3.591174,2.402682,3.457009,2.431754,1.911568,2.75156,2.636523,3.220743,3.113069,3.055541,2.265849,2.95459,2.557696,2.462362,2.226923,3.10812,3.550345,0.0,2.050627,1.837343,3.529666,3.878435,0.0,1.869563,3.188904,3.005378,2.709405,1.792176,2.657641,3.139809,0.0,1.576509,0.0,1.31831,3.29113,2.82721,3.19064,2.023663,2.831435,2.899744,3.244258,3.653096,3.203831,2.859809,2.360043,0.0,2.675919,2.909251,2.418915,2.174787,2.096202,3.526458,2.060127,3.362961,2.476636
ITGB7,0.0,0.0,0.0,0.0,0.0,0.0,0.0,0.0,0.0,0.0,0.0,0.0,0.0,0.0,0.0,0.0,0.0,0.0,0.0,0.0,0.0,0.0,0.0,0.0,0.0,0.0,0.0,0.0,0.0,0.0,0.0,1.25312,0.0,0.0,0.0,0.0,0.0,0.8622783,0.0,0.0,0.0,0.0,0.0,0.0,0.0,0.0,0.0,0.0,0.0,0.0,0.0,0.0,0.9953279,0.0,1.518989,0.0,0.0,0.0,0.0
IFITM2,0.0,2.341944,1.785537,2.617476,0.0,0.0,0.0,0.0,0.0,0.0,0.0,1.489583,0.0,0.0,2.905732,0.9760627,0.0,2.462362,0.0,1.847625,1.967121,0.0,0.0,0.0,2.031107,0.0,0.0,2.482481,1.27666,1.757593,1.505206,1.25312,0.0,0.0,0.0,0.0,0.0,0.0,2.9041,0.0,1.277966,0.0,0.5457487,1.239181,1.779777,1.485604,2.550488,0.0,0.0,1.943172,3.158821,0.0,0.9953279,2.174787,0.0,1.16322,0.0,2.075514,0.0
COMMD6,0.8827899,0.0,0.0,0.0,2.131401,2.607565,0.0,1.82284,0.0,0.0,1.671759,0.0,2.099651,1.801408,2.265849,1.460467,1.15207,1.85101,1.636206,0.0,1.725004,0.0,0.0,0.0,0.0,2.348485,0.0,0.0,2.169504,1.757593,0.0,0.0,1.462248,1.87562,2.528447,1.071247,0.0,1.31831,2.264302,1.430228,1.277966,0.0,1.532449,1.775896,2.384817,1.812616,0.0,2.859809,1.070995,0.0,1.706304,0.0,0.0,2.174787,2.096202,0.0,2.060127,0.0,1.53336
LSM7,0.0,0.0,0.0,0.0,0.0,0.0,0.0,0.0,1.35631,0.0,0.0,1.489583,0.0,1.801408,0.0,0.0,1.15207,0.0,0.0,0.0,0.0,0.0,0.9907276,0.0,0.0,0.0,0.0,0.0,0.0,0.0,1.505206,0.0,0.0,0.0,0.0,1.576509,0.0,1.31831,0.0,0.0,0.0,0.0,0.0,0.0,1.779777,0.0,1.932488,1.456669,0.0,0.0,0.0,1.497077,0.0,0.0,0.0,0.0,0.0,0.0,1.035623
RPS27L,1.658781,0.0,0.0,0.0,1.550395,1.256526,2.161078,0.0,2.266495,1.369507,0.0,0.0,2.099651,0.0,2.265849,1.785399,2.149035,1.303761,0.0,0.0,1.404878,0.0,1.478506,0.0,0.0,0.0,0.0,0.0,1.819584,0.0,1.505206,2.773058,3.039457,1.87562,0.0,2.526856,0.0,2.358952,0.0,1.430228,1.277966,0.0,1.156158,0.0,0.0,0.0,0.0,1.456669,2.526503,0.0,0.0,0.0,1.811045,0.0,1.518989,1.16322,0.0,1.500587,2.112325
LAMC1,0.0,0.0,0.0,0.0,0.0,0.0,0.0,0.0,0.0,0.0,0.0,0.0,0.0,0.0,0.0,0.0,0.0,0.0,0.0,0.0,0.0,0.0,0.0,0.0,0.0,0.0,0.0,0.0,0.0,0.0,0.0,0.0,0.0,0.0,0.0,0.0,0.0,0.0,0.0,0.0,0.0,0.0,0.0,0.0,0.0,0.0,0.0,0.0,0.0,0.0,0.0,0.0,0.0,0.0,0.0,0.0,0.0,0.0,0.0
SPATS2L,0.0,0.0,0.0,0.0,0.0,1.256526,0.0,0.0,0.0,1.369507,0.0,0.0,0.0,1.261038,0.0,0.0,1.15207,0.0,0.0,0.0,0.0,0.0,0.9907276,0.0,0.0,0.0,0.0,0.0,0.0,0.0,0.0,0.0,0.0,0.0,0.0,1.071247,0.0,0.0,0.0,0.0,0.0,0.0,0.0,0.0,0.0,0.0,0.0,0.0,0.0,0.0,0.0,0.0,0.0,0.0,0.0,0.0,0.0,0.0,0.0
OPTN,0.0,0.0,0.0,0.0,0.0,0.0,0.0,0.0,0.0,0.0,0.0,0.0,0.0,0.0,0.0,0.0,0.0,0.0,0.0,0.0,0.0,0.0,0.0,1.837343,0.0,0.0,0.0,0.0,0.0,0.0,0.0,0.0,0.0,0.0,0.0,0.0,2.075514,0.8622783,0.0,0.0,0.0,0.0,0.0,0.0,0.0,0.0,0.0,0.0,0.0,0.0,1.706304,0.0,0.0,0.0,0.0,0.0,0.0,0.0,0.0
SRSF3,1.34424,1.98343,0.0,0.0,1.049655,1.256526,0.0,1.82284,1.35631,0.0,1.671759,2.06312,2.099651,0.0,1.671408,1.460467,1.15207,0.0,0.0,1.847625,0.9311854,1.906673,0.9907276,0.0,2.031107,0.0,0.0,0.0,1.819584,0.0,1.505206,0.0,1.462248,0.0,1.91206,0.0,0.0,1.31831,1.670007,0.0,1.277966,0.0,1.678106,1.775896,2.759099,0.0,1.932488,0.0,0.0,0.0,1.706304,0.0,1.484152,0.0,0.0,1.16322,0.0,1.500587,1.53336
PSMD8,0.0,0.0,0.0,1.655119,1.049655,0.0,0.0,0.0,0.0,0.0,0.0,0.0,0.0,1.261038,0.0,1.460467,0.7335058,0.0,0.0,0.0,0.0,0.0,0.9907276,0.0,0.0,0.0,0.0,1.869563,0.0,0.0,0.0,1.25312,1.462248,1.87562,0.0,0.0,0.0,1.31831,0.0,0.0,0.0,0.0,0.8968225,1.775896,0.0,0.9965122,0.0,1.456669,1.070995,1.943172,0.0,0.0,0.9953279,0.0,0.0,0.0,1.486928,0.0,1.86417
PRKCDBP,0.8827899,0.0,0.0,0.0,0.0,0.0,0.0,0.0,0.0,0.0,0.0,0.0,0.0,0.0,0.0,0.0,0.0,0.0,0.0,0.0,0.0,0.0,0.0,0.0,0.0,0.0,0.0,0.0,0.0,0.0,0.0,0.0,0.0,0.0,0.0,0.0,0.0,0.0,0.0,0.0,0.0,0.0,0.0,0.0,0.0,0.0,0.0,0.0,0.0,0.0,0.0,0.0,0.0,0.0,0.0,0.0,0.0,0.0,0.0
TCEAL4,1.897701,0.0,0.0,0.0,0.0,1.796148,0.0,0.0,1.35631,1.369507,0.0,0.0,0.0,0.0,1.671408,0.9760627,0.7335058,1.303761,0.0,0.0,0.0,0.0,1.804936,0.0,2.031107,0.0,0.0,0.0,0.0,0.0,0.0,0.0,0.0,0.0,0.0,0.0,0.0,0.0,2.264302,0.0,0.0,0.0,0.0,0.0,0.0,0.0,1.932488,0.0,0.0,0.0,0.0,0.0,0.9953279,0.0,0.0,0.0,0.0,1.500587,1.53336
LIMA1,0.0,0.0,0.0,0.0,0.0,0.0,0.0,0.0,0.0,0.0,0.0,0.0,0.0,0.0,0.0,0.0,0.0,0.0,0.0,0.0,0.0,0.0,0.0,0.0,0.0,0.0,0.0,0.0,0.0,0.0,0.0,0.0,0.0,0.0,0.0,0.0,0.0,0.0,0.0,0.0,0.0,0.0,0.0,0.0,0.0,0.0,0.0,0.0,0.0,0.0,0.0,0.0,1.484152,0.0,0.0,0.0,0.0,0.0,0.0
RPS27A,3.426551,4.050195,3.576255,3.098672,3.591174,2.922751,3.673828,2.431754,2.734966,2.75156,3.44204,3.742964,3.605949,3.055541,4.186541,2.76543,3.120043,3.326159,3.528863,3.6484,3.852813,2.900981,1.804936,2.447522,2.656408,3.660449,2.250889,3.347351,4.012368,3.673454,3.368697,3.044999,3.859025,4.029781,3.395684,2.36039,0.0,1.867825,3.965496,2.99962,3.19064,2.384071,3.217062,3.331512,3.030817,3.853081,3.203831,2.650884,3.850972,1.943172,2.946241,3.903195,2.056997,4.018222,2.935878,4.02545,3.217451,4.154463,3.462187
SOD1,0.8827899,0.0,0.0,0.0,0.0,1.796148,0.0,0.0,0.0,1.369507,0.0,0.0,0.0,0.0,0.0,0.9760627,0.7335058,0.0,0.0,0.0,0.9311854,1.906673,0.0,0.0,0.0,0.0,0.0,0.0,1.27666,1.757593,0.0,1.792176,0.0,0.0,0.0,2.160569,2.075514,0.8622783,0.0,0.0,1.277966,1.454652,0.5457487,0.0,1.779777,0.0,0.0,0.0,1.070995,0.0,0.0,0.0,0.9953279,0.0,1.518989,1.16322,1.486928,1.500587,0.0
TRA2B,0.0,1.98343,0.0,0.0,0.0,0.0,2.161078,0.0,1.35631,0.0,2.636523,2.06312,0.0,1.261038,0.0,1.460467,2.782115,1.85101,1.636206,0.0,1.404878,1.906673,0.0,0.0,0.0,0.0,0.0,0.0,0.0,1.757593,2.080711,1.25312,1.462248,0.0,0.0,1.071247,0.0,0.8622783,0.0,0.0,0.0,0.0,0.8968225,1.775896,1.779777,0.0,0.0,2.386459,0.0,0.0,0.0,0.0,1.484152,0.0,0.0,0.0,0.0,1.500587,1.035623
NAMPT,0.0,0.0,3.250913,2.617476,2.763379,1.256526,2.161078,0.0,0.0,0.0,2.90614,2.900115,0.0,0.0,2.905732,1.460467,1.15207,1.303761,3.746122,3.893912,2.464926,2.900981,0.0,2.823727,0.0,0.0,3.554911,3.132963,0.0,0.0,2.080711,0.0,0.0,0.0,3.180885,0.0,0.0,0.8622783,2.634519,1.430228,2.171108,0.0,2.273239,2.899744,3.69953,1.485604,1.932488,1.456669,0.0,3.430896,1.706304,3.358599,2.056997,2.80944,0.0,2.653335,1.486928,2.075514,1.53336
RAB30-AS1,0.0,0.0,0.0,0.0,0.0,0.0,0.0,0.0,0.0,0.0,0.0,0.0,0.0,0.0,0.0,0.0,0.7335058,0.0,0.0,0.0,0.9311854,0.0,0.9907276,0.0,0.0,0.0,0.0,0.0,0.0,0.0,0.0,0.0,0.0,0.0,0.0,0.0,0.0,0.0,0.0,0.0,0.0,0.0,0.0,0.0,0.0,0.0,0.0,1.456669,0.0,0.0,0.0,0.0,0.0,0.0,0.0,0.0,0.0,0.0,0.0
TARSL2,0.0,0.0,0.0,0.0,0.0,1.256526,0.0,0.0,0.0,0.0,0.0,0.0,0.0,0.0,0.0,0.0,0.0,0.0,0.0,0.0,0.0,0.0,0.0,0.0,0.0,0.0,0.0,0.0,0.0,0.0,0.0,0.0,0.0,0.0,0.0,0.0,0.0,0.0,0.0,0.0,0.0,0.0,0.0,0.0,0.0,0.0,0.0,0.0,0.0,0.0,0.0,0.0,0.0,0.0,0.0,0.0,0.0,0.0,0.0
MT-ND5,2.719739,0.0,2.765585,0.0,2.131401,2.144712,0.0,3.079966,2.734966,2.282406,3.118286,2.42531,3.389573,2.783436,1.671408,2.390955,2.014131,1.85101,1.636206,1.847625,0.9311854,0.0,3.335453,0.0,3.038195,2.348485,0.0,1.869563,2.169504,1.757593,2.443672,2.140507,2.393061,2.866454,0.0,2.526856,0.0,3.671719,1.670007,1.995965,3.077987,3.030035,2.534839,1.239181,2.384817,2.058635,0.0,1.456669,0.0,2.562001,2.304297,0.0,3.736113,0.0,3.499789,1.16322,0.0,1.500587,2.853693
GNAS,1.897701,0.0,0.0,1.655119,0.0,2.144712,2.161078,1.82284,1.911568,1.369507,0.0,1.489583,0.0,0.0,0.0,0.0,0.0,1.303761,0.0,0.0,0.0,0.0,0.9907276,1.837343,0.0,0.0,0.0,0.0,0.0,0.0,0.0,0.0,0.0,0.0,0.0,1.071247,0.0,0.8622783,0.0,0.0,1.277966,1.454652,0.8968225,0.0,0.0,1.485604,0.0,1.456669,1.070995,0.0,0.0,0.0,1.484152,0.0,1.518989,0.0,1.486928,1.500587,0.0
IER2,0.0,1.98343,0.0,1.655119,2.763379,2.607565,0.0,0.0,0.0,1.369507,2.636523,2.690632,0.0,0.0,0.0,2.864476,2.014131,1.303761,0.0,1.847625,1.725004,2.522629,0.9907276,0.0,0.0,0.0,3.276712,0.0,2.169504,0.0,3.368697,1.25312,0.0,1.87562,3.395684,2.160569,0.0,0.0,1.670007,0.0,2.429863,0.0,2.019307,0.0,3.030817,0.9965122,0.0,2.859809,0.0,0.0,3.158821,0.0,2.254241,0.0,0.0,2.653335,2.687435,2.913524,0.0
ITM2C,0.0,0.0,0.0,0.0,0.0,0.0,0.0,0.0,0.0,0.0,0.0,0.0,0.0,0.0,0.0,0.0,0.0,0.0,0.0,0.0,0.0,0.0,0.0,0.0,0.0,0.0,0.0,0.0,0.0,0.0,0.0,0.0,0.0,0.0,0.0,0.0,0.0,0.0,0.0,0.0,0.0,0.0,0.0,0.0,0.0,0.0,0.0,0.0,0.0,0.0,0.0,0.0,0.0,0.0,0.0,0.0,0.0,0.0,0.0
SHFM1,2.090403,1.4192,0.0,2.247854,0.0,1.256526,0.0,0.0,1.35631,1.369507,0.0,1.489583,0.0,0.0,1.671408,0.0,0.7335058,1.303761,0.0,0.0,0.0,0.0,1.804936,0.0,0.0,0.0,0.0,0.0,1.27666,0.0,2.080711,2.140507,0.0,0.0,1.91206,1.071247,0.0,2.05959,0.0,0.0,0.0,0.0,1.361899,0.0,0.0,0.9965122,0.0,1.456669,2.160229,0.0,0.0,0.0,0.9953279,0.0,1.518989,0.0,1.486928,0.0,1.035623
CD81,2.251903,0.0,0.0,1.655119,0.0,0.0,0.0,1.82284,1.911568,1.369507,0.0,0.0,2.099651,1.261038,0.0,2.531942,2.014131,1.303761,0.0,0.0,0.0,1.906673,2.247703,1.837343,0.0,0.0,0.0,0.0,1.819584,0.0,2.080711,2.140507,0.0,0.0,0.0,1.910587,0.0,1.31831,0.0,1.430228,1.277966,2.64844,2.195546,0.0,0.0,0.0,0.0,0.0,1.91026,1.943172,0.0,0.0,2.254241,0.0,2.096202,0.0,1.486928,0.0,1.035623
RBMS1,1.34424,0.0,0.0,0.0,0.0,0.0,0.0,0.0,0.0,0.0,0.0,0.0,0.0,0.0,0.0,0.9760627,0.0,0.0,0.0,1.847625,1.404878,0.0,0.0,0.0,0.0,0.0,0.0,1.869563,1.819584,0.0,0.0,0.0,0.0,0.0,1.91206,1.071247,0.0,1.31831,1.670007,0.0,0.0,0.0,0.8968225,0.0,0.0,0.0,0.0,0.0,1.070995,0.0,0.0,0.0,1.484152,0.0,2.096202,0.0,0.0,0.0,0.0
SLC25A3,0.8827899,1.4192,2.391105,0.0,0.0,1.256526,0.0,1.82284,1.35631,1.369507,1.671759,1.489583,0.0,1.261038,2.265849,1.460467,1.446237,1.85101,0.0,0.0,0.0,0.0,1.478506,0.0,0.0,0.0,0.0,0.0,1.27666,1.757593,1.505206,1.25312,1.462248,2.489042,0.0,0.0,0.0,0.8622783,0.0,0.0,0.0,1.454652,1.678106,0.0,2.384817,0.9965122,1.932488,0.0,1.070995,1.943172,2.304297,0.0,0.9953279,2.174787,1.518989,2.282472,1.486928,0.0,1.53336
DST,0.8827899,0.0,0.0,0.0,0.0,1.256526,0.0,0.0,0.0,0.0,0.0,0.0,0.0,0.0,0.0,0.0,1.446237,0.0,0.0,0.0,0.9311854,0.0,0.9907276,0.0,0.0,0.0,0.0,0.0,0.0,0.0,0.0,0.0,1.462248,0.0,1.91206,0.0,0.0,1.31831,0.0,0.0,0.0,0.0,0.0,0.0,0.0,0.0,1.932488,0.0,0.0,0.0,0.0,0.0,0.0,0.0,0.0,0.0,0.0,0.0,0.0
C1R,0.0,0.0,0.0,0.0,0.0,0.0,0.0,0.0,0.0,0.0,0.0,0.0,0.0,0.0,0.0,0.0,0.0,0.0,0.0,0.0,0.0,0.0,0.0,0.0,0.0,0.0,0.0,0.0,0.0,0.0,0.0,0.0,0.0,0.0,0.0,0.0,0.0,0.0,0.0,0.0,0.0,0.0,0.0,0.0,0.0,0.0,0.0,0.0,0.0,0.0,0.0,0.0,0.0,0.0,0.0,0.0,0.0,0.0,0.0
TRAC,0.0,0.0,0.0,0.0,0.0,0.0,0.0,0.0,0.0,0.0,0.0,0.0,0.0,0.0,0.0,0.0,0.0,0.0,0.0,0.0,0.0,0.0,0.0,0.0,0.0,0.0,0.0,0.0,0.0,0.0,0.0,0.0,0.0,0.0,0.0,0.0,0.0,0.0,0.0,0.0,1.277966,0.0,0.0,0.0,0.0,0.0,0.0,0.0,0.0,0.0,0.0,0.0,0.0,0.0,0.0,0.0,0.0,0.0,0.0
CFD,0.0,0.0,0.0,2.247854,1.049655,0.0,0.0,2.431754,1.35631,2.923187,0.0,0.0,0.0,2.783436,0.0,1.460467,0.7335058,0.0,0.0,2.835223,0.0,0.0,0.9907276,0.0,2.656408,0.0,0.0,0.0,1.819584,2.360564,2.709405,1.792176,1.462248,1.87562,0.0,1.576509,0.0,0.0,0.0,0.0,1.277966,0.0,0.0,0.0,1.779777,0.0,0.0,0.0,0.0,0.0,0.0,0.0,0.0,0.0,0.0,0.0,1.486928,2.075514,0.0
VMP1,1.34424,2.341944,2.765585,2.247854,0.0,1.256526,2.161078,0.0,0.0,1.926702,2.636523,2.690632,0.0,0.0,2.636122,1.460467,2.374097,2.839005,0.0,3.498579,1.404878,0.0,2.553527,0.0,0.0,0.0,3.772321,0.0,0.0,0.0,2.709405,1.25312,0.0,0.0,2.528447,1.910587,4.517348,0.0,1.670007,0.0,1.277966,0.0,0.0,2.585048,2.759099,0.9965122,2.929594,2.386459,0.0,0.0,0.0,1.497077,2.254241,0.0,1.518989,1.16322,2.060127,2.075514,1.86417
KLF4,0.0,0.0,0.0,1.655119,1.550395,2.402682,0.0,2.807488,1.35631,1.926702,2.90614,1.489583,0.0,0.0,3.117873,0.9760627,0.0,0.0,0.0,0.0,0.9311854,1.906673,1.478506,0.0,2.031107,0.0,0.0,0.0,1.819584,0.0,2.443672,0.0,0.0,1.87562,2.528447,1.910587,0.0,0.0,1.670007,0.0,1.821102,0.0,0.0,0.0,2.384817,0.9965122,3.203831,2.650884,1.070995,1.943172,0.0,1.497077,0.0,2.174787,0.0,2.028235,1.486928,0.0,0.0
PNRC1,0.8827899,1.4192,2.765585,1.655119,0.0,2.144712,3.17978,3.293874,1.911568,1.926702,1.671759,1.489583,0.0,2.150279,0.0,0.0,0.0,2.202695,2.595773,2.458689,1.404878,1.906673,1.478506,2.447522,0.0,0.0,2.250889,3.132963,2.169504,0.0,2.443672,0.0,0.0,0.0,2.906958,1.071247,2.075514,0.0,1.670007,0.0,2.63524,0.0,0.0,2.380577,2.759099,0.0,0.0,1.456669,0.0,1.943172,2.675919,1.497077,0.0,0.0,0.0,1.68648,2.060127,3.086757,0.0
LEPROT,0.0,0.0,2.39110484380907,0.0,1.04965501064734,0.0,0.0,0.0,0.0,0.0,0.0,0.0,0.0,1.26103848076862,0.0,0.0,0.0,1.3037610757724,0.0,0.0,0.0,0.0,0.990727613213213,0.0,2.65640829245281,0.0,0.0,0.0,1.27666005795582,0.0,2.08071132751938,1.25312022618914,0.0,1.87561978493154,0.0,1.07124707440253,0.0,1.63034818379366,1.67000672770644,0.0,0.0,0.0,0.0,0.0,0.0,0.996512192170311,0.0,0.0,0.0,0.0,0.0,1.49707719415312,0.0,0.0,0.0,1.68648043988057,0.0,0.0,1.03562295451737
EIF3K,0.8827899,1.98343,0.0,1.655119,1.550395,1.256526,0.0,0.0,1.35631,1.926702,1.671759,2.06312,0.0,0.0,0.0,2.226776,1.446237,0.0,0.0,0.0,0.9311854,1.906673,0.9907276,0.0,2.031107,2.348485,0.0,0.0,1.819584,0.0,2.443672,2.140507,0.0,0.0,0.0,0.0,0.0,1.31831,1.670007,0.0,1.277966,0.0,1.532449,1.239181,2.384817,2.058635,0.0,1.456669,2.160229,0.0,1.706304,1.497077,0.9953279,0.0,0.0,0.0,1.486928,1.500587,1.86417
CUTA,1.34424,0.0,0.0,0.0,0.0,0.0,0.0,1.82284,1.35631,0.0,0.0,1.489583,0.0,1.261038,1.671408,1.785399,1.673252,1.85101,0.0,0.0,0.0,0.0,0.0,0.0,0.0,2.348485,0.0,0.0,0.0,0.0,0.0,0.0,2.032258,0.0,0.0,1.071247,0.0,1.630348,0.0,2.355078,1.277966,1.454652,0.0,1.239181,1.779777,0.9965122,0.0,0.0,1.070995,0.0,0.0,0.0,0.9953279,0.0,1.518989,0.0,1.486928,1.500587,0.0
CSTB,2.390912,2.985828,3.426757,2.247854,1.049655,2.607565,2.161078,0.0,2.906413,1.369507,0.0,0.0,2.729593,1.261038,0.0,2.864476,1.446237,0.0,0.0,1.847625,1.404878,0.0,3.273284,2.447522,0.0,2.348485,0.0,2.859706,1.27666,0.0,1.505206,3.157479,2.032258,0.0,2.528447,4.002457,0.0,3.243916,0.0,3.948825,1.277966,4.632521,3.780275,1.775896,0.0,0.9965122,0.0,0.0,2.160229,1.943172,0.0,0.0,3.401044,0.0,3.499789,1.16322,0.0,0.0,2.853693
SMARCB1,0.0,0.0,0.0,0.0,0.0,1.256526,0.0,0.0,0.0,0.0,0.0,0.0,0.0,0.0,0.0,0.0,0.7335058,0.0,0.0,0.0,0.0,0.0,0.0,0.0,0.0,0.0,0.0,0.0,0.0,0.0,0.0,1.25312,0.0,0.0,0.0,0.0,0.0,0.8622783,0.0,0.0,1.277966,0.0,0.0,0.0,1.779777,0.0,0.0,0.0,0.0,0.0,0.0,0.0,0.0,0.0,0.0,0.0,0.0,0.0,0.0
PHLDA1,1.34424,0.0,0.0,2.247854,0.0,2.402682,0.0,0.0,0.0,0.0,0.0,0.0,0.0,0.0,0.0,0.0,0.7335058,1.303761,1.636206,0.0,0.0,0.0,0.0,0.0,0.0,0.0,0.0,0.0,0.0,0.0,0.0,1.792176,0.0,0.0,0.0,0.0,0.0,0.0,0.0,0.0,1.277966,0.0,1.532449,2.123261,0.0,0.0,0.0,0.0,0.0,0.0,0.0,0.0,0.9953279,0.0,0.0,0.0,0.0,0.0,2.112325
TCEB1,0.0,0.0,1.785537,0.0,0.0,0.0,2.161078,1.82284,1.911568,1.369507,0.0,0.0,0.0,1.261038,0.0,0.0,0.0,1.303761,0.0,1.847625,0.9311854,0.0,1.478506,1.837343,0.0,0.0,0.0,1.869563,1.819584,0.0,0.0,0.0,1.462248,0.0,0.0,0.0,2.075514,0.8622783,0.0,0.0,0.0,1.454652,0.5457487,2.585048,0.0,1.485604,1.932488,0.0,1.070995,0.0,0.0,0.0,1.484152,0.0,0.0,0.0,1.486928,1.500587,1.53336
CTSD,4.471362,0.0,0.0,3.098672,1.882513,3.439082,0.0,4.431181,3.789351,3.929234,0.0,0.0,4.285423,4.080397,1.671408,4.231399,4.103143,1.85101,0.0,0.0,0.0,0.0,3.273284,0.0,0.0,3.878435,0.0,0.0,2.803838,4.07042,4.213557,3.157479,3.186747,0.0,2.906958,5.383802,2.075514,4.821648,0.0,5.288965,2.171108,4.7807,3.300729,0.0,0.0,1.485604,0.0,1.456669,3.393643,3.215809,0.0,0.0,5.134948,0.0,4.89036,0.0,3.562036,0.0,3.126863
RPS14,3.037205,4.153812,2.765585,3.098672,4.069994,3.049536,2.794899,2.431754,3.293486,3.197337,2.90614,3.961359,3.389573,3.991033,4.118633,3.426597,3.372166,3.502474,3.250913,3.10812,3.975477,3.716364,3.135995,3.486732,3.70709,3.660449,3.772321,4.116434,3.615907,3.984959,3.240073,3.044999,2.657641,2.489042,3.180885,3.095993,0.0,2.686861,4.46871,2.99962,3.617669,2.023663,3.05989,3.138752,4.096716,3.888691,3.745891,3.779435,3.095627,3.430896,3.727549,3.472509,2.254241,2.80944,2.45983,3.526458,2.896874,3.756815,3.61999
ATRAID,0.0,0.0,0.0,0.0,0.0,0.0,0.0,0.0,1.35631,0.0,1.671759,0.0,0.0,1.801408,0.0,0.9760627,0.7335058,0.0,0.0,0.0,0.9311854,0.0,0.0,0.0,0.0,0.0,0.0,0.0,0.0,0.0,0.0,1.25312,0.0,0.0,1.91206,0.0,0.0,0.0,0.0,1.430228,1.277966,0.0,0.5457487,0.0,1.779777,0.0,0.0,0.0,2.160229,0.0,0.0,0.0,0.0,0.0,0.0,0.0,0.0,1.500587,1.035623
LGALS3,2.512934,0.0,1.785537,1.655119,0.0,0.0,0.0,0.0,0.0,0.0,0.0,0.0,0.0,1.261038,0.0,0.9760627,2.374097,0.0,0.0,0.0,0.9311854,0.0,2.412261,0.0,0.0,0.0,0.0,0.0,1.27666,0.0,0.0,2.603153,1.462248,0.0,1.91206,2.160569,0.0,2.220431,0.0,1.995965,1.277966,0.0,2.412569,0.0,0.0,0.0,0.0,0.0,1.070995,0.0,1.706304,0.0,0.9953279,0.0,2.725918,0.0,2.060127,0.0,2.112325
GNG11,0.0,0.0,0.0,1.655119,0.0,0.0,0.0,0.0,0.0,0.0,0.0,0.0,0.0,0.0,0.0,0.0,0.0,0.0,0.0,0.0,0.0,0.0,0.0,0.0,0.0,0.0,0.0,0.0,0.0,0.0,0.0,0.0,0.0,0.0,0.0,0.0,0.0,0.0,0.0,0.0,0.0,0.0,0.0,0.0,0.0,0.0,0.0,0.0,0.0,0.0,0.0,0.0,0.0,0.0,0.0,0.0,0.0,0.0,0.0
LMAN2,1.34424,0.0,0.0,2.247854,0.0,0.0,0.0,0.0,1.911568,0.0,0.0,0.0,0.0,0.0,1.671408,0.0,1.446237,0.0,0.0,0.0,0.0,0.0,0.0,0.0,0.0,0.0,0.0,0.0,0.0,0.0,1.505206,0.0,0.0,0.0,0.0,0.0,0.0,0.8622783,0.0,0.0,0.0,1.454652,0.0,0.0,0.0,0.0,0.0,0.0,1.070995,0.0,1.706304,0.0,0.9953279,0.0,0.0,0.0,0.0,0.0,0.0
EIF4G2,1.658781,1.4192,1.785537,2.886743,0.0,1.796148,0.0,2.431754,2.266495,1.926702,1.671759,0.0,0.0,1.261038,0.0,0.9760627,2.014131,1.85101,0.0,0.0,0.9311854,1.906673,1.478506,1.837343,0.0,0.0,0.0,0.0,2.169504,0.0,0.0,0.0,0.0,1.87562,1.91206,1.576509,0.0,1.867825,2.634519,1.430228,1.821102,0.0,1.805219,1.239181,0.0,0.9965122,0.0,1.456669,2.526503,0.0,0.0,0.0,0.9953279,0.0,1.518989,0.0,1.486928,1.500587,1.86417
LAGE3,1.34424,0.0,0.0,0.0,0.0,0.0,2.161078,0.0,1.35631,0.0,0.0,0.0,0.0,0.0,0.0,0.0,0.7335058,0.0,0.0,0.0,0.0,0.0,0.0,0.0,0.0,0.0,0.0,0.0,0.0,0.0,0.0,0.0,0.0,0.0,0.0,0.0,0.0,0.0,0.0,0.0,1.277966,0.0,0.5457487,0.0,1.779777,0.0,0.0,0.0,1.070995,0.0,0.0,0.0,0.9953279,0.0,1.518989,0.0,0.0,0.0,0.0
MT-ND4,4.030477,4.412546,4.018014,3.947475,4.217151,4.26787,4.755376,4.949569,4.291091,4.420472,3.967614,4.70888,5.066342,4.626573,3.292792,4.231399,3.86161,4.400526,4.32336,4.328445,3.356035,3.174825,4.952547,3.486732,5.154363,5.198078,3.950802,3.919379,4.183822,4.574394,4.213557,4.363592,3.786538,2.489042,4.595516,4.949386,5.242558,4.764963,3.29113,2.99962,4.674347,5.002164,4.436497,3.694974,4.600868,3.98849,4.675816,4.296143,4.46961,4.107731,4.292335,4.474096,5.472607,4.149503,5.435148,3.94362,3.890366,4.478563,4.347799
TMBIM6,1.658781,1.4192,0.0,0.0,1.550395,1.796148,0.0,1.82284,2.734966,2.544248,0.0,0.0,0.0,0.0,1.671408,2.226776,2.63823,1.303761,0.0,0.0,0.9311854,0.0,1.804936,0.0,0.0,0.0,0.0,0.0,0.0,2.360564,1.505206,2.140507,2.032258,1.87562,0.0,1.910587,0.0,2.220431,1.670007,2.355078,1.277966,2.384071,1.805219,1.239181,0.0,0.9965122,1.932488,2.386459,1.91026,0.0,1.706304,0.0,1.484152,0.0,2.45983,1.68648,1.486928,0.0,1.53336
REEP5,0.0,0.0,0.0,0.0,0.0,0.0,0.0,0.0,0.0,0.0,0.0,0.0,0.0,1.261038,0.0,0.9760627,0.7335058,0.0,0.0,0.0,0.0,0.0,1.478506,0.0,0.0,0.0,0.0,0.0,1.27666,0.0,0.0,2.140507,2.032258,0.0,0.0,1.071247,0.0,1.867825,0.0,0.0,0.0,2.384071,1.156158,1.239181,0.0,0.0,0.0,0.0,1.576204,0.0,1.706304,0.0,0.0,0.0,1.518989,0.0,0.0,1.500587,1.035623
PRELID1,0.0,1.4192,0.0,0.0,0.0,1.256526,0.0,0.0,1.35631,0.0,0.0,1.489583,0.0,0.0,0.0,0.0,0.7335058,0.0,0.0,0.0,0.9311854,0.0,0.0,0.0,0.0,0.0,2.250889,0.0,0.0,1.757593,0.0,1.25312,0.0,1.87562,0.0,0.0,0.0,0.0,0.0,0.0,0.0,0.0,1.532449,1.239181,0.0,0.9965122,1.932488,0.0,0.0,0.0,2.675919,0.0,0.9953279,0.0,1.518989,2.028235,0.0,0.0,1.53336
CAPZA2,0.8827899,0.0,0.0,0.0,1.049655,1.256526,0.0,1.82284,1.35631,0.0,0.0,0.0,0.0,1.801408,0.0,1.785399,1.673252,1.85101,1.636206,0.0,0.0,0.0,1.478506,1.837343,0.0,0.0,0.0,0.0,0.0,0.0,0.0,0.0,0.0,0.0,0.0,1.071247,0.0,0.8622783,0.0,1.430228,1.821102,0.0,1.156158,1.775896,0.0,0.0,1.932488,0.0,0.0,0.0,1.706304,0.0,0.9953279,0.0,0.0,0.0,1.486928,0.0,1.53336
TAGLN,0.0,0.0,0.0,0.0,0.0,0.0,0.0,0.0,0.0,0.0,0.0,0.0,0.0,0.0,0.0,0.0,0.7335058,0.0,0.0,0.0,0.0,0.0,0.0,0.0,0.0,0.0,0.0,0.0,0.0,0.0,0.0,0.0,0.0,0.0,0.0,0.0,0.0,0.0,0.0,0.0,0.0,0.0,0.0,0.0,0.0,0.0,0.0,0.0,0.0,0.0,0.0,0.0,0.0,0.0,0.0,0.0,0.0,0.0,0.0
APLP2,1.897701,1.4192,1.785537,2.247854,0.0,0.0,2.794899,2.431754,1.911568,0.0,2.266237,2.06312,2.099651,1.801408,2.265849,0.0,1.858146,0.0,0.0,0.0,1.404878,1.906673,2.247703,1.837343,0.0,2.348485,2.250889,0.0,1.27666,0.0,1.505206,2.140507,1.462248,2.866454,0.0,2.526856,0.0,2.358952,0.0,2.82721,0.0,2.85733,2.195546,1.775896,2.759099,1.485604,2.550488,1.456669,1.91026,2.941412,0.0,2.071563,1.484152,2.174787,2.725918,1.16322,0.0,1.500587,1.035623
VPS37B,0.0,0.0,0.0,0.0,0.0,0.0,0.0,0.0,0.0,0.0,0.0,1.489583,0.0,0.0,0.0,0.0,0.0,0.0,0.0,0.0,0.0,0.0,0.0,0.0,0.0,0.0,0.0,0.0,0.0,0.0,0.0,0.0,0.0,0.0,0.0,0.0,0.0,0.0,0.0,0.0,0.0,0.0,0.0,0.0,0.0,0.0,0.0,0.0,0.0,0.0,0.0,0.0,0.0,0.0,0.0,0.0,0.0,0.0,0.0
HLA-DQB1,2.390912,2.341944,0.0,0.0,2.874129,1.796148,0.0,2.807488,1.35631,2.75156,1.671759,1.489583,0.0,3.522769,0.0,2.390955,2.965286,2.839005,0.0,1.847625,3.946193,2.900981,2.886583,0.0,0.0,0.0,0.0,0.0,2.949297,3.394199,2.080711,2.773058,2.393061,0.0,2.528447,1.071247,0.0,1.31831,1.670007,2.355078,1.277966,1.454652,0.5457487,0.0,0.0,2.98553,0.0,3.523898,1.070995,0.0,0.0,0.0,0.9953279,2.174787,0.0,2.484998,1.486928,2.075514,0.0
C1orf54,0.0,0.0,0.0,0.0,1.04965501064734,1.7961479158672,0.0,0.0,0.0,1.36950713014174,0.0,0.0,0.0,1.80140759977689,1.6714083440343,0.0,1.44623749548403,1.3037610757724,0.0,0.0,0.0,0.0,0.990727613213213,0.0,0.0,2.34848508174124,0.0,0.0,1.27666005795582,0.0,0.0,1.79217625746399,1.46224791977103,0.0,0.0,0.0,0.0,0.862278251133781,0.0,0.0,1.27796609948947,0.0,0.545748720849974,0.0,1.77977734016826,0.0,1.93248826900718,0.0,1.57620422873054,1.94317229655797,0.0,0.0,0.0,0.0,1.51898924628139,0.0,1.48692787133448,0.0,0.0
NPM1,2.251903,2.985828,0.0,2.886743,2.638819,2.144712,2.794899,2.431754,1.35631,2.923187,0.0,1.489583,3.113069,2.613404,1.671408,1.785399,1.858146,0.0,1.636206,2.458689,2.464926,0.0,0.9907276,0.0,0.0,0.0,0.0,0.0,1.819584,0.0,0.0,1.792176,2.032258,1.87562,1.91206,1.910587,0.0,2.220431,0.0,1.430228,1.277966,0.0,2.019307,1.239181,1.779777,2.562001,2.550488,2.386459,1.576204,0.0,2.946241,0.0,1.484152,2.174787,2.096202,1.68648,2.422185,1.500587,1.86417
UQCRB,2.891017,2.605298,0.0,0.0,2.131401,2.144712,0.0,2.431754,1.911568,2.544248,2.90614,0.0,2.099651,2.408416,0.0,2.030244,1.446237,0.0,1.636206,0.0,2.464926,0.0,2.247703,0.0,2.031107,0.0,0.0,1.869563,2.428212,2.360564,2.919143,1.792176,3.315102,1.87562,0.0,1.071247,0.0,0.8622783,2.264302,2.618753,2.171108,2.023663,1.156158,2.585048,1.779777,2.562001,2.550488,1.456669,2.360043,0.0,1.706304,1.497077,0.0,2.80944,2.096202,1.16322,1.486928,1.500587,1.86417
CALR,2.090403,0.0,1.785537,2.886743,0.0,0.0,0.0,0.0,1.911568,0.0,0.0,1.489583,0.0,0.0,3.117873,0.9760627,2.149035,1.303761,0.0,1.847625,0.0,1.906673,0.0,0.0,0.0,2.992697,0.0,0.0,1.27666,1.757593,0.0,1.25312,2.032258,0.0,0.0,0.0,0.0,0.8622783,1.670007,1.430228,1.277966,1.454652,1.156158,1.239181,0.0,0.0,0.0,1.456669,2.160229,0.0,0.0,0.0,0.9953279,0.0,2.096202,1.68648,0.0,0.0,2.31098
SERPINF1,0.8827899,0.0,0.0,0.0,0.0,1.256526,0.0,1.82284,0.0,0.0,0.0,0.0,0.0,0.0,0.0,0.0,1.446237,0.0,0.0,0.0,0.0,0.0,0.0,0.0,0.0,0.0,0.0,0.0,0.0,0.0,0.0,0.0,0.0,0.0,0.0,0.0,0.0,0.0,0.0,0.0,0.0,0.0,0.0,0.0,0.0,0.9965122,0.0,0.0,0.0,0.0,0.0,0.0,0.0,0.0,0.0,0.0,0.0,0.0,0.0
NR2F2,0.0,0.0,0.0,0.0,0.0,0.0,0.0,0.0,0.0,0.0,0.0,0.0,0.0,0.0,0.0,0.0,0.0,0.0,0.0,0.0,0.0,0.0,0.0,0.0,0.0,0.0,0.0,0.0,1.27666,0.0,0.0,0.0,0.0,0.0,0.0,0.0,0.0,0.0,0.0,0.0,0.0,0.0,0.0,0.0,0.0,0.0,0.0,0.0,0.0,0.0,0.0,0.0,0.0,0.0,0.0,0.0,0.0,0.0,0.0
UQCRFS1,0.8827899,0.0,0.0,0.0,0.0,0.0,0.0,0.0,1.911568,0.0,0.0,1.489583,0.0,1.261038,0.0,0.0,1.15207,0.0,0.0,0.0,0.9311854,0.0,0.9907276,1.837343,0.0,0.0,0.0,0.0,0.0,0.0,1.505206,0.0,0.0,0.0,0.0,1.071247,0.0,0.0,1.670007,1.430228,1.277966,0.0,0.8968225,1.239181,0.0,0.9965122,0.0,0.0,0.0,0.0,0.0,1.497077,0.9953279,0.0,0.0,0.0,2.060127,0.0,1.53336
CDC42,0.882789948505998,0.0,0.0,0.0,1.55039484657658,0.0,0.0,0.0,0.0,1.36950713014174,0.0,1.4895829964291,0.0,0.0,1.6714083440343,1.78539900421335,0.733505814146228,0.0,1.6362062807501,0.0,0.931185403523441,2.52262929039521,0.990727613213213,1.83734307652052,0.0,0.0,0.0,0.0,1.27666005795582,1.75759313963331,0.0,1.79217625746399,2.03225817610354,0.0,0.0,1.57650863128493,2.07551397826316,1.31831028677075,2.90410009950787,0.0,2.95101330330765,0.0,1.80521862260206,0.0,1.77977734016826,2.05863533509489,1.93248826900718,0.0,1.57620422873054,0.0,0.0,0.0,2.41891540909786,0.0,0.0,1.68648043988057,1.48692787133448,0.0,1.8641702655592
CTSS,2.62167269281992,2.60529779291622,2.39110484380907,2.61747617720245,3.14759398483368,2.77752437307009,0.0,1.8228403481643,1.91156841590416,3.86983726731268,2.2662366553995,3.2207428545005,0.0,2.15027894264002,3.4416218889875,0.976062700974198,2.6382297486952,2.20269508302588,1.6362062807501,2.83522345811601,1.96712095815354,2.90098067696802,2.24770292560532,2.44752163191848,2.03110657190696,2.99269736985884,3.27671181519971,1.86956329118445,0.0,2.36056424053068,2.44367199273037,2.14050746327837,1.46224791977103,3.13980870009074,1.91205973214532,1.91058675785902,0.0,2.22043145031981,2.63451923430677,2.61875264580787,2.42986315757899,3.41926474005024,1.9179810120487,2.38057668061526,3.03081679536116,1.81261587033724,3.41882027267807,0.0,1.57620422873054,0.0,2.6759194136476,2.07156285814112,1.81104470536833,2.17478717681931,2.45982970243956,2.28247218654317,2.42218472861262,2.70386025083836,0.0
MT-ND4L,0.8827899,1.98343,0.0,0.0,0.0,0.0,2.161078,1.82284,1.35631,0.0,0.0,0.0,0.0,1.261038,0.0,0.9760627,1.446237,0.0,0.0,0.0,0.9311854,0.0,0.0,1.837343,2.031107,0.0,2.250889,0.0,1.27666,0.0,0.0,1.25312,2.393061,0.0,0.0,1.071247,0.0,2.220431,0.0,0.0,0.0,2.023663,0.0,0.0,0.0,0.0,1.932488,1.456669,1.070995,2.562001,1.706304,0.0,2.254241,2.174787,2.096202,0.0,0.0,0.0,1.86417
TNFRSF13B,0.0,0.0,0.0,0.0,0.0,0.0,0.0,0.0,0.0,0.0,0.0,0.0,0.0,0.0,0.0,0.0,0.0,0.0,0.0,0.0,0.0,0.0,0.0,0.0,0.0,0.0,0.0,0.0,0.0,0.0,0.0,0.0,0.0,0.0,0.0,0.0,0.0,0.0,0.0,0.0,0.0,0.0,0.0,0.0,0.0,0.0,0.0,0.0,0.0,0.0,0.0,0.0,0.0,0.0,0.0,0.0,0.0,0.0,0.0
ENO1,2.0904033559715,0.0,0.0,1.65511853346191,0.0,0.0,0.0,1.8228403481643,2.26649492126447,0.0,2.2662366553995,1.4895829964291,0.0,0.0,0.0,1.46046730918825,1.85814645408235,1.3037610757724,1.6362062807501,0.0,1.72500447137959,0.0,0.990727613213213,2.82372690956189,0.0,0.0,2.25088926712533,2.48248096380034,0.0,0.0,0.0,1.25312022618914,1.46224791977103,0.0,0.0,2.66952572092708,2.07551397826316,2.05958998749906,1.67000672770644,1.99596488433083,0.0,2.02366296411885,1.9179810120487,1.23918083600871,0.0,0.996512192170311,1.93248826900718,0.0,2.36004292701598,0.0,0.0,1.49707719415312,2.41891540909786,0.0,2.09620183406936,1.68648043988057,0.0,0.0,2.31097998959635
RPS16,2.891017,2.341944,4.656038,3.551615,3.777424,3.162041,3.17978,2.807488,2.527916,2.544248,3.118286,3.220743,3.113069,3.445183,3.117873,3.184525,2.374097,2.668312,3.746122,4.17649,3.550345,3.389573,2.553527,3.310512,2.031107,3.878435,4.102201,3.523792,3.466228,2.734068,2.443672,2.603153,3.315102,2.866454,2.906958,2.160569,0.0,2.686861,3.965496,1.430228,3.467983,2.64844,3.352854,3.415541,3.030817,3.215809,1.932488,3.523898,3.255696,3.215809,2.946241,3.752401,1.484152,2.80944,2.096202,3.310639,3.562036,2.913524,3.40352
SAMSN1,0.8827899,0.0,2.391105,0.0,1.049655,0.0,2.794899,1.82284,0.0,0.0,0.0,2.06312,0.0,1.801408,0.0,1.460467,0.7335058,0.0,2.595773,2.835223,1.725004,1.906673,0.0,0.0,0.0,0.0,0.0,2.482481,1.819584,0.0,0.0,0.0,0.0,1.87562,1.91206,1.910587,2.70386,0.0,1.670007,0.0,0.0,0.0,0.8968225,1.239181,1.779777,0.0,1.932488,0.0,1.070995,0.0,1.706304,2.071563,0.0,0.0,1.518989,1.68648,1.486928,0.0,0.0
SPCS3,0.0,1.4192,0.0,1.655119,1.550395,0.0,0.0,0.0,0.0,0.0,0.0,0.0,0.0,0.0,0.0,0.0,1.15207,0.0,1.636206,0.0,0.0,1.906673,0.9907276,0.0,0.0,0.0,0.0,0.0,0.0,0.0,2.080711,0.0,0.0,0.0,1.91206,0.0,0.0,0.8622783,1.670007,0.0,0.0,1.454652,1.156158,0.0,2.759099,0.0,1.932488,0.0,0.0,0.0,0.0,1.497077,1.484152,0.0,1.518989,0.0,0.0,1.500587,0.0
EVI2A,0.0,1.98343,0.0,0.0,1.550395,1.256526,0.0,0.0,0.0,1.926702,0.0,0.0,0.0,1.261038,0.0,0.9760627,0.0,0.0,1.636206,0.0,0.0,1.906673,0.0,0.0,0.0,0.0,0.0,0.0,1.819584,1.757593,0.0,1.25312,0.0,0.0,0.0,0.0,0.0,0.0,0.0,0.0,1.277966,0.0,0.0,1.239181,0.0,0.0,1.932488,0.0,1.070995,0.0,0.0,0.0,0.0,0.0,0.0,1.16322,1.486928,0.0,0.0
ATP5O,1.658781,0.0,0.0,0.0,1.049655,0.0,0.0,0.0,0.0,0.0,0.0,0.0,0.0,1.261038,1.671408,2.226776,1.15207,1.303761,0.0,0.0,1.404878,1.906673,0.0,0.0,2.656408,0.0,0.0,0.0,2.169504,0.0,0.0,0.0,0.0,0.0,0.0,1.910587,0.0,2.220431,2.264302,0.0,1.821102,0.0,0.8968225,0.0,1.779777,1.485604,0.0,0.0,1.070995,0.0,1.706304,0.0,0.0,2.174787,0.0,1.68648,1.486928,0.0,0.0
PHPT1,0.8827899,0.0,0.0,0.0,0.0,0.0,0.0,0.0,0.0,0.0,1.671759,0.0,0.0,0.0,0.0,1.460467,1.446237,0.0,0.0,0.0,0.0,1.906673,0.0,0.0,0.0,2.348485,0.0,0.0,0.0,0.0,2.080711,1.25312,1.462248,0.0,0.0,1.071247,2.075514,0.8622783,1.670007,1.430228,0.0,1.454652,1.361899,0.0,1.779777,0.0,2.550488,1.456669,1.91026,1.943172,0.0,0.0,0.0,0.0,0.0,1.16322,0.0,0.0,1.86417
DRAP1,0.8827899,0.0,0.0,1.655119,0.0,0.0,0.0,0.0,1.911568,0.0,1.671759,0.0,0.0,1.801408,1.671408,0.9760627,1.446237,0.0,0.0,0.0,1.404878,0.0,0.0,0.0,0.0,0.0,0.0,0.0,0.0,0.0,0.0,2.140507,2.032258,0.0,0.0,1.071247,2.075514,1.31831,1.670007,1.995965,0.0,1.454652,0.0,1.775896,1.779777,1.812616,0.0,0.0,1.576204,0.0,0.0,2.071563,1.484152,0.0,0.0,1.16322,0.0,0.0,0.0
MT-ND1,2.719739,3.568742,2.765585,3.551615,2.973827,3.588637,3.851911,4.061882,3.487384,3.310569,3.293208,3.463145,3.605949,3.445183,3.441622,2.95459,3.120043,3.224783,2.595773,3.498579,2.324845,3.389573,3.768841,1.837343,2.031107,3.660449,3.950802,2.482481,3.188904,2.734068,3.762617,3.044999,4.105642,2.866454,3.968462,2.669526,3.756815,3.243916,3.684114,3.14663,3.747839,3.613966,3.093363,2.899744,3.030817,2.796022,3.595668,3.616525,3.095627,2.562001,3.334038,2.699644,3.736113,2.174787,4.419502,3.13559,3.654762,2.913524,2.853693
PRDX1,2.51293378394774,0.0,1.78553667378979,1.65511853346191,0.0,1.7961479158672,0.0,0.0,2.90641275935961,0.0,0.0,1.4895829964291,0.0,1.80140759977689,2.26584941054304,2.03024400046491,3.33431676143406,1.85101001970827,0.0,0.0,0.931185403523441,0.0,2.05062704415604,0.0,0.0,2.99269736985884,0.0,1.86956329118445,2.16950406602236,0.0,1.50520617489663,2.77305759679317,1.46224791977103,0.0,2.52844697628231,2.52685639043176,2.07551397826316,1.63034818379366,1.67000672770644,2.61875264580787,1.82110205144729,2.38407127575583,1.53244899634501,0.0,0.0,0.0,0.0,1.45666876632877,2.79399849856945,0.0,0.0,0.0,1.48415195791382,0.0,2.72591792140661,0.0,2.6874351932467,1.50058699183651,0.0
PKP4,0.0,0.0,0.0,0.0,0.0,1.256526,2.161078,0.0,0.0,0.0,0.0,0.0,0.0,0.0,0.0,0.0,0.0,0.0,0.0,0.0,0.0,0.0,0.0,0.0,0.0,0.0,0.0,0.0,0.0,0.0,0.0,0.0,0.0,0.0,0.0,0.0,0.0,0.0,0.0,0.0,0.0,0.0,0.0,0.0,0.0,0.0,0.0,0.0,0.0,0.0,0.0,0.0,0.0,0.0,0.0,0.0,0.0,0.0,0.0
ARF1,0.0,0.0,0.0,1.65511853346191,0.0,0.0,0.0,0.0,1.3563103964635,0.0,1.67175919771753,0.0,0.0,0.0,0.0,0.0,0.0,0.0,1.6362062807501,0.0,0.931185403523441,1.90667306245649,0.990727613213213,2.44752163191848,2.03110657190696,0.0,0.0,0.0,1.27666005795582,0.0,0.0,0.0,0.0,0.0,0.0,0.0,0.0,0.862278251133781,0.0,0.0,0.0,0.0,0.545748720849974,0.0,1.77977734016826,1.48560448424277,0.0,0.0,0.0,1.94317229655797,0.0,1.49707719415312,1.48415195791382,0.0,0.0,0.0,0.0,1.50058699183651,1.8641702655592
TGFB1I1,0.0,0.0,0.0,0.0,0.0,0.0,0.0,0.0,0.0,0.0,0.0,0.0,0.0,0.0,0.0,0.0,0.0,0.0,0.0,0.0,0.0,0.0,0.0,0.0,0.0,0.0,0.0,0.0,0.0,0.0,0.0,0.0,0.0,0.0,0.0,0.0,0.0,0.0,0.0,0.0,0.0,0.0,0.0,0.0,0.0,0.0,0.0,0.0,0.0,0.0,0.0,0.0,0.0,0.0,0.0,0.0,0.0,0.0,0.0
ATP6V0B,2.0904033559715,0.0,1.78553667378979,0.0,0.0,1.2565256720442,0.0,0.0,0.0,0.0,1.67175919771753,0.0,0.0,2.15027894264002,0.0,1.78539900421335,1.15206977988174,1.85101001970827,2.2269234554063,0.0,0.0,1.90667306245649,0.0,0.0,0.0,0.0,0.0,0.0,0.0,2.36056424053068,0.0,2.14050746327837,1.46224791977103,1.87561978493154,0.0,1.57650863128493,0.0,1.31831028677075,0.0,0.0,1.27796609948947,1.45465231890093,1.67810552777897,1.23918083600871,0.0,2.05863533509489,0.0,0.0,2.16022915031968,0.0,0.0,0.0,1.48415195791382,2.17478717681931,0.0,0.0,1.48692787133448,1.50058699183651,1.8641702655592
SPTAN1,0.0,0.0,0.0,0.0,0.0,1.256526,0.0,1.82284,0.0,0.0,1.671759,0.0,0.0,0.0,0.0,0.0,0.0,0.0,0.0,0.0,0.0,0.0,0.0,0.0,0.0,0.0,0.0,0.0,0.0,0.0,0.0,0.0,0.0,1.87562,0.0,0.0,0.0,0.8622783,0.0,0.0,0.0,0.0,0.0,0.0,0.0,0.0,0.0,0.0,0.0,0.0,0.0,0.0,0.0,0.0,1.518989,0.0,0.0,0.0,0.0
PECAM1,0.8827899,0.0,0.0,0.0,0.0,0.0,0.0,0.0,1.35631,0.0,1.671759,0.0,0.0,1.261038,0.0,0.0,1.15207,0.0,0.0,0.0,0.0,1.906673,1.478506,0.0,0.0,0.0,0.0,0.0,1.819584,0.0,1.505206,1.25312,0.0,0.0,0.0,1.071247,0.0,1.867825,0.0,0.0,0.0,0.0,0.5457487,0.0,0.0,0.9965122,1.932488,0.0,0.0,0.0,2.304297,0.0,1.484152,0.0,0.0,0.0,1.486928,1.500587,0.0
RPL19,3.102995,3.260805,2.765585,2.886743,4.037774,2.777524,2.794899,3.469992,3.052723,3.504582,2.636523,3.073224,3.389573,3.168078,3.292792,2.95459,2.782115,2.984765,2.595773,2.835223,3.300926,2.522629,2.677285,1.837343,2.031107,3.381304,0.0,0.0,3.543866,3.005378,1.505206,3.157479,3.186747,2.489042,2.528447,2.669526,2.075514,2.480598,3.29113,3.274772,2.429863,1.454652,2.831435,3.331512,3.244258,3.60781,1.932488,3.308099,2.669169,3.215809,3.158821,2.909251,1.484152,0.0,2.725918,3.526458,3.345962,2.70386,2.853693
MRPL33,0.0,0.0,0.0,0.0,1.049655,0.0,0.0,0.0,1.911568,1.926702,0.0,1.489583,2.099651,0.0,1.671408,1.460467,0.0,1.303761,0.0,0.0,0.0,1.906673,0.9907276,1.837343,0.0,0.0,0.0,1.869563,1.27666,0.0,1.505206,0.0,0.0,0.0,0.0,1.071247,0.0,0.0,1.670007,0.0,0.0,0.0,0.0,0.0,0.0,0.0,1.932488,0.0,0.0,0.0,0.0,2.071563,0.0,0.0,0.0,1.16322,0.0,0.0,1.035623
KRT18,0.0,1.4192,0.0,0.0,0.0,0.0,0.0,0.0,0.0,0.0,0.0,0.0,0.0,0.0,0.0,0.0,0.0,0.0,0.0,0.0,0.0,0.0,0.9907276,0.0,0.0,0.0,0.0,0.0,0.0,0.0,0.0,0.0,0.0,0.0,0.0,0.0,0.0,0.0,0.0,1.995965,0.0,0.0,0.0,0.0,0.0,0.0,0.0,0.0,0.0,0.0,0.0,0.0,0.0,0.0,0.0,0.0,0.0,0.0,0.0
CXCL2,0.0,0.0,4.50347,0.0,2.131401,0.0,5.375527,2.807488,0.0,0.0,0.0,0.0,0.0,0.0,0.0,0.0,0.0,0.0,4.953091,5.264815,0.0,1.906673,0.0,0.0,3.857728,0.0,0.0,4.706908,0.0,1.757593,2.443672,1.25312,0.0,0.0,2.906958,1.071247,0.0,0.0,1.670007,0.0,3.291878,0.0,1.361899,4.981648,2.759099,0.0,1.932488,0.0,2.160229,2.562001,0.0,3.082444,1.484152,0.0,0.0,0.0,0.0,2.075514,2.618711
HLA-E,1.897701,1.4192,0.0,1.655119,2.638819,0.0,0.0,2.431754,1.911568,1.926702,1.671759,0.0,0.0,2.150279,1.671408,2.226776,2.149035,2.839005,1.636206,1.847625,1.725004,2.900981,0.9907276,1.837343,0.0,0.0,0.0,0.0,1.819584,3.218569,2.443672,1.792176,2.393061,1.87562,2.906958,1.071247,0.0,1.867825,1.670007,1.430228,2.171108,2.384071,1.678106,0.0,1.779777,0.9965122,1.932488,2.859809,1.576204,1.943172,1.706304,2.071563,1.484152,0.0,2.45983,0.0,1.486928,2.075514,0.0
TPM2,0.0,0.0,0.0,0.0,0.0,0.0,0.0,0.0,0.0,0.0,0.0,0.0,0.0,0.0,0.0,0.0,0.0,0.0,0.0,0.0,0.0,0.0,0.0,0.0,0.0,0.0,0.0,0.0,0.0,0.0,0.0,0.0,0.0,0.0,0.0,0.0,0.0,0.0,0.0,0.0,0.0,0.0,0.0,0.0,0.0,0.0,0.0,0.0,0.0,0.0,0.0,0.0,0.0,0.0,0.0,0.0,0.0,0.0,0.0
IL6ST,0.0,0.0,0.0,1.655119,0.0,1.256526,0.0,0.0,0.0,0.0,0.0,0.0,0.0,0.0,0.0,0.0,0.7335058,0.0,1.636206,0.0,0.0,1.906673,0.0,0.0,0.0,0.0,0.0,0.0,1.27666,0.0,0.0,0.0,0.0,0.0,0.0,0.0,2.075514,0.0,0.0,0.0,0.0,0.0,0.0,0.0,0.0,0.9965122,0.0,0.0,0.0,0.0,0.0,0.0,0.0,0.0,0.0,0.0,0.0,0.0,0.0
PLPP1,0.0,0.0,0.0,0.0,0.0,0.0,0.0,0.0,0.0,0.0,0.0,0.0,0.0,0.0,0.0,0.0,0.0,0.0,0.0,0.0,0.0,0.0,0.0,0.0,0.0,0.0,0.0,0.0,1.27666,0.0,0.0,0.0,0.0,0.0,0.0,0.0,0.0,0.0,0.0,0.0,0.0,0.0,0.5457487,0.0,0.0,0.0,0.0,0.0,0.0,0.0,0.0,0.0,0.0,0.0,0.0,0.0,0.0,1.500587,0.0
CD55,0.0,0.0,2.76558534757212,1.65511853346191,1.04965501064734,0.0,0.0,0.0,0.0,0.0,0.0,0.0,0.0,0.0,0.0,0.0,0.0,0.0,2.59577307189738,0.0,0.0,0.0,0.990727613213213,3.09645162381969,0.0,0.0,0.0,1.86956329118445,0.0,0.0,0.0,0.0,0.0,1.87561978493154,0.0,0.0,2.07551397826316,0.0,0.0,0.0,1.82110205144729,0.0,0.0,1.23918083600871,2.75909868155945,1.48560448424277,0.0,0.0,0.0,1.94317229655797,1.7063043852994,3.47250921795335,0.99532793544424,2.17478717681931,0.0,1.68648043988057,0.0,0.0,0.0
DEK,0.0,0.0,2.391105,2.247854,1.049655,1.256526,0.0,0.0,0.0,1.369507,2.90614,0.0,0.0,0.0,0.0,0.0,1.15207,2.202695,0.0,1.847625,1.725004,1.906673,0.9907276,0.0,0.0,0.0,2.250889,0.0,2.169504,0.0,0.0,2.140507,1.462248,0.0,0.0,0.0,0.0,0.8622783,0.0,0.0,1.277966,0.0,2.019307,0.0,1.779777,0.9965122,0.0,2.025946,1.070995,1.943172,1.706304,0.0,0.9953279,0.0,0.0,0.0,1.486928,1.500587,0.0
FIS1,0.8827899,0.0,0.0,0.0,1.049655,0.0,0.0,0.0,1.35631,0.0,0.0,1.489583,0.0,0.0,0.0,1.785399,1.858146,1.303761,0.0,0.0,1.404878,1.906673,0.0,0.0,0.0,0.0,0.0,0.0,1.27666,0.0,1.505206,0.0,0.0,0.0,0.0,0.0,0.0,0.0,0.0,0.0,2.63524,0.0,0.0,0.0,0.0,0.9965122,0.0,0.0,1.070995,0.0,0.0,0.0,1.484152,2.174787,0.0,0.0,1.486928,0.0,1.86417
HSPD1,0.8827899,1.98343,0.0,0.0,0.0,1.256526,0.0,0.0,1.35631,1.369507,0.0,1.489583,0.0,0.0,1.671408,0.0,0.7335058,1.303761,0.0,0.0,0.0,1.906673,1.478506,0.0,0.0,0.0,0.0,0.0,0.0,0.0,0.0,1.25312,0.0,1.87562,0.0,0.0,0.0,0.8622783,0.0,1.430228,0.0,0.0,0.5457487,1.239181,0.0,0.9965122,0.0,2.650884,0.0,1.943172,0.0,0.0,0.0,0.0,0.0,1.16322,0.0,0.0,1.035623
ERGIC3,1.34424,0.0,0.0,0.0,0.0,1.256526,0.0,0.0,1.35631,0.0,0.0,0.0,0.0,0.0,0.0,0.0,1.15207,0.0,0.0,0.0,0.0,0.0,0.0,0.0,0.0,0.0,0.0,0.0,0.0,1.757593,1.505206,0.0,0.0,0.0,0.0,0.0,0.0,0.0,0.0,1.430228,0.0,1.454652,1.361899,0.0,0.0,0.0,0.0,0.0,0.0,0.0,0.0,0.0,0.0,0.0,0.0,0.0,1.486928,0.0,0.0
BRK1,1.34424,0.0,0.0,0.0,1.049655,1.796148,0.0,0.0,1.35631,1.369507,0.0,0.0,2.729593,1.261038,0.0,1.785399,1.673252,1.303761,0.0,1.847625,1.404878,0.0,0.9907276,0.0,0.0,2.348485,0.0,0.0,0.0,0.0,1.505206,0.0,0.0,1.87562,0.0,2.160569,0.0,0.8622783,1.670007,1.430228,1.821102,0.0,0.5457487,1.239181,0.0,1.485604,0.0,1.456669,1.070995,1.943172,0.0,0.0,1.811045,2.174787,0.0,2.028235,1.486928,0.0,1.53336
ZBTB16,0.0,0.0,0.0,0.0,0.0,0.0,0.0,0.0,0.0,0.0,1.671759,0.0,0.0,0.0,0.0,0.0,0.0,0.0,0.0,0.0,0.0,0.0,0.0,0.0,0.0,0.0,0.0,0.0,0.0,1.757593,0.0,0.0,0.0,0.0,0.0,0.0,0.0,0.0,0.0,0.0,0.0,0.0,0.0,0.0,0.0,0.0,0.0,0.0,0.0,0.0,1.706304,0.0,0.0,0.0,0.0,0.0,0.0,0.0,0.0
PIM2,0.0,0.0,0.0,0.0,0.0,0.0,0.0,0.0,0.0,0.0,0.0,0.0,0.0,0.0,0.0,0.0,0.0,0.0,0.0,0.0,0.0,0.0,0.0,0.0,0.0,0.0,0.0,0.0,0.0,0.0,0.0,0.0,0.0,0.0,0.0,0.0,0.0,0.0,0.0,0.0,0.0,0.0,0.0,0.0,0.0,0.0,0.0,0.0,0.0,0.0,0.0,0.0,0.0,0.0,0.0,0.0,0.0,0.0,0.0
RNASE1,1.897701,0.0,0.0,0.0,0.0,0.0,0.0,1.82284,0.0,0.0,0.0,0.0,0.0,1.801408,0.0,0.0,2.014131,0.0,0.0,0.0,0.0,0.0,0.0,0.0,3.988616,0.0,0.0,0.0,0.0,0.0,2.919143,0.0,1.462248,0.0,3.395684,3.095993,0.0,1.630348,0.0,0.0,0.0,0.0,0.5457487,0.0,0.0,0.0,0.0,0.0,0.0,2.562001,0.0,0.0,1.484152,2.174787,0.0,0.0,2.060127,0.0,0.0
C14orf2,2.809041,2.341944,2.391105,0.0,1.882513,1.256526,0.0,1.82284,2.527916,1.369507,1.671759,2.690632,2.099651,0.0,1.671408,2.390955,2.014131,2.202695,1.636206,0.0,0.9311854,2.522629,1.804936,1.837343,0.0,0.0,0.0,1.869563,0.0,2.360564,0.0,2.140507,2.032258,1.87562,0.0,1.910587,0.0,2.05959,2.634519,1.995965,2.171108,0.0,1.532449,1.775896,2.759099,1.485604,0.0,0.0,1.91026,1.943172,1.706304,0.0,1.484152,2.174787,1.518989,2.028235,0.0,2.438248,1.53336
OSTC,0.8827899,2.341944,0.0,0.0,0.0,0.0,0.0,0.0,0.0,1.369507,0.0,0.0,0.0,0.0,1.671408,1.460467,1.673252,1.85101,1.636206,0.0,0.0,0.0,2.050627,0.0,0.0,0.0,0.0,0.0,1.27666,1.757593,0.0,1.25312,0.0,0.0,0.0,0.0,0.0,0.8622783,0.0,1.430228,0.0,1.454652,0.5457487,1.239181,0.0,0.9965122,0.0,0.0,1.070995,1.943172,0.0,0.0,2.056997,0.0,0.0,1.68648,0.0,0.0,0.0
ATP5J2,1.897701,1.98343,0.0,2.247854,1.550395,1.256526,0.0,0.0,1.35631,1.926702,0.0,2.42531,0.0,0.0,0.0,2.030244,2.014131,1.303761,0.0,0.0,0.9311854,1.906673,1.804936,0.0,0.0,2.348485,0.0,0.0,1.819584,0.0,0.0,1.25312,1.462248,0.0,0.0,1.071247,0.0,0.0,0.0,1.430228,0.0,1.454652,1.156158,1.239181,1.779777,0.9965122,2.550488,1.456669,2.526503,0.0,0.0,0.0,0.0,0.0,0.0,1.16322,2.060127,2.075514,1.035623
PNISR,0.0,1.4192,0.0,0.0,0.0,0.0,0.0,1.82284,1.911568,0.0,1.671759,2.06312,0.0,1.261038,0.0,0.0,0.0,1.303761,0.0,0.0,2.161894,0.0,0.0,0.0,2.031107,0.0,0.0,0.0,1.819584,1.757593,0.0,0.0,0.0,0.0,1.91206,1.071247,2.075514,0.8622783,0.0,0.0,1.277966,0.0,0.0,0.0,1.779777,0.0,0.0,1.456669,0.0,0.0,0.0,0.0,0.9953279,0.0,0.0,1.16322,1.486928,2.075514,0.0
PDCD4,1.658781,0.0,0.0,0.0,0.0,0.0,0.0,0.0,0.0,0.0,1.671759,0.0,0.0,0.0,0.0,0.0,0.0,0.0,0.0,0.0,0.9311854,0.0,0.9907276,0.0,0.0,0.0,0.0,0.0,0.0,0.0,0.0,1.25312,0.0,0.0,0.0,0.0,0.0,0.0,1.670007,0.0,1.277966,0.0,0.0,0.0,0.0,0.9965122,0.0,0.0,1.070995,0.0,0.0,0.0,0.9953279,0.0,0.0,0.0,0.0,0.0,0.0
VAMP5,0.0,0.0,0.0,0.0,0.0,0.0,0.0,0.0,0.0,0.0,0.0,0.0,0.0,0.0,2.636122,0.0,0.0,1.303761,0.0,0.0,0.0,0.0,0.9907276,0.0,0.0,0.0,0.0,0.0,1.27666,1.757593,1.505206,0.0,0.0,0.0,0.0,1.071247,2.075514,0.0,2.264302,0.0,0.0,0.0,0.0,0.0,1.779777,0.0,0.0,0.0,0.0,1.943172,0.0,0.0,0.0,0.0,0.0,0.0,0.0,1.500587,0.0
RTFDC1,0.0,0.0,0.0,0.0,0.0,0.0,0.0,0.0,0.0,1.926702,1.671759,0.0,0.0,0.0,0.0,0.0,0.0,0.0,0.0,0.0,0.0,0.0,0.9907276,0.0,0.0,0.0,0.0,0.0,0.0,0.0,0.0,0.0,0.0,1.87562,0.0,0.0,0.0,0.0,1.670007,0.0,1.277966,0.0,0.0,0.0,0.0,0.0,0.0,0.0,0.0,0.0,0.0,1.497077,0.0,0.0,0.0,0.0,0.0,1.500587,0.0
NDUFB8,0.8827899,1.4192,0.0,1.655119,1.550395,1.256526,0.0,0.0,1.35631,0.0,1.671759,0.0,0.0,1.261038,2.265849,0.9760627,1.446237,1.303761,0.0,1.847625,1.404878,0.0,0.0,0.0,2.031107,0.0,0.0,0.0,1.27666,0.0,1.505206,0.0,0.0,0.0,0.0,1.910587,0.0,1.630348,0.0,1.430228,0.0,1.454652,0.5457487,1.239181,1.779777,0.0,0.0,0.0,1.576204,0.0,0.0,0.0,0.0,0.0,0.0,1.16322,0.0,1.500587,0.0
CAV1,0.0,0.0,0.0,0.0,0.0,0.0,0.0,0.0,0.0,0.0,0.0,0.0,0.0,0.0,0.0,0.0,0.0,0.0,0.0,0.0,0.0,0.0,0.0,0.0,0.0,0.0,0.0,0.0,0.0,0.0,0.0,0.0,0.0,0.0,0.0,0.0,0.0,0.0,0.0,0.0,0.0,0.0,0.0,0.0,0.0,0.0,0.0,0.0,0.0,0.0,0.0,0.0,0.0,0.0,0.0,0.0,0.0,0.0,0.0
KANSL1,0.0,0.0,0.0,0.0,0.0,0.0,0.0,1.82284,0.0,0.0,0.0,0.0,0.0,0.0,0.0,0.0,0.0,0.0,0.0,0.0,0.0,1.906673,0.0,0.0,0.0,0.0,0.0,0.0,0.0,0.0,0.0,0.0,0.0,0.0,0.0,0.0,0.0,0.0,0.0,0.0,1.277966,0.0,0.5457487,0.0,0.0,0.0,0.0,0.0,0.0,0.0,0.0,0.0,0.0,2.174787,0.0,0.0,0.0,0.0,0.0
PSMB7,1.34424,0.0,0.0,0.0,0.0,0.0,0.0,0.0,0.0,0.0,0.0,0.0,0.0,0.0,1.671408,0.0,0.7335058,0.0,0.0,0.0,1.404878,0.0,0.0,1.837343,0.0,0.0,0.0,0.0,2.169504,0.0,0.0,0.0,0.0,0.0,0.0,1.071247,0.0,0.0,1.670007,1.995965,0.0,0.0,0.5457487,0.0,0.0,0.0,0.0,0.0,1.91026,0.0,0.0,1.497077,0.0,0.0,0.0,0.0,0.0,1.500587,1.035623
ST6GAL1,0.0,0.0,0.0,0.0,0.0,0.0,0.0,0.0,0.0,0.0,0.0,0.0,0.0,0.0,0.0,0.0,1.15207,1.303761,0.0,0.0,0.0,0.0,0.0,0.0,0.0,0.0,0.0,0.0,0.0,0.0,0.0,0.0,0.0,0.0,0.0,0.0,0.0,0.0,0.0,0.0,0.0,0.0,0.0,0.0,0.0,0.0,0.0,0.0,0.0,0.0,0.0,0.0,0.0,0.0,0.0,0.0,0.0,0.0,0.0
MRPS10,0.0,0.0,0.0,0.0,0.0,0.0,0.0,0.0,0.0,0.0,0.0,0.0,0.0,0.0,0.0,0.9760627,0.0,0.0,0.0,0.0,1.404878,0.0,0.0,0.0,0.0,0.0,0.0,0.0,1.27666,0.0,0.0,0.0,0.0,0.0,0.0,0.0,0.0,0.0,0.0,0.0,0.0,0.0,0.0,0.0,0.0,0.0,0.0,0.0,0.0,0.0,0.0,0.0,0.0,0.0,0.0,0.0,0.0,0.0,0.0
MT1X,0.0,0.0,0.0,0.0,0.0,0.0,0.0,0.0,0.0,0.0,0.0,0.0,0.0,0.0,0.0,0.0,0.0,0.0,0.0,0.0,0.0,1.906673,0.0,0.0,0.0,0.0,0.0,0.0,0.0,0.0,0.0,0.0,0.0,0.0,0.0,1.071247,2.075514,0.0,0.0,0.0,0.0,0.0,1.361899,0.0,0.0,0.0,0.0,1.456669,0.0,0.0,0.0,0.0,0.0,0.0,0.0,0.0,0.0,0.0,0.0
SOD2,1.34424,0.0,3.924501,1.655119,2.496505,2.607565,4.448346,1.82284,1.35631,0.0,2.636523,2.42531,0.0,0.0,2.265849,1.460467,1.446237,2.839005,4.075826,4.396558,0.9311854,0.0,0.0,4.243308,0.0,0.0,4.453903,4.280977,2.169504,0.0,2.080711,2.39835,2.032258,2.489042,0.0,3.005196,4.590675,0.8622783,2.264302,1.995965,2.951013,2.023663,2.989382,3.23977,3.030817,0.0,0.0,0.0,1.576204,2.941412,2.304297,4.093784,0.0,0.0,0.0,2.282472,0.0,0.0,2.112325
LSP1,2.251903,0.0,0.0,0.0,1.049655,1.796148,0.0,0.0,2.906413,0.0,0.0,1.489583,0.0,0.0,0.0,2.030244,1.15207,0.0,0.0,0.0,1.725004,0.0,0.9907276,0.0,0.0,2.348485,0.0,0.0,1.27666,0.0,0.0,0.0,1.462248,0.0,0.0,2.905324,0.0,2.220431,0.0,0.0,0.0,0.0,1.156158,0.0,2.759099,1.812616,2.550488,0.0,0.0,0.0,1.706304,0.0,2.893484,0.0,1.518989,1.16322,1.486928,2.075514,0.0
CTSL,2.090403,1.4192,4.182296,3.666207,0.0,2.144712,2.161078,0.0,2.527916,0.0,0.0,0.0,0.0,1.261038,0.0,2.390955,1.673252,2.202695,2.226923,2.458689,0.0,0.0,2.247703,1.837343,0.0,0.0,2.889947,2.859706,0.0,1.757593,1.505206,1.792176,2.032258,1.87562,0.0,3.005196,2.075514,3.437469,0.0,2.355078,0.0,3.980203,2.787718,2.585048,0.0,0.0,0.0,0.0,0.0,0.0,0.0,1.497077,2.418915,0.0,3.602124,0.0,0.0,0.0,2.31098
SLC25A5,1.658781,0.0,1.785537,0.0,1.882513,0.0,0.0,0.0,1.35631,0.0,2.266237,1.489583,0.0,1.801408,0.0,1.460467,1.15207,0.0,0.0,0.0,2.324845,0.0,1.478506,0.0,0.0,2.348485,0.0,0.0,1.27666,1.757593,0.0,1.792176,0.0,0.0,0.0,0.0,0.0,1.630348,2.264302,1.995965,1.277966,0.0,2.475572,0.0,0.0,0.0,0.0,1.456669,0.0,1.943172,2.675919,1.497077,0.0,2.174787,0.0,0.0,1.486928,0.0,1.035623
TAGLN2,1.34424003685314,0.0,0.0,1.65511853346191,1.55039484657658,1.7961479158672,2.16107815742127,0.0,1.3563103964635,2.28240633160662,0.0,0.0,0.0,1.80140759977689,1.6714083440343,0.0,0.733505814146228,1.3037610757724,0.0,0.0,1.40487829275209,0.0,0.990727613213213,0.0,2.03110657190696,0.0,0.0,0.0,0.0,2.36056424053068,0.0,0.0,1.46224791977103,0.0,0.0,2.36039043286559,0.0,0.862278251133781,1.67000672770644,0.0,1.27796609948947,2.02366296411885,1.80521862260206,1.23918083600871,0.0,0.996512192170311,0.0,1.45666876632877,1.57620422873054,2.56200059012028,0.0,0.0,1.81104470536833,0.0,0.0,0.0,1.48692787133448,0.0,1.53336020197676
PSMB8,0.0,0.0,0.0,0.0,0.0,0.0,0.0,0.0,0.0,0.0,0.0,0.0,0.0,0.0,0.0,0.9760627,0.7335058,0.0,0.0,0.0,0.9311854,0.0,0.0,0.0,2.031107,0.0,0.0,0.0,0.0,0.0,0.0,1.25312,0.0,0.0,0.0,0.0,0.0,0.8622783,0.0,0.0,0.0,0.0,0.5457487,0.0,0.0,0.0,0.0,0.0,0.0,0.0,0.0,0.0,0.0,0.0,1.518989,0.0,1.486928,1.500587,0.0
COL1A1,0.0,0.0,0.0,0.0,0.0,0.0,0.0,0.0,0.0,0.0,0.0,0.0,0.0,0.0,0.0,0.0,0.0,0.0,0.0,0.0,0.0,0.0,0.0,0.0,0.0,0.0,0.0,0.0,0.0,0.0,0.0,0.0,0.0,0.0,0.0,0.0,0.0,0.0,0.0,0.0,0.0,0.0,0.0,0.0,0.0,0.0,0.0,0.0,0.0,0.0,0.0,0.0,0.0,0.0,0.0,0.0,0.0,0.0,0.0
PPP1CC,0.0,2.341944,0.0,0.0,0.0,0.0,0.0,0.0,1.35631,0.0,0.0,0.0,0.0,1.261038,0.0,0.9760627,0.0,0.0,0.0,1.847625,0.0,1.906673,0.0,0.0,0.0,0.0,0.0,0.0,0.0,0.0,0.0,0.0,0.0,0.0,0.0,0.0,0.0,0.0,0.0,1.995965,0.0,0.0,0.8968225,1.239181,0.0,1.485604,0.0,0.0,0.0,0.0,1.706304,0.0,0.0,0.0,0.0,0.0,0.0,0.0,0.0
ATP1B3,0.8827899,1.4192,0.0,0.0,1.550395,0.0,0.0,0.0,0.0,0.0,2.266237,2.690632,0.0,1.801408,0.0,0.9760627,1.858146,0.0,0.0,2.458689,0.9311854,1.906673,0.9907276,0.0,0.0,2.348485,0.0,0.0,0.0,1.757593,1.505206,0.0,0.0,3.139809,2.528447,1.071247,0.0,1.31831,0.0,1.430228,1.277966,1.454652,1.156158,1.239181,0.0,0.0,0.0,0.0,1.91026,0.0,0.0,2.071563,0.9953279,2.174787,0.0,0.0,1.486928,0.0,1.53336
H2AFJ,1.897701,1.4192,0.0,0.0,0.0,1.256526,0.0,1.82284,0.0,0.0,0.0,0.0,0.0,0.0,1.671408,0.9760627,0.0,1.303761,0.0,0.0,0.0,0.0,1.478506,0.0,0.0,0.0,0.0,0.0,1.27666,0.0,0.0,1.25312,2.032258,1.87562,1.91206,0.0,0.0,0.8622783,1.670007,0.0,1.277966,0.0,0.5457487,1.239181,0.0,0.0,1.932488,0.0,1.070995,0.0,1.706304,0.0,0.9953279,0.0,1.518989,1.16322,0.0,0.0,0.0
AHNAK,1.34424,1.4192,1.785537,0.0,1.049655,1.256526,0.0,1.82284,1.911568,1.369507,1.671759,2.06312,0.0,2.150279,1.671408,0.0,1.446237,0.0,0.0,0.0,0.9311854,0.0,0.0,0.0,2.656408,0.0,0.0,0.0,0.0,2.360564,1.505206,2.140507,2.032258,0.0,0.0,1.576509,0.0,1.630348,0.0,0.0,1.277966,0.0,0.8968225,1.239181,0.0,0.0,0.0,0.0,1.070995,2.941412,0.0,1.497077,0.0,0.0,0.0,0.0,0.0,0.0,1.53336
DLC1,0.0,0.0,0.0,0.0,0.0,0.0,0.0,0.0,0.0,0.0,0.0,0.0,0.0,0.0,0.0,0.0,0.0,0.0,0.0,0.0,0.0,0.0,0.0,0.0,0.0,0.0,0.0,0.0,0.0,0.0,0.0,0.0,0.0,0.0,0.0,0.0,0.0,0.0,0.0,0.0,0.0,0.0,0.0,0.0,0.0,0.0,0.0,0.0,0.0,0.0,0.0,0.0,0.0,0.0,0.0,0.0,0.0,0.0,0.0
ZC3H13,0.0,0.0,0.0,0.0,0.0,1.256526,0.0,0.0,1.911568,0.0,0.0,1.489583,0.0,0.0,0.0,0.0,0.7335058,0.0,0.0,0.0,0.0,0.0,1.478506,2.447522,0.0,0.0,0.0,0.0,0.0,0.0,1.505206,0.0,1.462248,0.0,0.0,0.0,0.0,1.31831,0.0,0.0,0.0,1.454652,0.0,0.0,0.0,0.0,0.0,0.0,0.0,0.0,0.0,0.0,0.9953279,0.0,0.0,0.0,0.0,0.0,0.0
RNU12,0.0,1.4192,0.0,0.0,0.0,0.0,0.0,0.0,0.0,0.0,0.0,0.0,0.0,0.0,1.671408,0.0,0.0,0.0,0.0,0.0,0.0,0.0,0.0,0.0,0.0,0.0,0.0,0.0,0.0,0.0,2.080711,0.0,0.0,0.0,0.0,1.576509,0.0,0.0,1.670007,0.0,0.0,0.0,1.156158,1.239181,0.0,0.9965122,0.0,0.0,0.0,0.0,0.0,0.0,0.0,0.0,0.0,0.0,0.0,0.0,0.0
ZNF706,0.0,0.0,0.0,1.655119,1.882513,0.0,0.0,1.82284,1.35631,0.0,0.0,0.0,2.099651,0.0,0.0,0.0,1.673252,0.0,0.0,0.0,1.967121,0.0,0.9907276,0.0,2.656408,0.0,0.0,0.0,1.27666,0.0,0.0,1.792176,0.0,0.0,0.0,0.0,0.0,0.8622783,1.670007,1.430228,1.277966,0.0,1.156158,0.0,0.0,0.9965122,0.0,1.456669,0.0,0.0,0.0,0.0,0.0,0.0,0.0,1.16322,0.0,0.0,1.53336
RPS24,3.329883,3.934587,2.765585,3.666207,3.819029,2.922751,2.794899,3.469992,2.906413,3.310569,3.571564,3.742964,2.729593,3.055541,3.292792,3.371348,3.211331,3.111958,4.003023,2.835223,4.031592,3.389573,3.393981,1.837343,3.70709,2.992697,3.276712,3.673721,3.466228,3.984959,3.677715,3.258577,3.315102,2.866454,3.395684,2.160569,0.0,2.05959,3.684114,3.14663,3.291878,3.030035,3.245736,3.331512,3.569526,3.60781,3.745891,3.17978,3.45608,2.941412,3.612768,3.574761,2.684092,4.463646,3.257067,3.22694,3.345962,3.476889,2.853693
GLCCI1,0.0,0.0,0.0,0.0,0.0,1.256526,0.0,0.0,0.0,0.0,0.0,0.0,0.0,1.261038,0.0,0.0,0.0,0.0,0.0,0.0,0.0,0.0,0.0,0.0,0.0,0.0,0.0,0.0,0.0,0.0,1.505206,0.0,0.0,0.0,0.0,1.071247,0.0,0.0,0.0,0.0,0.0,0.0,0.0,0.0,0.0,0.0,0.0,0.0,0.0,0.0,0.0,0.0,0.0,2.174787,0.0,0.0,0.0,0.0,0.0
BST2,0.8827899,1.98343,0.0,0.0,0.0,1.256526,0.0,1.82284,1.911568,1.369507,0.0,2.06312,0.0,1.801408,1.671408,0.9760627,1.858146,0.0,0.0,0.0,0.9311854,0.0,0.9907276,0.0,0.0,0.0,0.0,0.0,1.27666,1.757593,0.0,1.792176,0.0,0.0,1.91206,1.071247,0.0,0.8622783,0.0,0.0,1.821102,0.0,0.0,0.0,0.0,0.0,0.0,1.456669,1.070995,0.0,0.0,0.0,0.0,0.0,0.0,0.0,1.486928,1.500587,0.0
PRSS23,0.0,0.0,0.0,0.0,0.0,0.0,0.0,0.0,0.0,0.0,0.0,0.0,0.0,0.0,0.0,0.0,0.0,1.303761,0.0,0.0,0.0,0.0,0.0,0.0,0.0,0.0,0.0,0.0,0.0,0.0,0.0,0.0,0.0,0.0,0.0,1.910587,0.0,0.0,0.0,0.0,0.0,0.0,0.0,0.0,0.0,0.0,0.0,0.0,0.0,0.0,0.0,0.0,0.0,0.0,0.0,0.0,0.0,0.0,0.0
C19orf70,0.8827899,0.0,0.0,0.0,1.049655,0.0,0.0,0.0,0.0,0.0,0.0,0.0,2.099651,1.261038,0.0,1.460467,0.7335058,1.85101,0.0,0.0,0.0,0.0,0.0,0.0,0.0,0.0,0.0,0.0,1.27666,0.0,0.0,0.0,0.0,0.0,0.0,1.910587,0.0,0.8622783,0.0,0.0,0.0,0.0,0.0,0.0,1.779777,0.9965122,0.0,1.456669,2.160229,0.0,0.0,0.0,0.0,0.0,1.518989,0.0,0.0,0.0,1.53336
EEF1B2,1.658781,2.813555,0.0,2.247854,1.550395,1.796148,0.0,1.82284,0.0,0.0,1.671759,2.42531,0.0,1.261038,1.671408,1.460467,2.014131,1.303761,0.0,0.0,2.885508,1.906673,0.0,0.0,2.656408,0.0,2.250889,0.0,2.169504,1.757593,1.505206,1.792176,1.462248,2.489042,0.0,1.071247,0.0,1.31831,2.9041,1.430228,1.277966,0.0,1.917981,1.239181,2.384817,2.562001,1.932488,1.456669,1.576204,0.0,1.706304,2.699644,0.9953279,0.0,0.0,1.16322,0.0,2.438248,1.035623
TSTD1,0.0,0.0,0.0,0.0,0.0,0.0,0.0,0.0,0.0,0.0,0.0,0.0,0.0,0.0,0.0,0.0,0.733505814146228,0.0,0.0,0.0,0.0,0.0,0.0,0.0,2.03110657190696,0.0,0.0,0.0,0.0,0.0,0.0,1.25312022618914,0.0,0.0,0.0,0.0,0.0,0.862278251133781,0.0,1.43022756802944,0.0,0.0,0.545748720849974,0.0,0.0,0.996512192170311,0.0,0.0,1.07099481969502,0.0,0.0,0.0,0.0,0.0,0.0,0.0,0.0,0.0,1.03562295451737
CCDC57,0.8827899,1.4192,0.0,0.0,0.0,0.0,0.0,0.0,0.0,0.0,0.0,0.0,0.0,0.0,0.0,0.0,0.0,0.0,0.0,0.0,0.9311854,0.0,0.0,0.0,0.0,0.0,0.0,0.0,0.0,0.0,1.505206,0.0,0.0,0.0,0.0,0.0,0.0,0.0,0.0,0.0,0.0,0.0,0.0,0.0,0.0,0.0,0.0,1.456669,0.0,0.0,0.0,0.0,0.0,0.0,0.0,1.68648,0.0,0.0,1.035623
HNRNPK,1.34424,1.4192,0.0,1.655119,0.0,1.256526,0.0,0.0,1.35631,0.0,0.0,1.489583,2.099651,1.261038,2.265849,0.0,1.15207,0.0,0.0,1.847625,0.0,2.900981,1.478506,0.0,0.0,0.0,0.0,2.482481,0.0,0.0,1.505206,2.140507,0.0,0.0,0.0,1.071247,0.0,1.31831,0.0,1.430228,1.821102,0.0,1.361899,2.123261,2.384817,2.058635,0.0,2.025946,2.160229,1.943172,2.675919,0.0,0.0,0.0,2.45983,0.0,0.0,0.0,1.035623
PYURF,0.0,1.4192,0.0,0.0,0.0,0.0,0.0,0.0,0.0,0.0,0.0,0.0,0.0,1.261038,0.0,0.9760627,1.15207,0.0,0.0,0.0,0.0,2.522629,1.478506,0.0,0.0,0.0,0.0,0.0,0.0,0.0,0.0,0.0,1.462248,0.0,0.0,0.0,0.0,1.31831,0.0,0.0,1.277966,0.0,0.8968225,0.0,1.779777,0.0,0.0,0.0,0.0,0.0,0.0,0.0,0.0,0.0,0.0,0.0,0.0,0.0,1.035623
COMMD3,0.0,0.0,0.0,0.0,0.0,0.0,0.0,0.0,0.0,0.0,1.671759,0.0,0.0,0.0,0.0,0.0,0.0,0.0,0.0,0.0,0.0,0.0,0.0,0.0,0.0,0.0,0.0,0.0,0.0,0.0,0.0,0.0,0.0,0.0,0.0,0.0,0.0,0.0,0.0,0.0,0.0,0.0,0.5457487,0.0,0.0,0.0,0.0,0.0,1.070995,0.0,1.706304,0.0,0.0,0.0,0.0,0.0,0.0,1.500587,0.0
LDHA,1.658781,1.4192,0.0,1.655119,0.0,0.0,2.794899,0.0,1.911568,0.0,0.0,0.0,2.729593,1.261038,1.671408,0.9760627,0.7335058,1.303761,2.595773,1.847625,1.725004,1.906673,0.0,0.0,0.0,0.0,0.0,2.859706,0.0,0.0,1.505206,0.0,1.462248,0.0,0.0,1.071247,0.0,1.630348,1.670007,2.355078,1.821102,2.023663,1.917981,0.0,0.0,1.812616,0.0,0.0,1.576204,0.0,0.0,2.071563,1.484152,0.0,0.0,0.0,0.0,1.500587,2.112325
GTF2I,0.8827899,1.4192,0.0,0.0,0.0,0.0,0.0,0.0,1.35631,0.0,2.266237,0.0,0.0,0.0,1.671408,0.0,0.0,0.0,1.636206,0.0,0.9311854,0.0,0.0,0.0,2.031107,0.0,0.0,0.0,0.0,0.0,0.0,0.0,1.462248,0.0,0.0,0.0,0.0,0.0,0.0,0.0,1.277966,0.0,1.361899,0.0,0.0,0.0,0.0,0.0,1.576204,0.0,0.0,0.0,0.0,0.0,0.0,1.16322,0.0,1.500587,0.0
DNAJC3,0.8827899,0.0,0.0,0.0,0.0,0.0,0.0,0.0,0.0,1.369507,0.0,0.0,0.0,0.0,0.0,1.460467,0.0,0.0,0.0,0.0,0.0,0.0,0.0,0.0,2.031107,0.0,0.0,0.0,0.0,0.0,0.0,0.0,0.0,1.87562,0.0,0.0,0.0,0.0,0.0,0.0,0.0,0.0,0.0,0.0,0.0,0.9965122,0.0,0.0,0.0,0.0,0.0,0.0,0.0,0.0,0.0,1.16322,0.0,0.0,1.53336
RABAC1,0.8827899,0.0,0.0,0.0,0.0,0.0,0.0,0.0,1.35631,0.0,0.0,1.489583,0.0,1.261038,0.0,0.9760627,0.0,2.462362,0.0,0.0,0.0,0.0,1.478506,0.0,2.031107,0.0,0.0,1.869563,0.0,1.757593,0.0,1.25312,0.0,1.87562,0.0,1.576509,0.0,1.630348,0.0,0.0,1.277966,2.384071,1.156158,0.0,0.0,0.0,0.0,0.0,1.070995,0.0,0.0,0.0,1.484152,0.0,0.0,1.16322,0.0,0.0,0.0
SLIRP,0.8827899,0.0,0.0,0.0,0.0,0.0,0.0,0.0,2.266495,0.0,0.0,0.0,0.0,0.0,1.671408,1.460467,1.446237,0.0,0.0,0.0,1.404878,0.0,0.0,0.0,2.031107,0.0,0.0,0.0,0.0,0.0,0.0,0.0,2.032258,0.0,0.0,0.0,0.0,0.8622783,0.0,0.0,0.0,0.0,1.156158,0.0,0.0,0.0,0.0,1.456669,1.070995,2.562001,0.0,0.0,0.0,0.0,1.518989,0.0,1.486928,0.0,1.035623
COPZ1,0.0,0.0,0.0,0.0,0.0,1.796148,0.0,0.0,2.266495,0.0,0.0,1.489583,0.0,0.0,0.0,0.0,0.0,0.0,0.0,1.847625,0.0,0.0,0.0,0.0,0.0,0.0,0.0,0.0,0.0,0.0,0.0,0.0,0.0,0.0,0.0,0.0,0.0,0.0,1.670007,0.0,1.277966,0.0,0.0,1.239181,0.0,0.0,0.0,0.0,0.0,0.0,0.0,0.0,0.0,0.0,0.0,0.0,0.0,0.0,0.0
CSRP1,0.0,0.0,0.0,0.0,0.0,0.0,0.0,1.8228403481643,0.0,1.36950713014174,0.0,0.0,0.0,0.0,0.0,0.0,0.0,0.0,0.0,0.0,0.0,0.0,0.0,0.0,0.0,0.0,0.0,0.0,0.0,0.0,0.0,0.0,0.0,0.0,0.0,0.0,0.0,1.31831028677075,0.0,0.0,0.0,0.0,0.545748720849974,0.0,0.0,0.0,0.0,0.0,1.91025982681873,0.0,0.0,0.0,0.0,0.0,0.0,0.0,0.0,0.0,0.0
RPL37A,3.277803,4.103345,3.426757,3.666207,3.934371,3.439082,2.161078,3.293874,3.487384,3.667001,3.789069,3.220743,3.934631,3.361067,3.571144,2.655485,2.907878,3.502474,3.399514,2.458689,3.975477,3.84685,3.206994,1.837343,2.656408,2.992697,2.250889,4.116434,3.805306,3.673454,3.368697,2.918244,3.708383,3.530738,3.395684,3.005196,2.075514,3.18905,4.364622,3.274772,3.747839,3.776866,3.537807,3.493053,3.69953,3.560374,3.595668,3.851911,3.809336,3.215809,2.675919,2.909251,2.684092,2.80944,3.257067,3.900048,2.687435,3.476889,3.712863
STK17B,0.0,0.0,0.0,0.0,1.049655,0.0,0.0,0.0,0.0,0.0,0.0,0.0,0.0,1.261038,1.671408,0.0,0.7335058,0.0,0.0,2.458689,1.404878,1.906673,0.0,0.0,0.0,0.0,0.0,0.0,0.0,0.0,0.0,0.0,0.0,0.0,0.0,0.0,3.086757,0.0,0.0,0.0,0.0,0.0,0.5457487,0.0,2.384817,2.058635,1.932488,0.0,0.0,1.943172,1.706304,0.0,0.0,0.0,0.0,0.0,0.0,0.0,0.0
NAP1L1,2.390912,1.98343,2.391105,0.0,1.882513,2.144712,2.161078,0.0,1.911568,2.544248,1.671759,0.0,0.0,2.408416,2.265849,2.030244,0.0,0.0,0.0,0.0,1.725004,1.906673,0.0,0.0,0.0,0.0,0.0,0.0,0.0,2.360564,1.505206,0.0,1.462248,1.87562,0.0,1.576509,0.0,1.31831,3.116224,1.430228,1.821102,0.0,1.532449,1.239181,2.384817,2.255922,1.932488,2.386459,1.070995,0.0,0.0,1.497077,0.9953279,2.80944,0.0,2.028235,1.486928,2.438248,1.035623
TNXB,0.0,0.0,0.0,0.0,0.0,0.0,0.0,0.0,0.0,0.0,0.0,0.0,0.0,0.0,0.0,0.0,0.0,0.0,0.0,0.0,0.0,0.0,0.0,0.0,0.0,0.0,0.0,0.0,0.0,0.0,0.0,0.0,0.0,0.0,0.0,0.0,0.0,0.0,0.0,0.0,0.0,0.0,0.0,0.0,0.0,0.0,0.0,0.0,0.0,0.0,0.0,0.0,0.0,0.0,0.0,0.0,0.0,0.0,0.0
ATP2C1,0.0,0.0,0.0,0.0,0.0,0.0,0.0,0.0,1.35631,0.0,1.671759,0.0,0.0,0.0,0.0,0.0,1.15207,0.0,0.0,0.0,0.0,0.0,0.0,0.0,0.0,0.0,0.0,0.0,0.0,0.0,0.0,0.0,0.0,0.0,0.0,0.0,0.0,0.8622783,0.0,0.0,0.0,0.0,0.0,0.0,0.0,0.0,0.0,0.0,0.0,0.0,0.0,0.0,0.0,0.0,0.0,0.0,0.0,0.0,0.0
CPQ,0.0,0.0,0.0,0.0,0.0,0.0,0.0,0.0,0.0,0.0,0.0,1.489583,0.0,0.0,0.0,0.0,0.0,0.0,0.0,0.0,0.0,0.0,0.9907276,0.0,0.0,0.0,0.0,0.0,1.27666,0.0,0.0,0.0,0.0,0.0,0.0,0.0,0.0,0.0,0.0,0.0,0.0,0.0,0.0,0.0,1.779777,0.0,0.0,0.0,0.0,0.0,0.0,0.0,1.484152,2.174787,0.0,1.16322,0.0,0.0,0.0
COX17,0.8827899,1.4192,0.0,0.0,0.0,0.0,0.0,0.0,2.266495,0.0,0.0,0.0,2.099651,1.261038,0.0,1.460467,0.0,1.303761,0.0,0.0,1.404878,1.906673,1.478506,0.0,2.031107,0.0,0.0,1.869563,1.27666,0.0,0.0,1.25312,1.462248,0.0,0.0,1.576509,2.075514,1.867825,1.670007,0.0,1.277966,1.454652,2.019307,0.0,0.0,0.9965122,1.932488,0.0,1.070995,0.0,1.706304,1.497077,0.0,0.0,1.518989,0.0,0.0,1.500587,1.53336
CANX,1.897701,0.0,0.0,0.0,1.550395,0.0,0.0,0.0,1.35631,0.0,0.0,0.0,0.0,1.801408,0.0,0.0,1.15207,0.0,0.0,0.0,1.404878,1.906673,0.0,0.0,2.031107,2.348485,0.0,0.0,1.27666,0.0,0.0,1.25312,0.0,0.0,2.528447,0.0,2.075514,2.220431,0.0,0.0,0.0,1.454652,0.5457487,0.0,0.0,0.0,0.0,0.0,1.91026,0.0,0.0,1.497077,2.056997,0.0,2.096202,1.16322,0.0,2.075514,1.035623
RTF1,0.0,0.0,0.0,0.0,0.0,1.256526,0.0,0.0,0.0,0.0,0.0,0.0,0.0,0.0,0.0,0.0,1.15207,1.303761,0.0,0.0,0.9311854,0.0,0.0,0.0,0.0,0.0,0.0,0.0,1.27666,0.0,0.0,0.0,0.0,0.0,0.0,1.071247,0.0,0.8622783,0.0,0.0,0.0,0.0,0.0,0.0,0.0,1.485604,0.0,0.0,0.0,0.0,0.0,0.0,0.0,2.80944,0.0,1.16322,0.0,0.0,0.0
SERINC5,0.0,0.0,0.0,0.0,0.0,0.0,0.0,0.0,0.0,0.0,0.0,0.0,0.0,0.0,0.0,0.0,0.0,0.0,0.0,0.0,0.0,0.0,0.0,0.0,0.0,0.0,0.0,0.0,0.0,0.0,0.0,0.0,0.0,0.0,0.0,0.0,0.0,0.0,0.0,0.0,0.0,0.0,0.0,0.0,0.0,1.485604,0.0,0.0,0.0,0.0,0.0,0.0,0.0,0.0,1.518989,0.0,0.0,0.0,0.0
PTMS,1.34424,0.0,0.0,0.0,0.0,0.0,0.0,1.82284,0.0,1.369507,0.0,0.0,0.0,1.261038,0.0,0.9760627,0.0,0.0,0.0,0.0,0.0,0.0,0.0,0.0,0.0,0.0,0.0,0.0,1.27666,0.0,0.0,1.25312,0.0,0.0,1.91206,0.0,0.0,1.31831,0.0,1.430228,0.0,0.0,0.5457487,0.0,0.0,0.0,0.0,0.0,0.0,0.0,0.0,0.0,0.9953279,0.0,0.0,0.0,0.0,0.0,0.0
TXNDC15,0.0,1.98343,0.0,0.0,1.049655,0.0,0.0,0.0,1.35631,0.0,0.0,0.0,0.0,0.0,0.0,0.0,0.0,0.0,0.0,0.0,0.0,0.0,0.0,0.0,0.0,0.0,0.0,0.0,0.0,0.0,0.0,1.25312,0.0,0.0,0.0,0.0,2.075514,0.0,0.0,0.0,0.0,0.0,0.0,0.0,0.0,0.0,0.0,0.0,0.0,0.0,1.706304,0.0,0.0,0.0,0.0,0.0,0.0,0.0,0.0
UQCR10,1.34424,1.98343,0.0,1.655119,1.049655,1.256526,0.0,1.82284,1.911568,2.282406,1.671759,0.0,0.0,1.261038,0.0,2.030244,2.014131,0.0,0.0,0.0,1.725004,0.0,2.412261,0.0,0.0,0.0,0.0,0.0,1.27666,1.757593,2.080711,1.25312,2.032258,0.0,1.91206,0.0,0.0,1.630348,0.0,1.430228,1.277966,0.0,1.805219,0.0,0.0,0.9965122,0.0,1.456669,1.576204,0.0,1.706304,0.0,1.484152,0.0,0.0,1.68648,2.422185,1.500587,1.035623
TRMT112,0.8827899,0.0,0.0,0.0,0.0,0.0,0.0,0.0,1.35631,0.0,1.671759,1.489583,0.0,0.0,0.0,0.9760627,1.15207,1.303761,0.0,0.0,0.0,1.906673,0.9907276,0.0,0.0,0.0,0.0,0.0,0.0,0.0,1.505206,0.0,1.462248,0.0,0.0,1.071247,0.0,0.0,0.0,1.430228,1.277966,0.0,0.0,0.0,0.0,1.812616,0.0,1.456669,1.070995,0.0,0.0,0.0,0.0,2.174787,1.518989,0.0,1.486928,0.0,0.0
POLR2K,1.34424,0.0,0.0,0.0,0.0,0.0,0.0,0.0,0.0,1.369507,0.0,0.0,0.0,0.0,1.671408,1.785399,0.0,1.303761,0.0,0.0,0.9311854,1.906673,0.9907276,0.0,0.0,0.0,0.0,0.0,0.0,0.0,0.0,0.0,0.0,0.0,0.0,1.071247,0.0,1.31831,1.670007,1.430228,0.0,0.0,0.8968225,0.0,0.0,0.0,1.932488,0.0,0.0,0.0,0.0,0.0,0.0,0.0,1.518989,1.16322,0.0,0.0,0.0
PSMB9,0.0,0.0,0.0,1.655119,1.049655,0.0,0.0,1.82284,0.0,1.369507,1.671759,1.489583,2.099651,0.0,0.0,0.0,1.673252,1.85101,0.0,0.0,1.725004,0.0,0.9907276,0.0,0.0,0.0,0.0,0.0,0.0,0.0,0.0,0.0,0.0,0.0,0.0,0.0,0.0,0.8622783,1.670007,0.0,0.0,0.0,1.156158,0.0,0.0,1.812616,0.0,2.025946,0.0,0.0,2.304297,0.0,0.0,0.0,0.0,0.0,1.486928,0.0,0.0
B2M,4.67584,4.887489,4.656038,3.947475,4.653706,4.821462,3.851911,4.147458,4.437621,5.159465,4.767978,4.503319,4.75025,5.26378,5.318236,5.052894,5.069066,5.445653,3.643381,4.460327,4.374666,3.566258,4.526478,4.564733,3.988616,5.584066,3.950802,3.804075,4.570909,5.071099,4.358141,5.001082,4.895045,4.493096,4.471698,3.891319,3.907623,4.334283,4.116935,5.437796,4.489055,5.61126,4.502979,4.435504,4.822001,4.333204,5.418115,3.17978,4.036542,3.75808,4.846074,4.203252,4.308667,4.770724,4.77686,4.560272,5.37842,5.16602,3.837763
LSM1,0.8827899,0.0,0.0,1.655119,0.0,0.0,0.0,0.0,0.0,0.0,0.0,1.489583,0.0,0.0,0.0,0.0,1.446237,0.0,0.0,0.0,0.0,0.0,0.9907276,0.0,0.0,0.0,0.0,0.0,0.0,0.0,0.0,1.792176,1.462248,0.0,0.0,0.0,0.0,0.8622783,0.0,0.0,0.0,0.0,0.0,0.0,0.0,0.0,0.0,0.0,0.0,0.0,0.0,0.0,0.0,0.0,0.0,0.0,0.0,0.0,1.035623
RPL37,3.22286,3.568742,2.765585,3.551615,3.688629,3.439082,0.0,0.0,3.052723,3.739282,3.44204,3.565368,3.783734,2.783436,3.571144,3.250754,2.557696,2.984765,2.864632,3.10812,3.674727,3.174825,3.135995,2.447522,2.656408,3.381304,3.276712,3.919379,3.466228,3.543543,2.080711,3.651145,3.859025,2.489042,3.180885,2.905324,2.075514,3.003686,4.116935,2.82721,2.805539,3.17726,2.787718,2.123261,3.420059,3.888691,3.203831,3.523898,2.904961,3.430896,3.483083,3.358599,0.9953279,3.688918,3.109313,3.22694,3.459824,3.835059,3.40352
CD2,0.0,0.0,0.0,0.0,0.0,0.0,0.0,0.0,0.0,0.0,0.0,0.0,0.0,0.0,0.0,0.0,0.0,0.0,0.0,0.0,0.931185403523441,1.90667306245649,0.0,0.0,0.0,0.0,0.0,0.0,0.0,0.0,0.0,0.0,0.0,0.0,0.0,0.0,0.0,0.0,1.67000672770644,0.0,0.0,0.0,0.0,0.0,0.0,1.48560448424277,0.0,0.0,0.0,0.0,0.0,0.0,0.0,0.0,0.0,0.0,0.0,0.0,0.0
VAPA,0.8827899,0.0,1.785537,0.0,1.550395,1.256526,0.0,0.0,1.35631,0.0,1.671759,0.0,0.0,0.0,0.0,0.9760627,1.446237,0.0,0.0,0.0,0.9311854,0.0,0.9907276,0.0,0.0,0.0,0.0,1.869563,1.27666,0.0,0.0,1.25312,0.0,0.0,0.0,1.071247,0.0,0.8622783,2.264302,0.0,0.0,0.0,1.361899,0.0,2.384817,1.485604,2.550488,0.0,1.576204,1.943172,0.0,0.0,0.9953279,0.0,0.0,0.0,0.0,0.0,0.0
ARID5B,0.8827899,0.0,0.0,0.0,0.0,0.0,0.0,0.0,0.0,0.0,0.0,0.0,0.0,1.261038,0.0,0.0,0.0,0.0,0.0,0.0,0.0,0.0,0.0,0.0,0.0,0.0,0.0,1.869563,0.0,0.0,0.0,0.0,0.0,0.0,0.0,0.0,0.0,0.0,0.0,0.0,0.0,0.0,0.0,0.0,0.0,0.0,0.0,0.0,0.0,0.0,0.0,0.0,0.0,0.0,0.0,0.0,0.0,0.0,0.0
PPA1,0.0,1.98343,1.785537,1.655119,1.049655,0.0,0.0,0.0,0.0,0.0,0.0,0.0,0.0,0.0,0.0,0.9760627,0.7335058,0.0,0.0,0.0,1.967121,0.0,0.0,0.0,0.0,0.0,0.0,0.0,0.0,0.0,0.0,1.25312,1.462248,0.0,0.0,0.0,0.0,0.0,2.634519,0.0,0.0,0.0,1.361899,0.0,1.779777,0.9965122,0.0,1.456669,1.576204,0.0,0.0,0.0,0.0,2.174787,0.0,1.68648,2.060127,0.0,1.035623
PDLIM1,0.0,0.0,0.0,0.0,0.0,0.0,0.0,0.0,0.0,0.0,0.0,0.0,0.0,0.0,0.0,0.0,0.0,0.0,0.0,0.0,0.0,0.0,0.0,0.0,0.0,0.0,0.0,0.0,0.0,0.0,0.0,0.0,0.0,0.0,0.0,0.0,0.0,0.8622783,0.0,0.0,0.0,0.0,0.0,0.0,0.0,0.0,0.0,0.0,0.0,0.0,0.0,0.0,0.0,0.0,0.0,0.0,0.0,0.0,1.035623
HLA-DQA1,2.621673,3.568742,0.0,1.655119,2.131401,1.256526,2.161078,2.431754,1.911568,2.75156,2.636523,2.06312,0.0,3.445183,0.0,0.9760627,3.294979,3.502474,0.0,0.0,3.634961,1.906673,2.412261,0.0,3.857728,3.381304,0.0,0.0,2.428212,3.005378,0.0,1.25312,2.393061,0.0,2.528447,1.576509,0.0,0.0,0.0,1.430228,2.171108,1.454652,0.0,1.239181,0.0,3.402859,0.0,3.616525,0.0,2.562001,0.0,0.0,0.0,3.194621,0.0,2.484998,2.687435,1.500587,0.0
MFGE8,0.0,0.0,0.0,0.0,0.0,0.0,0.0,0.0,0.0,0.0,0.0,0.0,0.0,0.0,0.0,0.0,0.0,0.0,0.0,0.0,0.0,0.0,0.0,0.0,0.0,0.0,0.0,0.0,0.0,1.757593,0.0,0.0,0.0,0.0,0.0,1.071247,0.0,0.0,0.0,0.0,0.0,0.0,0.0,0.0,0.0,0.0,0.0,0.0,0.0,0.0,0.0,0.0,0.0,0.0,0.0,0.0,0.0,0.0,0.0
HLA-DRA,4.332504,5.290438,2.765585,3.273447,4.816564,4.194839,3.851911,4.832672,3.180333,4.182585,4.470843,3.073224,2.729593,5.464699,4.118633,3.956491,5.254871,5.479797,3.076309,3.10812,4.969736,5.306152,4.126408,1.837343,4.789201,4.340652,2.889947,3.132963,4.427343,4.668767,4.044477,3.044999,4.158842,3.139809,4.8049,3.456452,2.075514,3.003686,3.684114,4.464189,4.489055,2.85733,3.300729,3.632091,2.384817,4.91263,4.427161,4.461099,3.514847,4.201545,3.158821,2.071563,2.893484,5.554549,2.935878,5.112087,4.975259,4.866918,0.0
SEPT1,0.0,0.0,0.0,0.0,0.0,0.0,0.0,0.0,0.0,0.0,0.0,0.0,0.0,0.0,0.0,0.0,0.0,0.0,0.0,0.0,0.0,0.0,0.0,0.0,0.0,0.0,0.0,0.0,0.0,0.0,0.0,0.0,0.0,0.0,0.0,0.0,0.0,0.0,0.0,0.0,0.0,0.0,0.0,0.0,0.0,0.0,0.0,0.0,0.0,0.0,0.0,0.0,0.0,0.0,0.0,0.0,0.0,0.0,0.0
APRT,0.0,1.4192,0.0,0.0,1.882513,0.0,0.0,0.0,2.266495,0.0,1.671759,2.42531,0.0,1.261038,0.0,0.9760627,1.673252,1.303761,0.0,1.847625,1.404878,0.0,0.9907276,0.0,0.0,0.0,0.0,0.0,0.0,0.0,0.0,1.25312,0.0,0.0,1.91206,1.576509,0.0,0.8622783,0.0,0.0,1.277966,1.454652,0.0,0.0,0.0,0.0,1.932488,2.025946,1.91026,1.943172,0.0,0.0,0.9953279,0.0,0.0,0.0,0.0,0.0,2.112325
COX7A1,0.0,0.0,0.0,0.0,0.0,0.0,0.0,0.0,0.0,0.0,0.0,0.0,0.0,0.0,0.0,0.0,0.0,0.0,0.0,0.0,0.0,0.0,0.0,0.0,0.0,0.0,0.0,0.0,0.0,0.0,0.0,0.0,0.0,0.0,0.0,0.0,0.0,0.0,0.0,0.0,0.0,0.0,0.0,0.0,0.0,0.0,0.0,0.0,0.0,0.0,0.0,0.0,0.0,0.0,0.0,0.0,0.0,0.0,0.0
PCBP1,1.34424,1.98343,1.785537,2.247854,1.049655,1.796148,0.0,0.0,1.35631,1.926702,2.266237,1.489583,0.0,1.801408,1.671408,1.460467,1.446237,0.0,0.0,1.847625,2.161894,2.522629,0.9907276,1.837343,0.0,0.0,0.0,0.0,0.0,0.0,2.080711,2.603153,1.462248,0.0,0.0,2.36039,0.0,1.31831,2.264302,0.0,2.171108,0.0,2.111304,1.775896,0.0,1.485604,1.932488,2.025946,2.669169,2.562001,0.0,1.497077,1.484152,0.0,0.0,0.0,1.486928,2.075514,0.0
DPT,0.0,0.0,0.0,0.0,0.0,0.0,0.0,0.0,0.0,0.0,0.0,0.0,0.0,0.0,0.0,0.0,0.0,0.0,0.0,0.0,0.0,0.0,0.0,0.0,0.0,0.0,0.0,0.0,0.0,0.0,0.0,0.0,0.0,0.0,0.0,0.0,0.0,0.0,0.0,0.0,0.0,0.0,0.0,0.0,0.0,0.0,0.0,0.0,0.0,0.0,0.0,0.0,0.0,0.0,0.0,0.0,0.0,0.0,0.0
ATPIF1,1.65878147631396,0.0,0.0,0.0,1.04965501064734,0.0,0.0,0.0,1.3563103964635,0.0,1.67175919771753,0.0,0.0,0.0,1.6714083440343,0.0,0.0,1.3037610757724,0.0,0.0,0.931185403523441,0.0,0.990727613213213,0.0,0.0,0.0,0.0,1.86956329118445,0.0,0.0,0.0,0.0,1.46224791977103,1.87561978493154,1.91205973214532,0.0,0.0,1.31831028677075,0.0,0.0,1.27796609948947,0.0,1.15615777431471,0.0,0.0,1.48560448424277,0.0,1.45666876632877,0.0,0.0,0.0,0.0,1.48415195791382,0.0,1.51898924628139,0.0,1.48692787133448,0.0,1.03562295451737
NRP1,0.8827899,1.4192,0.0,0.0,0.0,0.0,0.0,0.0,1.35631,1.369507,1.671759,0.0,0.0,0.0,0.0,0.9760627,0.7335058,0.0,0.0,0.0,0.0,0.0,0.0,0.0,0.0,0.0,0.0,0.0,0.0,1.757593,2.080711,0.0,1.462248,0.0,1.91206,1.071247,0.0,0.0,0.0,0.0,0.0,0.0,0.8968225,0.0,0.0,0.0,0.0,0.0,1.070995,0.0,0.0,0.0,0.9953279,0.0,1.518989,0.0,2.060127,0.0,0.0
ATP5A1,0.0,0.0,0.0,0.0,0.0,1.256526,0.0,0.0,1.35631,0.0,0.0,0.0,0.0,0.0,0.0,0.0,1.15207,0.0,0.0,0.0,0.9311854,1.906673,0.0,0.0,0.0,0.0,0.0,0.0,0.0,1.757593,0.0,0.0,0.0,1.87562,0.0,1.576509,0.0,1.31831,0.0,0.0,0.0,0.0,0.5457487,0.0,0.0,0.0,0.0,0.0,1.070995,0.0,0.0,0.0,0.0,0.0,1.518989,1.16322,0.0,0.0,2.112325
TXNIP,0.0,2.60529779291622,0.0,0.0,1.8825132673014,1.7961479158672,0.0,3.07996562137298,1.3563103964635,2.54424779972362,0.0,0.0,2.09965141229548,2.61340410693203,2.63612183117666,1.78539900421335,2.5576962276386,2.46236213978458,0.0,0.0,1.96712095815354,2.52262929039521,1.47850581878633,0.0,2.03110657190696,0.0,0.0,0.0,3.07625998199236,0.0,3.24007264006985,0.0,1.46224791977103,0.0,3.18088526595284,1.07124707440253,2.07551397826316,1.86782548328248,3.29113029694726,0.0,2.63524003599628,0.0,1.36189932329737,0.0,0.0,2.25592185192207,2.92959373315859,2.38645900995937,0.0,0.0,3.48308343337788,0.0,1.81104470536833,0.0,0.0,0.0,3.06995394785589,2.70386025083836,1.03562295451737
LY96,1.34424,1.4192,0.0,0.0,2.131401,0.0,0.0,0.0,2.266495,2.282406,0.0,0.0,2.099651,2.408416,1.671408,2.655485,1.673252,2.668312,0.0,0.0,1.725004,1.906673,0.9907276,0.0,0.0,0.0,0.0,0.0,2.633559,1.757593,1.505206,1.792176,1.462248,0.0,0.0,0.0,0.0,0.0,0.0,2.355078,0.0,0.0,0.8968225,0.0,1.779777,0.0,0.0,0.0,0.0,0.0,0.0,1.497077,0.0,0.0,0.0,1.68648,0.0,0.0,0.0
TACC1,0.0,1.4192,0.0,0.0,0.0,0.0,2.161078,0.0,1.35631,1.369507,0.0,0.0,0.0,1.261038,0.0,0.0,0.0,1.85101,0.0,0.0,0.9311854,1.906673,0.0,0.0,0.0,0.0,0.0,0.0,0.0,0.0,0.0,1.25312,1.462248,0.0,0.0,1.071247,0.0,1.31831,0.0,0.0,0.0,0.0,0.8968225,0.0,0.0,2.058635,0.0,0.0,0.0,0.0,0.0,0.0,0.0,0.0,0.0,1.16322,0.0,0.0,0.0
HSPA8,0.0,1.4192,0.0,0.0,1.550395,0.0,0.0,1.82284,1.911568,1.926702,0.0,2.06312,0.0,0.0,1.671408,1.460467,1.446237,0.0,0.0,0.0,0.9311854,0.0,1.478506,0.0,0.0,0.0,0.0,0.0,1.27666,0.0,2.709405,1.25312,0.0,0.0,1.91206,0.0,0.0,0.8622783,1.670007,0.0,1.277966,0.0,2.195546,0.0,0.0,1.812616,0.0,2.386459,1.91026,0.0,1.706304,0.0,1.811045,0.0,1.518989,1.68648,1.486928,0.0,1.53336
BMPR2,0.0,0.0,0.0,0.0,0.0,0.0,0.0,0.0,0.0,0.0,0.0,0.0,0.0,1.261038,1.671408,0.0,0.0,0.0,0.0,0.0,0.0,0.0,0.0,0.0,0.0,0.0,0.0,0.0,0.0,0.0,0.0,0.0,0.0,0.0,0.0,0.0,0.0,0.0,0.0,0.0,0.0,0.0,0.5457487,0.0,0.0,0.0,0.0,0.0,0.0,0.0,0.0,0.0,0.0,0.0,0.0,0.0,0.0,0.0,0.0
LPP,0.0,0.0,0.0,0.0,0.0,0.0,0.0,0.0,0.0,0.0,0.0,0.0,2.099651,0.0,0.0,0.0,0.7335058,0.0,0.0,0.0,0.0,0.0,0.0,0.0,0.0,0.0,0.0,1.869563,0.0,0.0,0.0,0.0,0.0,0.0,0.0,0.0,2.075514,0.8622783,0.0,0.0,0.0,0.0,0.5457487,0.0,0.0,0.0,1.932488,2.025946,0.0,1.943172,0.0,0.0,0.9953279,2.174787,0.0,0.0,0.0,1.500587,0.0
ZNF397,0.0,0.0,0.0,0.0,0.0,0.0,0.0,0.0,0.0,0.0,0.0,0.0,0.0,1.261038,0.0,0.0,0.0,0.0,0.0,0.0,0.0,0.0,0.0,0.0,0.0,0.0,0.0,0.0,0.0,0.0,0.0,0.0,0.0,0.0,0.0,0.0,0.0,0.0,0.0,0.0,0.0,0.0,0.5457487,0.0,0.0,0.0,0.0,0.0,0.0,0.0,0.0,0.0,0.0,0.0,0.0,0.0,0.0,0.0,0.0
FXYD1,0.0,0.0,0.0,0.0,0.0,0.0,0.0,0.0,0.0,0.0,0.0,0.0,0.0,0.0,0.0,1.460467,0.0,0.0,0.0,0.0,0.0,0.0,0.0,0.0,0.0,0.0,0.0,0.0,0.0,0.0,0.0,0.0,0.0,0.0,0.0,0.0,2.075514,0.8622783,0.0,0.0,0.0,0.0,0.0,0.0,0.0,0.0,0.0,1.456669,0.0,0.0,0.0,0.0,0.0,0.0,0.0,0.0,0.0,0.0,0.0
ATP6V1E1,0.8827899,0.0,0.0,0.0,1.550395,0.0,0.0,0.0,0.0,0.0,0.0,0.0,0.0,0.0,1.671408,0.0,0.7335058,0.0,0.0,0.0,0.9311854,0.0,0.0,0.0,0.0,0.0,0.0,0.0,0.0,0.0,0.0,0.0,0.0,0.0,0.0,0.0,0.0,0.8622783,0.0,0.0,0.0,0.0,0.0,0.0,0.0,0.0,0.0,0.0,0.0,0.0,0.0,0.0,0.0,0.0,0.0,0.0,0.0,0.0,0.0
ATOX1,2.251903,1.98343,0.0,0.0,0.0,1.256526,0.0,1.82284,1.35631,1.926702,0.0,2.06312,2.729593,1.801408,2.265849,1.460467,2.267885,2.202695,0.0,1.847625,1.725004,2.522629,0.9907276,0.0,0.0,0.0,0.0,1.869563,1.819584,1.757593,1.505206,1.792176,0.0,0.0,1.91206,2.160569,0.0,1.867825,0.0,1.995965,1.821102,2.64844,1.917981,1.239181,0.0,0.0,0.0,0.0,1.070995,0.0,0.0,0.0,2.254241,0.0,2.096202,0.0,0.0,1.500587,1.035623
PLPP3,0.0,0.0,0.0,0.0,0.0,0.0,0.0,0.0,0.0,0.0,0.0,0.0,0.0,0.0,0.0,0.0,0.0,0.0,0.0,0.0,0.0,0.0,0.0,0.0,0.0,0.0,0.0,0.0,0.0,1.75759313963331,0.0,0.0,0.0,0.0,0.0,0.0,0.0,0.0,0.0,0.0,0.0,0.0,0.0,0.0,0.0,0.0,0.0,0.0,1.07099481969502,0.0,0.0,0.0,0.0,0.0,0.0,0.0,0.0,0.0,0.0
ATP6V0E1,1.897701,1.4192,0.0,1.655119,1.049655,2.144712,0.0,1.82284,1.911568,1.926702,1.671759,2.06312,3.113069,2.408416,1.671408,2.390955,2.63823,2.668312,0.0,1.847625,1.967121,1.906673,2.050627,1.837343,2.656408,0.0,0.0,1.869563,0.0,0.0,0.0,2.140507,1.462248,1.87562,0.0,2.160569,0.0,1.867825,1.670007,2.618753,2.171108,1.454652,1.917981,1.775896,2.384817,2.562001,1.932488,1.456669,1.070995,1.943172,2.946241,1.497077,2.056997,0.0,2.45983,1.68648,2.060127,0.0,1.035623
KLF2,0.0,0.0,1.785537,3.098672,1.049655,0.0,0.0,2.431754,0.0,1.926702,2.90614,2.690632,0.0,0.0,1.671408,0.9760627,1.673252,1.303761,0.0,1.847625,0.0,0.0,0.0,0.0,0.0,0.0,0.0,0.0,1.27666,0.0,2.443672,0.0,0.0,1.87562,0.0,1.071247,2.075514,0.0,0.0,0.0,0.0,0.0,0.0,0.0,0.0,0.0,0.0,0.0,0.0,0.0,1.706304,0.0,0.0,2.174787,0.0,0.0,0.0,2.075514,0.0
IRF8,0.0,0.0,0.0,0.0,1.882513,0.0,0.0,1.82284,0.0,0.0,0.0,0.0,0.0,0.0,0.0,0.0,0.0,1.303761,0.0,1.847625,1.404878,0.0,0.0,0.0,0.0,0.0,0.0,0.0,1.27666,0.0,1.505206,0.0,0.0,0.0,0.0,1.071247,0.0,0.8622783,0.0,0.0,0.0,0.0,0.5457487,1.239181,0.0,0.0,0.0,0.0,1.070995,0.0,0.0,0.0,0.0,0.0,0.0,1.16322,0.0,2.075514,0.0
RPL23,2.621673,3.260805,2.765585,3.098672,3.424479,2.144712,2.794899,3.079966,2.734966,3.310569,3.118286,3.349271,2.099651,3.168078,2.905732,2.030244,2.374097,2.202695,3.076309,2.835223,3.242602,3.174825,2.7874,1.837343,2.656408,2.348485,0.0,3.132963,3.07626,2.734068,2.919143,2.603153,2.393061,1.87562,3.722534,2.794359,0.0,2.05959,3.116224,3.14663,2.63524,1.454652,2.873322,2.754724,2.384817,3.282123,1.932488,2.859809,2.526503,3.60781,2.304297,0.0,1.811045,2.174787,2.45983,2.484998,2.060127,2.70386,3.274728
SAP18,0.0,1.98343,0.0,0.0,0.0,0.0,0.0,0.0,1.35631,0.0,0.0,0.0,0.0,0.0,0.0,0.9760627,1.15207,1.303761,0.0,0.0,0.0,0.0,0.0,0.0,0.0,2.348485,0.0,0.0,0.0,0.0,1.505206,2.140507,0.0,0.0,0.0,1.071247,0.0,1.31831,0.0,0.0,0.0,1.454652,0.8968225,1.239181,0.0,0.0,0.0,0.0,0.0,1.943172,1.706304,0.0,1.484152,0.0,1.518989,0.0,2.060127,1.500587,1.035623
EIF1,1.897701,1.4192,0.0,3.273447,3.147594,2.144712,0.0,1.82284,1.911568,2.75156,2.266237,2.42531,0.0,2.613404,0.0,2.226776,2.149035,2.202695,1.636206,2.458689,3.242602,3.389573,2.976811,2.447522,0.0,2.992697,3.276712,2.859706,2.428212,3.394199,1.505206,1.25312,2.657641,1.87562,3.180885,1.071247,0.0,2.05959,2.9041,2.355078,2.171108,0.0,2.019307,2.380577,3.244258,3.282123,1.932488,2.386459,1.576204,0.0,2.675919,2.071563,0.0,2.174787,1.518989,3.22694,0.0,3.086757,2.31098
EPS8,0.0,0.0,0.0,0.0,0.0,0.0,0.0,0.0,0.0,0.0,0.0,0.0,0.0,0.0,0.0,0.0,0.7335058,0.0,0.0,0.0,0.0,0.0,0.9907276,0.0,0.0,0.0,0.0,0.0,1.27666,0.0,0.0,0.0,0.0,0.0,0.0,0.0,0.0,0.0,0.0,0.0,0.0,0.0,0.0,0.0,0.0,0.0,0.0,0.0,0.0,0.0,0.0,0.0,0.0,0.0,0.0,0.0,0.0,0.0,1.035623
RAB2A,0.8827899,0.0,0.0,1.655119,0.0,1.256526,0.0,0.0,0.0,1.369507,0.0,0.0,2.099651,0.0,0.0,1.785399,1.673252,0.0,0.0,0.0,1.404878,1.906673,0.9907276,1.837343,0.0,2.348485,0.0,0.0,1.27666,0.0,0.0,0.0,1.462248,0.0,0.0,0.0,0.0,0.8622783,1.670007,0.0,1.277966,0.0,1.156158,0.0,0.0,0.9965122,0.0,1.456669,0.0,0.0,0.0,0.0,0.0,0.0,0.0,1.16322,0.0,0.0,1.53336
SAMHD1,1.34424,0.0,0.0,0.0,1.049655,0.0,0.0,0.0,0.0,1.926702,0.0,1.489583,2.729593,0.0,0.0,0.0,0.7335058,1.85101,0.0,0.0,1.725004,1.906673,0.9907276,0.0,0.0,0.0,0.0,0.0,0.0,0.0,1.505206,2.140507,0.0,0.0,0.0,0.0,0.0,1.630348,0.0,1.430228,2.171108,0.0,0.8968225,0.0,0.0,2.255922,0.0,3.032538,0.0,1.943172,0.0,0.0,0.9953279,0.0,2.096202,0.0,0.0,0.0,2.31098
TIMP2,1.34424,0.0,0.0,0.0,0.0,1.796148,0.0,1.82284,2.527916,2.282406,1.671759,1.489583,0.0,1.261038,0.0,2.030244,2.014131,1.303761,0.0,1.847625,0.9311854,0.0,1.478506,1.837343,0.0,0.0,0.0,0.0,1.27666,0.0,0.0,1.792176,1.462248,0.0,0.0,2.526856,0.0,2.480598,1.670007,0.0,1.821102,2.64844,1.156158,0.0,1.779777,0.0,1.932488,0.0,0.0,0.0,0.0,1.497077,2.056997,0.0,1.518989,1.16322,1.486928,1.500587,0.0
INPP5D,0.0,0.0,0.0,0.0,0.0,0.0,0.0,0.0,0.0,0.0,0.0,0.0,0.0,0.0,0.0,0.0,0.0,0.0,0.0,0.0,0.0,0.0,0.9907276,0.0,0.0,0.0,0.0,0.0,0.0,0.0,1.505206,0.0,0.0,0.0,0.0,0.0,0.0,0.0,0.0,0.0,0.0,0.0,0.5457487,0.0,0.0,0.9965122,0.0,0.0,0.0,0.0,0.0,0.0,0.0,0.0,0.0,0.0,0.0,0.0,1.035623
SEPT7,1.34424,0.0,0.0,0.0,0.0,0.0,0.0,0.0,2.266495,1.369507,0.0,0.0,0.0,2.150279,0.0,0.9760627,0.0,1.303761,0.0,1.847625,0.9311854,1.906673,0.9907276,1.837343,0.0,0.0,0.0,0.0,1.27666,0.0,2.080711,0.0,1.462248,0.0,0.0,0.0,0.0,0.8622783,1.670007,0.0,1.821102,1.454652,1.532449,0.0,0.0,0.0,0.0,0.0,1.91026,1.943172,1.706304,0.0,0.9953279,0.0,0.0,0.0,2.060127,0.0,0.0
NAPA,0.0,0.0,0.0,0.0,0.0,0.0,0.0,0.0,0.0,1.369507,0.0,0.0,0.0,0.0,1.671408,0.0,0.0,0.0,0.0,0.0,0.0,0.0,0.0,0.0,0.0,0.0,0.0,0.0,0.0,0.0,0.0,1.792176,0.0,0.0,1.91206,0.0,0.0,0.0,0.0,0.0,0.0,0.0,0.0,0.0,1.779777,0.9965122,0.0,0.0,0.0,0.0,0.0,0.0,0.0,0.0,0.0,1.16322,0.0,0.0,0.0
COPS8,0.0,0.0,0.0,0.0,0.0,0.0,0.0,0.0,0.0,0.0,0.0,0.0,0.0,0.0,0.0,0.0,0.0,0.0,1.636206,0.0,0.0,0.0,0.0,0.0,2.031107,0.0,0.0,0.0,0.0,0.0,1.505206,0.0,0.0,0.0,0.0,1.071247,0.0,0.0,0.0,1.430228,0.0,0.0,0.0,0.0,0.0,0.9965122,0.0,0.0,1.070995,0.0,0.0,0.0,0.0,0.0,0.0,0.0,0.0,1.500587,0.0
SOX4,0.0,0.0,0.0,0.0,0.0,0.0,0.0,0.0,0.0,0.0,0.0,0.0,0.0,0.0,1.671408,0.0,0.0,0.0,0.0,0.0,0.0,0.0,0.0,0.0,0.0,0.0,0.0,0.0,0.0,0.0,0.0,0.0,0.0,2.489042,0.0,0.0,0.0,0.0,0.0,0.0,1.277966,0.0,0.5457487,0.0,0.0,0.0,0.0,0.0,0.0,0.0,1.706304,0.0,0.0,0.0,0.0,0.0,0.0,0.0,1.035623
TAF12,0.882789948505998,0.0,0.0,0.0,0.0,0.0,0.0,0.0,0.0,0.0,1.67175919771753,0.0,0.0,1.26103848076862,0.0,0.0,0.733505814146228,0.0,0.0,0.0,0.0,0.0,0.0,0.0,0.0,0.0,0.0,0.0,0.0,0.0,0.0,0.0,0.0,0.0,0.0,0.0,0.0,0.0,0.0,0.0,0.0,0.0,0.545748720849974,0.0,0.0,0.0,1.93248826900718,0.0,0.0,0.0,0.0,0.0,0.0,0.0,0.0,1.16321956431772,0.0,0.0,0.0
EMP1,0.0,0.0,2.391105,2.247854,0.0,0.0,0.0,0.0,0.0,0.0,0.0,0.0,0.0,0.0,0.0,0.0,0.0,0.0,0.0,2.835223,0.0,0.0,0.0,1.837343,0.0,0.0,2.250889,2.482481,0.0,0.0,0.0,0.0,0.0,1.87562,0.0,1.071247,0.0,1.31831,0.0,0.0,0.0,0.0,0.8968225,1.775896,1.779777,0.9965122,0.0,1.456669,1.070995,2.941412,0.0,2.434124,0.9953279,0.0,2.096202,0.0,0.0,0.0,1.86417
RPL7,3.037205,3.132738,2.765585,3.947475,3.424479,3.162041,3.457009,2.807488,2.266495,2.282406,2.636523,3.463145,3.389573,3.055541,3.441622,2.030244,2.149035,2.984765,2.595773,2.458689,3.593548,1.906673,2.050627,0.0,3.038195,2.348485,2.889947,2.859706,2.633559,2.734068,1.505206,3.258577,3.315102,1.87562,1.91206,2.36039,0.0,2.220431,3.116224,2.618753,2.805539,0.0,2.989382,3.632091,4.175479,3.510576,2.550488,2.650884,2.160229,2.562001,3.923838,3.082444,1.811045,3.194621,2.096202,3.648155,2.896874,3.975276,3.40352
VPS28,0.8827899,1.4192,0.0,1.655119,1.049655,0.0,0.0,0.0,1.911568,1.926702,0.0,1.489583,2.099651,2.150279,0.0,1.785399,0.0,0.0,0.0,0.0,0.9311854,0.0,0.0,0.0,0.0,0.0,0.0,0.0,1.27666,2.360564,1.505206,0.0,0.0,0.0,0.0,1.071247,0.0,0.0,0.0,0.0,1.277966,1.454652,0.5457487,0.0,1.779777,0.9965122,0.0,0.0,1.070995,0.0,0.0,0.0,1.811045,2.80944,0.0,1.16322,0.0,0.0,0.0
CPNE3,0.8827899,0.0,0.0,1.655119,0.0,0.0,0.0,0.0,0.0,0.0,0.0,1.489583,0.0,1.261038,0.0,0.0,0.0,0.0,0.0,0.0,0.0,0.0,0.0,0.0,0.0,0.0,0.0,0.0,0.0,0.0,0.0,0.0,0.0,0.0,0.0,0.0,0.0,1.31831,0.0,1.430228,0.0,0.0,1.156158,0.0,0.0,0.0,0.0,1.456669,0.0,0.0,0.0,0.0,0.0,0.0,0.0,0.0,0.0,0.0,0.0
LINC00493,0.8827899,0.0,0.0,0.0,0.0,0.0,0.0,0.0,0.0,0.0,0.0,1.489583,2.099651,0.0,0.0,0.0,1.446237,0.0,0.0,0.0,0.9311854,0.0,0.0,0.0,2.031107,0.0,0.0,0.0,0.0,0.0,0.0,0.0,0.0,1.87562,0.0,0.0,0.0,0.0,0.0,0.0,0.0,0.0,0.8968225,1.239181,1.779777,1.485604,0.0,1.456669,1.070995,0.0,0.0,0.0,0.0,0.0,0.0,1.16322,1.486928,1.500587,0.0
COL18A1,0.0,0.0,0.0,0.0,0.0,0.0,0.0,0.0,0.0,0.0,0.0,1.489583,0.0,0.0,0.0,0.0,0.0,0.0,0.0,0.0,0.0,0.0,0.0,0.0,0.0,0.0,0.0,0.0,0.0,0.0,0.0,0.0,0.0,0.0,0.0,0.0,0.0,0.0,0.0,0.0,0.0,0.0,0.0,0.0,0.0,0.0,0.0,0.0,0.0,0.0,0.0,0.0,0.0,0.0,0.0,0.0,0.0,0.0,0.0
RPL32,3.329883,4.201854,3.250913,4.098864,4.459064,2.922751,3.673828,3.293874,2.906413,3.504582,3.789069,4.244271,3.605949,3.168078,3.571144,3.528703,3.166729,3.326159,3.528863,3.893912,4.335174,4.159465,2.677285,0.0,3.038195,2.992697,3.276712,3.673721,3.914187,3.218569,3.677715,3.651145,3.786538,2.866454,3.722534,2.794359,3.086757,3.18905,4.116935,2.99962,3.545624,3.17726,3.27361,3.913136,3.814561,4.287308,3.991944,4.296143,3.96639,3.430896,3.923838,4.034201,2.983747,3.867065,2.935878,3.94362,3.654762,4.03864,3.712863
FABP5,2.090403,0.0,0.0,2.617476,0.0,2.607565,2.161078,1.82284,3.052723,0.0,1.671759,0.0,0.0,1.801408,0.0,2.531942,1.673252,2.202695,0.0,0.0,0.0,0.0,0.0,0.0,2.031107,0.0,0.0,0.0,0.0,2.360564,0.0,3.350387,2.393061,1.87562,0.0,1.576509,0.0,2.220431,0.0,2.82721,1.277966,2.64844,3.125751,1.239181,0.0,1.485604,0.0,0.0,1.91026,0.0,0.0,0.0,2.418915,0.0,2.45983,1.16322,0.0,0.0,3.04383
DYNLT1,0.0,1.4192,0.0,0.0,0.0,1.796148,0.0,0.0,0.0,0.0,1.671759,0.0,0.0,0.0,0.0,0.9760627,0.0,0.0,1.636206,0.0,1.404878,0.0,0.0,0.0,0.0,0.0,0.0,0.0,1.27666,0.0,1.505206,1.25312,0.0,0.0,0.0,0.0,0.0,0.0,2.634519,0.0,0.0,0.0,0.5457487,1.239181,0.0,1.485604,0.0,0.0,0.0,0.0,0.0,0.0,0.0,0.0,1.518989,0.0,0.0,1.500587,0.0
STAT3,0.0,1.4192,1.785537,0.0,1.550395,1.256526,0.0,0.0,0.0,0.0,2.266237,0.0,0.0,0.0,1.671408,0.9760627,0.7335058,0.0,1.636206,1.847625,0.0,0.0,0.0,0.0,0.0,0.0,0.0,0.0,0.0,0.0,0.0,0.0,0.0,0.0,0.0,0.0,0.0,0.0,0.0,0.0,0.0,0.0,0.0,1.239181,0.0,0.0,0.0,2.025946,1.070995,0.0,0.0,1.497077,0.0,0.0,1.518989,0.0,1.486928,0.0,1.035623
ARPC2,1.34424,1.4192,0.0,1.655119,1.882513,0.0,0.0,0.0,2.734966,1.369507,1.671759,2.06312,2.099651,2.150279,0.0,2.864476,3.019577,2.668312,0.0,2.458689,2.161894,1.906673,2.050627,1.837343,2.031107,0.0,2.250889,2.859706,2.169504,0.0,2.443672,1.792176,2.393061,1.87562,1.91206,2.36039,0.0,2.05959,2.264302,0.0,2.429863,0.0,3.327131,1.775896,0.0,2.420626,0.0,1.456669,3.095627,0.0,1.706304,0.0,2.418915,2.80944,2.45983,2.028235,1.486928,0.0,3.203526
EEF1A1,3.277803,3.374317,3.426757,4.346485,4.437342,3.516653,2.794899,3.619687,3.293486,4.0888,3.293208,3.349271,3.605949,3.269221,3.571144,2.76543,3.019577,3.580197,3.399514,3.322287,3.916025,4.589256,3.206994,2.823727,3.70709,3.381304,3.554911,3.347351,3.466228,2.734068,3.368697,3.882054,3.786538,1.87562,3.572404,2.526856,2.70386,3.130998,3.684114,2.618753,3.807077,2.023663,3.494676,4.344277,3.420059,4.107731,3.203831,3.421809,2.793998,4.004196,3.830502,3.574761,3.066533,3.867065,2.45983,4.171404,3.345962,3.835059,3.126863
PARK7,0.0,0.0,0.0,0.0,0.0,0.0,0.0,0.0,0.0,0.0,0.0,0.0,0.0,1.26103848076862,0.0,0.976062700974198,1.15206977988174,1.85101001970827,0.0,1.84762540377944,0.0,0.0,0.0,0.0,0.0,0.0,0.0,0.0,1.27666005795582,0.0,0.0,1.25312022618914,1.46224791977103,0.0,0.0,1.07124707440253,0.0,0.0,0.0,0.0,0.0,0.0,0.545748720849974,0.0,0.0,1.81261587033724,0.0,0.0,0.0,0.0,0.0,0.0,0.0,0.0,0.0,0.0,0.0,0.0,1.03562295451737
FILIP1L,0.0,0.0,0.0,0.0,0.0,0.0,0.0,1.82284,0.0,0.0,0.0,0.0,0.0,0.0,0.0,0.0,0.0,0.0,0.0,0.0,0.0,0.0,0.0,0.0,0.0,0.0,0.0,0.0,0.0,0.0,0.0,0.0,0.0,0.0,1.91206,0.0,0.0,0.0,0.0,0.0,0.0,0.0,0.0,0.0,0.0,0.0,0.0,0.0,0.0,1.943172,0.0,0.0,0.0,0.0,0.0,0.0,0.0,0.0,0.0
GLUL,2.62167269281992,0.0,2.39110484380907,0.0,2.13140069305802,3.04953623614331,0.0,2.43175436473414,0.0,2.75156027793507,2.90614037178964,2.42531028363106,2.09965141229548,2.61340410693203,3.11787344929481,1.78539900421335,2.5576962276386,1.85101001970827,1.6362062807501,1.84762540377944,1.72500447137959,2.52262929039521,3.44927238630172,0.0,0.0,0.0,0.0,0.0,1.81958447016452,0.0,3.4826465252231,1.79217625746399,0.0,0.0,1.91205973214532,1.57650863128493,2.07551397826316,3.13099765531257,3.4399508302813,1.43022756802944,0.0,0.0,3.74658939992043,0.0,0.0,0.0,0.0,0.0,2.36004292701598,1.94317229655797,2.9462407814557,0.0,2.05699727379307,0.0,3.38577402043626,1.16321956431772,1.48692787133448,1.50058699183651,2.61871053435299
SEL1L3,0.0,0.0,0.0,0.0,0.0,0.0,0.0,0.0,0.0,0.0,0.0,0.0,0.0,0.0,0.0,0.0,0.0,0.0,0.0,0.0,0.9311854,0.0,0.0,0.0,2.031107,0.0,0.0,0.0,0.0,0.0,0.0,0.0,0.0,0.0,0.0,0.0,0.0,0.0,0.0,0.0,0.0,0.0,0.5457487,0.0,0.0,0.9965122,0.0,1.456669,0.0,0.0,0.0,0.0,0.0,0.0,0.0,0.0,0.0,0.0,0.0
TGFBR2,0.0,0.0,0.0,0.0,0.0,1.256526,0.0,0.0,0.0,0.0,1.671759,0.0,0.0,1.261038,0.0,0.0,0.7335058,1.303761,0.0,0.0,0.0,0.0,0.0,0.0,2.031107,0.0,0.0,0.0,1.819584,0.0,1.505206,0.0,0.0,0.0,1.91206,0.0,2.075514,0.0,0.0,0.0,0.0,0.0,0.0,0.0,0.0,1.485604,1.932488,0.0,0.0,0.0,0.0,0.0,0.0,2.174787,0.0,1.16322,0.0,1.500587,0.0
NFE2L1,0.0,0.0,0.0,0.0,0.0,0.0,0.0,0.0,0.0,0.0,0.0,0.0,0.0,0.0,0.0,0.0,0.0,0.0,0.0,0.0,0.0,0.0,0.0,0.0,0.0,0.0,0.0,0.0,0.0,0.0,0.0,0.0,0.0,0.0,0.0,0.0,0.0,0.0,0.0,0.0,0.0,0.0,0.0,0.0,0.0,0.0,0.0,0.0,0.0,0.0,0.0,0.0,0.9953279,0.0,0.0,0.0,0.0,0.0,1.035623
HLA-C,2.090403,1.4192,0.0,0.0,2.330524,1.256526,0.0,0.0,2.527916,1.369507,1.671759,2.06312,0.0,2.928716,2.265849,2.226776,2.846973,2.668312,1.636206,2.835223,2.161894,0.0,1.478506,1.837343,0.0,2.348485,0.0,0.0,1.27666,3.005378,2.080711,1.25312,2.032258,0.0,0.0,1.071247,0.0,2.220431,1.670007,2.618753,1.277966,1.454652,2.111304,1.239181,0.0,1.485604,1.932488,2.025946,1.91026,1.943172,0.0,0.0,1.484152,0.0,0.0,2.028235,3.069954,2.913524,1.035623
C9orf16,0.8827899,0.0,0.0,0.0,1.049655,0.0,0.0,0.0,0.0,0.0,0.0,0.0,0.0,1.261038,0.0,0.9760627,0.7335058,0.0,0.0,0.0,0.9311854,0.0,0.9907276,0.0,0.0,2.348485,2.250889,2.482481,1.27666,1.757593,0.0,0.0,1.462248,0.0,0.0,1.576509,0.0,0.0,0.0,1.995965,1.277966,2.023663,1.156158,0.0,1.779777,0.0,0.0,2.025946,2.160229,1.943172,1.706304,0.0,1.484152,0.0,1.518989,0.0,0.0,0.0,0.0
NEMF,0.0,0.0,0.0,1.655119,1.049655,0.0,0.0,0.0,1.35631,0.0,0.0,1.489583,0.0,1.261038,1.671408,0.9760627,0.0,0.0,0.0,0.0,0.0,0.0,0.9907276,0.0,0.0,0.0,0.0,0.0,1.27666,0.0,0.0,0.0,0.0,0.0,0.0,0.0,0.0,0.0,0.0,0.0,0.0,0.0,0.0,0.0,0.0,0.0,0.0,0.0,0.0,1.943172,0.0,0.0,0.0,0.0,0.0,1.16322,1.486928,0.0,0.0
PFDN5,2.621673,3.476247,1.785537,2.617476,2.638819,2.144712,2.161078,3.079966,2.527916,2.75156,3.118286,2.690632,3.389573,3.361067,3.117873,1.460467,2.267885,2.462362,2.595773,1.847625,2.885508,1.906673,2.412261,2.823727,2.031107,3.381304,2.250889,2.859706,2.428212,3.218569,2.709405,2.140507,2.393061,2.489042,1.91206,2.526856,2.075514,1.31831,2.264302,2.618753,1.277966,2.384071,1.678106,2.585048,3.569526,2.98553,2.929594,2.859809,1.070995,2.562001,1.706304,0.0,0.9953279,0.0,2.45983,2.923256,2.060127,2.70386,1.53336
ENY2,1.34424,0.0,0.0,1.655119,1.049655,1.796148,0.0,0.0,0.0,0.0,0.0,0.0,0.0,0.0,1.671408,0.0,0.0,1.303761,1.636206,0.0,1.404878,1.906673,0.9907276,0.0,0.0,0.0,0.0,1.869563,1.27666,0.0,0.0,1.25312,2.393061,0.0,0.0,1.071247,0.0,1.867825,0.0,0.0,0.0,0.0,1.805219,1.239181,0.0,1.812616,0.0,0.0,0.0,0.0,0.0,0.0,1.484152,0.0,0.0,0.0,0.0,0.0,1.53336
COX7C,2.809041,2.605298,2.391105,0.0,2.330524,0.0,0.0,1.82284,2.527916,2.75156,1.671759,2.06312,0.0,2.150279,1.671408,2.030244,2.470104,1.303761,0.0,0.0,2.697167,2.522629,2.412261,1.837343,3.038195,2.348485,0.0,0.0,1.819584,2.360564,1.505206,1.792176,2.032258,0.0,0.0,2.36039,2.075514,2.480598,0.0,1.995965,2.429863,2.384071,2.019307,2.380577,2.384817,2.562001,0.0,3.17978,2.793998,0.0,0.0,1.497077,1.811045,2.174787,2.725918,2.282472,0.0,2.075514,2.31098
ALOX5AP,2.390912,1.4192,0.0,0.0,0.0,1.256526,0.0,0.0,3.571844,0.0,0.0,0.0,3.113069,0.0,1.671408,2.390955,2.374097,1.303761,2.226923,0.0,0.0,0.0,0.9907276,2.823727,0.0,0.0,0.0,0.0,1.27666,0.0,1.505206,1.792176,1.462248,3.530738,2.528447,2.526856,3.086757,2.480598,1.670007,1.430228,2.805539,1.454652,1.678106,2.585048,0.0,2.796022,0.0,1.456669,2.526503,0.0,0.0,0.0,3.066533,3.194621,1.518989,2.028235,2.896874,1.500587,3.04383
RPL22L1,0.8827899,0.0,1.785537,0.0,0.0,0.0,0.0,0.0,1.35631,1.369507,0.0,0.0,0.0,1.261038,0.0,0.0,0.0,0.0,0.0,0.0,0.0,1.906673,0.0,0.0,0.0,0.0,0.0,1.869563,0.0,0.0,0.0,0.0,2.393061,0.0,0.0,0.0,0.0,0.8622783,1.670007,0.0,1.277966,2.023663,2.019307,0.0,0.0,0.9965122,1.932488,2.025946,0.0,1.943172,0.0,0.0,0.0,0.0,0.0,1.16322,0.0,1.500587,0.0
NDUFB2,1.658781,0.0,0.0,2.247854,1.049655,1.256526,0.0,0.0,2.266495,0.0,0.0,1.489583,0.0,0.0,1.671408,0.0,2.014131,1.85101,0.0,0.0,1.404878,0.0,1.478506,0.0,0.0,0.0,0.0,0.0,1.819584,1.757593,0.0,2.140507,2.032258,1.87562,0.0,1.071247,0.0,1.630348,1.670007,1.995965,2.429863,0.0,1.917981,0.0,2.384817,1.812616,0.0,2.025946,2.360043,0.0,0.0,0.0,0.0,0.0,0.0,0.0,2.060127,0.0,1.53336
SCP2,1.34424003685314,0.0,0.0,0.0,0.0,0.0,0.0,0.0,0.0,1.92670157064697,1.67175919771753,0.0,0.0,0.0,2.26584941054304,0.0,1.44623749548403,0.0,0.0,0.0,0.0,0.0,1.47850581878633,0.0,0.0,0.0,0.0,0.0,1.27666005795582,0.0,0.0,0.0,0.0,0.0,0.0,0.0,0.0,1.31831028677075,0.0,0.0,0.0,1.45465231890093,1.15615777431471,0.0,0.0,1.81261587033724,0.0,0.0,1.07099481969502,0.0,1.7063043852994,0.0,0.99532793544424,0.0,0.0,1.16321956431772,2.06012749750663,1.50058699183651,1.03562295451737
ALG5,0.0,0.0,0.0,0.0,1.049655,0.0,0.0,0.0,0.0,0.0,0.0,0.0,0.0,0.0,0.0,0.0,0.7335058,0.0,0.0,0.0,0.0,0.0,0.9907276,0.0,0.0,0.0,0.0,0.0,0.0,0.0,0.0,0.0,0.0,1.87562,0.0,0.0,0.0,0.0,0.0,0.0,0.0,0.0,0.0,0.0,0.0,0.0,0.0,0.0,0.0,0.0,0.0,0.0,0.0,0.0,0.0,0.0,0.0,0.0,0.0
ARL2,0.0,0.0,0.0,0.0,0.0,0.0,0.0,0.0,0.0,0.0,0.0,0.0,0.0,0.0,0.0,0.0,1.15207,1.303761,0.0,0.0,0.0,0.0,0.9907276,0.0,0.0,0.0,0.0,0.0,0.0,0.0,0.0,0.0,0.0,0.0,0.0,1.576509,0.0,0.8622783,0.0,0.0,1.277966,0.0,0.0,0.0,0.0,0.9965122,0.0,0.0,1.070995,0.0,0.0,0.0,0.0,2.174787,0.0,0.0,0.0,0.0,0.0
PLPP5,0.0,0.0,0.0,1.655119,0.0,0.0,0.0,0.0,0.0,0.0,0.0,0.0,0.0,0.0,0.0,0.0,0.0,0.0,0.0,0.0,0.9311854,0.0,0.0,0.0,0.0,0.0,0.0,0.0,0.0,0.0,0.0,0.0,1.462248,0.0,1.91206,0.0,0.0,0.0,0.0,0.0,0.0,0.0,0.0,0.0,0.0,0.0,0.0,0.0,0.0,0.0,0.0,0.0,0.0,0.0,0.0,0.0,0.0,0.0,0.0
MAP1LC3B,0.0,0.0,0.0,0.0,1.049655,0.0,0.0,1.82284,0.0,0.0,0.0,0.0,0.0,0.0,0.0,0.9760627,0.7335058,1.303761,2.595773,1.847625,1.404878,0.0,0.9907276,0.0,0.0,0.0,0.0,0.0,0.0,0.0,2.080711,1.25312,0.0,0.0,0.0,1.071247,0.0,0.0,0.0,1.430228,0.0,1.454652,1.361899,0.0,0.0,1.485604,0.0,1.456669,1.070995,0.0,0.0,1.497077,0.0,2.80944,1.518989,0.0,0.0,0.0,0.0
CDC42BPA,0.0,0.0,0.0,0.0,0.0,0.0,0.0,0.0,0.0,0.0,0.0,0.0,0.0,0.0,0.0,0.0,0.0,0.0,0.0,0.0,0.0,0.0,0.0,0.0,0.0,0.0,0.0,0.0,0.0,0.0,0.0,0.0,0.0,0.0,0.0,0.0,0.0,0.862278251133781,0.0,0.0,0.0,0.0,0.0,0.0,0.0,0.0,0.0,0.0,1.07099481969502,0.0,0.0,0.0,0.0,0.0,0.0,0.0,0.0,0.0,0.0
EIF2S2,0.0,0.0,0.0,1.655119,1.049655,0.0,0.0,0.0,1.35631,1.369507,0.0,2.06312,0.0,0.0,1.671408,0.9760627,0.7335058,1.85101,2.226923,0.0,1.404878,0.0,0.0,0.0,0.0,0.0,0.0,1.869563,1.27666,1.757593,0.0,1.25312,0.0,1.87562,0.0,1.910587,0.0,0.0,1.670007,0.0,0.0,0.0,1.361899,0.0,0.0,0.9965122,0.0,2.025946,1.576204,0.0,0.0,0.0,0.9953279,0.0,1.518989,1.16322,0.0,2.075514,0.0
HNRNPAB,0.0,0.0,0.0,0.0,0.0,0.0,2.794899,0.0,0.0,0.0,0.0,0.0,0.0,0.0,0.0,0.0,0.7335058,0.0,0.0,0.0,0.9311854,1.906673,0.0,0.0,0.0,0.0,0.0,0.0,0.0,0.0,0.0,0.0,0.0,0.0,0.0,1.071247,0.0,1.630348,0.0,0.0,0.0,0.0,0.0,0.0,0.0,0.0,0.0,0.0,0.0,1.943172,0.0,0.0,0.0,0.0,1.518989,0.0,0.0,0.0,0.0
RAP1A,1.34424003685314,0.0,0.0,2.24785437195001,1.04965501064734,1.2565256720442,0.0,0.0,1.3563103964635,1.36950713014174,0.0,0.0,0.0,1.26103848076862,0.0,0.976062700974198,1.44623749548403,1.3037610757724,0.0,0.0,0.931185403523441,2.52262929039521,0.0,0.0,0.0,0.0,0.0,0.0,0.0,0.0,0.0,0.0,2.03225817610354,0.0,1.91205973214532,1.07124707440253,0.0,0.862278251133781,2.63451923430677,1.43022756802944,1.82110205144729,0.0,1.15615777431471,0.0,1.77977734016826,0.996512192170311,0.0,1.45666876632877,0.0,1.94317229655797,0.0,0.0,0.99532793544424,0.0,0.0,1.16321956431772,1.48692787133448,1.50058699183651,0.0
YWHAZ,1.34424,1.98343,0.0,1.655119,1.049655,0.0,0.0,1.82284,1.35631,1.369507,0.0,1.489583,0.0,0.0,1.671408,0.9760627,2.149035,1.303761,0.0,0.0,0.0,0.0,0.0,2.447522,2.031107,0.0,2.889947,2.482481,0.0,0.0,0.0,1.792176,2.393061,2.866454,1.91206,2.36039,0.0,0.0,1.670007,0.0,0.0,1.454652,1.805219,2.585048,2.384817,1.485604,0.0,1.456669,1.576204,2.562001,2.304297,0.0,1.484152,0.0,2.45983,1.16322,0.0,1.500587,1.86417
H3F3B,0.0,3.260805,4.607723,3.273447,2.496505,3.049536,3.457009,1.82284,1.35631,1.369507,3.118286,2.06312,0.0,1.261038,2.265849,2.030244,2.149035,3.326159,3.250913,1.847625,3.114635,1.906673,1.804936,3.636502,2.031107,0.0,3.950802,3.523792,2.428212,1.757593,2.080711,0.0,2.393061,2.489042,2.906958,2.669526,3.579154,1.867825,2.9041,0.0,1.277966,0.0,2.643775,3.026372,2.759099,3.144783,2.550488,3.851911,2.360043,2.562001,2.304297,2.434124,2.056997,3.472005,0.0,2.484998,1.486928,2.438248,2.743088
RHOC,1.34424003685314,0.0,0.0,0.0,0.0,0.0,0.0,0.0,1.3563103964635,0.0,0.0,0.0,0.0,1.80140759977689,0.0,0.976062700974198,1.15206977988174,1.3037610757724,0.0,0.0,0.931185403523441,0.0,0.0,0.0,0.0,0.0,0.0,0.0,0.0,0.0,0.0,0.0,1.46224791977103,0.0,0.0,1.57650863128493,0.0,0.0,0.0,1.43022756802944,0.0,0.0,0.0,1.77589560412458,0.0,1.81261587033724,0.0,0.0,1.91025982681873,0.0,1.7063043852994,0.0,1.48415195791382,2.80944028652106,0.0,0.0,1.48692787133448,1.50058699183651,0.0
SERBP1,0.882789948505998,1.98342992507697,0.0,1.65511853346191,1.8825132673014,1.7961479158672,0.0,1.8228403481643,0.0,1.36950713014174,0.0,1.4895829964291,0.0,1.26103848076862,2.63612183117666,0.976062700974198,1.85814645408235,1.3037610757724,0.0,2.45868851108846,1.40487829275209,2.52262929039521,0.990727613213213,0.0,0.0,0.0,0.0,1.86956329118445,0.0,0.0,1.50520617489663,1.25312022618914,1.46224791977103,0.0,0.0,2.16056864413504,0.0,1.31831028677075,1.67000672770644,0.0,0.0,0.0,2.01930678243953,1.23918083600871,0.0,1.48560448424277,0.0,0.0,1.07099481969502,1.94317229655797,0.0,0.0,0.99532793544424,2.17478717681931,2.09620183406936,1.68648043988057,1.48692787133448,0.0,1.03562295451737
ATP5J,1.658781,1.4192,0.0,0.0,1.049655,0.0,0.0,0.0,0.0,0.0,1.671759,0.0,2.099651,0.0,1.671408,0.0,1.15207,0.0,0.0,0.0,0.9311854,1.906673,2.247703,0.0,0.0,0.0,0.0,0.0,1.819584,0.0,1.505206,0.0,2.657641,1.87562,0.0,0.0,0.0,1.31831,0.0,0.0,1.821102,1.454652,1.156158,0.0,0.0,1.812616,1.932488,0.0,0.0,0.0,0.0,0.0,0.0,0.0,1.518989,0.0,1.486928,0.0,1.035623
NDFIP1,1.34424,1.4192,0.0,0.0,0.0,0.0,0.0,0.0,0.0,0.0,0.0,0.0,0.0,1.261038,0.0,1.460467,2.014131,1.303761,0.0,0.0,0.0,1.906673,0.9907276,1.837343,0.0,0.0,0.0,0.0,1.27666,1.757593,0.0,1.792176,2.032258,0.0,1.91206,1.071247,0.0,1.630348,0.0,1.430228,0.0,0.0,0.8968225,1.239181,0.0,0.0,2.550488,0.0,0.0,0.0,0.0,2.071563,1.484152,0.0,0.0,1.16322,0.0,0.0,0.0
NID1,0.0,0.0,0.0,0.0,0.0,0.0,0.0,0.0,0.0,0.0,0.0,0.0,0.0,0.0,0.0,0.0,0.0,0.0,0.0,0.0,0.0,0.0,0.0,0.0,0.0,0.0,0.0,0.0,0.0,0.0,0.0,0.0,0.0,0.0,0.0,0.0,0.0,0.0,0.0,0.0,0.0,0.0,0.0,0.0,0.0,0.0,0.0,0.0,0.0,0.0,0.0,0.0,0.0,0.0,0.0,0.0,0.0,0.0,0.0
PLOD2,0.0,0.0,0.0,0.0,0.0,0.0,0.0,0.0,0.0,0.0,0.0,0.0,0.0,0.0,0.0,0.0,0.0,0.0,0.0,0.0,0.0,0.0,0.0,0.0,0.0,0.0,0.0,0.0,0.0,0.0,0.0,0.0,0.0,0.0,0.0,0.0,0.0,0.0,0.0,0.0,0.0,0.0,0.0,0.0,0.0,0.0,0.0,0.0,0.0,0.0,0.0,0.0,0.0,0.0,0.0,0.0,0.0,0.0,0.0
RHEB,0.0,1.4192,1.785537,2.247854,1.049655,1.796148,0.0,1.82284,0.0,0.0,0.0,0.0,0.0,1.261038,1.671408,0.0,1.858146,1.85101,0.0,0.0,0.0,0.0,0.9907276,1.837343,0.0,0.0,0.0,0.0,1.27666,0.0,0.0,0.0,0.0,0.0,0.0,0.0,0.0,1.630348,0.0,0.0,1.277966,0.0,1.156158,2.123261,0.0,0.0,0.0,0.0,1.070995,1.943172,0.0,2.071563,0.9953279,2.174787,0.0,0.0,2.422185,0.0,1.53336
COX7B,0.8827899,1.98343,1.785537,0.0,0.0,2.144712,0.0,1.82284,1.35631,1.369507,0.0,1.489583,0.0,1.801408,0.0,2.030244,1.15207,0.0,1.636206,0.0,0.9311854,0.0,1.478506,0.0,0.0,0.0,0.0,1.869563,0.0,1.757593,0.0,1.792176,2.032258,2.489042,0.0,1.910587,0.0,2.05959,2.634519,2.355078,0.0,2.023663,2.273239,1.775896,1.779777,1.812616,0.0,1.456669,2.360043,1.943172,1.706304,1.497077,0.9953279,0.0,0.0,1.16322,2.422185,0.0,0.0
HNRNPU,0.0,1.4192,0.0,1.655119,1.049655,1.796148,0.0,0.0,0.0,0.0,1.671759,0.0,0.0,1.261038,0.0,0.9760627,1.446237,1.85101,0.0,0.0,2.161894,0.0,1.478506,0.0,0.0,0.0,0.0,0.0,1.819584,0.0,1.505206,1.792176,0.0,0.0,0.0,1.071247,0.0,0.0,0.0,0.0,1.277966,0.0,0.0,0.0,0.0,0.0,1.932488,1.456669,1.070995,1.943172,1.706304,1.497077,0.0,0.0,1.518989,0.0,1.486928,1.500587,1.035623
NDUFC2,0.0,0.0,0.0,0.0,1.049655,1.256526,0.0,0.0,1.35631,0.0,0.0,0.0,2.729593,1.261038,0.0,0.0,1.858146,1.303761,0.0,0.0,0.0,1.906673,0.9907276,0.0,0.0,0.0,0.0,0.0,1.27666,0.0,0.0,1.792176,0.0,0.0,0.0,1.071247,0.0,1.31831,1.670007,0.0,0.0,0.0,0.5457487,0.0,1.779777,1.485604,0.0,0.0,0.0,0.0,0.0,0.0,0.9953279,2.174787,0.0,0.0,0.0,0.0,1.035623
PHGR1,0.0,0.0,0.0,0.0,0.0,0.0,0.0,0.0,0.0,0.0,0.0,0.0,0.0,0.0,0.0,0.0,0.0,0.0,0.0,0.0,0.0,0.0,0.0,0.0,0.0,0.0,0.0,0.0,0.0,0.0,0.0,0.0,0.0,0.0,0.0,0.0,0.0,0.0,0.0,0.0,0.0,0.0,0.0,0.0,0.0,0.0,0.0,0.0,0.0,0.0,0.0,0.0,0.0,0.0,0.0,0.0,0.0,0.0,0.0
MAP1B,0.0,0.0,0.0,0.0,0.0,0.0,0.0,0.0,0.0,0.0,0.0,0.0,0.0,0.0,0.0,0.0,0.0,0.0,0.0,0.0,0.0,0.0,0.0,0.0,0.0,0.0,0.0,0.0,0.0,0.0,0.0,0.0,0.0,0.0,0.0,0.0,0.0,0.0,0.0,0.0,0.0,0.0,0.0,0.0,0.0,0.0,0.0,0.0,0.0,0.0,0.0,0.0,0.0,0.0,0.0,0.0,0.0,0.0,0.0
JMJD1C,0.0,0.0,0.0,0.0,0.0,0.0,0.0,0.0,1.911568,0.0,0.0,1.489583,0.0,1.261038,0.0,0.0,0.0,0.0,0.0,0.0,0.0,0.0,0.0,1.837343,0.0,0.0,0.0,0.0,0.0,1.757593,0.0,0.0,1.462248,0.0,0.0,0.0,0.0,0.0,0.0,0.0,0.0,0.0,0.0,1.239181,0.0,0.9965122,2.550488,0.0,1.070995,1.943172,0.0,0.0,0.9953279,0.0,0.0,0.0,0.0,0.0,0.0
STOM,0.0,0.0,0.0,0.0,0.0,0.0,0.0,0.0,0.0,0.0,1.671759,0.0,0.0,0.0,0.0,1.785399,1.15207,1.85101,0.0,0.0,0.0,0.0,0.0,0.0,0.0,0.0,0.0,0.0,0.0,0.0,1.505206,0.0,0.0,0.0,0.0,0.0,0.0,0.0,0.0,0.0,0.0,0.0,0.8968225,0.0,0.0,0.0,1.932488,0.0,0.0,0.0,0.0,0.0,0.0,2.174787,2.096202,0.0,1.486928,0.0,0.0
PRMT2,0.0,1.4192,0.0,0.0,1.882513,1.256526,0.0,0.0,1.911568,1.926702,0.0,0.0,0.0,0.0,0.0,0.0,1.446237,0.0,0.0,1.847625,0.0,0.0,0.9907276,0.0,0.0,0.0,0.0,0.0,0.0,0.0,1.505206,0.0,0.0,0.0,0.0,1.071247,0.0,1.31831,0.0,0.0,0.0,0.0,0.5457487,0.0,0.0,1.485604,0.0,1.456669,0.0,2.562001,0.0,0.0,1.484152,2.80944,1.518989,1.16322,1.486928,1.500587,0.0
GPSM3,0.0,1.4192,0.0,0.0,0.0,0.0,0.0,0.0,0.0,1.926702,1.671759,0.0,0.0,1.261038,0.0,0.0,0.0,0.0,0.0,0.0,0.9311854,1.906673,0.0,0.0,0.0,0.0,0.0,0.0,1.27666,0.0,1.505206,0.0,0.0,0.0,0.0,0.0,0.0,1.31831,1.670007,0.0,0.0,0.0,0.0,1.239181,1.779777,0.0,0.0,0.0,1.070995,0.0,0.0,0.0,1.484152,0.0,0.0,1.16322,1.486928,1.500587,1.035623
HLA-B,2.512934,2.985828,2.765585,2.886743,2.330524,3.354984,0.0,2.431754,2.266495,2.544248,0.0,1.489583,0.0,2.928716,2.905732,2.76543,2.782115,2.839005,0.0,3.10812,2.885508,2.522629,3.059567,2.447522,2.031107,2.992697,0.0,2.482481,2.169504,3.218569,3.092428,3.157479,3.039457,2.866454,1.91206,1.576509,0.0,3.003686,2.9041,2.99962,2.63524,3.030035,2.643775,2.380577,3.030817,1.812616,2.550488,2.386459,2.360043,1.943172,2.304297,2.699644,2.794259,2.174787,3.385774,2.282472,2.896874,3.234365,2.31098
STK4,0.0,0.0,0.0,0.0,0.0,1.256526,0.0,0.0,0.0,0.0,0.0,0.0,0.0,0.0,0.0,0.0,0.0,0.0,0.0,0.0,0.9311854,1.906673,0.0,1.837343,0.0,0.0,0.0,0.0,0.0,0.0,0.0,0.0,0.0,1.87562,0.0,0.0,2.075514,0.0,0.0,0.0,1.821102,0.0,0.0,1.239181,2.384817,2.255922,0.0,1.456669,0.0,1.943172,1.706304,1.497077,0.0,0.0,1.518989,1.16322,0.0,1.500587,1.035623
TNRC6B,0.0,0.0,0.0,0.0,0.0,0.0,0.0,0.0,0.0,0.0,0.0,0.0,0.0,0.0,0.0,0.0,1.15207,0.0,0.0,0.0,0.0,2.522629,0.0,0.0,0.0,0.0,0.0,0.0,0.0,0.0,0.0,1.25312,0.0,0.0,0.0,0.0,0.0,0.0,0.0,0.0,1.277966,0.0,0.0,0.0,0.0,0.9965122,0.0,0.0,0.0,0.0,1.706304,0.0,0.0,0.0,0.0,0.0,0.0,0.0,0.0
EIF5,1.34424,0.0,0.0,0.0,1.550395,0.0,0.0,1.82284,0.0,0.0,0.0,0.0,0.0,1.801408,2.265849,0.0,1.673252,1.85101,0.0,0.0,0.0,0.0,0.9907276,0.0,0.0,0.0,0.0,2.482481,0.0,0.0,0.0,1.25312,0.0,1.87562,1.91206,0.0,0.0,0.8622783,0.0,0.0,0.0,0.0,0.5457487,1.775896,0.0,0.0,0.0,0.0,0.0,0.0,0.0,0.0,0.0,0.0,0.0,0.0,2.060127,0.0,1.035623
MRPL57,0.8827899,0.0,0.0,0.0,1.049655,0.0,0.0,1.82284,1.35631,1.369507,0.0,0.0,0.0,1.261038,0.0,1.460467,0.0,0.0,0.0,0.0,0.0,0.0,0.9907276,0.0,2.031107,0.0,0.0,0.0,1.27666,0.0,2.080711,1.25312,0.0,1.87562,0.0,0.0,0.0,0.8622783,1.670007,0.0,0.0,0.0,1.532449,0.0,1.779777,0.0,0.0,0.0,0.0,0.0,0.0,0.0,0.9953279,0.0,0.0,1.16322,1.486928,0.0,1.035623
STX5,0.0,0.0,0.0,0.0,0.0,0.0,0.0,1.82284,0.0,0.0,0.0,0.0,0.0,0.0,0.0,0.0,0.0,0.0,0.0,0.0,0.0,0.0,0.0,0.0,0.0,0.0,0.0,0.0,1.27666,0.0,0.0,1.25312,0.0,0.0,0.0,0.0,0.0,0.0,0.0,0.0,0.0,0.0,0.0,0.0,0.0,0.0,0.0,0.0,0.0,1.943172,0.0,0.0,0.0,0.0,0.0,0.0,0.0,0.0,0.0
ESD,0.0,1.4192,0.0,0.0,1.882513,0.0,0.0,0.0,0.0,2.282406,0.0,0.0,0.0,1.261038,0.0,0.0,1.15207,1.303761,0.0,1.847625,1.404878,0.0,0.0,0.0,0.0,0.0,0.0,0.0,1.819584,0.0,0.0,0.0,0.0,0.0,0.0,1.071247,0.0,0.0,0.0,0.0,1.277966,0.0,0.8968225,1.239181,0.0,0.9965122,1.932488,0.0,0.0,0.0,0.0,0.0,0.0,2.174787,1.518989,0.0,0.0,1.500587,0.0
MINOS1,1.89770104654437,1.41920043157068,0.0,0.0,1.55039484657658,1.7961479158672,0.0,0.0,0.0,0.0,0.0,0.0,2.72959298432882,0.0,1.6714083440343,1.46046730918825,1.44623749548403,0.0,1.6362062807501,0.0,0.931185403523441,0.0,1.80493562912691,0.0,0.0,2.34848508174124,0.0,1.86956329118445,0.0,1.75759313963331,1.50520617489663,1.25312022618914,0.0,1.87561978493154,2.52844697628231,1.07124707440253,0.0,1.31831028677075,0.0,0.0,1.27796609948947,0.0,1.36189932329737,0.0,0.0,1.81261587033724,0.0,0.0,1.91025982681873,1.94317229655797,0.0,0.0,0.0,0.0,0.0,0.0,0.0,0.0,1.53336020197676
NCKAP1,0.0,0.0,0.0,0.0,0.0,0.0,0.0,0.0,0.0,0.0,0.0,0.0,0.0,0.0,0.0,0.0,0.0,0.0,0.0,0.0,0.0,0.0,0.0,0.0,0.0,0.0,0.0,0.0,0.0,0.0,0.0,0.0,0.0,0.0,0.0,0.0,0.0,0.0,0.0,0.0,0.0,0.0,0.0,0.0,0.0,0.0,0.0,0.0,0.0,0.0,0.0,0.0,0.0,0.0,0.0,0.0,0.0,0.0,0.0
GYG1,0.0,0.0,0.0,0.0,0.0,0.0,0.0,0.0,0.0,0.0,0.0,0.0,0.0,0.0,1.671408,0.0,0.0,0.0,0.0,0.0,0.0,0.0,1.478506,0.0,0.0,0.0,0.0,0.0,0.0,0.0,0.0,0.0,0.0,1.87562,0.0,0.0,0.0,1.31831,0.0,0.0,0.0,0.0,0.8968225,0.0,0.0,0.0,0.0,0.0,1.070995,0.0,0.0,0.0,0.9953279,0.0,0.0,0.0,0.0,0.0,0.0
RPL23A,2.96678,2.813555,3.037408,3.098672,3.362109,2.144712,2.161078,2.807488,2.266495,3.069628,2.90614,2.690632,3.113069,2.150279,2.265849,2.864476,3.120043,2.839005,3.399514,0.0,3.593548,2.900981,0.9907276,3.310512,2.031107,2.992697,2.250889,1.869563,2.803838,2.734068,3.092428,2.773058,2.032258,1.87562,1.91206,2.36039,2.075514,2.775962,3.29113,2.618753,3.684871,2.384071,2.913524,2.899744,1.779777,3.696421,3.203831,3.308099,1.91026,2.562001,2.946241,2.909251,0.0,2.174787,0.0,3.035048,1.486928,3.086757,2.618711
TCEAL8,1.658781,0.0,0.0,0.0,0.0,0.0,0.0,0.0,1.911568,0.0,0.0,0.0,0.0,0.0,0.0,0.0,1.15207,0.0,0.0,0.0,0.0,0.0,0.9907276,0.0,0.0,0.0,0.0,0.0,1.27666,0.0,0.0,0.0,0.0,0.0,0.0,0.0,0.0,0.0,0.0,0.0,0.0,0.0,0.5457487,0.0,0.0,0.9965122,0.0,0.0,0.0,0.0,0.0,0.0,0.0,0.0,0.0,1.68648,0.0,1.500587,1.035623
SMDT1,0.0,1.98343,0.0,0.0,1.882513,0.0,0.0,0.0,0.0,0.0,1.671759,0.0,0.0,0.0,0.0,0.0,0.0,0.0,0.0,0.0,1.725004,1.906673,1.804936,0.0,0.0,0.0,0.0,0.0,0.0,0.0,0.0,1.25312,0.0,0.0,1.91206,1.071247,0.0,0.8622783,1.670007,0.0,1.277966,0.0,0.5457487,1.239181,1.779777,2.255922,0.0,0.0,1.070995,0.0,1.706304,1.497077,0.0,0.0,0.0,1.16322,1.486928,1.500587,1.035623
UBE2I,0.0,0.0,0.0,1.655119,1.882513,0.0,0.0,0.0,0.0,0.0,0.0,0.0,0.0,1.261038,0.0,0.9760627,1.15207,1.303761,0.0,0.0,1.404878,0.0,0.0,0.0,0.0,0.0,0.0,0.0,1.27666,0.0,0.0,0.0,0.0,0.0,0.0,0.0,0.0,0.0,0.0,0.0,1.277966,0.0,0.5457487,0.0,0.0,0.9965122,0.0,0.0,0.0,1.943172,0.0,0.0,0.0,2.174787,0.0,0.0,0.0,0.0,1.53336
CRTAP,0.8827899,0.0,0.0,0.0,1.882513,0.0,0.0,0.0,1.35631,1.369507,1.671759,0.0,2.099651,1.801408,0.0,0.9760627,1.15207,0.0,0.0,0.0,0.0,0.0,0.9907276,0.0,0.0,0.0,0.0,0.0,0.0,0.0,0.0,0.0,0.0,0.0,0.0,0.0,0.0,0.0,1.670007,0.0,0.0,0.0,1.361899,1.239181,0.0,1.485604,0.0,0.0,0.0,0.0,0.0,0.0,1.484152,0.0,1.518989,1.16322,1.486928,0.0,0.0
ATP5D,1.34424,0.0,0.0,0.0,1.049655,0.0,0.0,1.82284,1.35631,0.0,1.671759,0.0,2.099651,1.261038,1.671408,1.460467,1.673252,0.0,0.0,0.0,0.0,0.0,2.247703,0.0,0.0,0.0,0.0,0.0,0.0,2.360564,0.0,1.25312,0.0,0.0,1.91206,1.576509,0.0,1.31831,0.0,1.995965,0.0,2.023663,1.678106,0.0,0.0,0.9965122,0.0,0.0,1.070995,2.941412,1.706304,1.497077,1.484152,2.174787,0.0,0.0,0.0,0.0,1.53336
TOMM20,0.0,0.0,0.0,0.0,1.8825132673014,0.0,2.16107815742127,0.0,1.3563103964635,1.36950713014174,0.0,1.4895829964291,0.0,1.26103848076862,0.0,0.976062700974198,1.44623749548403,0.0,0.0,0.0,0.931185403523441,1.90667306245649,0.990727613213213,0.0,2.03110657190696,0.0,0.0,1.86956329118445,0.0,1.75759313963331,0.0,0.0,0.0,0.0,0.0,1.91058675785902,0.0,0.0,0.0,0.0,0.0,0.0,0.545748720849974,0.0,1.77977734016826,0.0,0.0,1.45666876632877,0.0,0.0,0.0,0.0,0.0,0.0,0.0,1.16321956431772,0.0,0.0,0.0
GIMAP4,0.8827899,1.4192,0.0,0.0,0.0,0.0,0.0,0.0,0.0,0.0,1.671759,0.0,0.0,1.261038,1.671408,0.0,0.7335058,0.0,1.636206,0.0,0.0,0.0,0.0,0.0,2.031107,0.0,0.0,0.0,1.27666,1.757593,0.0,0.0,0.0,0.0,0.0,0.0,0.0,0.8622783,1.670007,0.0,0.0,0.0,0.5457487,0.0,0.0,0.0,0.0,0.0,1.070995,0.0,1.706304,0.0,0.0,0.0,0.0,0.0,0.0,0.0,0.0
ARHGAP29,0.0,0.0,0.0,0.0,0.0,0.0,0.0,0.0,0.0,0.0,0.0,0.0,0.0,0.0,0.0,0.0,0.0,0.0,0.0,0.0,0.0,0.0,0.0,0.0,0.0,0.0,0.0,0.0,0.0,0.0,0.0,0.0,0.0,0.0,0.0,0.0,0.0,0.0,0.0,0.0,0.0,0.0,0.0,0.0,0.0,0.0,0.0,0.0,0.0,0.0,0.0,0.0,0.0,0.0,0.0,0.0,0.0,0.0,0.0
CLIC1,1.897701,0.0,0.0,2.886743,0.0,0.0,0.0,0.0,2.527916,0.0,2.266237,2.06312,0.0,1.261038,0.0,0.9760627,2.149035,1.303761,1.636206,0.0,1.967121,1.906673,0.9907276,1.837343,0.0,0.0,0.0,0.0,1.819584,0.0,0.0,1.792176,2.657641,0.0,0.0,1.071247,0.0,1.630348,0.0,2.99962,1.821102,2.023663,1.156158,1.775896,1.779777,1.812616,0.0,1.456669,2.793998,1.943172,0.0,0.0,0.0,0.0,0.0,2.484998,2.060127,1.500587,1.53336
ERP29,1.34424,1.4192,0.0,0.0,1.550395,0.0,0.0,0.0,1.35631,0.0,1.671759,1.489583,0.0,0.0,0.0,1.785399,1.446237,1.303761,0.0,0.0,0.0,0.0,0.0,0.0,0.0,0.0,0.0,0.0,1.27666,0.0,0.0,1.25312,0.0,0.0,0.0,1.071247,0.0,1.31831,2.264302,1.430228,0.0,2.64844,0.8968225,0.0,0.0,0.0,0.0,1.456669,1.070995,0.0,0.0,0.0,1.484152,0.0,0.0,1.68648,0.0,0.0,1.035623
TCF25,0.0,1.4192,0.0,1.655119,1.550395,0.0,0.0,1.82284,1.35631,0.0,0.0,0.0,0.0,0.0,0.0,0.9760627,0.0,0.0,0.0,0.0,0.0,1.906673,1.478506,0.0,0.0,0.0,0.0,0.0,0.0,1.757593,2.709405,0.0,1.462248,0.0,0.0,0.0,0.0,0.0,0.0,1.430228,0.0,0.0,0.5457487,0.0,0.0,0.0,0.0,1.456669,1.070995,0.0,0.0,0.0,0.9953279,0.0,1.518989,0.0,0.0,0.0,1.53336
C17orf62,1.34424,0.0,0.0,0.0,1.049655,0.0,0.0,1.82284,0.0,0.0,0.0,0.0,0.0,1.261038,0.0,0.9760627,0.0,1.303761,0.0,0.0,1.404878,0.0,0.0,0.0,0.0,0.0,0.0,0.0,0.0,0.0,1.505206,0.0,0.0,0.0,0.0,0.0,0.0,0.8622783,2.264302,0.0,1.277966,0.0,0.0,0.0,0.0,0.9965122,0.0,0.0,0.0,0.0,0.0,0.0,1.484152,0.0,1.518989,0.0,0.0,0.0,0.0
SUMO1,0.0,1.4192,0.0,0.0,1.049655,1.256526,0.0,1.82284,1.35631,0.0,1.671759,1.489583,0.0,0.0,0.0,0.0,1.446237,0.0,0.0,0.0,0.0,0.0,0.0,0.0,2.031107,0.0,0.0,0.0,1.27666,1.757593,0.0,2.140507,0.0,1.87562,1.91206,0.0,0.0,1.31831,1.670007,0.0,0.0,0.0,1.156158,1.239181,0.0,1.485604,0.0,0.0,1.070995,0.0,0.0,1.497077,0.0,0.0,0.0,1.16322,0.0,1.500587,1.53336
AKAP13,0.8827899,0.0,0.0,0.0,1.049655,1.256526,0.0,1.82284,0.0,0.0,0.0,0.0,0.0,0.0,0.0,0.0,0.7335058,1.85101,1.636206,0.0,0.0,0.0,1.804936,0.0,0.0,0.0,0.0,0.0,1.819584,0.0,0.0,1.792176,1.462248,0.0,1.91206,1.071247,2.075514,0.0,0.0,0.0,0.0,0.0,0.8968225,1.775896,0.0,0.9965122,1.932488,0.0,1.070995,0.0,0.0,1.497077,0.9953279,0.0,0.0,0.0,1.486928,0.0,0.0
NDUFB9,1.34424,0.0,0.0,0.0,0.0,0.0,0.0,0.0,1.911568,0.0,0.0,0.0,0.0,1.801408,0.0,0.0,0.7335058,1.303761,0.0,0.0,0.9311854,0.0,0.0,0.0,0.0,0.0,0.0,0.0,1.27666,0.0,1.505206,0.0,0.0,0.0,0.0,0.0,0.0,0.0,0.0,1.430228,0.0,0.0,1.156158,2.123261,1.779777,0.0,0.0,1.456669,1.91026,0.0,0.0,0.0,1.811045,0.0,0.0,0.0,0.0,1.500587,1.53336
TRIM33,0.0,0.0,0.0,0.0,0.0,0.0,0.0,1.8228403481643,0.0,0.0,0.0,0.0,0.0,0.0,0.0,0.0,0.0,0.0,0.0,0.0,0.0,0.0,0.0,0.0,0.0,0.0,0.0,0.0,0.0,0.0,0.0,1.25312022618914,0.0,0.0,0.0,0.0,0.0,0.0,0.0,0.0,0.0,0.0,0.0,0.0,0.0,0.0,0.0,0.0,0.0,0.0,0.0,0.0,0.0,0.0,1.51898924628139,1.16321956431772,0.0,0.0,0.0
TMEM176A,1.658781,0.0,0.0,0.0,1.550395,1.796148,0.0,0.0,0.0,0.0,0.0,0.0,0.0,1.801408,1.671408,0.0,1.15207,1.85101,0.0,0.0,0.0,0.0,0.9907276,0.0,2.031107,0.0,0.0,0.0,0.0,0.0,0.0,0.0,0.0,0.0,1.91206,1.071247,0.0,0.0,0.0,0.0,0.0,0.0,0.5457487,0.0,1.779777,0.0,0.0,0.0,0.0,1.943172,0.0,0.0,0.0,0.0,0.0,0.0,0.0,0.0,0.0
HMGN1,1.34424,1.4192,0.0,1.655119,1.049655,1.796148,0.0,0.0,0.0,0.0,0.0,1.489583,2.099651,2.150279,0.0,1.785399,2.014131,1.85101,0.0,0.0,1.967121,1.906673,1.478506,1.837343,0.0,0.0,0.0,0.0,2.169504,0.0,2.080711,0.0,2.032258,2.489042,0.0,0.0,0.0,2.220431,2.264302,0.0,1.277966,1.454652,1.917981,1.775896,2.759099,2.562001,0.0,1.456669,1.070995,0.0,0.0,0.0,0.9953279,0.0,0.0,1.16322,2.060127,0.0,0.0
GPR160,0.0,1.4192,0.0,0.0,0.0,0.0,0.0,0.0,0.0,0.0,0.0,0.0,0.0,0.0,0.0,0.0,0.0,0.0,0.0,0.0,0.0,1.906673,0.0,0.0,0.0,0.0,0.0,0.0,0.0,0.0,0.0,0.0,0.0,0.0,0.0,0.0,0.0,0.0,0.0,0.0,0.0,0.0,0.0,0.0,0.0,0.9965122,0.0,0.0,0.0,0.0,0.0,0.0,0.0,0.0,1.518989,0.0,0.0,0.0,0.0
NDRG1,0.0,0.0,0.0,1.655119,0.0,1.256526,0.0,0.0,0.0,0.0,0.0,0.0,0.0,0.0,0.0,0.0,0.0,0.0,0.0,2.458689,0.0,0.0,0.0,2.447522,0.0,0.0,0.0,0.0,0.0,0.0,0.0,0.0,0.0,1.87562,0.0,0.0,0.0,0.0,0.0,0.0,0.0,0.0,0.0,1.239181,0.0,0.0,0.0,1.456669,0.0,0.0,0.0,2.071563,0.9953279,0.0,0.0,0.0,0.0,0.0,0.0
SSR3,1.658781,1.4192,0.0,1.655119,1.550395,0.0,0.0,0.0,1.911568,0.0,0.0,0.0,0.0,1.261038,0.0,0.9760627,1.15207,0.0,0.0,0.0,0.0,0.0,0.0,0.0,0.0,0.0,0.0,1.869563,1.27666,0.0,0.0,0.0,2.032258,0.0,0.0,0.0,0.0,1.31831,0.0,1.430228,1.277966,0.0,0.8968225,1.239181,0.0,0.0,0.0,0.0,1.070995,0.0,0.0,0.0,1.484152,0.0,0.0,0.0,0.0,0.0,0.0
IGHM,0.0,0.0,0.0,0.0,0.0,0.0,0.0,0.0,0.0,0.0,0.0,0.0,0.0,0.0,0.0,0.0,0.0,0.0,0.0,0.0,0.0,0.0,0.0,0.0,0.0,0.0,0.0,0.0,0.0,0.0,0.0,0.0,0.0,0.0,0.0,0.0,0.0,0.0,0.0,0.0,0.0,0.0,0.0,0.0,0.0,0.0,0.0,0.0,0.0,0.0,0.0,0.0,0.0,0.0,0.0,0.0,0.0,0.0,0.0
LAMTOR5,1.65878147631396,0.0,0.0,0.0,0.0,1.2565256720442,0.0,0.0,0.0,0.0,0.0,0.0,2.09965141229548,1.26103848076862,1.6714083440343,1.46046730918825,1.15206977988174,1.3037610757724,0.0,0.0,0.0,1.90667306245649,0.990727613213213,1.83734307652052,0.0,0.0,0.0,0.0,2.16950406602236,0.0,0.0,1.25312022618914,1.46224791977103,0.0,0.0,1.07124707440253,0.0,0.862278251133781,0.0,0.0,0.0,0.0,1.80521862260206,0.0,0.0,0.996512192170311,0.0,0.0,1.07099481969502,2.56200059012028,0.0,0.0,0.99532793544424,0.0,0.0,0.0,0.0,0.0,1.03562295451737
BSG,0.8827899,0.0,0.0,0.0,0.0,1.256526,0.0,1.82284,1.35631,0.0,1.671759,0.0,0.0,1.261038,0.0,0.9760627,0.7335058,0.0,0.0,0.0,0.0,0.0,0.0,0.0,0.0,0.0,0.0,0.0,0.0,1.757593,0.0,1.25312,1.462248,0.0,0.0,1.576509,0.0,1.31831,0.0,1.430228,0.0,2.023663,0.0,0.0,0.0,0.0,0.0,0.0,1.070995,0.0,0.0,0.0,0.9953279,0.0,1.518989,0.0,1.486928,0.0,1.035623
HADHA,0.0,0.0,0.0,0.0,0.0,0.0,0.0,0.0,0.0,0.0,0.0,0.0,0.0,0.0,1.671408,0.0,0.7335058,1.303761,0.0,0.0,0.0,0.0,0.0,0.0,0.0,0.0,0.0,0.0,0.0,0.0,0.0,1.25312,0.0,0.0,0.0,1.071247,0.0,0.8622783,0.0,0.0,0.0,1.454652,0.0,0.0,0.0,0.0,0.0,0.0,0.0,0.0,0.0,1.497077,0.9953279,0.0,0.0,0.0,1.486928,0.0,0.0
CNIH1,0.8827899,0.0,0.0,0.0,0.0,0.0,0.0,0.0,1.35631,0.0,1.671759,0.0,0.0,0.0,0.0,0.0,0.0,1.85101,0.0,0.0,0.0,0.0,0.9907276,0.0,0.0,0.0,0.0,0.0,0.0,0.0,0.0,0.0,0.0,0.0,0.0,0.0,0.0,0.8622783,0.0,0.0,1.277966,2.023663,0.0,0.0,0.0,0.9965122,1.932488,0.0,0.0,0.0,0.0,2.071563,0.0,0.0,0.0,1.16322,0.0,0.0,0.0
SEPT10,0.0,0.0,0.0,0.0,0.0,0.0,0.0,0.0,0.0,0.0,0.0,0.0,0.0,0.0,0.0,0.0,0.0,0.0,0.0,0.0,0.0,0.0,0.0,0.0,0.0,0.0,0.0,0.0,0.0,0.0,0.0,0.0,0.0,0.0,0.0,0.0,0.0,0.0,0.0,0.0,0.0,0.0,0.0,0.0,0.0,0.0,0.0,0.0,0.0,0.0,0.0,1.497077,0.0,0.0,0.0,0.0,0.0,0.0,0.0
ATP5C1,0.0,1.4192,0.0,0.0,1.550395,0.0,0.0,0.0,0.0,0.0,0.0,0.0,0.0,0.0,0.0,0.0,1.15207,1.303761,0.0,0.0,0.9311854,0.0,0.0,0.0,0.0,0.0,0.0,0.0,0.0,0.0,0.0,0.0,0.0,0.0,0.0,0.0,0.0,0.8622783,0.0,0.0,1.821102,0.0,1.156158,1.239181,0.0,1.485604,1.932488,0.0,1.070995,0.0,0.0,0.0,0.0,0.0,0.0,0.0,0.0,1.500587,0.0
KRT10,0.0,0.0,1.785537,0.0,0.0,0.0,2.161078,1.82284,0.0,0.0,0.0,0.0,0.0,0.0,1.671408,0.0,0.0,0.0,0.0,0.0,0.0,0.0,0.0,0.0,0.0,0.0,0.0,0.0,0.0,0.0,0.0,0.0,0.0,0.0,0.0,0.0,0.0,0.0,1.670007,0.0,1.277966,0.0,0.0,0.0,1.779777,0.0,0.0,0.0,0.0,0.0,0.0,0.0,0.0,0.0,0.0,0.0,0.0,0.0,0.0
CTNND1,0.8827899,0.0,1.785537,0.0,0.0,0.0,0.0,0.0,0.0,0.0,0.0,0.0,0.0,0.0,0.0,0.9760627,0.0,0.0,0.0,0.0,0.0,0.0,0.0,0.0,0.0,0.0,0.0,0.0,1.819584,0.0,0.0,1.25312,0.0,0.0,0.0,0.0,0.0,0.0,1.670007,0.0,0.0,0.0,0.0,0.0,0.0,0.0,0.0,1.456669,1.070995,0.0,0.0,0.0,0.0,0.0,0.0,0.0,0.0,0.0,0.0
WDR60,0.0,0.0,0.0,0.0,0.0,0.0,0.0,0.0,1.35631,0.0,0.0,0.0,0.0,0.0,0.0,0.0,0.0,0.0,0.0,0.0,0.0,0.0,0.9907276,0.0,0.0,0.0,0.0,0.0,0.0,0.0,0.0,0.0,0.0,0.0,0.0,0.0,2.075514,0.0,0.0,0.0,0.0,0.0,0.0,0.0,0.0,0.0,0.0,0.0,0.0,0.0,0.0,0.0,0.0,0.0,0.0,0.0,1.486928,0.0,0.0
RPS29,3.514693,3.260805,3.426757,3.862217,3.641088,3.516653,0.0,2.807488,1.911568,3.412273,3.571564,3.658103,4.181591,3.661926,3.441622,2.95459,3.071071,3.782597,3.250913,3.322287,4.294059,4.159465,3.551451,2.447522,3.529666,3.660449,2.889947,3.673721,3.543866,4.07042,3.677715,3.434471,2.032258,2.489042,2.528447,3.256065,3.086757,2.775962,3.684114,2.99962,3.863,3.030035,3.327131,3.415541,3.569526,4.01966,3.876466,3.779435,3.393643,2.941412,3.830502,3.082444,2.560268,3.472005,2.935878,3.94362,2.896874,3.835059,4.016488
PPP1R10,0.8827899,0.0,0.0,0.0,1.049655,0.0,0.0,1.82284,0.0,0.0,0.0,1.489583,0.0,0.0,0.0,1.460467,0.0,0.0,0.0,0.0,0.9311854,1.906673,0.0,1.837343,0.0,0.0,0.0,0.0,0.0,0.0,0.0,0.0,0.0,0.0,0.0,0.0,0.0,0.0,1.670007,0.0,0.0,0.0,0.0,0.0,0.0,0.9965122,1.932488,0.0,1.070995,0.0,0.0,0.0,0.0,0.0,0.0,1.16322,1.486928,1.500587,0.0
HNRNPA0,1.34424,0.0,0.0,0.0,1.049655,1.256526,0.0,0.0,0.0,0.0,0.0,0.0,0.0,0.0,1.671408,0.9760627,0.7335058,0.0,0.0,0.0,0.9311854,0.0,0.9907276,1.837343,0.0,0.0,2.250889,0.0,0.0,0.0,1.505206,0.0,1.462248,0.0,0.0,0.0,2.075514,0.0,0.0,0.0,0.0,0.0,1.532449,1.239181,1.779777,0.0,0.0,0.0,0.0,0.0,0.0,0.0,1.484152,0.0,1.518989,0.0,0.0,1.500587,1.035623
NFE2L2,0.0,0.0,0.0,1.655119,1.049655,1.256526,2.161078,1.82284,0.0,1.369507,0.0,1.489583,0.0,0.0,0.0,0.0,0.7335058,1.303761,0.0,0.0,0.9311854,1.906673,0.9907276,0.0,0.0,0.0,0.0,0.0,0.0,0.0,0.0,1.792176,0.0,0.0,0.0,1.071247,0.0,0.8622783,0.0,0.0,1.277966,0.0,0.0,1.239181,1.779777,0.0,0.0,0.0,1.070995,0.0,0.0,0.0,0.9953279,0.0,0.0,0.0,1.486928,0.0,1.035623
TERF2IP,0.8827899,0.0,0.0,0.0,1.049655,1.256526,0.0,0.0,1.35631,0.0,1.671759,0.0,0.0,1.261038,0.0,0.0,0.0,1.303761,0.0,0.0,0.0,0.0,0.0,0.0,0.0,0.0,0.0,0.0,0.0,0.0,0.0,0.0,1.462248,0.0,0.0,0.0,0.0,0.0,1.670007,0.0,1.277966,0.0,0.0,0.0,0.0,0.0,0.0,0.0,0.0,0.0,1.706304,0.0,0.0,0.0,0.0,1.16322,0.0,0.0,1.035623
POU2F2,0.0,0.0,0.0,0.0,0.0,1.256526,0.0,0.0,0.0,0.0,0.0,1.489583,0.0,0.0,0.0,0.0,0.0,0.0,0.0,0.0,1.404878,1.906673,0.0,0.0,0.0,0.0,0.0,0.0,0.0,1.757593,0.0,0.0,0.0,1.87562,0.0,0.0,0.0,0.0,0.0,0.0,0.0,0.0,0.5457487,0.0,0.0,0.0,0.0,0.0,0.0,1.943172,2.675919,0.0,0.0,0.0,0.0,1.68648,0.0,1.500587,0.0
CLTA,1.34424,1.4192,0.0,1.655119,1.049655,1.256526,0.0,2.431754,1.35631,1.369507,1.671759,0.0,0.0,1.261038,2.265849,1.460467,2.267885,1.303761,0.0,0.0,0.9311854,0.0,1.478506,0.0,0.0,0.0,0.0,0.0,1.27666,0.0,1.505206,1.792176,2.032258,0.0,0.0,2.160569,0.0,0.8622783,2.264302,0.0,1.277966,0.0,1.532449,0.0,1.779777,0.0,0.0,2.025946,1.576204,0.0,0.0,0.0,1.484152,0.0,1.518989,0.0,2.060127,0.0,1.86417
FLNA,0.0,0.0,0.0,2.247854,0.0,1.256526,0.0,0.0,0.0,0.0,0.0,0.0,0.0,0.0,0.0,0.0,0.7335058,0.0,0.0,0.0,0.0,0.0,0.0,0.0,0.0,0.0,3.554911,1.869563,0.0,0.0,0.0,1.25312,1.462248,0.0,0.0,1.576509,2.075514,1.630348,0.0,0.0,1.277966,1.454652,1.361899,1.775896,0.0,0.0,0.0,0.0,1.576204,0.0,1.706304,0.0,1.811045,0.0,1.518989,0.0,0.0,0.0,1.035623
FBLN1,0.8827899,0.0,0.0,0.0,0.0,0.0,0.0,0.0,0.0,0.0,0.0,0.0,0.0,0.0,0.0,0.0,0.0,0.0,0.0,0.0,0.0,0.0,0.0,0.0,0.0,0.0,0.0,0.0,0.0,0.0,0.0,0.0,0.0,0.0,0.0,0.0,0.0,0.0,0.0,0.0,0.0,0.0,0.0,0.0,0.0,0.0,0.0,0.0,0.0,0.0,0.0,0.0,0.0,0.0,0.0,0.0,0.0,0.0,0.0
HSPE1,1.34424,1.98343,0.0,0.0,0.0,1.256526,0.0,0.0,0.0,1.369507,0.0,1.489583,2.099651,1.261038,0.0,0.0,1.446237,0.0,0.0,0.0,0.0,0.0,0.9907276,0.0,0.0,0.0,0.0,0.0,0.0,0.0,0.0,1.792176,1.462248,1.87562,0.0,1.071247,0.0,0.8622783,0.0,1.430228,1.821102,0.0,0.0,0.0,0.0,0.9965122,0.0,3.032538,1.576204,0.0,0.0,0.0,0.0,0.0,0.0,1.16322,1.486928,0.0,1.035623
IDH2,1.34424,0.0,0.0,0.0,0.0,1.256526,0.0,0.0,0.0,0.0,0.0,1.489583,0.0,0.0,0.0,0.9760627,0.0,0.0,0.0,0.0,0.0,0.0,0.0,0.0,0.0,0.0,0.0,0.0,0.0,0.0,0.0,0.0,0.0,0.0,0.0,1.071247,0.0,0.0,0.0,1.430228,0.0,0.0,1.532449,0.0,0.0,0.0,0.0,1.456669,1.070995,0.0,0.0,0.0,0.0,0.0,0.0,0.0,0.0,0.0,0.0
SDHB,0.882789948505998,0.0,0.0,0.0,1.04965501064734,1.2565256720442,0.0,0.0,1.3563103964635,0.0,0.0,0.0,0.0,0.0,0.0,0.0,1.15206977988174,0.0,0.0,0.0,0.0,0.0,0.0,0.0,0.0,0.0,0.0,0.0,0.0,0.0,0.0,0.0,0.0,0.0,0.0,0.0,0.0,0.862278251133781,2.26430227536865,1.43022756802944,0.0,0.0,0.0,0.0,0.0,0.0,0.0,0.0,0.0,0.0,0.0,0.0,0.0,0.0,0.0,0.0,0.0,0.0,0.0
ARL6IP4,0.8827899,0.0,0.0,0.0,1.049655,1.796148,0.0,0.0,1.35631,0.0,1.671759,2.06312,0.0,0.0,2.265849,0.0,1.673252,0.0,0.0,1.847625,0.9311854,1.906673,0.9907276,0.0,0.0,0.0,0.0,0.0,0.0,1.757593,0.0,0.0,0.0,1.87562,1.91206,1.576509,0.0,1.867825,1.670007,1.430228,1.277966,0.0,1.532449,0.0,0.0,0.9965122,0.0,2.025946,1.070995,1.943172,1.706304,1.497077,0.0,0.0,0.0,1.68648,1.486928,1.500587,1.86417
PFN1,2.891017,2.341944,2.391105,3.098672,2.330524,3.263158,2.161078,0.0,2.266495,2.282406,0.0,2.690632,2.729593,1.801408,2.265849,3.250754,2.965286,1.303761,2.226923,1.847625,2.697167,1.906673,2.412261,1.837343,2.031107,2.348485,0.0,1.869563,2.428212,1.757593,2.080711,2.140507,2.657641,2.489042,1.91206,3.179229,0.0,2.480598,2.264302,2.99962,2.951013,2.384071,2.412569,1.775896,3.030817,3.068323,0.0,2.859809,3.255696,1.943172,2.304297,1.497077,3.066533,0.0,2.935878,2.653335,2.422185,2.913524,3.462187
AHI1,0.0,0.0,0.0,0.0,0.0,0.0,0.0,0.0,0.0,1.369507,0.0,0.0,0.0,0.0,0.0,0.0,0.0,0.0,0.0,0.0,0.0,0.0,0.0,0.0,0.0,0.0,0.0,0.0,0.0,0.0,0.0,0.0,1.462248,0.0,0.0,0.0,0.0,0.0,0.0,0.0,0.0,0.0,0.0,0.0,0.0,0.0,0.0,0.0,0.0,0.0,0.0,0.0,0.0,0.0,1.518989,0.0,0.0,0.0,0.0
VCAM1,0.0,0.0,0.0,0.0,0.0,0.0,0.0,0.0,0.0,0.0,0.0,0.0,0.0,0.0,0.0,0.0,1.44623749548403,0.0,0.0,0.0,0.0,0.0,0.0,0.0,0.0,0.0,0.0,0.0,1.27666005795582,0.0,0.0,0.0,0.0,0.0,0.0,0.0,0.0,0.0,0.0,0.0,0.0,0.0,0.0,0.0,0.0,0.0,0.0,0.0,0.0,0.0,0.0,0.0,0.0,0.0,0.0,0.0,0.0,0.0,0.0
CDK2AP2,0.0,0.0,0.0,0.0,0.0,0.0,0.0,0.0,0.0,0.0,0.0,1.489583,0.0,0.0,2.265849,0.9760627,0.0,0.0,0.0,0.0,0.0,0.0,0.9907276,0.0,0.0,0.0,0.0,0.0,0.0,0.0,0.0,0.0,0.0,0.0,0.0,0.0,0.0,0.8622783,0.0,0.0,0.0,0.0,0.0,0.0,0.0,0.0,0.0,0.0,0.0,0.0,0.0,0.0,0.0,0.0,0.0,0.0,0.0,0.0,0.0
TMEM134,0.0,0.0,0.0,0.0,0.0,0.0,0.0,0.0,0.0,0.0,0.0,0.0,0.0,0.0,0.0,0.9760627,0.0,0.0,0.0,0.0,0.0,0.0,0.0,0.0,0.0,0.0,0.0,0.0,0.0,0.0,0.0,0.0,0.0,0.0,0.0,1.071247,0.0,0.0,0.0,0.0,0.0,0.0,0.5457487,0.0,0.0,0.0,0.0,0.0,0.0,0.0,0.0,0.0,0.0,0.0,1.518989,0.0,1.486928,1.500587,0.0
TP53INP1,0.0,0.0,0.0,0.0,0.0,0.0,0.0,0.0,0.0,0.0,0.0,0.0,0.0,0.0,0.0,0.0,0.0,0.0,0.0,0.0,0.0,0.0,0.0,0.0,0.0,0.0,0.0,0.0,1.27666,0.0,0.0,0.0,1.462248,0.0,0.0,0.0,0.0,0.0,0.0,0.0,1.277966,0.0,0.0,0.0,0.0,0.0,0.0,0.0,1.070995,0.0,0.0,0.0,0.0,0.0,0.0,0.0,0.0,0.0,0.0
RPS6KB2,0.0,0.0,0.0,0.0,0.0,0.0,0.0,0.0,1.35631,0.0,0.0,0.0,0.0,0.0,1.671408,0.0,0.0,0.0,0.0,0.0,0.0,0.0,0.0,0.0,0.0,0.0,0.0,0.0,0.0,0.0,0.0,0.0,0.0,0.0,0.0,1.071247,0.0,0.0,0.0,0.0,0.0,0.0,0.0,0.0,0.0,0.9965122,0.0,0.0,0.0,0.0,0.0,0.0,0.0,0.0,0.0,0.0,0.0,0.0,0.0
DDX24,0.8827899,0.0,1.785537,1.655119,0.0,1.256526,2.161078,0.0,0.0,1.369507,0.0,0.0,0.0,1.261038,0.0,1.460467,0.7335058,0.0,0.0,1.847625,1.967121,0.0,1.478506,0.0,0.0,0.0,2.250889,0.0,0.0,0.0,0.0,1.25312,0.0,0.0,0.0,0.0,2.075514,0.0,0.0,0.0,1.277966,0.0,0.8968225,0.0,0.0,0.9965122,1.932488,0.0,0.0,0.0,0.0,0.0,0.9953279,0.0,0.0,0.0,0.0,2.075514,0.0
ZFP36L2,0.0,0.0,0.0,0.0,1.550395,0.0,0.0,0.0,1.35631,1.926702,2.266237,1.489583,2.099651,1.801408,1.671408,1.460467,1.446237,0.0,1.636206,0.0,0.9311854,2.900981,1.478506,0.0,0.0,0.0,0.0,0.0,2.428212,1.757593,0.0,0.0,0.0,0.0,2.528447,1.071247,3.086757,1.630348,2.9041,0.0,1.821102,0.0,0.8968225,0.0,0.0,1.812616,1.932488,2.386459,0.0,3.430896,2.304297,0.0,1.811045,0.0,1.518989,2.028235,0.0,3.234365,0.0
FNIP1,0.8827899,0.0,0.0,0.0,0.0,0.0,0.0,0.0,1.35631,0.0,0.0,0.0,0.0,0.0,0.0,0.0,0.7335058,0.0,0.0,0.0,0.0,0.0,0.0,0.0,0.0,0.0,0.0,0.0,1.27666,0.0,0.0,0.0,0.0,0.0,0.0,0.0,0.0,0.0,0.0,0.0,0.0,0.0,0.0,0.0,0.0,0.0,0.0,0.0,0.0,0.0,0.0,0.0,0.0,0.0,0.0,0.0,0.0,0.0,0.0
SHMT2,0.0,0.0,0.0,0.0,0.0,0.0,0.0,0.0,0.0,0.0,0.0,0.0,2.099651,1.261038,0.0,0.0,1.15207,0.0,0.0,0.0,0.0,0.0,0.9907276,0.0,0.0,0.0,0.0,0.0,0.0,0.0,0.0,1.25312,0.0,0.0,0.0,0.0,0.0,0.0,0.0,0.0,0.0,0.0,0.0,0.0,0.0,0.0,0.0,0.0,0.0,0.0,0.0,0.0,0.0,0.0,0.0,0.0,0.0,0.0,0.0
TSHZ2,0.0,0.0,0.0,0.0,0.0,0.0,0.0,0.0,0.0,0.0,0.0,0.0,0.0,0.0,0.0,0.0,0.0,0.0,0.0,0.0,0.0,0.0,0.0,0.0,0.0,0.0,0.0,0.0,0.0,0.0,0.0,0.0,0.0,0.0,0.0,0.0,0.0,0.0,0.0,0.0,0.0,0.0,0.0,0.0,0.0,0.0,0.0,0.0,0.0,0.0,0.0,0.0,0.0,0.0,0.0,0.0,0.0,0.0,0.0
NDUFA3,1.658781,1.4192,0.0,0.0,1.550395,1.256526,0.0,1.82284,1.911568,0.0,1.671759,2.06312,2.099651,1.261038,0.0,2.390955,1.446237,0.0,0.0,0.0,0.0,0.0,1.478506,0.0,0.0,0.0,0.0,1.869563,1.27666,1.757593,0.0,1.25312,0.0,0.0,1.91206,1.576509,0.0,1.31831,1.670007,0.0,1.821102,2.023663,1.156158,0.0,0.0,0.9965122,0.0,0.0,2.526503,0.0,1.706304,1.497077,1.811045,2.174787,1.518989,1.68648,2.422185,2.075514,1.86417
SRSF11,0.0,1.41920043157068,0.0,0.0,2.33052385984666,1.7961479158672,0.0,0.0,1.3563103964635,1.36950713014174,0.0,0.0,0.0,1.26103848076862,0.0,0.0,0.733505814146228,0.0,1.6362062807501,1.84762540377944,1.40487829275209,1.90667306245649,0.990727613213213,0.0,0.0,0.0,0.0,0.0,1.27666005795582,0.0,2.08071132751938,0.0,1.46224791977103,0.0,2.52844697628231,0.0,0.0,0.0,0.0,0.0,0.0,0.0,0.0,0.0,0.0,0.0,0.0,2.02594562233073,0.0,1.94317229655797,1.7063043852994,0.0,0.0,0.0,1.51898924628139,1.16321956431772,0.0,0.0,0.0
DDX17,1.34424,1.4192,0.0,0.0,1.049655,1.796148,0.0,0.0,1.35631,1.369507,0.0,0.0,0.0,0.0,1.671408,0.0,0.7335058,0.0,1.636206,1.847625,0.9311854,1.906673,1.478506,0.0,0.0,0.0,0.0,1.869563,1.27666,1.757593,0.0,1.25312,0.0,0.0,0.0,1.576509,0.0,1.31831,0.0,0.0,0.0,0.0,0.0,1.239181,0.0,1.812616,0.0,1.456669,0.0,1.943172,1.706304,1.497077,0.9953279,0.0,2.45983,1.16322,1.486928,1.500587,1.53336
CFH,0.0,0.0,0.0,0.0,0.0,0.0,0.0,0.0,0.0,0.0,0.0,0.0,0.0,0.0,0.0,0.0,0.0,0.0,0.0,0.0,0.0,0.0,0.0,0.0,0.0,0.0,0.0,0.0,0.0,0.0,0.0,0.0,0.0,0.0,0.0,0.0,0.0,0.0,0.0,0.0,0.0,0.0,0.0,0.0,0.0,0.0,0.0,0.0,0.0,0.0,0.0,0.0,0.0,0.0,0.0,0.0,0.0,0.0,0.0
GAS6,0.0,0.0,0.0,0.0,0.0,0.0,0.0,1.82284,1.35631,0.0,0.0,0.0,0.0,0.0,0.0,0.0,0.0,0.0,0.0,0.0,0.0,0.0,0.9907276,0.0,2.031107,0.0,0.0,0.0,1.819584,0.0,0.0,0.0,0.0,0.0,0.0,0.0,0.0,0.0,0.0,0.0,0.0,0.0,0.0,0.0,0.0,0.0,0.0,0.0,0.0,0.0,0.0,0.0,0.0,0.0,0.0,0.0,1.486928,0.0,0.0
TSC22D1,0.0,0.0,0.0,0.0,1.882513,0.0,0.0,0.0,0.0,0.0,0.0,2.42531,0.0,1.261038,1.671408,1.460467,0.0,1.303761,0.0,0.0,0.0,0.0,0.9907276,0.0,0.0,0.0,0.0,0.0,0.0,0.0,0.0,0.0,0.0,0.0,0.0,0.0,0.0,1.31831,0.0,0.0,0.0,0.0,0.0,0.0,0.0,0.0,0.0,0.0,0.0,0.0,0.0,0.0,2.056997,0.0,0.0,0.0,0.0,0.0,0.0
SH3BGRL,2.090403,2.341944,0.0,0.0,2.131401,0.0,0.0,0.0,1.911568,0.0,0.0,0.0,0.0,1.261038,1.671408,1.460467,1.15207,2.202695,0.0,0.0,0.9311854,0.0,2.050627,1.837343,0.0,0.0,0.0,0.0,1.819584,2.734068,0.0,1.25312,1.462248,0.0,1.91206,1.071247,0.0,0.0,1.670007,1.430228,2.171108,2.64844,0.8968225,2.123261,0.0,1.812616,2.550488,0.0,0.0,0.0,0.0,0.0,0.0,0.0,0.0,1.68648,0.0,0.0,1.53336
N4BP2L2,1.658781,0.0,1.785537,0.0,1.049655,1.256526,0.0,0.0,1.911568,2.282406,0.0,0.0,0.0,1.801408,0.0,0.0,0.0,1.303761,0.0,0.0,0.9311854,0.0,0.9907276,0.0,2.656408,0.0,0.0,1.869563,1.819584,2.360564,0.0,0.0,1.462248,0.0,1.91206,1.071247,2.075514,1.31831,1.670007,0.0,1.277966,0.0,0.0,0.0,1.779777,2.058635,2.550488,0.0,1.070995,0.0,1.706304,0.0,0.9953279,2.174787,0.0,1.68648,1.486928,0.0,1.53336
BGN,0.0,0.0,0.0,0.0,0.0,0.0,0.0,0.0,0.0,0.0,0.0,0.0,0.0,0.0,0.0,0.0,0.0,0.0,0.0,0.0,0.0,0.0,0.0,0.0,0.0,0.0,0.0,0.0,0.0,0.0,0.0,1.25312,0.0,0.0,0.0,0.0,0.0,0.0,0.0,0.0,0.0,0.0,0.0,0.0,0.0,0.0,0.0,0.0,0.0,0.0,0.0,0.0,0.0,0.0,0.0,0.0,0.0,0.0,0.0
ASAH1,2.96678,0.0,2.765585,1.655119,2.496505,2.402682,0.0,1.82284,2.266495,2.544248,0.0,0.0,2.099651,3.168078,1.671408,2.95459,2.470104,0.0,2.226923,0.0,0.9311854,0.0,2.247703,0.0,2.656408,3.660449,0.0,0.0,2.169504,2.360564,2.080711,1.25312,1.462248,1.87562,0.0,0.0,0.0,2.686861,0.0,3.388344,1.277966,2.64844,1.917981,1.239181,2.384817,0.0,1.932488,0.0,2.160229,0.0,0.0,0.0,1.811045,2.174787,2.45983,0.0,2.060127,1.500587,1.53336
CCL4,0.0,0.0,0.0,0.0,1.049655,2.607565,5.912593,0.0,3.052723,1.369507,3.44204,2.42531,0.0,0.0,0.0,0.0,1.446237,0.0,4.724397,3.322287,0.0,2.522629,0.0,0.0,0.0,0.0,5.322562,4.928243,3.07626,0.0,1.505206,2.39835,0.0,0.0,0.0,2.160569,2.70386,0.0,0.0,0.0,1.277966,0.0,2.111304,3.138752,2.384817,0.0,0.0,0.0,0.0,0.0,0.0,0.0,0.9953279,0.0,0.0,2.028235,2.060127,3.756815,1.53336
TM9SF2,0.8827899,0.0,0.0,0.0,1.550395,0.0,0.0,0.0,0.0,0.0,0.0,1.489583,0.0,1.261038,0.0,1.460467,0.7335058,0.0,0.0,0.0,0.0,0.0,0.0,0.0,0.0,0.0,0.0,0.0,0.0,0.0,0.0,0.0,0.0,0.0,1.91206,1.576509,0.0,0.8622783,1.670007,1.430228,0.0,0.0,0.0,0.0,0.0,1.812616,0.0,1.456669,0.0,0.0,0.0,0.0,0.0,0.0,0.0,1.16322,1.486928,0.0,0.0
ENAH,0.0,0.0,0.0,0.0,0.0,0.0,0.0,0.0,0.0,0.0,0.0,0.0,0.0,0.0,0.0,0.0,0.0,0.0,0.0,0.0,0.0,0.0,0.0,0.0,0.0,0.0,0.0,1.86956329118445,0.0,0.0,0.0,0.0,0.0,0.0,0.0,0.0,0.0,0.0,0.0,0.0,0.0,0.0,0.0,0.0,0.0,0.0,0.0,0.0,0.0,0.0,0.0,0.0,0.0,0.0,0.0,0.0,0.0,0.0,0.0
LIMD2,0.0,0.0,0.0,0.0,1.049655,0.0,0.0,0.0,0.0,0.0,0.0,0.0,0.0,0.0,0.0,0.0,0.0,0.0,0.0,0.0,0.9311854,0.0,0.0,0.0,0.0,0.0,0.0,0.0,0.0,0.0,0.0,0.0,0.0,0.0,0.0,0.0,0.0,0.0,0.0,0.0,0.0,0.0,0.0,0.0,0.0,0.9965122,0.0,2.025946,0.0,0.0,0.0,1.497077,0.0,0.0,0.0,0.0,0.0,0.0,0.0
SH3GLB1,0.0,0.0,0.0,0.0,1.04965501064734,0.0,0.0,0.0,0.0,0.0,0.0,0.0,0.0,1.26103848076862,0.0,0.0,1.15206977988174,1.85101001970827,0.0,1.84762540377944,0.931185403523441,0.0,1.47850581878633,0.0,0.0,0.0,0.0,0.0,0.0,0.0,0.0,1.25312022618914,0.0,0.0,0.0,0.0,0.0,1.86782548328248,0.0,1.43022756802944,1.27796609948947,0.0,0.89682254342059,1.23918083600871,0.0,0.996512192170311,0.0,0.0,0.0,0.0,0.0,0.0,1.48415195791382,0.0,0.0,0.0,0.0,1.50058699183651,0.0
C1S,0.0,0.0,0.0,0.0,0.0,0.0,0.0,0.0,0.0,0.0,0.0,0.0,0.0,0.0,0.0,0.0,0.0,0.0,0.0,0.0,0.0,0.0,0.9907276,0.0,0.0,0.0,0.0,0.0,0.0,0.0,0.0,0.0,0.0,0.0,0.0,0.0,0.0,0.0,0.0,0.0,0.0,0.0,0.0,0.0,0.0,0.0,0.0,0.0,0.0,0.0,0.0,0.0,0.0,0.0,0.0,0.0,0.0,0.0,0.0
NAA38,0.0,0.0,0.0,1.655119,1.049655,1.796148,0.0,0.0,1.35631,1.369507,2.266237,0.0,0.0,0.0,0.0,0.9760627,0.7335058,0.0,0.0,0.0,0.0,0.0,0.0,0.0,0.0,0.0,0.0,0.0,1.27666,0.0,0.0,1.25312,0.0,0.0,0.0,1.071247,0.0,0.8622783,2.264302,0.0,2.171108,0.0,0.5457487,0.0,0.0,0.0,0.0,1.456669,2.160229,0.0,0.0,0.0,2.560268,0.0,0.0,0.0,0.0,1.500587,1.035623
TUBB4B,0.8827899,0.0,0.0,0.0,0.0,0.0,0.0,0.0,0.0,0.0,0.0,0.0,0.0,1.261038,0.0,0.0,0.7335058,0.0,0.0,0.0,0.9311854,0.0,0.0,0.0,0.0,0.0,2.250889,0.0,0.0,0.0,0.0,0.0,0.0,0.0,0.0,1.071247,0.0,0.8622783,0.0,0.0,0.0,0.0,0.5457487,0.0,0.0,0.0,0.0,1.456669,0.0,0.0,0.0,0.0,0.9953279,0.0,0.0,0.0,0.0,0.0,1.035623
PUM1,0.0,0.0,0.0,1.65511853346191,0.0,0.0,0.0,0.0,0.0,0.0,1.67175919771753,0.0,0.0,0.0,0.0,0.0,0.0,0.0,0.0,0.0,0.0,0.0,0.990727613213213,0.0,0.0,0.0,0.0,0.0,0.0,1.75759313963331,0.0,0.0,0.0,0.0,0.0,0.0,0.0,0.0,0.0,0.0,0.0,0.0,0.89682254342059,0.0,0.0,0.0,0.0,0.0,0.0,1.94317229655797,0.0,0.0,0.99532793544424,0.0,0.0,0.0,0.0,0.0,0.0
CHPF,0.0,0.0,0.0,0.0,0.0,0.0,0.0,0.0,0.0,0.0,0.0,0.0,0.0,0.0,0.0,0.0,0.0,0.0,0.0,0.0,0.0,0.0,0.0,0.0,0.0,0.0,0.0,0.0,0.0,0.0,0.0,0.0,0.0,0.0,0.0,1.071247,0.0,0.0,0.0,0.0,0.0,0.0,0.0,0.0,0.0,0.0,0.0,0.0,0.0,0.0,0.0,0.0,0.0,0.0,0.0,0.0,0.0,0.0,0.0
SEP15,0.0,0.0,0.0,0.0,1.04965501064734,0.0,0.0,0.0,1.3563103964635,0.0,0.0,0.0,0.0,0.0,0.0,0.976062700974198,1.15206977988174,0.0,0.0,0.0,0.0,0.0,0.990727613213213,0.0,0.0,0.0,0.0,0.0,1.27666005795582,0.0,1.50520617489663,1.25312022618914,1.46224791977103,0.0,0.0,0.0,0.0,1.86782548328248,2.26430227536865,1.43022756802944,1.82110205144729,2.38407127575583,1.53244899634501,0.0,0.0,0.0,0.0,0.0,1.57620422873054,1.94317229655797,0.0,0.0,0.0,0.0,1.51898924628139,1.68648043988057,0.0,0.0,1.03562295451737
DCN,0.0,0.0,0.0,0.0,0.0,0.0,0.0,0.0,0.0,0.0,0.0,0.0,0.0,0.0,0.0,0.0,0.0,0.0,0.0,0.0,0.0,0.0,0.0,0.0,0.0,0.0,0.0,0.0,0.0,0.0,0.0,0.0,0.0,0.0,0.0,0.0,0.0,0.0,1.670007,0.0,0.0,0.0,0.0,0.0,0.0,0.0,0.0,0.0,0.0,0.0,0.0,0.0,0.0,0.0,0.0,0.0,0.0,0.0,0.0
MRPL55,0.0,0.0,0.0,0.0,1.04965501064734,1.2565256720442,0.0,0.0,0.0,0.0,0.0,0.0,0.0,0.0,0.0,0.0,0.0,0.0,0.0,0.0,0.0,1.90667306245649,0.0,0.0,2.65640829245281,0.0,0.0,0.0,0.0,0.0,0.0,0.0,0.0,0.0,0.0,1.07124707440253,0.0,0.0,0.0,0.0,0.0,0.0,0.545748720849974,1.77589560412458,0.0,1.48560448424277,0.0,1.45666876632877,0.0,0.0,0.0,0.0,0.0,0.0,0.0,0.0,0.0,0.0,1.53336020197676
SNRPB,0.8827899,0.0,0.0,0.0,0.0,0.0,0.0,0.0,1.35631,1.926702,0.0,0.0,0.0,0.0,1.671408,0.0,0.7335058,0.0,2.226923,0.0,0.0,0.0,0.9907276,0.0,0.0,0.0,0.0,0.0,1.819584,0.0,0.0,0.0,0.0,0.0,0.0,1.071247,0.0,1.630348,0.0,0.0,1.821102,0.0,0.5457487,0.0,0.0,0.0,0.0,0.0,0.0,0.0,0.0,0.0,0.9953279,0.0,1.518989,0.0,0.0,0.0,1.53336
HMGN3,1.34424,0.0,0.0,1.655119,0.0,1.796148,0.0,0.0,0.0,1.369507,2.266237,1.489583,0.0,0.0,0.0,1.785399,1.446237,1.85101,0.0,0.0,0.9311854,0.0,0.9907276,0.0,0.0,0.0,0.0,0.0,1.27666,0.0,0.0,2.140507,0.0,0.0,0.0,0.0,0.0,1.31831,0.0,1.430228,0.0,0.0,0.5457487,0.0,0.0,0.9965122,0.0,0.0,1.070995,0.0,0.0,1.497077,0.0,0.0,0.0,0.0,0.0,0.0,1.035623
TMEM176B,2.251903,1.4192,0.0,0.0,1.049655,1.796148,0.0,0.0,0.0,1.369507,1.671759,0.0,0.0,1.801408,0.0,1.460467,2.267885,2.202695,0.0,0.0,0.0,0.0,0.9907276,0.0,0.0,2.348485,0.0,0.0,1.819584,2.360564,2.080711,1.792176,1.462248,0.0,0.0,1.576509,0.0,0.8622783,1.670007,1.995965,1.821102,0.0,1.156158,0.0,0.0,0.0,0.0,0.0,0.0,0.0,0.0,0.0,0.9953279,0.0,0.0,0.0,1.486928,2.075514,0.0
LAMTOR1,0.8827899,0.0,0.0,0.0,0.0,1.256526,0.0,0.0,1.911568,0.0,0.0,1.489583,0.0,0.0,0.0,0.9760627,0.7335058,1.303761,0.0,0.0,0.0,0.0,0.0,0.0,0.0,0.0,0.0,0.0,2.169504,0.0,0.0,0.0,0.0,0.0,0.0,1.071247,0.0,1.31831,0.0,1.430228,1.277966,0.0,1.156158,0.0,1.779777,0.0,1.932488,1.456669,1.070995,0.0,0.0,0.0,0.0,2.174787,1.518989,1.16322,1.486928,0.0,1.86417
MKKS,0.0,1.4192,0.0,0.0,0.0,0.0,0.0,0.0,0.0,0.0,0.0,0.0,0.0,0.0,0.0,0.0,0.7335058,0.0,0.0,0.0,0.0,0.0,0.0,0.0,0.0,0.0,0.0,0.0,0.0,1.757593,0.0,0.0,0.0,0.0,0.0,0.0,0.0,0.0,0.0,0.0,0.0,0.0,1.532449,0.0,0.0,0.0,0.0,0.0,0.0,0.0,0.0,0.0,0.0,0.0,1.518989,1.16322,0.0,0.0,0.0
TINAGL1,0.0,0.0,0.0,0.0,0.0,0.0,0.0,0.0,0.0,0.0,0.0,0.0,0.0,0.0,0.0,0.0,0.0,0.0,0.0,0.0,0.0,0.0,0.0,0.0,0.0,0.0,0.0,0.0,0.0,0.0,0.0,0.0,0.0,0.0,0.0,0.0,0.0,0.0,0.0,0.0,0.0,0.0,0.0,0.0,0.0,0.0,0.0,0.0,0.0,0.0,0.0,0.0,0.0,0.0,0.0,0.0,0.0,0.0,0.0
PDIA4,0.0,0.0,0.0,0.0,0.0,1.796148,0.0,0.0,0.0,0.0,0.0,0.0,2.099651,0.0,0.0,0.9760627,1.858146,1.85101,0.0,0.0,0.9311854,0.0,1.478506,0.0,0.0,0.0,0.0,0.0,0.0,0.0,0.0,0.0,0.0,1.87562,0.0,0.0,0.0,0.8622783,0.0,0.0,0.0,2.023663,0.8968225,0.0,0.0,0.0,0.0,0.0,1.070995,0.0,0.0,0.0,1.811045,0.0,1.518989,0.0,0.0,1.500587,0.0
CD44,1.897701,0.0,4.018014,2.886743,1.882513,0.0,4.134269,1.82284,1.911568,1.369507,1.671759,2.900115,0.0,0.0,0.0,0.0,1.15207,0.0,3.924501,3.6484,0.9311854,0.0,0.9907276,3.636502,0.0,0.0,3.554911,3.673721,0.0,0.0,0.0,1.25312,2.032258,3.530738,1.91206,2.160569,4.517348,1.867825,1.670007,2.355078,0.0,2.384071,2.019307,3.23977,1.779777,1.485604,0.0,0.0,1.070995,2.562001,1.706304,2.909251,2.684092,2.174787,1.518989,1.16322,1.486928,1.500587,1.53336
EIF3E,0.8827899,1.4192,0.0,0.0,2.638819,2.144712,0.0,1.82284,1.911568,2.282406,2.266237,1.489583,0.0,1.801408,2.265849,2.390955,1.446237,1.85101,1.636206,0.0,1.967121,0.0,0.0,0.0,2.031107,0.0,0.0,0.0,1.819584,0.0,1.505206,1.792176,0.0,0.0,1.91206,0.0,0.0,0.0,2.264302,1.430228,1.277966,0.0,0.8968225,1.775896,2.384817,1.485604,1.932488,1.456669,0.0,0.0,1.706304,1.497077,0.0,3.194621,2.096202,2.028235,2.422185,1.500587,0.0
ADAMTS1,0.0,0.0,0.0,0.0,0.0,0.0,0.0,0.0,0.0,0.0,0.0,0.0,0.0,0.0,0.0,0.0,0.0,0.0,0.0,0.0,0.0,0.0,0.0,0.0,0.0,0.0,0.0,0.0,0.0,0.0,0.0,0.0,0.0,0.0,0.0,0.0,0.0,0.0,0.0,0.0,0.0,0.0,0.0,0.0,0.0,0.0,0.0,0.0,0.0,0.0,0.0,0.0,0.0,0.0,0.0,0.0,0.0,0.0,0.0
UBE2Z,0.0,0.0,0.0,0.0,0.0,0.0,0.0,0.0,0.0,0.0,0.0,0.0,0.0,0.0,0.0,0.0,0.0,0.0,0.0,0.0,0.0,0.0,0.0,0.0,2.031107,0.0,0.0,0.0,1.27666,0.0,0.0,1.25312,0.0,0.0,0.0,0.0,0.0,0.0,0.0,0.0,0.0,0.0,0.5457487,0.0,0.0,0.0,0.0,0.0,0.0,0.0,0.0,0.0,0.0,0.0,1.518989,0.0,0.0,0.0,1.035623
CAV2,0.0,0.0,0.0,0.0,0.0,0.0,0.0,0.0,0.0,0.0,0.0,0.0,0.0,0.0,0.0,0.0,0.0,0.0,0.0,0.0,0.0,0.0,0.0,0.0,0.0,0.0,0.0,0.0,0.0,0.0,0.0,0.0,0.0,0.0,0.0,0.0,0.0,0.0,0.0,0.0,0.0,0.0,0.0,0.0,0.0,0.0,0.0,0.0,0.0,0.0,0.0,0.0,0.0,0.0,0.0,0.0,0.0,0.0,0.0
TNFRSF1A,0.0,0.0,0.0,1.655119,0.0,1.256526,0.0,0.0,0.0,1.926702,0.0,0.0,2.099651,0.0,0.0,0.0,0.0,0.0,0.0,0.0,0.9311854,0.0,0.9907276,0.0,0.0,0.0,0.0,0.0,0.0,1.757593,0.0,0.0,0.0,0.0,0.0,0.0,0.0,0.0,0.0,0.0,0.0,0.0,0.0,1.239181,0.0,0.0,0.0,0.0,0.0,0.0,1.706304,0.0,0.9953279,0.0,0.0,0.0,0.0,0.0,0.0
NUTM2B-AS1,0.0,0.0,0.0,0.0,0.0,0.0,0.0,1.82284,0.0,0.0,0.0,0.0,0.0,0.0,0.0,0.0,0.0,0.0,0.0,0.0,0.0,0.0,0.0,0.0,0.0,0.0,0.0,0.0,0.0,1.757593,0.0,0.0,0.0,0.0,0.0,0.0,0.0,0.0,0.0,0.0,1.277966,0.0,0.0,0.0,0.0,0.0,0.0,1.456669,0.0,0.0,0.0,0.0,0.0,0.0,0.0,0.0,0.0,0.0,0.0
HIF1A,1.658781,0.0,0.0,2.617476,0.0,1.256526,2.161078,0.0,1.35631,0.0,0.0,0.0,0.0,0.0,0.0,1.785399,1.673252,0.0,0.0,1.847625,0.9311854,1.906673,0.9907276,0.0,0.0,0.0,0.0,1.869563,1.27666,0.0,2.080711,1.792176,0.0,2.489042,0.0,1.576509,0.0,1.867825,1.670007,1.430228,0.0,0.0,1.532449,2.899744,0.0,0.0,0.0,1.456669,1.070995,1.943172,0.0,1.497077,1.811045,0.0,1.518989,0.0,2.060127,0.0,0.0
FEZ2,0.0,0.0,0.0,1.655119,0.0,0.0,0.0,0.0,0.0,0.0,0.0,0.0,0.0,1.261038,0.0,0.0,1.15207,0.0,0.0,0.0,0.0,0.0,0.0,0.0,0.0,0.0,0.0,0.0,0.0,0.0,1.505206,0.0,0.0,0.0,0.0,0.0,0.0,0.8622783,0.0,0.0,0.0,0.0,0.5457487,0.0,0.0,0.9965122,0.0,0.0,0.0,0.0,0.0,0.0,0.9953279,0.0,0.0,0.0,0.0,1.500587,1.035623
CDC37,0.0,0.0,2.391105,0.0,0.0,0.0,0.0,0.0,0.0,0.0,0.0,0.0,0.0,1.261038,0.0,0.0,0.7335058,0.0,0.0,0.0,1.404878,0.0,0.0,1.837343,0.0,2.348485,0.0,0.0,0.0,0.0,0.0,0.0,1.462248,0.0,0.0,0.0,0.0,1.31831,0.0,0.0,0.0,0.0,0.8968225,1.239181,0.0,0.0,0.0,1.456669,1.576204,0.0,0.0,1.497077,1.484152,0.0,1.518989,1.16322,1.486928,0.0,0.0
MDH2,0.0,0.0,0.0,0.0,0.0,0.0,0.0,0.0,1.35631,1.369507,0.0,2.42531,0.0,1.261038,0.0,0.9760627,0.0,1.303761,0.0,0.0,0.0,0.0,0.0,0.0,0.0,0.0,0.0,0.0,0.0,0.0,0.0,0.0,1.462248,0.0,0.0,0.0,0.0,0.8622783,1.670007,1.430228,1.277966,0.0,0.0,0.0,0.0,0.9965122,1.932488,0.0,0.0,0.0,0.0,0.0,0.0,0.0,0.0,1.16322,0.0,0.0,1.53336
SRRM2,0.0,0.0,0.0,0.0,1.049655,1.256526,0.0,0.0,1.35631,1.369507,0.0,0.0,0.0,1.261038,0.0,0.0,0.7335058,0.0,1.636206,0.0,0.9311854,0.0,0.9907276,0.0,0.0,0.0,0.0,0.0,0.0,0.0,0.0,0.0,0.0,0.0,0.0,0.0,2.075514,0.0,0.0,0.0,1.277966,0.0,0.0,0.0,0.0,0.0,1.932488,0.0,0.0,1.943172,0.0,0.0,0.9953279,0.0,0.0,0.0,0.0,0.0,0.0
COX4I1,1.658781,1.98343,1.785537,1.655119,2.496505,0.0,0.0,0.0,2.266495,2.282406,1.671759,1.489583,2.729593,1.261038,0.0,2.226776,0.0,1.85101,0.0,1.847625,2.161894,0.0,1.804936,1.837343,0.0,2.348485,0.0,1.869563,1.819584,2.360564,0.0,2.39835,1.462248,1.87562,0.0,1.910587,2.075514,0.0,2.634519,1.995965,1.821102,2.023663,1.917981,2.123261,2.384817,2.255922,2.550488,2.025946,2.160229,0.0,1.706304,2.434124,0.0,0.0,2.096202,2.653335,2.060127,0.0,1.53336
RBM3,0.0,0.0,1.785537,0.0,0.0,1.256526,0.0,0.0,1.911568,0.0,0.0,1.489583,0.0,1.801408,0.0,1.460467,1.446237,0.0,1.636206,0.0,1.404878,1.906673,0.0,0.0,0.0,0.0,2.250889,2.482481,1.27666,0.0,0.0,0.0,1.462248,0.0,1.91206,1.071247,2.075514,1.31831,0.0,0.0,1.277966,0.0,1.156158,1.239181,1.779777,1.485604,0.0,1.456669,0.0,1.943172,1.706304,1.497077,0.9953279,0.0,0.0,0.0,1.486928,2.075514,1.53336
RBM17,0.0,0.0,0.0,0.0,1.049655,0.0,2.161078,0.0,0.0,0.0,0.0,1.489583,0.0,0.0,0.0,0.0,0.7335058,0.0,0.0,0.0,0.9311854,0.0,0.0,0.0,0.0,0.0,0.0,0.0,0.0,0.0,1.505206,0.0,0.0,0.0,0.0,0.0,0.0,0.0,0.0,0.0,1.821102,0.0,0.0,0.0,1.779777,0.0,0.0,1.456669,0.0,0.0,1.706304,0.0,0.9953279,0.0,0.0,1.16322,0.0,0.0,0.0
CELF2,0.0,1.4192,0.0,2.247854,0.0,2.144712,0.0,0.0,0.0,2.544248,1.671759,2.06312,0.0,0.0,1.671408,0.0,0.7335058,0.0,0.0,0.0,1.725004,0.0,1.478506,0.0,2.031107,0.0,0.0,0.0,0.0,0.0,0.0,0.0,0.0,0.0,0.0,0.0,2.075514,0.8622783,1.670007,0.0,0.0,0.0,1.156158,0.0,0.0,2.058635,0.0,1.456669,0.0,2.562001,2.675919,1.497077,0.9953279,2.174787,2.096202,1.16322,0.0,2.438248,0.0
IGFBP5,0.0,0.0,0.0,1.655119,0.0,0.0,0.0,0.0,0.0,0.0,0.0,0.0,0.0,0.0,0.0,0.0,0.0,0.0,0.0,0.0,0.0,0.0,0.0,0.0,0.0,0.0,0.0,0.0,0.0,0.0,0.0,0.0,1.462248,0.0,0.0,0.0,0.0,0.0,0.0,0.0,0.0,0.0,0.0,0.0,0.0,0.0,0.0,0.0,0.0,0.0,0.0,0.0,0.0,0.0,0.0,0.0,0.0,0.0,0.0
IER3IP1,0.0,0.0,0.0,0.0,0.0,0.0,0.0,0.0,0.0,0.0,0.0,0.0,0.0,0.0,0.0,0.0,1.15207,0.0,0.0,0.0,0.9311854,0.0,0.0,0.0,0.0,0.0,0.0,0.0,0.0,0.0,1.505206,0.0,0.0,1.87562,0.0,0.0,0.0,0.0,0.0,0.0,0.0,1.454652,0.5457487,0.0,0.0,0.9965122,0.0,0.0,0.0,0.0,0.0,0.0,0.0,0.0,0.0,0.0,0.0,0.0,0.0
RAB5C,0.8827899,0.0,0.0,0.0,0.0,0.0,0.0,0.0,0.0,0.0,0.0,0.0,0.0,1.261038,0.0,0.0,1.15207,1.303761,0.0,0.0,0.0,0.0,0.0,0.0,0.0,0.0,2.250889,0.0,0.0,0.0,1.505206,0.0,0.0,0.0,0.0,1.071247,0.0,1.31831,0.0,0.0,0.0,0.0,0.5457487,0.0,0.0,0.0,1.932488,0.0,1.070995,0.0,0.0,0.0,0.0,0.0,1.518989,0.0,1.486928,0.0,0.0
NDUFA13,1.34424,1.4192,0.0,0.0,0.0,1.256526,0.0,0.0,1.35631,1.369507,1.671759,2.06312,2.099651,1.801408,2.265849,1.460467,1.858146,2.202695,1.636206,0.0,0.9311854,0.0,1.478506,0.0,0.0,0.0,2.250889,0.0,0.0,2.360564,2.080711,1.25312,0.0,0.0,1.91206,0.0,0.0,1.31831,2.264302,1.995965,1.821102,2.023663,0.5457487,0.0,0.0,1.485604,1.932488,1.456669,1.91026,0.0,0.0,0.0,2.056997,2.80944,1.518989,1.68648,2.687435,1.500587,2.112325
SDC2,0.0,0.0,0.0,1.655119,0.0,0.0,0.0,0.0,0.0,1.926702,0.0,0.0,0.0,0.0,0.0,0.0,0.0,0.0,0.0,0.0,0.0,0.0,0.0,0.0,0.0,0.0,0.0,0.0,0.0,0.0,0.0,0.0,2.032258,1.87562,0.0,1.071247,0.0,0.0,0.0,0.0,0.0,2.384071,1.156158,0.0,0.0,0.0,0.0,0.0,1.070995,0.0,0.0,0.0,1.484152,0.0,0.0,0.0,0.0,0.0,0.0
COPS6,0.8827899,0.0,0.0,0.0,0.0,1.256526,0.0,0.0,0.0,0.0,0.0,0.0,0.0,1.261038,0.0,0.0,0.0,0.0,0.0,0.0,0.9311854,0.0,0.0,0.0,0.0,0.0,0.0,0.0,1.27666,0.0,0.0,0.0,0.0,0.0,0.0,0.0,0.0,0.0,0.0,0.0,0.0,0.0,0.5457487,0.0,0.0,0.0,0.0,0.0,0.0,1.943172,0.0,0.0,0.0,0.0,0.0,0.0,0.0,0.0,0.0
CLU,0.0,0.0,0.0,0.0,0.0,0.0,0.0,0.0,0.0,0.0,0.0,0.0,0.0,0.0,0.0,0.0,0.0,0.0,0.0,0.0,0.0,0.0,0.0,0.0,0.0,0.0,0.0,0.0,0.0,0.0,0.0,1.25312,0.0,0.0,0.0,0.0,0.0,0.0,0.0,0.0,0.0,0.0,0.0,0.0,0.0,0.0,0.0,0.0,0.0,0.0,0.0,0.0,0.0,0.0,0.0,0.0,0.0,0.0,0.0
CCNL2,0.0,0.0,1.78553667378979,0.0,0.0,0.0,0.0,0.0,0.0,0.0,0.0,0.0,0.0,1.26103848076862,0.0,0.976062700974198,0.0,1.3037610757724,0.0,0.0,0.0,0.0,0.0,0.0,0.0,0.0,0.0,0.0,0.0,0.0,0.0,0.0,0.0,0.0,0.0,0.0,0.0,0.862278251133781,0.0,0.0,0.0,0.0,0.0,0.0,0.0,0.0,0.0,0.0,0.0,0.0,0.0,0.0,0.0,0.0,0.0,0.0,0.0,0.0,0.0
SERPING1,0.0,0.0,0.0,0.0,0.0,0.0,0.0,0.0,0.0,0.0,0.0,0.0,0.0,0.0,0.0,0.0,0.0,0.0,0.0,0.0,0.9311854,0.0,0.0,0.0,0.0,0.0,0.0,0.0,0.0,0.0,0.0,0.0,0.0,0.0,0.0,0.0,0.0,0.0,0.0,0.0,0.0,0.0,0.8968225,0.0,0.0,0.0,0.0,0.0,0.0,0.0,0.0,0.0,0.0,0.0,0.0,0.0,0.0,0.0,0.0
LY6E,0.0,0.0,0.0,0.0,0.0,0.0,0.0,0.0,0.0,0.0,0.0,0.0,0.0,0.0,1.671408,0.9760627,0.0,0.0,0.0,0.0,1.725004,0.0,0.0,0.0,0.0,0.0,0.0,0.0,0.0,0.0,1.505206,1.25312,0.0,0.0,0.0,0.0,0.0,0.0,0.0,1.430228,0.0,1.454652,0.0,0.0,0.0,0.9965122,0.0,0.0,0.0,0.0,0.0,0.0,0.9953279,0.0,1.518989,1.16322,0.0,1.500587,0.0
SEC61G,0.8827899,0.0,1.785537,1.655119,1.550395,2.402682,2.161078,0.0,1.35631,1.369507,1.671759,0.0,2.099651,1.801408,2.265849,1.460467,2.63823,2.668312,0.0,0.0,0.0,0.0,0.9907276,2.447522,0.0,0.0,0.0,1.869563,0.0,0.0,1.505206,1.792176,2.032258,0.0,0.0,2.526856,0.0,1.31831,1.670007,1.430228,0.0,1.454652,2.019307,2.123261,0.0,1.812616,1.932488,0.0,1.91026,1.943172,2.304297,0.0,2.254241,0.0,0.0,2.028235,2.060127,0.0,2.112325
MYEOV2,0.8827899,1.4192,0.0,0.0,0.0,1.256526,0.0,1.82284,1.35631,1.369507,0.0,0.0,0.0,0.0,1.671408,1.785399,0.0,0.0,0.0,0.0,0.0,0.0,1.804936,0.0,2.031107,0.0,2.250889,0.0,0.0,0.0,0.0,1.792176,1.462248,0.0,0.0,2.160569,2.075514,2.05959,0.0,1.430228,0.0,0.0,0.0,1.239181,0.0,0.0,0.0,0.0,1.070995,1.943172,0.0,1.497077,1.484152,2.174787,1.518989,0.0,0.0,1.500587,0.0
UBTF,0.0,0.0,0.0,0.0,0.0,0.0,0.0,0.0,0.0,0.0,0.0,0.0,0.0,0.0,0.0,0.0,0.0,0.0,0.0,0.0,0.0,0.0,0.0,0.0,0.0,0.0,0.0,0.0,0.0,0.0,0.0,0.0,0.0,0.0,0.0,0.0,0.0,0.0,0.0,0.0,0.0,0.0,0.5457487,0.0,0.0,0.0,0.0,0.0,0.0,0.0,0.0,0.0,0.0,0.0,0.0,0.0,0.0,0.0,0.0
SIVA1,0.0,1.4192,0.0,0.0,0.0,0.0,0.0,0.0,0.0,1.369507,0.0,0.0,0.0,1.261038,0.0,0.9760627,1.15207,0.0,0.0,0.0,0.9311854,0.0,0.0,0.0,0.0,0.0,0.0,0.0,0.0,1.757593,0.0,1.25312,0.0,0.0,0.0,0.0,0.0,1.31831,0.0,1.430228,0.0,0.0,0.5457487,0.0,2.384817,0.9965122,0.0,0.0,0.0,0.0,0.0,0.0,0.0,0.0,0.0,0.0,0.0,0.0,0.0
AKR1B1,0.8827899,0.0,0.0,0.0,1.049655,1.256526,0.0,0.0,0.0,1.369507,0.0,0.0,0.0,1.801408,0.0,1.785399,0.7335058,1.303761,0.0,0.0,1.404878,0.0,0.9907276,0.0,0.0,2.348485,0.0,0.0,2.949297,0.0,1.505206,0.0,2.032258,0.0,0.0,1.910587,0.0,0.0,0.0,0.0,1.821102,0.0,0.0,0.0,0.0,0.0,0.0,0.0,1.070995,1.943172,0.0,0.0,0.0,0.0,0.0,1.16322,1.486928,0.0,0.0
CHMP3,0.0,0.0,0.0,1.655119,0.0,1.796148,0.0,1.82284,1.35631,0.0,0.0,0.0,0.0,1.261038,0.0,0.0,0.0,1.303761,0.0,0.0,0.0,0.0,0.0,0.0,0.0,0.0,0.0,0.0,0.0,0.0,0.0,1.25312,0.0,0.0,0.0,1.071247,0.0,0.0,1.670007,1.430228,1.277966,0.0,1.156158,0.0,0.0,0.0,0.0,0.0,1.576204,0.0,1.706304,0.0,0.0,0.0,0.0,1.16322,0.0,0.0,1.035623
ANGPTL2,0.0,0.0,0.0,0.0,0.0,0.0,0.0,0.0,0.0,0.0,0.0,0.0,0.0,0.0,0.0,0.0,0.0,0.0,0.0,0.0,0.0,0.0,0.0,0.0,0.0,0.0,0.0,0.0,0.0,0.0,0.0,0.0,0.0,0.0,0.0,0.0,0.0,0.0,0.0,0.0,0.0,0.0,0.0,0.0,0.0,0.0,0.0,0.0,0.0,0.0,0.0,0.0,0.0,0.0,0.0,0.0,0.0,0.0,0.0
CTNNA1,0.8827899,0.0,0.0,0.0,0.0,0.0,0.0,0.0,0.0,0.0,0.0,0.0,0.0,0.0,0.0,0.0,0.0,0.0,0.0,0.0,0.0,0.0,0.9907276,0.0,0.0,0.0,0.0,1.869563,0.0,0.0,0.0,0.0,0.0,0.0,0.0,1.071247,0.0,0.0,0.0,0.0,1.821102,0.0,0.8968225,0.0,0.0,0.0,0.0,0.0,0.0,0.0,0.0,0.0,0.0,0.0,0.0,0.0,0.0,0.0,0.0
CDC42EP1,0.0,0.0,0.0,0.0,0.0,0.0,0.0,0.0,0.0,0.0,0.0,0.0,0.0,0.0,0.0,0.0,0.0,0.0,0.0,0.0,0.0,0.0,0.0,0.0,0.0,0.0,0.0,0.0,0.0,0.0,0.0,0.0,0.0,0.0,0.0,0.0,0.0,0.0,0.0,0.0,0.0,0.0,0.0,0.0,0.0,0.0,0.0,0.0,0.0,0.0,0.0,0.0,0.0,0.0,0.0,0.0,0.0,0.0,0.0
MYO1C,0.0,0.0,0.0,0.0,0.0,0.0,0.0,0.0,0.0,0.0,0.0,0.0,0.0,0.0,0.0,0.0,0.0,0.0,0.0,0.0,0.0,0.0,0.0,0.0,0.0,0.0,0.0,0.0,0.0,0.0,0.0,0.0,0.0,0.0,0.0,0.0,0.0,0.8622783,0.0,0.0,0.0,0.0,0.0,0.0,0.0,0.0,0.0,0.0,0.0,0.0,0.0,0.0,0.0,0.0,0.0,0.0,0.0,0.0,0.0
TES,0.0,0.0,0.0,0.0,1.049655,0.0,0.0,0.0,0.0,0.0,0.0,0.0,0.0,0.0,2.265849,0.0,0.0,1.303761,0.0,0.0,0.9311854,0.0,0.0,0.0,0.0,0.0,0.0,0.0,0.0,0.0,0.0,0.0,0.0,1.87562,0.0,0.0,2.075514,0.0,0.0,0.0,0.0,0.0,0.5457487,1.239181,0.0,0.0,0.0,0.0,0.0,0.0,1.706304,0.0,0.0,0.0,0.0,0.0,0.0,0.0,0.0
ENG,0.8827899,0.0,0.0,1.655119,0.0,0.0,0.0,0.0,1.911568,2.282406,0.0,0.0,0.0,0.0,0.0,0.0,0.0,0.0,0.0,0.0,0.0,1.906673,0.0,0.0,2.656408,0.0,0.0,0.0,0.0,1.757593,0.0,1.792176,0.0,0.0,0.0,1.071247,0.0,0.0,0.0,0.0,0.0,0.0,0.5457487,0.0,0.0,0.0,0.0,0.0,0.0,2.562001,0.0,0.0,0.9953279,0.0,1.518989,0.0,2.060127,0.0,1.035623
SDF2L1,0.8827899,0.0,0.0,0.0,1.049655,0.0,0.0,0.0,0.0,0.0,0.0,0.0,0.0,0.0,0.0,1.460467,0.0,0.0,0.0,0.0,0.9311854,0.0,0.0,0.0,0.0,0.0,0.0,0.0,1.27666,0.0,0.0,0.0,0.0,0.0,0.0,0.0,0.0,0.0,0.0,0.0,1.277966,1.454652,0.5457487,0.0,1.779777,0.0,0.0,1.456669,1.070995,0.0,0.0,0.0,0.0,0.0,0.0,0.0,0.0,0.0,2.112325
TUBA1A,0.0,0.0,0.0,0.0,1.049655,0.0,0.0,0.0,1.911568,1.369507,0.0,0.0,0.0,0.0,0.0,0.0,1.858146,0.0,0.0,0.0,1.967121,0.0,0.0,0.0,0.0,0.0,0.0,0.0,0.0,0.0,0.0,0.0,0.0,0.0,0.0,2.160569,0.0,0.0,0.0,0.0,0.0,0.0,0.8968225,0.0,0.0,0.0,0.0,1.456669,1.070995,0.0,0.0,0.0,0.9953279,0.0,0.0,0.0,1.486928,0.0,0.0
IRF2BP2,0.882789948505998,0.0,0.0,0.0,1.04965501064734,0.0,0.0,0.0,0.0,0.0,0.0,1.4895829964291,0.0,0.0,1.6714083440343,0.976062700974198,0.0,1.3037610757724,0.0,1.84762540377944,0.0,0.0,0.990727613213213,0.0,2.65640829245281,0.0,0.0,0.0,0.0,0.0,0.0,0.0,0.0,0.0,0.0,1.07124707440253,0.0,1.63034818379366,2.26430227536865,0.0,0.0,0.0,0.0,0.0,0.0,1.48560448424277,0.0,0.0,0.0,1.94317229655797,0.0,0.0,0.0,0.0,0.0,0.0,1.48692787133448,1.50058699183651,1.03562295451737
LDHB,0.0,0.0,0.0,1.655119,1.550395,1.256526,0.0,0.0,0.0,0.0,0.0,0.0,0.0,0.0,2.265849,0.9760627,0.0,0.0,0.0,0.0,1.404878,0.0,0.0,0.0,0.0,0.0,0.0,0.0,1.27666,0.0,0.0,0.0,1.462248,0.0,0.0,0.0,0.0,1.867825,0.0,0.0,1.277966,1.454652,0.5457487,0.0,0.0,1.485604,0.0,0.0,1.070995,0.0,0.0,0.0,0.0,0.0,1.518989,0.0,0.0,0.0,0.0
PDLIM4,0.0,0.0,0.0,0.0,0.0,0.0,0.0,0.0,0.0,0.0,0.0,0.0,0.0,0.0,0.0,0.0,0.0,0.0,0.0,0.0,0.0,0.0,0.0,0.0,0.0,0.0,0.0,0.0,0.0,0.0,0.0,0.0,0.0,0.0,0.0,0.0,0.0,0.0,0.0,0.0,0.0,0.0,0.5457487,0.0,0.0,0.0,0.0,0.0,0.0,0.0,0.0,0.0,0.9953279,0.0,0.0,0.0,0.0,0.0,0.0
HINT1,1.658781,0.0,0.0,0.0,2.330524,1.796148,0.0,1.82284,1.35631,1.926702,0.0,1.489583,0.0,2.150279,0.0,1.460467,1.673252,1.85101,0.0,0.0,1.967121,1.906673,1.804936,0.0,2.031107,0.0,0.0,0.0,1.819584,1.757593,1.505206,2.39835,2.032258,0.0,1.91206,1.576509,0.0,1.867825,0.0,1.430228,1.277966,0.0,2.019307,0.0,0.0,2.685841,0.0,2.025946,1.576204,0.0,1.706304,0.0,0.9953279,0.0,0.0,2.484998,1.486928,1.500587,1.53336
MAP4,0.8827899,0.0,0.0,0.0,0.0,0.0,0.0,0.0,0.0,0.0,0.0,0.0,0.0,0.0,1.671408,0.0,0.7335058,0.0,0.0,0.0,0.0,0.0,0.0,0.0,0.0,0.0,0.0,0.0,0.0,0.0,0.0,0.0,1.462248,0.0,0.0,0.0,0.0,0.0,0.0,0.0,0.0,0.0,0.5457487,0.0,0.0,0.0,0.0,0.0,0.0,0.0,0.0,0.0,0.0,0.0,1.518989,0.0,0.0,0.0,1.035623
UBE2B,0.8827899,0.0,0.0,2.247854,0.0,1.796148,0.0,1.82284,0.0,0.0,1.671759,1.489583,0.0,1.261038,0.0,0.0,1.15207,1.85101,2.226923,0.0,1.404878,0.0,0.9907276,1.837343,0.0,0.0,0.0,1.869563,1.27666,2.360564,0.0,1.25312,1.462248,1.87562,0.0,1.071247,0.0,0.8622783,0.0,0.0,0.0,0.0,0.5457487,0.0,0.0,0.9965122,1.932488,1.456669,1.070995,1.943172,0.0,1.497077,0.9953279,0.0,0.0,1.68648,2.060127,0.0,0.0
CHD9,1.897701,0.0,0.0,1.655119,0.0,1.256526,0.0,0.0,0.0,0.0,2.266237,1.489583,0.0,0.0,0.0,0.0,0.0,0.0,0.0,0.0,0.0,0.0,0.9907276,0.0,2.031107,0.0,0.0,0.0,1.819584,0.0,1.505206,0.0,1.462248,0.0,1.91206,1.576509,0.0,0.0,0.0,0.0,0.0,0.0,1.156158,0.0,0.0,1.485604,0.0,0.0,1.576204,0.0,0.0,0.0,0.0,0.0,0.0,1.16322,1.486928,1.500587,0.0
PDE7A,0.0,0.0,0.0,0.0,0.0,0.0,0.0,0.0,0.0,0.0,1.671759,0.0,0.0,0.0,0.0,0.0,0.0,0.0,0.0,0.0,0.9311854,0.0,0.9907276,0.0,0.0,0.0,0.0,0.0,0.0,0.0,0.0,0.0,0.0,0.0,0.0,0.0,0.0,0.0,0.0,0.0,0.0,0.0,0.0,0.0,0.0,1.812616,0.0,1.456669,0.0,0.0,0.0,0.0,0.0,0.0,0.0,0.0,0.0,0.0,1.035623
EIF4B,0.8827899,0.0,0.0,0.0,1.882513,1.256526,0.0,0.0,0.0,0.0,0.0,1.489583,0.0,1.261038,0.0,0.9760627,1.446237,0.0,0.0,0.0,0.0,1.906673,0.0,0.0,2.031107,0.0,0.0,1.869563,0.0,2.734068,1.505206,0.0,0.0,0.0,0.0,1.071247,0.0,1.31831,0.0,0.0,1.277966,0.0,0.0,0.0,1.779777,0.0,0.0,1.456669,0.0,0.0,1.706304,0.0,0.9953279,0.0,0.0,0.0,0.0,0.0,1.035623
LRP1,1.34424,0.0,0.0,0.0,0.0,1.256526,0.0,1.82284,1.35631,1.369507,0.0,0.0,0.0,0.0,0.0,0.9760627,1.15207,0.0,0.0,0.0,0.0,0.0,1.478506,0.0,0.0,2.348485,0.0,0.0,1.27666,1.757593,1.505206,1.792176,1.462248,1.87562,0.0,1.576509,0.0,0.0,0.0,0.0,0.0,0.0,0.8968225,0.0,0.0,0.0,0.0,0.0,0.0,0.0,0.0,0.0,0.0,0.0,0.0,1.68648,0.0,0.0,1.035623
FLOT1,0.0,0.0,0.0,0.0,0.0,0.0,0.0,0.0,1.35631,0.0,0.0,0.0,0.0,0.0,0.0,0.9760627,1.446237,1.303761,1.636206,0.0,1.404878,0.0,0.0,1.837343,0.0,0.0,0.0,0.0,0.0,0.0,0.0,0.0,1.462248,0.0,0.0,0.0,2.075514,0.8622783,1.670007,0.0,0.0,0.0,0.5457487,1.239181,0.0,0.9965122,1.932488,0.0,1.070995,0.0,0.0,0.0,0.0,0.0,0.0,0.0,0.0,0.0,0.0
CDKN1A,0.0,0.0,0.0,0.0,0.0,0.0,0.0,0.0,0.0,0.0,0.0,0.0,0.0,0.0,0.0,0.9760627,0.0,0.0,0.0,0.0,0.9311854,1.906673,0.0,0.0,2.031107,0.0,0.0,0.0,1.27666,0.0,0.0,0.0,2.393061,0.0,0.0,0.0,2.70386,0.0,0.0,0.0,0.0,0.0,0.8968225,2.123261,0.0,0.0,0.0,1.456669,1.070995,1.943172,0.0,1.497077,0.0,2.174787,0.0,0.0,0.0,0.0,0.0
NRDC,0.0,0.0,1.78553667378979,0.0,0.0,1.2565256720442,0.0,0.0,1.3563103964635,0.0,0.0,0.0,0.0,0.0,0.0,0.976062700974198,0.0,0.0,0.0,0.0,0.0,0.0,0.0,0.0,0.0,0.0,0.0,0.0,0.0,0.0,0.0,0.0,0.0,0.0,0.0,0.0,0.0,0.0,0.0,0.0,1.27796609948947,0.0,0.0,0.0,0.0,0.0,0.0,0.0,0.0,0.0,0.0,0.0,0.0,0.0,0.0,0.0,0.0,0.0,0.0
PTK2B,1.34424,0.0,0.0,0.0,1.049655,0.0,0.0,0.0,0.0,0.0,0.0,0.0,0.0,0.0,0.0,0.0,0.0,0.0,0.0,0.0,0.0,0.0,0.0,1.837343,0.0,0.0,0.0,0.0,0.0,1.757593,0.0,0.0,0.0,0.0,0.0,0.0,2.70386,0.0,0.0,0.0,0.0,0.0,0.5457487,0.0,0.0,0.0,0.0,0.0,0.0,1.943172,0.0,0.0,0.0,0.0,0.0,0.0,0.0,0.0,0.0
MRPS34,0.8827899,0.0,0.0,0.0,0.0,0.0,0.0,0.0,0.0,0.0,0.0,0.0,2.099651,0.0,1.671408,0.9760627,0.7335058,1.303761,0.0,0.0,0.9311854,0.0,0.0,0.0,0.0,0.0,0.0,0.0,1.27666,0.0,0.0,0.0,0.0,0.0,0.0,0.0,0.0,1.31831,1.670007,0.0,0.0,0.0,0.5457487,0.0,1.779777,0.9965122,0.0,0.0,1.070995,0.0,0.0,0.0,0.0,0.0,0.0,0.0,1.486928,0.0,0.0
YTHDF2,0.0,0.0,0.0,0.0,0.0,0.0,0.0,0.0,1.3563103964635,0.0,1.67175919771753,0.0,0.0,0.0,0.0,0.0,0.733505814146228,0.0,0.0,0.0,0.0,0.0,0.0,0.0,0.0,0.0,0.0,0.0,0.0,0.0,0.0,0.0,1.46224791977103,0.0,0.0,0.0,0.0,0.862278251133781,0.0,0.0,1.27796609948947,0.0,0.0,0.0,0.0,0.0,0.0,0.0,0.0,0.0,1.7063043852994,0.0,0.0,0.0,0.0,0.0,0.0,0.0,1.03562295451737
RAC1,0.8827899,0.0,0.0,0.0,1.550395,1.796148,0.0,2.431754,1.35631,1.369507,0.0,0.0,0.0,0.0,2.265849,0.0,0.7335058,1.303761,0.0,0.0,0.9311854,0.0,1.478506,0.0,0.0,0.0,0.0,0.0,2.169504,0.0,0.0,2.603153,1.462248,1.87562,0.0,2.160569,0.0,1.867825,1.670007,1.430228,0.0,0.0,1.678106,0.0,1.779777,0.0,0.0,0.0,1.070995,0.0,0.0,0.0,1.484152,0.0,2.096202,0.0,2.060127,1.500587,2.112325
CD3E,0.0,0.0,0.0,0.0,0.0,0.0,0.0,0.0,0.0,0.0,0.0,0.0,0.0,0.0,0.0,0.0,0.0,0.0,0.0,0.0,0.0,0.0,0.0,0.0,0.0,0.0,0.0,0.0,0.0,0.0,0.0,0.0,0.0,0.0,0.0,0.0,0.0,0.0,0.0,0.0,0.0,0.0,0.0,0.0,0.0,0.0,0.0,0.0,0.0,0.0,0.0,0.0,0.0,0.0,0.0,0.0,0.0,0.0,0.0
CAPNS1,1.658781,0.0,0.0,0.0,0.0,0.0,0.0,0.0,0.0,0.0,1.671759,0.0,0.0,1.261038,1.671408,0.9760627,0.7335058,1.85101,0.0,0.0,1.725004,0.0,0.0,0.0,0.0,0.0,0.0,0.0,1.27666,0.0,0.0,0.0,0.0,0.0,0.0,0.0,0.0,1.31831,1.670007,0.0,0.0,1.454652,0.8968225,1.239181,1.779777,2.058635,0.0,1.456669,1.070995,0.0,2.304297,0.0,0.9953279,0.0,0.0,0.0,1.486928,0.0,1.035623
HSBP1,1.34424,1.4192,0.0,1.655119,1.049655,1.256526,0.0,0.0,1.35631,0.0,1.671759,1.489583,0.0,0.0,0.0,0.9760627,0.7335058,0.0,0.0,0.0,1.404878,1.906673,1.478506,1.837343,0.0,0.0,0.0,0.0,0.0,0.0,0.0,0.0,1.462248,1.87562,0.0,1.071247,0.0,0.8622783,0.0,0.0,1.277966,0.0,0.8968225,0.0,0.0,0.0,0.0,0.0,1.070995,0.0,0.0,0.0,0.0,0.0,1.518989,0.0,0.0,0.0,0.0
ADH1B,0.0,0.0,0.0,0.0,0.0,0.0,0.0,0.0,0.0,0.0,0.0,0.0,0.0,0.0,0.0,0.0,0.0,0.0,0.0,0.0,0.0,0.0,0.0,0.0,0.0,0.0,0.0,0.0,0.0,0.0,0.0,0.0,0.0,0.0,0.0,0.0,0.0,0.0,0.0,0.0,0.0,0.0,0.0,0.0,0.0,0.0,0.0,0.0,0.0,0.0,0.0,0.0,0.0,0.0,0.0,0.0,0.0,0.0,0.0
ADGRL4,0.0,0.0,0.0,0.0,0.0,0.0,0.0,0.0,0.0,0.0,0.0,0.0,0.0,0.0,0.0,0.0,0.0,0.0,0.0,0.0,0.0,0.0,0.0,0.0,0.0,0.0,0.0,0.0,0.0,0.0,0.0,0.0,0.0,0.0,0.0,0.0,0.0,0.0,0.0,0.0,0.0,0.0,0.0,0.0,0.0,0.0,0.0,0.0,0.0,0.0,0.0,0.0,0.0,0.0,0.0,0.0,0.0,0.0,0.0
TRAF3IP3,0.0,1.41920043157068,0.0,0.0,1.04965501064734,0.0,0.0,0.0,0.0,0.0,0.0,0.0,0.0,0.0,0.0,0.0,0.0,0.0,0.0,0.0,0.0,0.0,0.0,0.0,0.0,0.0,0.0,0.0,0.0,0.0,0.0,0.0,0.0,0.0,0.0,0.0,2.07551397826316,0.0,0.0,0.0,0.0,0.0,0.545748720849974,0.0,0.0,0.0,0.0,0.0,0.0,0.0,0.0,0.0,0.99532793544424,0.0,0.0,1.16321956431772,1.48692787133448,0.0,0.0
TMED10,1.897701,0.0,0.0,0.0,0.0,0.0,0.0,0.0,0.0,0.0,0.0,0.0,2.729593,1.801408,0.0,1.785399,1.15207,2.202695,0.0,0.0,1.725004,1.906673,0.0,0.0,0.0,0.0,0.0,0.0,0.0,0.0,2.080711,0.0,0.0,0.0,0.0,0.0,0.0,0.0,0.0,1.430228,1.277966,2.384071,0.5457487,0.0,0.0,1.485604,0.0,0.0,0.0,0.0,0.0,0.0,1.811045,0.0,0.0,0.0,0.0,0.0,1.035623
CYB5A,0.0,0.0,0.0,0.0,0.0,0.0,0.0,0.0,0.0,0.0,0.0,0.0,0.0,0.0,0.0,0.0,0.7335058,0.0,0.0,0.0,0.0,0.0,0.0,0.0,0.0,0.0,2.250889,1.869563,0.0,0.0,0.0,0.0,0.0,0.0,0.0,0.0,0.0,0.0,0.0,0.0,0.0,0.0,0.0,0.0,0.0,0.0,0.0,0.0,0.0,0.0,0.0,0.0,0.0,0.0,0.0,0.0,0.0,0.0,0.0
GORASP2,0.0,0.0,0.0,0.0,0.0,0.0,0.0,0.0,1.35631,0.0,0.0,0.0,0.0,0.0,0.0,0.0,0.0,0.0,0.0,0.0,0.0,1.906673,0.0,0.0,0.0,0.0,0.0,0.0,0.0,0.0,1.505206,0.0,0.0,0.0,0.0,0.0,0.0,0.0,0.0,0.0,0.0,0.0,0.8968225,0.0,0.0,0.0,0.0,0.0,0.0,0.0,0.0,0.0,0.0,0.0,0.0,1.16322,0.0,0.0,1.035623
CTSF,0.0,0.0,0.0,0.0,0.0,0.0,0.0,0.0,0.0,1.369507,0.0,0.0,0.0,1.261038,0.0,0.9760627,0.0,0.0,0.0,0.0,0.0,0.0,0.0,0.0,0.0,0.0,0.0,0.0,0.0,0.0,0.0,0.0,0.0,0.0,0.0,0.0,0.0,0.0,0.0,0.0,0.0,0.0,0.0,0.0,0.0,0.0,0.0,0.0,0.0,0.0,0.0,0.0,0.0,0.0,0.0,0.0,0.0,0.0,0.0
RAB13,0.0,0.0,0.0,0.0,1.55039484657658,0.0,0.0,1.8228403481643,0.0,1.36950713014174,0.0,0.0,0.0,0.0,0.0,0.976062700974198,0.0,0.0,0.0,0.0,0.0,1.90667306245649,0.0,0.0,0.0,0.0,0.0,0.0,0.0,0.0,0.0,0.0,0.0,0.0,0.0,1.07124707440253,0.0,0.0,0.0,0.0,0.0,1.45465231890093,0.545748720849974,0.0,0.0,0.0,0.0,0.0,0.0,0.0,0.0,0.0,0.0,0.0,1.51898924628139,0.0,0.0,0.0,1.8641702655592
AKIRIN1,0.0,0.0,0.0,0.0,0.0,0.0,0.0,0.0,0.0,0.0,0.0,0.0,0.0,0.0,1.6714083440343,0.0,0.0,0.0,0.0,0.0,1.40487829275209,0.0,0.0,1.83734307652052,0.0,0.0,0.0,0.0,0.0,0.0,0.0,0.0,1.46224791977103,0.0,0.0,0.0,0.0,0.0,0.0,0.0,0.0,0.0,0.0,0.0,0.0,0.0,0.0,1.45666876632877,0.0,0.0,1.7063043852994,0.0,0.0,0.0,1.51898924628139,0.0,0.0,1.50058699183651,0.0
SLC39A6,0.0,0.0,0.0,0.0,0.0,0.0,0.0,0.0,0.0,0.0,0.0,0.0,0.0,0.0,0.0,0.0,0.0,0.0,0.0,0.0,1.404878,0.0,0.0,0.0,0.0,0.0,0.0,0.0,0.0,0.0,0.0,0.0,0.0,0.0,0.0,0.0,0.0,0.0,0.0,0.0,0.0,0.0,0.0,0.0,0.0,0.0,0.0,1.456669,1.070995,0.0,0.0,0.0,0.0,2.174787,0.0,0.0,0.0,0.0,0.0
UFSP2,0.0,0.0,0.0,0.0,0.0,0.0,0.0,0.0,0.0,0.0,0.0,0.0,0.0,0.0,0.0,0.0,0.0,0.0,0.0,0.0,0.0,0.0,0.0,0.0,0.0,0.0,0.0,0.0,0.0,0.0,0.0,0.0,0.0,0.0,0.0,0.0,0.0,0.8622783,0.0,0.0,0.0,0.0,0.0,0.0,0.0,0.0,0.0,0.0,0.0,0.0,0.0,0.0,0.0,2.174787,0.0,0.0,0.0,0.0,0.0
PSMB3,0.0,0.0,0.0,0.0,0.0,1.256526,0.0,0.0,1.35631,0.0,0.0,1.489583,0.0,1.261038,0.0,1.460467,1.446237,0.0,0.0,0.0,1.404878,0.0,0.9907276,0.0,0.0,0.0,0.0,0.0,1.27666,0.0,1.505206,2.140507,0.0,0.0,0.0,0.0,0.0,1.867825,0.0,0.0,0.0,0.0,0.8968225,1.239181,1.779777,1.485604,0.0,0.0,1.91026,0.0,0.0,0.0,0.0,2.80944,0.0,1.16322,0.0,0.0,1.53336
TGFBR3,0.0,0.0,0.0,0.0,0.0,0.0,0.0,0.0,0.0,0.0,0.0,0.0,0.0,0.0,0.0,0.0,0.0,0.0,0.0,0.0,0.0,0.0,0.0,0.0,0.0,0.0,0.0,0.0,0.0,0.0,0.0,0.0,0.0,0.0,0.0,0.0,0.0,0.0,0.0,0.0,0.0,0.0,0.0,0.0,0.0,0.0,0.0,0.0,0.0,0.0,0.0,0.0,0.0,0.0,0.0,0.0,0.0,0.0,0.0
DDX18,0.8827899,0.0,0.0,0.0,0.0,1.256526,0.0,0.0,0.0,0.0,0.0,0.0,0.0,0.0,2.265849,0.0,1.15207,0.0,0.0,1.847625,0.0,1.906673,0.0,0.0,0.0,0.0,0.0,0.0,0.0,0.0,0.0,0.0,1.462248,0.0,0.0,0.0,0.0,0.0,0.0,0.0,0.0,0.0,1.156158,1.239181,0.0,1.485604,0.0,0.0,0.0,0.0,0.0,0.0,0.9953279,0.0,0.0,1.16322,1.486928,0.0,0.0
SNRPC,0.8827899,0.0,0.0,0.0,1.049655,0.0,0.0,0.0,0.0,0.0,0.0,0.0,0.0,0.0,0.0,0.0,0.7335058,0.0,0.0,0.0,0.9311854,0.0,0.9907276,0.0,0.0,0.0,0.0,0.0,0.0,0.0,0.0,1.25312,0.0,0.0,0.0,0.0,0.0,0.0,0.0,0.0,1.277966,0.0,0.0,0.0,0.0,0.0,0.0,0.0,0.0,0.0,0.0,0.0,0.9953279,0.0,1.518989,0.0,0.0,0.0,0.0
TLN1,0.8827899,0.0,0.0,0.0,1.049655,0.0,0.0,0.0,0.0,0.0,1.671759,1.489583,0.0,1.261038,0.0,0.0,1.446237,0.0,0.0,0.0,1.404878,0.0,0.9907276,0.0,0.0,0.0,0.0,0.0,1.27666,0.0,0.0,1.25312,0.0,0.0,0.0,0.0,0.0,0.0,0.0,0.0,0.0,1.454652,0.5457487,0.0,0.0,0.0,0.0,1.456669,1.576204,0.0,0.0,0.0,1.484152,0.0,1.518989,0.0,0.0,0.0,1.035623
YWHAQ,0.0,0.0,0.0,0.0,0.0,0.0,2.161078,0.0,1.35631,0.0,0.0,0.0,0.0,0.0,0.0,0.0,0.0,0.0,1.636206,0.0,1.404878,0.0,0.0,0.0,0.0,0.0,0.0,0.0,0.0,0.0,0.0,0.0,0.0,0.0,1.91206,1.071247,0.0,0.0,0.0,1.430228,0.0,1.454652,1.156158,1.239181,0.0,0.9965122,0.0,0.0,1.070995,0.0,0.0,0.0,0.9953279,0.0,0.0,0.0,0.0,0.0,1.035623
SHC1,0.0,0.0,0.0,0.0,0.0,0.0,0.0,0.0,0.0,0.0,0.0,0.0,0.0,0.0,0.0,0.0,0.0,0.0,0.0,0.0,0.0,0.0,0.0,0.0,0.0,0.0,0.0,0.0,0.0,0.0,0.0,0.0,0.0,0.0,0.0,1.07124707440253,0.0,0.0,0.0,0.0,0.0,0.0,0.0,0.0,0.0,0.0,0.0,0.0,0.0,0.0,0.0,0.0,0.0,0.0,0.0,0.0,1.48692787133448,0.0,0.0
HAX1,0.882789948505998,0.0,0.0,0.0,0.0,1.2565256720442,0.0,0.0,0.0,1.36950713014174,0.0,0.0,0.0,0.0,0.0,0.976062700974198,0.733505814146228,0.0,0.0,0.0,0.0,0.0,0.0,0.0,0.0,0.0,0.0,0.0,0.0,0.0,0.0,0.0,0.0,0.0,0.0,0.0,0.0,0.0,0.0,0.0,0.0,0.0,0.545748720849974,0.0,0.0,0.996512192170311,0.0,1.45666876632877,1.07099481969502,0.0,1.7063043852994,0.0,0.99532793544424,0.0,0.0,0.0,0.0,0.0,0.0
CAMTA1,0.0,1.41920043157068,0.0,0.0,0.0,0.0,0.0,0.0,0.0,1.36950713014174,1.67175919771753,0.0,0.0,0.0,0.0,0.0,0.733505814146228,0.0,0.0,0.0,0.931185403523441,0.0,0.990727613213213,0.0,0.0,0.0,0.0,1.86956329118445,1.27666005795582,0.0,0.0,0.0,0.0,0.0,0.0,0.0,0.0,1.31831028677075,1.67000672770644,0.0,0.0,0.0,0.89682254342059,1.23918083600871,0.0,0.996512192170311,0.0,1.45666876632877,0.0,0.0,0.0,0.0,0.0,2.80944028652106,0.0,1.16321956431772,0.0,0.0,1.03562295451737
HEG1,0.0,0.0,0.0,0.0,0.0,0.0,0.0,0.0,0.0,0.0,0.0,0.0,0.0,0.0,0.0,0.0,0.0,0.0,0.0,0.0,0.0,0.0,0.0,0.0,0.0,0.0,0.0,0.0,0.0,0.0,0.0,0.0,0.0,0.0,0.0,0.0,0.0,0.0,0.0,0.0,0.0,0.0,0.0,0.0,0.0,0.0,0.0,0.0,0.0,0.0,0.0,0.0,0.0,0.0,0.0,0.0,0.0,0.0,0.0
KLRB1,0.0,0.0,0.0,0.0,0.0,0.0,0.0,0.0,0.0,0.0,0.0,0.0,0.0,0.0,0.0,0.0,0.0,0.0,0.0,0.0,0.0,0.0,0.0,0.0,0.0,0.0,0.0,0.0,0.0,0.0,0.0,0.0,0.0,0.0,0.0,0.0,0.0,0.0,0.0,0.0,0.0,0.0,0.0,0.0,0.0,0.0,0.0,0.0,0.0,0.0,0.0,0.0,0.0,0.0,0.0,0.0,0.0,0.0,0.0
MGMT,0.0,0.0,0.0,0.0,1.049655,0.0,0.0,0.0,0.0,0.0,0.0,0.0,0.0,0.0,0.0,0.0,1.15207,0.0,0.0,0.0,0.9311854,0.0,0.9907276,0.0,0.0,0.0,0.0,0.0,0.0,0.0,0.0,0.0,0.0,0.0,0.0,1.071247,0.0,0.0,0.0,0.0,0.0,0.0,0.0,0.0,0.0,0.0,0.0,0.0,0.0,0.0,0.0,0.0,0.0,0.0,0.0,0.0,0.0,0.0,0.0
RNASET2,2.090403,2.341944,2.391105,0.0,1.049655,1.256526,0.0,0.0,0.0,2.544248,0.0,2.06312,0.0,1.261038,0.0,0.9760627,1.858146,0.0,0.0,0.0,2.324845,0.0,1.804936,0.0,0.0,0.0,0.0,0.0,1.819584,0.0,2.080711,1.25312,1.462248,0.0,1.91206,1.071247,2.70386,1.31831,0.0,0.0,1.277966,1.454652,0.0,0.0,0.0,0.9965122,0.0,0.0,0.0,0.0,1.706304,0.0,1.484152,0.0,0.0,2.282472,1.486928,0.0,1.035623
NXT1,0.0,0.0,0.0,0.0,0.0,0.0,0.0,0.0,0.0,0.0,0.0,0.0,0.0,0.0,0.0,0.0,0.7335058,0.0,0.0,0.0,0.0,0.0,0.9907276,0.0,0.0,0.0,0.0,0.0,0.0,0.0,0.0,0.0,0.0,0.0,0.0,0.0,0.0,0.0,0.0,0.0,0.0,0.0,0.0,0.0,0.0,0.0,0.0,0.0,1.070995,0.0,0.0,0.0,0.0,0.0,0.0,0.0,0.0,0.0,0.0
YIPF2,0.0,1.4192,0.0,0.0,0.0,0.0,0.0,0.0,0.0,0.0,0.0,0.0,0.0,0.0,0.0,0.0,0.0,0.0,0.0,0.0,0.0,0.0,0.0,0.0,0.0,0.0,0.0,0.0,0.0,0.0,0.0,0.0,0.0,0.0,0.0,0.0,0.0,0.0,0.0,1.430228,0.0,0.0,0.0,0.0,0.0,0.0,0.0,0.0,0.0,0.0,0.0,0.0,0.0,0.0,0.0,0.0,0.0,0.0,0.0
HNRNPUL1,0.0,0.0,0.0,0.0,0.0,0.0,0.0,1.82284,1.35631,0.0,0.0,0.0,0.0,0.0,0.0,0.0,1.15207,0.0,0.0,0.0,1.404878,0.0,0.0,0.0,0.0,0.0,0.0,0.0,0.0,1.757593,0.0,0.0,0.0,0.0,0.0,1.071247,0.0,0.0,0.0,0.0,0.0,0.0,0.0,0.0,0.0,0.0,0.0,2.025946,1.070995,1.943172,0.0,0.0,0.0,0.0,1.518989,1.16322,0.0,0.0,0.0
RAI14,0.0,0.0,0.0,0.0,0.0,0.0,0.0,0.0,0.0,0.0,0.0,0.0,0.0,0.0,0.0,0.0,0.0,0.0,0.0,0.0,0.0,0.0,0.0,0.0,0.0,0.0,0.0,0.0,0.0,0.0,0.0,0.0,0.0,0.0,0.0,0.0,0.0,0.0,0.0,0.0,0.0,0.0,0.0,0.0,0.0,0.0,0.0,0.0,0.0,0.0,0.0,0.0,0.0,0.0,0.0,0.0,0.0,0.0,0.0
SNRPG,0.0,0.0,0.0,2.247854,0.0,0.0,0.0,0.0,0.0,1.369507,0.0,1.489583,2.099651,0.0,0.0,0.9760627,0.7335058,1.303761,0.0,0.0,0.0,0.0,1.804936,0.0,0.0,0.0,0.0,0.0,0.0,0.0,1.505206,0.0,1.462248,0.0,0.0,0.0,0.0,0.0,0.0,0.0,0.0,0.0,0.5457487,1.239181,0.0,1.485604,0.0,0.0,1.070995,0.0,0.0,0.0,0.9953279,0.0,1.518989,1.16322,0.0,1.500587,1.035623
LGALS4,0.0,0.0,0.0,0.0,0.0,0.0,0.0,0.0,1.35631,0.0,0.0,0.0,0.0,0.0,0.0,0.0,0.0,0.0,0.0,0.0,0.0,0.0,0.9907276,1.837343,0.0,0.0,0.0,0.0,0.0,0.0,0.0,0.0,0.0,0.0,0.0,0.0,0.0,0.0,0.0,0.0,0.0,0.0,0.0,0.0,0.0,0.0,0.0,0.0,0.0,0.0,0.0,0.0,0.0,0.0,0.0,0.0,0.0,0.0,0.0
HNRNPA3,1.658781,1.4192,0.0,1.655119,0.0,1.796148,0.0,0.0,0.0,0.0,2.636523,0.0,0.0,0.0,0.0,1.785399,1.15207,0.0,1.636206,1.847625,0.9311854,0.0,0.0,0.0,0.0,0.0,0.0,0.0,0.0,0.0,2.080711,2.140507,0.0,1.87562,1.91206,0.0,0.0,0.0,0.0,0.0,2.63524,0.0,1.532449,0.0,2.384817,0.0,0.0,1.456669,1.576204,0.0,0.0,0.0,2.254241,0.0,0.0,1.16322,1.486928,0.0,2.112325
HINT2,0.0,0.0,0.0,0.0,0.0,0.0,0.0,0.0,0.0,0.0,0.0,0.0,0.0,0.0,0.0,0.0,0.0,1.303761,0.0,0.0,0.0,0.0,0.0,0.0,0.0,0.0,0.0,1.869563,0.0,1.757593,0.0,0.0,0.0,0.0,0.0,1.071247,0.0,0.0,0.0,0.0,0.0,0.0,0.0,0.0,0.0,0.0,0.0,0.0,0.0,0.0,0.0,0.0,1.484152,0.0,2.096202,0.0,0.0,0.0,0.0
ID2,1.34424,0.0,1.785537,1.655119,0.0,0.0,0.0,0.0,1.911568,1.926702,0.0,0.0,0.0,0.0,0.0,3.184525,1.673252,0.0,2.595773,1.847625,0.0,2.522629,1.478506,0.0,0.0,0.0,0.0,1.869563,1.819584,0.0,0.0,1.25312,0.0,1.87562,0.0,0.0,0.0,1.630348,1.670007,0.0,0.0,0.0,1.805219,0.0,0.0,0.0,1.932488,0.0,1.91026,0.0,1.706304,1.497077,2.983747,2.174787,1.518989,1.16322,0.0,0.0,1.53336
HNRNPC,0.0,0.0,0.0,1.655119,1.049655,1.256526,2.161078,0.0,0.0,0.0,0.0,0.0,0.0,0.0,1.671408,0.9760627,1.15207,1.85101,0.0,1.847625,0.9311854,1.906673,1.478506,1.837343,0.0,0.0,0.0,0.0,1.819584,1.757593,1.505206,1.792176,2.393061,1.87562,0.0,1.576509,3.086757,1.31831,0.0,0.0,0.0,0.0,1.532449,1.775896,1.779777,0.9965122,0.0,1.456669,1.070995,1.943172,0.0,1.497077,1.484152,0.0,1.518989,1.16322,2.060127,1.500587,1.86417
EPC1,0.0,0.0,0.0,0.0,1.049655,0.0,0.0,0.0,0.0,0.0,0.0,0.0,0.0,1.261038,0.0,0.0,0.7335058,0.0,0.0,0.0,0.0,0.0,0.0,0.0,2.031107,0.0,0.0,0.0,1.27666,0.0,1.505206,0.0,0.0,0.0,0.0,0.0,0.0,0.8622783,0.0,0.0,0.0,0.0,0.5457487,0.0,0.0,0.0,0.0,1.456669,0.0,0.0,0.0,0.0,0.9953279,0.0,1.518989,0.0,0.0,0.0,0.0
TAPBPL,0.0,0.0,0.0,0.0,0.0,0.0,0.0,0.0,1.35631,0.0,0.0,0.0,0.0,0.0,0.0,0.0,0.7335058,0.0,0.0,0.0,0.0,0.0,0.0,0.0,0.0,0.0,0.0,0.0,0.0,0.0,0.0,0.0,0.0,0.0,0.0,0.0,0.0,0.0,0.0,0.0,0.0,0.0,0.0,0.0,0.0,0.0,0.0,0.0,0.0,0.0,0.0,0.0,0.0,0.0,0.0,0.0,0.0,0.0,0.0
NUCB2,0.8827899,0.0,0.0,0.0,0.0,0.0,0.0,0.0,0.0,0.0,0.0,0.0,0.0,0.0,0.0,0.0,0.0,1.303761,0.0,0.0,0.0,0.0,0.0,0.0,0.0,0.0,0.0,0.0,0.0,0.0,0.0,0.0,0.0,0.0,0.0,0.0,0.0,0.0,0.0,0.0,0.0,1.454652,0.0,0.0,0.0,0.0,0.0,0.0,0.0,0.0,0.0,0.0,0.0,0.0,0.0,0.0,0.0,0.0,0.0
EIF3J,1.897701,1.4192,0.0,2.247854,1.049655,0.0,0.0,0.0,0.0,0.0,0.0,0.0,0.0,0.0,0.0,0.0,1.15207,1.303761,0.0,0.0,0.9311854,0.0,0.9907276,0.0,0.0,0.0,0.0,0.0,1.27666,0.0,0.0,0.0,0.0,0.0,0.0,0.0,0.0,1.630348,0.0,0.0,0.0,0.0,0.5457487,1.239181,0.0,0.0,0.0,0.0,0.0,0.0,0.0,0.0,0.9953279,0.0,0.0,1.16322,1.486928,1.500587,1.035623
AKAP12,0.0,0.0,0.0,0.0,0.0,0.0,0.0,0.0,0.0,0.0,0.0,0.0,0.0,0.0,0.0,0.0,0.0,0.0,0.0,0.0,0.0,0.0,0.0,0.0,0.0,0.0,0.0,0.0,0.0,0.0,0.0,1.25312,0.0,0.0,0.0,0.0,0.0,0.0,0.0,0.0,0.0,0.0,0.0,1.239181,0.0,0.0,0.0,0.0,0.0,0.0,0.0,0.0,0.0,0.0,0.0,0.0,0.0,0.0,0.0
FXYD3,0.0,0.0,0.0,0.0,1.882513,0.0,0.0,0.0,0.0,0.0,0.0,1.489583,0.0,1.261038,0.0,0.0,0.0,0.0,0.0,0.0,0.0,0.0,0.0,0.0,0.0,0.0,0.0,0.0,0.0,0.0,0.0,0.0,0.0,0.0,0.0,1.576509,0.0,0.0,1.670007,0.0,0.0,0.0,0.0,0.0,0.0,0.0,0.0,0.0,1.576204,0.0,0.0,0.0,0.9953279,0.0,0.0,0.0,0.0,0.0,0.0
MMP2,0.8827899,0.0,0.0,0.0,0.0,0.0,0.0,0.0,0.0,0.0,0.0,0.0,0.0,0.0,0.0,0.0,1.15207,0.0,0.0,0.0,0.0,0.0,0.0,0.0,0.0,0.0,0.0,0.0,0.0,0.0,0.0,0.0,0.0,0.0,0.0,0.0,0.0,0.0,0.0,0.0,0.0,0.0,0.0,0.0,0.0,0.0,0.0,0.0,0.0,0.0,1.706304,0.0,0.0,0.0,0.0,0.0,0.0,0.0,0.0
OCIAD1,0.8827899,0.0,0.0,0.0,0.0,0.0,0.0,0.0,0.0,1.369507,0.0,0.0,0.0,1.261038,0.0,0.0,1.15207,0.0,0.0,0.0,1.404878,0.0,0.0,0.0,0.0,0.0,0.0,0.0,0.0,0.0,0.0,0.0,1.462248,1.87562,0.0,0.0,0.0,0.8622783,0.0,1.430228,1.277966,0.0,0.5457487,0.0,0.0,1.485604,0.0,0.0,1.070995,0.0,0.0,0.0,0.0,0.0,0.0,0.0,0.0,0.0,1.035623
CYB5R3,0.8827899,0.0,0.0,1.655119,0.0,1.256526,0.0,0.0,0.0,0.0,0.0,0.0,0.0,0.0,0.0,0.9760627,0.0,0.0,0.0,0.0,0.0,0.0,0.0,0.0,0.0,0.0,0.0,0.0,0.0,0.0,0.0,0.0,0.0,0.0,1.91206,0.0,0.0,1.31831,0.0,1.995965,0.0,2.023663,0.5457487,0.0,0.0,0.0,0.0,0.0,0.0,1.943172,0.0,0.0,0.9953279,0.0,0.0,0.0,0.0,0.0,1.035623
SCPEP1,1.34424,0.0,1.785537,0.0,1.049655,0.0,0.0,0.0,1.35631,1.369507,0.0,0.0,0.0,2.150279,0.0,0.9760627,1.673252,0.0,0.0,0.0,0.0,0.0,1.478506,0.0,2.031107,0.0,0.0,0.0,0.0,0.0,1.505206,0.0,0.0,1.87562,0.0,0.0,0.0,0.8622783,0.0,0.0,0.0,2.023663,0.5457487,0.0,0.0,0.0,2.550488,1.456669,0.0,0.0,1.706304,0.0,0.9953279,0.0,0.0,0.0,0.0,0.0,0.0
ISCU,1.34424,0.0,0.0,0.0,1.049655,1.256526,0.0,0.0,0.0,1.926702,1.671759,0.0,0.0,0.0,0.0,0.9760627,0.7335058,0.0,0.0,0.0,0.0,0.0,1.478506,1.837343,0.0,0.0,0.0,0.0,2.169504,0.0,0.0,1.792176,0.0,1.87562,0.0,0.0,0.0,0.0,0.0,0.0,0.0,0.0,0.5457487,0.0,0.0,0.9965122,1.932488,0.0,0.0,2.562001,0.0,0.0,0.0,0.0,0.0,0.0,0.0,0.0,0.0
WDR26,0.882789948505998,0.0,0.0,1.65511853346191,0.0,0.0,0.0,0.0,0.0,0.0,0.0,0.0,0.0,0.0,0.0,0.0,0.0,1.3037610757724,0.0,0.0,0.0,0.0,0.0,2.44752163191848,0.0,0.0,0.0,0.0,1.27666005795582,1.75759313963331,0.0,0.0,0.0,0.0,1.91205973214532,0.0,0.0,0.0,0.0,0.0,0.0,0.0,0.545748720849974,0.0,1.77977734016826,0.996512192170311,0.0,0.0,0.0,1.94317229655797,0.0,0.0,0.99532793544424,0.0,0.0,0.0,0.0,0.0,0.0
SRPRA,0.0,0.0,0.0,0.0,0.0,0.0,0.0,0.0,0.0,0.0,0.0,0.0,0.0,0.0,0.0,0.0,0.7335058,0.0,0.0,0.0,0.9311854,0.0,0.0,0.0,0.0,0.0,0.0,0.0,0.0,0.0,0.0,0.0,0.0,0.0,0.0,0.0,0.0,0.0,0.0,1.430228,0.0,0.0,0.0,0.0,0.0,0.0,0.0,0.0,0.0,0.0,0.0,0.0,0.9953279,0.0,0.0,0.0,0.0,0.0,0.0
DPP7,1.34424,0.0,0.0,0.0,0.0,0.0,0.0,0.0,2.266495,1.926702,0.0,0.0,0.0,1.261038,0.0,1.460467,1.446237,0.0,0.0,0.0,0.0,0.0,0.9907276,0.0,2.031107,2.348485,0.0,0.0,1.27666,0.0,0.0,0.0,0.0,0.0,1.91206,0.0,0.0,0.8622783,0.0,2.355078,0.0,0.0,0.0,0.0,0.0,0.0,0.0,0.0,1.070995,1.943172,0.0,0.0,1.811045,0.0,0.0,0.0,0.0,0.0,1.53336
C9orf142,0.0,0.0,0.0,0.0,0.0,0.0,0.0,0.0,0.0,1.369507,1.671759,0.0,0.0,0.0,0.0,0.0,0.0,1.303761,0.0,0.0,0.0,0.0,0.0,0.0,0.0,0.0,0.0,0.0,1.27666,0.0,0.0,0.0,0.0,0.0,0.0,0.0,0.0,0.0,0.0,0.0,0.0,0.0,0.5457487,0.0,0.0,0.0,0.0,0.0,0.0,0.0,0.0,0.0,0.0,2.174787,0.0,0.0,0.0,0.0,0.0
MRPS21,1.34424003685314,0.0,1.78553667378979,0.0,1.04965501064734,0.0,0.0,0.0,0.0,1.36950713014174,0.0,0.0,0.0,0.0,1.6714083440343,1.78539900421335,0.0,0.0,0.0,0.0,1.40487829275209,0.0,1.80493562912691,0.0,0.0,0.0,0.0,0.0,0.0,1.75759313963331,0.0,1.25312022618914,0.0,0.0,1.91205973214532,1.07124707440253,0.0,0.0,0.0,0.0,1.27796609948947,0.0,0.545748720849974,0.0,0.0,1.48560448424277,0.0,0.0,0.0,0.0,0.0,0.0,1.48415195791382,0.0,0.0,0.0,0.0,0.0,0.0
METTL9,0.0,1.4192,0.0,0.0,1.049655,0.0,0.0,0.0,0.0,0.0,0.0,0.0,0.0,0.0,0.0,0.0,0.0,0.0,0.0,0.0,0.9311854,0.0,0.0,0.0,0.0,0.0,0.0,0.0,0.0,0.0,0.0,0.0,0.0,1.87562,0.0,0.0,0.0,0.0,0.0,0.0,0.0,0.0,0.5457487,1.775896,1.779777,0.9965122,0.0,0.0,0.0,0.0,0.0,2.434124,0.0,0.0,0.0,1.16322,0.0,0.0,1.035623
CAP1,0.882789948505998,0.0,1.78553667378979,1.65511853346191,1.04965501064734,0.0,0.0,0.0,2.52791645104193,0.0,0.0,2.06312047981087,0.0,1.26103848076862,1.6714083440343,2.2267758857615,0.733505814146228,1.3037610757724,0.0,1.84762540377944,0.0,0.0,0.0,0.0,2.03110657190696,0.0,0.0,2.85970580309584,0.0,0.0,0.0,1.25312022618914,1.46224791977103,0.0,0.0,1.57650863128493,0.0,1.31831028677075,0.0,0.0,0.0,0.0,2.11130365545579,2.38057668061526,0.0,0.996512192170311,0.0,1.45666876632877,1.91025982681873,2.56200059012028,0.0,1.49707719415312,1.48415195791382,0.0,0.0,1.68648043988057,1.48692787133448,0.0,1.03562295451737
MLEC,0.0,0.0,0.0,0.0,0.0,0.0,0.0,0.0,0.0,0.0,0.0,0.0,0.0,0.0,0.0,0.0,0.7335058,0.0,0.0,0.0,0.9311854,0.0,0.0,0.0,0.0,0.0,0.0,0.0,0.0,0.0,0.0,0.0,0.0,0.0,0.0,0.0,0.0,0.0,0.0,0.0,0.0,0.0,0.5457487,0.0,0.0,0.0,0.0,0.0,0.0,0.0,0.0,0.0,0.0,0.0,0.0,0.0,0.0,0.0,0.0
C19orf53,1.897701,0.0,0.0,1.655119,1.049655,1.796148,0.0,0.0,1.911568,1.369507,0.0,0.0,0.0,1.261038,0.0,1.460467,0.7335058,1.303761,0.0,0.0,0.9311854,0.0,1.478506,0.0,0.0,0.0,2.250889,0.0,1.27666,0.0,0.0,0.0,1.462248,0.0,1.91206,0.0,0.0,1.31831,2.264302,1.430228,0.0,0.0,1.156158,1.775896,1.779777,1.485604,0.0,1.456669,1.070995,0.0,0.0,0.0,0.0,0.0,1.518989,1.16322,1.486928,0.0,1.035623
SNHG8,1.658781,0.0,0.0,0.0,0.0,1.796148,2.161078,0.0,0.0,0.0,2.636523,0.0,0.0,0.0,1.671408,0.0,0.0,0.0,0.0,1.847625,0.9311854,0.0,0.9907276,0.0,0.0,0.0,2.250889,0.0,0.0,0.0,0.0,0.0,0.0,0.0,0.0,0.0,0.0,0.8622783,1.670007,1.430228,0.0,0.0,0.0,1.239181,1.779777,0.0,0.0,0.0,0.0,0.0,1.706304,0.0,0.0,0.0,0.0,0.0,0.0,1.500587,1.035623
NSRP1,0.0,0.0,0.0,0.0,0.0,0.0,0.0,1.82284,0.0,0.0,0.0,2.06312,0.0,0.0,0.0,0.0,0.0,0.0,0.0,2.835223,0.0,0.0,0.9907276,0.0,0.0,0.0,0.0,0.0,0.0,0.0,0.0,0.0,1.462248,0.0,0.0,1.071247,0.0,0.8622783,1.670007,0.0,0.0,0.0,0.0,0.0,0.0,0.0,0.0,1.456669,0.0,0.0,1.706304,0.0,1.484152,0.0,1.518989,0.0,0.0,0.0,0.0
PPHLN1,0.0,0.0,0.0,0.0,0.0,0.0,0.0,0.0,0.0,0.0,0.0,1.489583,0.0,0.0,0.0,0.9760627,0.0,0.0,0.0,0.0,0.0,0.0,0.0,0.0,0.0,0.0,0.0,0.0,1.27666,0.0,1.505206,1.25312,1.462248,0.0,0.0,1.071247,0.0,0.0,0.0,0.0,1.277966,0.0,0.5457487,1.239181,0.0,0.9965122,0.0,0.0,0.0,0.0,0.0,0.0,0.9953279,2.174787,0.0,1.16322,0.0,0.0,0.0
CTTN,0.0,0.0,0.0,0.0,0.0,0.0,0.0,0.0,0.0,0.0,0.0,0.0,0.0,0.0,0.0,0.0,0.0,0.0,0.0,0.0,0.0,0.0,0.0,0.0,0.0,0.0,0.0,0.0,0.0,0.0,0.0,0.0,0.0,0.0,0.0,1.071247,0.0,0.0,0.0,0.0,0.0,1.454652,0.0,1.239181,0.0,0.0,0.0,0.0,0.0,0.0,0.0,0.0,0.0,0.0,0.0,0.0,0.0,0.0,0.0
TAX1BP3,0.0,0.0,0.0,0.0,0.0,0.0,0.0,0.0,0.0,0.0,0.0,0.0,0.0,0.0,0.0,0.9760627,0.0,0.0,0.0,0.0,1.404878,0.0,0.0,0.0,0.0,0.0,0.0,0.0,0.0,0.0,0.0,0.0,0.0,0.0,0.0,0.0,0.0,0.0,0.0,0.0,0.0,2.023663,0.5457487,0.0,0.0,0.0,0.0,0.0,0.0,0.0,0.0,1.497077,0.0,0.0,0.0,0.0,0.0,0.0,0.0
EIF3M,0.8827899,1.98343,0.0,0.0,1.049655,0.0,0.0,0.0,0.0,1.369507,0.0,0.0,0.0,1.261038,1.671408,0.0,0.7335058,0.0,0.0,0.0,0.9311854,0.0,0.9907276,0.0,0.0,0.0,0.0,0.0,0.0,0.0,1.505206,1.25312,0.0,0.0,0.0,1.071247,0.0,0.0,2.264302,0.0,0.0,0.0,1.156158,0.0,0.0,0.9965122,0.0,0.0,1.91026,0.0,0.0,0.0,0.0,0.0,0.0,1.68648,0.0,1.500587,0.0
WDR74,0.0,1.4192,0.0,0.0,0.0,1.256526,0.0,0.0,0.0,0.0,0.0,0.0,0.0,0.0,0.0,0.0,0.0,0.0,0.0,0.0,0.0,0.0,0.0,0.0,0.0,0.0,0.0,0.0,0.0,0.0,0.0,0.0,0.0,0.0,0.0,1.071247,2.075514,0.0,0.0,0.0,0.0,0.0,0.0,0.0,0.0,0.9965122,0.0,0.0,0.0,0.0,1.706304,0.0,0.9953279,0.0,0.0,0.0,0.0,1.500587,1.53336
JUN,0.0,0.0,1.78553667378979,3.76900683220791,1.04965501064734,2.40268171581532,0.0,0.0,1.3563103964635,2.28240633160662,3.68621818054179,2.06312047981087,0.0,0.0,2.63612183117666,2.76543034701355,2.6382297486952,1.3037610757724,3.07630929159823,0.0,1.40487829275209,0.0,2.7873997617826,3.09645162381969,3.52966631275066,0.0,0.0,0.0,2.80383803492967,0.0,3.36869688100375,1.79217625746399,1.46224791977103,2.86645386048332,4.07193068544232,2.79435875755569,3.08675707262344,0.0,3.56946588546239,0.0,3.0779874067245,0.0,2.69409340365643,0.0,2.38481670629391,0.0,0.0,3.03253831498444,1.91025982681873,3.43089553406766,1.7063043852994,1.49707719415312,2.05699727379307,2.17478717681931,1.51898924628139,3.13558987309394,0.0,2.91352404047583,2.47663610884784
PRDM2,0.0,0.0,0.0,0.0,0.0,0.0,0.0,0.0,0.0,0.0,0.0,0.0,0.0,0.0,0.0,0.0,0.0,0.0,0.0,0.0,0.0,0.0,0.0,0.0,0.0,0.0,0.0,0.0,0.0,0.0,0.0,0.0,0.0,0.0,0.0,0.0,0.0,0.862278251133781,0.0,0.0,0.0,0.0,0.0,0.0,0.0,0.0,0.0,0.0,0.0,0.0,1.7063043852994,0.0,0.0,0.0,0.0,0.0,0.0,0.0,1.03562295451737
NCL,0.8827899,1.98343,0.0,0.0,1.049655,0.0,2.161078,0.0,1.911568,1.926702,2.266237,2.690632,2.099651,1.801408,1.671408,0.9760627,1.673252,1.303761,0.0,0.0,1.725004,1.906673,0.9907276,0.0,0.0,0.0,0.0,0.0,1.819584,2.360564,1.505206,2.39835,0.0,0.0,0.0,0.0,0.0,1.630348,1.670007,0.0,1.821102,0.0,1.156158,0.0,1.779777,1.485604,1.932488,0.0,1.070995,0.0,0.0,0.0,2.056997,0.0,2.096202,1.16322,0.0,2.075514,1.86417
CKLF,2.390912,0.0,0.0,0.0,1.049655,1.796148,0.0,0.0,1.911568,1.369507,1.671759,0.0,0.0,1.801408,1.671408,0.9760627,1.446237,0.0,0.0,1.847625,2.161894,1.906673,0.0,0.0,2.031107,0.0,2.250889,0.0,2.428212,0.0,0.0,1.792176,0.0,0.0,0.0,0.0,0.0,0.8622783,1.670007,0.0,1.277966,0.0,1.361899,1.775896,1.779777,1.485604,1.932488,2.386459,1.91026,0.0,1.706304,0.0,1.811045,2.80944,0.0,2.282472,2.422185,0.0,1.035623
H1FX,0.8827899,0.0,0.0,0.0,1.049655,0.0,2.161078,0.0,0.0,1.369507,0.0,0.0,0.0,0.0,0.0,0.9760627,0.0,0.0,0.0,0.0,0.0,0.0,0.0,0.0,0.0,0.0,0.0,0.0,0.0,0.0,1.505206,1.792176,0.0,0.0,1.91206,1.071247,0.0,0.8622783,1.670007,0.0,1.277966,0.0,0.5457487,0.0,0.0,0.0,0.0,0.0,0.0,0.0,0.0,0.0,1.484152,0.0,0.0,0.0,0.0,0.0,1.035623
MZT2A,0.0,0.0,0.0,0.0,1.049655,1.256526,0.0,0.0,0.0,0.0,1.671759,0.0,0.0,0.0,0.0,0.0,0.0,0.0,0.0,0.0,0.9311854,0.0,0.0,0.0,0.0,0.0,0.0,0.0,0.0,0.0,0.0,1.25312,0.0,0.0,0.0,1.071247,0.0,1.31831,0.0,1.430228,0.0,1.454652,1.156158,0.0,0.0,0.9965122,0.0,2.025946,0.0,0.0,0.0,0.0,0.0,0.0,0.0,0.0,0.0,0.0,0.0
FKBP8,0.8827899,0.0,0.0,0.0,0.0,1.256526,0.0,2.431754,0.0,1.369507,1.671759,0.0,2.099651,0.0,0.0,0.0,1.673252,0.0,0.0,0.0,0.9311854,1.906673,0.9907276,0.0,0.0,0.0,0.0,0.0,0.0,0.0,0.0,1.25312,0.0,0.0,0.0,0.0,0.0,0.8622783,0.0,1.430228,0.0,0.0,0.0,0.0,1.779777,0.0,0.0,0.0,1.576204,0.0,0.0,0.0,1.484152,0.0,0.0,0.0,0.0,1.500587,0.0
UBE2N,0.0,0.0,0.0,1.655119,0.0,0.0,0.0,0.0,0.0,0.0,0.0,0.0,0.0,1.261038,0.0,0.9760627,0.0,1.303761,0.0,0.0,0.0,0.0,0.0,0.0,0.0,0.0,0.0,0.0,0.0,1.757593,0.0,0.0,1.462248,0.0,0.0,1.071247,0.0,1.31831,0.0,0.0,1.277966,0.0,1.156158,0.0,0.0,0.0,0.0,1.456669,0.0,0.0,0.0,0.0,0.0,0.0,0.0,0.0,0.0,0.0,0.0
EIF1AX,0.0,0.0,0.0,2.247854,0.0,0.0,0.0,0.0,0.0,1.369507,0.0,0.0,2.099651,0.0,1.671408,0.0,1.673252,0.0,0.0,0.0,0.0,0.0,0.0,1.837343,0.0,0.0,2.250889,0.0,0.0,0.0,0.0,1.792176,0.0,0.0,0.0,1.071247,0.0,1.31831,0.0,0.0,0.0,0.0,1.156158,0.0,0.0,0.9965122,1.932488,0.0,1.070995,0.0,1.706304,2.699644,0.9953279,0.0,0.0,0.0,0.0,0.0,1.035623
PRDX4,1.34424,0.0,0.0,0.0,0.0,0.0,0.0,0.0,0.0,0.0,0.0,0.0,0.0,0.0,0.0,0.0,0.7335058,0.0,0.0,0.0,0.0,0.0,0.0,0.0,0.0,0.0,0.0,0.0,0.0,0.0,0.0,0.0,0.0,0.0,0.0,0.0,0.0,0.0,1.670007,0.0,0.0,2.023663,0.8968225,0.0,0.0,0.0,0.0,0.0,1.070995,0.0,1.706304,0.0,0.0,0.0,0.0,0.0,1.486928,0.0,1.035623
AUP1,1.34424,1.4192,0.0,0.0,1.550395,0.0,0.0,0.0,0.0,0.0,0.0,0.0,0.0,1.261038,0.0,0.0,0.0,1.303761,0.0,0.0,0.0,0.0,0.0,0.0,0.0,0.0,0.0,0.0,0.0,0.0,0.0,0.0,0.0,0.0,0.0,0.0,2.075514,1.31831,0.0,0.0,0.0,0.0,0.5457487,0.0,0.0,0.0,0.0,0.0,0.0,0.0,0.0,0.0,0.0,0.0,0.0,1.16322,0.0,0.0,0.0
WIPF2,0.0,0.0,0.0,0.0,0.0,0.0,0.0,0.0,0.0,1.369507,0.0,0.0,0.0,0.0,0.0,0.0,0.0,0.0,1.636206,0.0,0.0,0.0,0.0,0.0,0.0,0.0,0.0,0.0,0.0,0.0,0.0,0.0,0.0,0.0,0.0,0.0,2.075514,0.0,0.0,0.0,1.277966,0.0,0.5457487,0.0,0.0,0.0,0.0,1.456669,0.0,0.0,0.0,0.0,0.9953279,0.0,0.0,0.0,0.0,0.0,0.0
GTF3A,0.0,0.0,0.0,0.0,0.0,0.0,0.0,0.0,0.0,0.0,0.0,0.0,2.099651,1.261038,0.0,0.9760627,1.15207,0.0,0.0,0.0,1.725004,0.0,0.0,0.0,0.0,0.0,0.0,0.0,1.27666,0.0,0.0,1.25312,0.0,0.0,0.0,1.576509,0.0,1.630348,2.264302,0.0,0.0,1.454652,0.8968225,1.239181,1.779777,0.0,0.0,0.0,1.576204,0.0,2.304297,0.0,0.0,0.0,1.518989,0.0,0.0,0.0,1.035623
ABL2,0.0,0.0,2.76558534757212,2.24785437195001,0.0,0.0,0.0,0.0,0.0,0.0,0.0,0.0,0.0,0.0,0.0,0.0,0.733505814146228,0.0,0.0,0.0,0.0,1.90667306245649,0.0,0.0,0.0,0.0,2.25088926712533,0.0,0.0,1.75759313963331,0.0,0.0,0.0,0.0,0.0,0.0,0.0,0.0,0.0,0.0,0.0,0.0,1.53244899634501,0.0,0.0,0.0,0.0,1.45666876632877,0.0,0.0,0.0,1.49707719415312,0.0,0.0,1.51898924628139,0.0,0.0,0.0,1.8641702655592
NDRG2,0.0,0.0,0.0,0.0,0.0,0.0,0.0,0.0,0.0,0.0,0.0,0.0,0.0,0.0,0.0,0.0,0.0,0.0,0.0,0.0,0.0,0.0,0.0,0.0,0.0,0.0,0.0,0.0,0.0,0.0,0.0,0.0,0.0,0.0,0.0,0.0,0.0,0.0,0.0,0.0,0.0,0.0,0.0,0.0,0.0,0.0,0.0,1.456669,0.0,0.0,0.0,0.0,1.811045,0.0,0.0,0.0,0.0,0.0,0.0
GMFG,0.8827899,1.98343,0.0,0.0,1.049655,0.0,0.0,0.0,1.35631,1.369507,1.671759,2.06312,0.0,1.261038,0.0,0.9760627,1.15207,0.0,0.0,0.0,2.324845,2.522629,0.9907276,1.837343,0.0,0.0,0.0,0.0,1.819584,0.0,1.505206,1.792176,0.0,0.0,1.91206,0.0,0.0,0.0,0.0,1.995965,1.277966,0.0,0.5457487,2.123261,0.0,2.255922,0.0,2.025946,2.526503,0.0,0.0,0.0,0.0,0.0,1.518989,2.797375,0.0,1.500587,0.0
UROD,0.0,0.0,0.0,0.0,0.0,1.2565256720442,0.0,0.0,0.0,0.0,0.0,0.0,0.0,0.0,0.0,0.976062700974198,0.0,0.0,0.0,0.0,0.0,0.0,0.0,0.0,0.0,0.0,0.0,0.0,0.0,0.0,0.0,0.0,0.0,0.0,0.0,1.07124707440253,0.0,0.0,0.0,0.0,0.0,0.0,0.545748720849974,0.0,0.0,0.0,0.0,0.0,0.0,0.0,0.0,0.0,0.0,0.0,0.0,0.0,0.0,0.0,0.0
IL16,0.0,0.0,0.0,0.0,0.0,0.0,0.0,0.0,0.0,1.369507,0.0,0.0,0.0,0.0,0.0,0.0,0.0,0.0,0.0,0.0,0.0,0.0,0.0,0.0,0.0,0.0,0.0,0.0,0.0,0.0,0.0,1.25312,0.0,0.0,0.0,0.0,0.0,0.0,0.0,0.0,0.0,0.0,0.0,0.0,0.0,0.0,1.932488,0.0,0.0,0.0,0.0,0.0,0.9953279,0.0,0.0,0.0,1.486928,0.0,0.0
SNF8,0.0,0.0,0.0,0.0,0.0,0.0,0.0,0.0,0.0,0.0,0.0,0.0,0.0,1.261038,0.0,0.0,0.0,1.85101,0.0,0.0,0.0,0.0,0.0,0.0,0.0,0.0,0.0,0.0,0.0,0.0,0.0,0.0,0.0,0.0,0.0,1.071247,0.0,0.0,0.0,0.0,0.0,0.0,0.0,0.0,0.0,1.485604,0.0,0.0,0.0,0.0,0.0,0.0,0.0,0.0,0.0,1.16322,0.0,0.0,1.86417
VGLL4,0.0,0.0,0.0,0.0,0.0,0.0,0.0,0.0,0.0,0.0,0.0,0.0,0.0,0.0,0.0,0.0,0.0,0.0,0.0,0.0,0.0,0.0,0.0,0.0,0.0,0.0,0.0,0.0,0.0,0.0,0.0,0.0,0.0,0.0,0.0,0.0,0.0,0.0,0.0,0.0,0.0,0.0,0.0,0.0,1.779777,0.0,0.0,0.0,0.0,0.0,0.0,0.0,0.9953279,0.0,0.0,0.0,0.0,0.0,0.0
ATP5H,0.8827899,0.0,0.0,0.0,0.0,0.0,0.0,0.0,0.0,0.0,2.266237,0.0,2.099651,1.801408,1.671408,0.0,1.15207,0.0,0.0,0.0,0.9311854,1.906673,0.0,0.0,0.0,0.0,0.0,1.869563,0.0,0.0,2.080711,0.0,0.0,0.0,1.91206,1.071247,0.0,1.867825,0.0,1.995965,0.0,0.0,0.8968225,0.0,0.0,0.9965122,1.932488,1.456669,0.0,0.0,0.0,0.0,0.0,0.0,1.518989,1.16322,0.0,2.438248,1.035623
LAMTOR4,1.897701,1.98343,1.785537,0.0,1.550395,1.256526,0.0,2.431754,0.0,1.926702,2.266237,0.0,0.0,1.261038,2.265849,2.226776,1.673252,1.303761,1.636206,0.0,1.404878,0.0,0.9907276,0.0,2.031107,0.0,0.0,1.869563,1.27666,1.757593,2.080711,0.0,0.0,0.0,1.91206,1.576509,0.0,2.05959,0.0,1.430228,1.821102,0.0,0.5457487,1.775896,0.0,1.812616,0.0,2.025946,2.160229,1.943172,1.706304,0.0,1.484152,2.174787,1.518989,1.68648,0.0,1.500587,1.53336
FAAP20,0.0,0.0,0.0,0.0,0.0,0.0,0.0,0.0,0.0,0.0,0.0,0.0,2.09965141229548,0.0,0.0,0.0,0.733505814146228,0.0,0.0,0.0,0.0,0.0,0.0,0.0,2.03110657190696,0.0,0.0,0.0,1.27666005795582,1.75759313963331,0.0,0.0,0.0,0.0,0.0,1.07124707440253,0.0,0.0,0.0,0.0,1.27796609948947,1.45465231890093,0.0,0.0,0.0,0.996512192170311,0.0,0.0,1.07099481969502,0.0,0.0,0.0,1.48415195791382,2.17478717681931,0.0,1.16321956431772,0.0,0.0,1.03562295451737
SEC62,2.090403,1.4192,0.0,0.0,0.0,1.256526,0.0,1.82284,1.35631,1.926702,1.671759,1.489583,0.0,2.783436,2.265849,2.030244,0.0,1.303761,0.0,0.0,0.0,0.0,0.0,0.0,2.031107,0.0,0.0,0.0,1.27666,1.757593,0.0,1.792176,1.462248,0.0,0.0,0.0,0.0,1.630348,0.0,0.0,1.277966,1.454652,1.156158,0.0,1.779777,0.0,0.0,0.0,1.576204,0.0,0.0,0.0,0.9953279,0.0,0.0,1.68648,1.486928,1.500587,1.035623
HNRNPA1,0.8827899,1.4192,1.785537,2.247854,2.131401,2.144712,0.0,1.82284,0.0,0.0,2.636523,2.42531,0.0,0.0,0.0,0.9760627,1.15207,1.303761,0.0,0.0,2.324845,1.906673,1.478506,0.0,2.656408,0.0,0.0,0.0,1.819584,1.757593,0.0,1.25312,0.0,0.0,0.0,1.576509,0.0,0.8622783,2.264302,1.430228,2.171108,2.023663,1.917981,2.123261,1.779777,2.98553,0.0,1.456669,1.070995,2.562001,2.304297,0.0,0.0,2.174787,0.0,2.797375,2.896874,0.0,2.476636
RP11-138A9.1,0.0,0.0,0.0,0.0,0.0,0.0,0.0,0.0,0.0,0.0,0.0,0.0,0.0,0.0,0.0,0.0,0.0,0.0,0.0,0.0,0.0,0.0,0.0,0.0,0.0,0.0,0.0,0.0,0.0,0.0,0.0,1.25312,0.0,0.0,0.0,0.0,0.0,0.0,0.0,0.0,0.0,0.0,0.8968225,0.0,0.0,0.0,0.0,0.0,0.0,0.0,0.0,0.0,0.0,0.0,0.0,0.0,0.0,0.0,0.0
BID,0.0,0.0,0.0,0.0,1.049655,0.0,0.0,0.0,0.0,0.0,0.0,0.0,0.0,0.0,0.0,0.9760627,0.0,0.0,0.0,1.847625,0.9311854,0.0,0.0,0.0,0.0,0.0,0.0,0.0,0.0,0.0,0.0,0.0,0.0,0.0,0.0,0.0,0.0,0.8622783,0.0,0.0,0.0,0.0,1.361899,0.0,1.779777,0.0,0.0,1.456669,0.0,0.0,0.0,0.0,0.0,0.0,0.0,1.16322,0.0,0.0,0.0
UBA3,0.0,0.0,0.0,0.0,0.0,0.0,0.0,0.0,1.35631,1.369507,0.0,0.0,0.0,1.261038,0.0,0.0,0.0,0.0,0.0,0.0,0.0,0.0,0.0,0.0,0.0,0.0,0.0,0.0,1.27666,0.0,0.0,0.0,0.0,0.0,0.0,0.0,2.075514,0.0,0.0,0.0,0.0,0.0,0.5457487,0.0,0.0,0.0,0.0,0.0,0.0,0.0,0.0,0.0,0.0,0.0,0.0,0.0,1.486928,0.0,0.0
ANAPC16,0.8827899,1.4192,0.0,0.0,1.049655,1.256526,0.0,0.0,1.35631,0.0,1.671759,1.489583,0.0,0.0,0.0,1.785399,1.446237,0.0,0.0,0.0,0.0,0.0,0.0,0.0,0.0,0.0,0.0,0.0,0.0,0.0,0.0,0.0,0.0,2.489042,0.0,1.071247,0.0,0.8622783,1.670007,0.0,1.277966,0.0,0.0,0.0,0.0,0.0,1.932488,1.456669,1.91026,0.0,1.706304,0.0,0.0,2.80944,0.0,2.028235,1.486928,1.500587,1.86417
TMX4,0.8827899,0.0,0.0,0.0,0.0,0.0,0.0,0.0,1.911568,0.0,0.0,0.0,0.0,0.0,0.0,0.0,0.7335058,0.0,0.0,0.0,0.0,0.0,0.0,2.447522,0.0,0.0,0.0,0.0,0.0,0.0,0.0,0.0,0.0,0.0,0.0,0.0,0.0,0.0,0.0,0.0,0.0,0.0,0.8968225,0.0,0.0,0.9965122,0.0,0.0,0.0,0.0,0.0,0.0,0.0,0.0,0.0,0.0,0.0,1.500587,0.0
MRPL28,0.0,0.0,0.0,0.0,0.0,1.796148,0.0,0.0,0.0,0.0,0.0,0.0,0.0,0.0,0.0,0.0,0.7335058,0.0,0.0,0.0,0.0,0.0,0.9907276,0.0,0.0,0.0,0.0,0.0,0.0,0.0,0.0,0.0,0.0,0.0,0.0,0.0,0.0,0.0,0.0,0.0,0.0,0.0,0.5457487,0.0,0.0,0.0,0.0,0.0,0.0,0.0,0.0,0.0,0.0,0.0,1.518989,1.16322,0.0,0.0,1.035623
TNPO1,0.0,0.0,0.0,0.0,0.0,0.0,0.0,1.82284,0.0,0.0,0.0,0.0,0.0,0.0,1.671408,0.0,0.7335058,0.0,0.0,0.0,0.0,0.0,0.9907276,0.0,0.0,0.0,2.250889,0.0,0.0,0.0,1.505206,0.0,0.0,1.87562,0.0,0.0,0.0,0.0,0.0,1.430228,1.277966,0.0,0.0,0.0,0.0,0.0,0.0,1.456669,0.0,0.0,0.0,0.0,0.9953279,2.174787,0.0,0.0,1.486928,0.0,1.035623
FKBP3,0.0,0.0,0.0,0.0,0.0,0.0,0.0,0.0,0.0,0.0,0.0,1.489583,0.0,0.0,0.0,0.0,0.7335058,0.0,0.0,0.0,0.0,0.0,0.0,0.0,0.0,0.0,0.0,0.0,1.27666,0.0,0.0,1.25312,0.0,0.0,0.0,0.0,0.0,0.0,0.0,0.0,1.821102,0.0,0.5457487,0.0,0.0,0.0,1.932488,0.0,0.0,0.0,0.0,0.0,0.0,0.0,0.0,0.0,1.486928,0.0,1.035623
HNRNPDL,0.8827899,1.4192,1.785537,2.247854,1.049655,0.0,0.0,0.0,2.266495,0.0,1.671759,1.489583,0.0,1.261038,1.671408,0.0,0.0,1.303761,0.0,0.0,0.9311854,0.0,1.478506,0.0,2.031107,0.0,0.0,0.0,1.27666,0.0,0.0,0.0,2.657641,0.0,0.0,0.0,2.075514,1.867825,2.264302,0.0,0.0,0.0,0.5457487,0.0,0.0,1.485604,0.0,0.0,0.0,1.943172,1.706304,0.0,0.0,2.174787,0.0,1.16322,0.0,2.075514,0.0
RBPMS,0.0,0.0,0.0,0.0,0.0,0.0,0.0,0.0,0.0,0.0,0.0,0.0,0.0,0.0,0.0,0.0,0.0,0.0,0.0,0.0,0.0,0.0,0.0,0.0,0.0,0.0,0.0,0.0,0.0,0.0,0.0,0.0,0.0,0.0,0.0,0.0,0.0,0.0,0.0,0.0,0.0,0.0,0.0,0.0,0.0,0.0,0.0,0.0,0.0,0.0,0.0,0.0,0.0,0.0,0.0,0.0,0.0,0.0,0.0
IST1,0.0,0.0,0.0,0.0,0.0,1.796148,0.0,1.82284,2.266495,0.0,0.0,0.0,0.0,1.801408,0.0,0.0,0.0,0.0,0.0,0.0,0.0,0.0,0.9907276,0.0,0.0,0.0,0.0,0.0,1.27666,0.0,0.0,1.25312,0.0,0.0,0.0,1.071247,0.0,0.0,0.0,0.0,0.0,0.0,0.8968225,0.0,0.0,0.9965122,0.0,2.025946,1.070995,0.0,0.0,0.0,1.484152,0.0,0.0,0.0,0.0,0.0,0.0
EDF1,1.897701,0.0,0.0,1.655119,2.131401,0.0,0.0,0.0,0.0,1.369507,1.671759,1.489583,0.0,2.408416,2.265849,2.030244,1.15207,1.303761,1.636206,0.0,1.725004,0.0,1.478506,0.0,2.031107,0.0,0.0,1.869563,0.0,1.757593,2.080711,0.0,0.0,0.0,1.91206,1.576509,0.0,1.867825,0.0,1.430228,1.821102,0.0,1.156158,1.239181,0.0,1.485604,0.0,0.0,1.070995,1.943172,1.706304,0.0,1.811045,0.0,0.0,1.16322,0.0,2.075514,1.035623
VKORC1,0.8827899,0.0,0.0,0.0,0.0,1.256526,0.0,0.0,1.35631,0.0,0.0,0.0,0.0,1.261038,0.0,0.0,1.446237,0.0,0.0,0.0,0.0,1.906673,0.9907276,0.0,0.0,0.0,0.0,0.0,1.27666,1.757593,0.0,1.25312,0.0,0.0,0.0,1.071247,0.0,0.8622783,0.0,1.995965,1.277966,2.023663,1.361899,1.239181,0.0,0.0,0.0,0.0,0.0,0.0,0.0,1.497077,1.484152,2.174787,0.0,0.0,0.0,0.0,1.86417
ASAP1,0.0,0.0,0.0,1.655119,0.0,0.0,0.0,0.0,0.0,0.0,0.0,0.0,0.0,0.0,0.0,0.0,0.7335058,0.0,0.0,0.0,0.0,0.0,0.0,0.0,0.0,0.0,0.0,0.0,1.27666,1.757593,2.080711,0.0,0.0,0.0,0.0,0.0,0.0,0.8622783,0.0,0.0,0.0,0.0,0.5457487,0.0,0.0,0.0,0.0,0.0,0.0,0.0,0.0,0.0,0.0,0.0,0.0,0.0,0.0,0.0,0.0
SSR2,0.882789948505998,0.0,0.0,1.65511853346191,0.0,0.0,0.0,1.8228403481643,1.3563103964635,0.0,2.63652294408315,0.0,0.0,0.0,0.0,0.0,1.44623749548403,0.0,0.0,0.0,1.40487829275209,0.0,0.0,2.44752163191848,2.03110657190696,0.0,0.0,0.0,0.0,1.75759313963331,1.50520617489663,0.0,0.0,2.4890417349358,1.91205973214532,1.07124707440253,0.0,1.63034818379366,0.0,1.43022756802944,1.27796609948947,0.0,1.15615777431471,0.0,0.0,0.996512192170311,2.55048752470993,1.45666876632877,1.07099481969502,0.0,0.0,0.0,0.0,0.0,0.0,0.0,1.48692787133448,0.0,0.0
C4orf48,2.251903,0.0,0.0,1.655119,1.049655,0.0,0.0,0.0,1.911568,0.0,0.0,1.489583,0.0,1.261038,0.0,0.9760627,1.673252,0.0,0.0,0.0,0.0,0.0,1.804936,0.0,0.0,0.0,0.0,0.0,1.27666,3.005378,2.080711,0.0,0.0,0.0,0.0,1.910587,0.0,0.8622783,1.670007,1.430228,2.171108,1.454652,0.8968225,0.0,0.0,0.9965122,0.0,2.386459,1.070995,2.562001,0.0,0.0,2.254241,0.0,1.518989,1.68648,1.486928,0.0,1.53336
MYC,0.0,0.0,0.0,0.0,0.0,0.0,0.0,0.0,0.0,0.0,0.0,0.0,0.0,0.0,0.0,0.0,0.0,0.0,0.0,0.0,0.0,0.0,0.0,0.0,0.0,0.0,0.0,0.0,0.0,0.0,0.0,0.0,0.0,0.0,0.0,0.0,0.0,0.0,0.0,0.0,0.0,0.0,0.0,0.0,0.0,0.0,0.0,0.0,0.0,0.0,0.0,0.0,0.9953279,0.0,0.0,0.0,0.0,0.0,0.0
PAIP2,1.658781,0.0,0.0,1.655119,0.0,1.796148,0.0,0.0,1.35631,0.0,0.0,1.489583,2.099651,0.0,0.0,0.0,1.15207,0.0,0.0,0.0,0.9311854,0.0,0.9907276,0.0,0.0,0.0,2.250889,0.0,0.0,0.0,0.0,0.0,1.462248,1.87562,0.0,1.071247,0.0,0.0,1.670007,0.0,1.277966,0.0,0.5457487,1.239181,0.0,0.9965122,0.0,1.456669,1.070995,0.0,0.0,0.0,0.0,0.0,0.0,1.16322,0.0,0.0,0.0
ACTN4,0.0,0.0,1.785537,0.0,1.049655,1.256526,0.0,0.0,1.35631,1.369507,0.0,0.0,0.0,0.0,0.0,0.0,0.0,1.303761,0.0,0.0,1.404878,1.906673,0.9907276,1.837343,0.0,0.0,0.0,0.0,0.0,0.0,0.0,1.25312,0.0,0.0,0.0,0.0,0.0,0.8622783,0.0,0.0,0.0,0.0,0.5457487,1.239181,0.0,0.0,0.0,1.456669,0.0,0.0,0.0,2.071563,0.9953279,0.0,0.0,0.0,0.0,0.0,1.035623
C18orf32,0.0,0.0,0.0,0.0,0.0,0.0,0.0,0.0,0.0,1.926702,0.0,0.0,0.0,0.0,0.0,0.9760627,1.15207,1.303761,0.0,0.0,0.0,0.0,0.0,0.0,0.0,0.0,0.0,1.869563,1.27666,1.757593,0.0,0.0,0.0,0.0,0.0,0.0,0.0,0.0,0.0,0.0,0.0,0.0,1.156158,0.0,0.0,0.0,0.0,0.0,0.0,0.0,0.0,0.0,0.0,0.0,0.0,0.0,0.0,0.0,0.0
HLA-DRB1,3.866648,4.761756,2.391105,0.0,3.424479,2.777524,0.0,3.293874,2.906413,2.544248,2.90614,2.42531,2.729593,4.122252,3.571144,2.95459,3.86161,4.524244,0.0,2.835223,4.449257,3.716364,2.976811,0.0,3.857728,3.878435,2.889947,2.482481,3.290134,4.149149,3.240073,2.773058,3.315102,1.87562,3.968462,2.160569,0.0,1.867825,1.670007,4.008316,3.077987,3.030035,1.156158,2.380577,0.0,3.737946,4.189252,4.098494,2.669169,2.562001,2.304297,0.0,2.684092,4.265532,2.45983,3.22694,4.137128,3.086757,0.0
PEX16,0.0,0.0,0.0,0.0,0.0,0.0,0.0,0.0,0.0,0.0,0.0,0.0,0.0,1.261038,1.671408,0.0,0.7335058,0.0,0.0,0.0,0.0,0.0,0.0,0.0,0.0,0.0,0.0,0.0,0.0,0.0,0.0,1.792176,0.0,0.0,1.91206,0.0,0.0,0.0,0.0,0.0,0.0,0.0,0.0,0.0,0.0,0.9965122,0.0,0.0,0.0,0.0,0.0,0.0,0.0,0.0,0.0,0.0,0.0,0.0,0.0
EPRS,0.0,0.0,0.0,0.0,0.0,0.0,0.0,0.0,0.0,0.0,0.0,0.0,2.09965141229548,0.0,0.0,0.0,0.733505814146228,0.0,0.0,0.0,0.0,0.0,0.0,0.0,0.0,0.0,0.0,0.0,0.0,0.0,0.0,1.25312022618914,0.0,0.0,0.0,0.0,0.0,0.0,0.0,0.0,0.0,0.0,0.0,0.0,0.0,1.48560448424277,0.0,0.0,0.0,0.0,0.0,0.0,0.99532793544424,0.0,0.0,0.0,0.0,0.0,1.03562295451737
MEG3,0.0,0.0,0.0,0.0,0.0,0.0,0.0,0.0,0.0,0.0,0.0,0.0,0.0,0.0,0.0,0.0,0.0,0.0,0.0,0.0,0.0,0.0,0.0,0.0,0.0,0.0,0.0,0.0,0.0,0.0,0.0,0.0,0.0,0.0,0.0,0.0,0.0,0.0,0.0,0.0,0.0,0.0,0.0,0.0,0.0,0.0,0.0,0.0,0.0,0.0,0.0,0.0,0.0,0.0,0.0,0.0,0.0,0.0,0.0
MRPS25,0.0,1.4192,0.0,0.0,0.0,0.0,0.0,0.0,0.0,0.0,0.0,0.0,0.0,1.801408,0.0,0.9760627,0.0,1.303761,0.0,0.0,0.0,0.0,0.0,0.0,0.0,0.0,0.0,0.0,0.0,0.0,1.505206,0.0,0.0,0.0,0.0,0.0,0.0,0.0,1.670007,0.0,0.0,0.0,0.0,0.0,0.0,0.0,0.0,0.0,0.0,0.0,0.0,0.0,0.0,0.0,0.0,0.0,0.0,0.0,0.0
CREG1,1.65878147631396,0.0,2.39110484380907,0.0,0.0,0.0,0.0,1.8228403481643,1.3563103964635,2.28240633160662,0.0,0.0,2.72959298432882,1.26103848076862,0.0,1.46046730918825,1.44623749548403,1.3037610757724,1.6362062807501,0.0,0.0,0.0,0.990727613213213,0.0,2.03110657190696,2.34848508174124,0.0,0.0,0.0,0.0,2.44367199273037,0.0,0.0,1.87561978493154,0.0,1.07124707440253,0.0,1.31831028677075,0.0,0.0,0.0,2.02366296411885,0.89682254342059,1.23918083600871,0.0,0.0,0.0,0.0,0.0,0.0,0.0,0.0,0.99532793544424,0.0,0.0,0.0,0.0,0.0,1.03562295451737
DNAJB11,1.34424,0.0,0.0,0.0,1.049655,0.0,0.0,0.0,0.0,0.0,0.0,0.0,0.0,0.0,0.0,0.9760627,1.15207,0.0,0.0,0.0,0.9311854,0.0,0.0,0.0,0.0,0.0,0.0,0.0,0.0,2.360564,0.0,0.0,0.0,0.0,0.0,0.0,0.0,0.8622783,0.0,0.0,0.0,1.454652,0.0,0.0,0.0,0.9965122,0.0,0.0,1.070995,0.0,0.0,0.0,0.9953279,0.0,0.0,0.0,2.060127,0.0,1.035623
ATL3,0.0,0.0,0.0,0.0,1.049655,1.256526,0.0,0.0,0.0,0.0,0.0,0.0,0.0,0.0,1.671408,1.460467,0.0,0.0,0.0,0.0,0.0,0.0,0.9907276,0.0,0.0,0.0,0.0,0.0,0.0,0.0,0.0,0.0,0.0,0.0,0.0,1.576509,0.0,0.8622783,0.0,0.0,0.0,0.0,0.0,0.0,0.0,0.0,1.932488,0.0,1.070995,0.0,0.0,0.0,0.9953279,0.0,2.096202,0.0,0.0,0.0,0.0
KLF9,0.0,0.0,0.0,0.0,1.550395,1.256526,0.0,0.0,0.0,0.0,0.0,0.0,0.0,0.0,0.0,0.0,0.7335058,0.0,0.0,0.0,0.9311854,0.0,0.0,0.0,0.0,0.0,0.0,0.0,0.0,1.757593,1.505206,0.0,0.0,0.0,0.0,0.0,0.0,0.0,0.0,0.0,1.277966,0.0,0.0,0.0,0.0,0.9965122,0.0,0.0,0.0,0.0,1.706304,0.0,0.0,0.0,0.0,1.68648,1.486928,0.0,0.0
TMED4,0.0,0.0,0.0,0.0,0.0,0.0,0.0,0.0,0.0,0.0,0.0,0.0,0.0,0.0,0.0,0.0,0.0,1.303761,0.0,0.0,0.0,1.906673,0.0,0.0,0.0,0.0,0.0,0.0,0.0,0.0,0.0,0.0,0.0,0.0,0.0,0.0,0.0,0.0,0.0,0.0,1.277966,0.0,0.0,0.0,0.0,0.0,0.0,0.0,0.0,0.0,0.0,0.0,0.0,0.0,0.0,0.0,0.0,0.0,0.0
MDM4,0.0,0.0,0.0,0.0,0.0,1.2565256720442,0.0,0.0,0.0,0.0,1.67175919771753,1.4895829964291,0.0,0.0,0.0,0.0,0.0,0.0,0.0,0.0,0.931185403523441,1.90667306245649,0.990727613213213,0.0,0.0,0.0,0.0,0.0,0.0,0.0,0.0,0.0,0.0,0.0,0.0,0.0,2.07551397826316,0.0,0.0,0.0,0.0,0.0,0.545748720849974,0.0,0.0,0.996512192170311,0.0,0.0,0.0,0.0,0.0,0.0,0.0,0.0,0.0,0.0,0.0,0.0,1.03562295451737
TMEM205,0.0,0.0,0.0,0.0,0.0,0.0,0.0,0.0,0.0,0.0,0.0,1.489583,0.0,1.261038,0.0,0.0,0.0,0.0,0.0,0.0,0.9311854,0.0,0.0,0.0,0.0,0.0,0.0,0.0,0.0,0.0,0.0,1.25312,0.0,0.0,0.0,1.071247,0.0,0.8622783,0.0,0.0,0.0,0.0,0.0,0.0,0.0,0.9965122,0.0,0.0,0.0,0.0,0.0,0.0,0.0,0.0,1.518989,1.16322,0.0,1.500587,0.0
ERGIC1,0.0,1.4192,0.0,0.0,0.0,0.0,0.0,0.0,1.35631,0.0,0.0,0.0,0.0,0.0,0.0,0.0,0.7335058,0.0,0.0,1.847625,0.0,0.0,0.0,1.837343,0.0,0.0,0.0,0.0,0.0,0.0,0.0,0.0,0.0,0.0,0.0,1.576509,0.0,0.8622783,0.0,0.0,0.0,0.0,0.5457487,0.0,0.0,0.0,0.0,0.0,0.0,1.943172,0.0,0.0,0.9953279,0.0,0.0,0.0,0.0,0.0,1.035623
EIF5A,0.0,0.0,1.785537,2.247854,0.0,0.0,0.0,1.82284,0.0,0.0,0.0,0.0,0.0,0.0,1.671408,1.460467,1.446237,1.85101,0.0,0.0,0.9311854,0.0,0.0,0.0,0.0,2.348485,0.0,0.0,1.27666,0.0,0.0,0.0,1.462248,0.0,0.0,0.0,0.0,1.867825,1.670007,0.0,0.0,1.454652,0.8968225,0.0,0.0,0.9965122,0.0,0.0,0.0,0.0,0.0,0.0,0.9953279,0.0,0.0,0.0,0.0,1.500587,0.0
NDUFB11,1.897701,1.4192,1.785537,0.0,1.049655,1.256526,0.0,0.0,0.0,0.0,1.671759,1.489583,0.0,1.801408,0.0,1.460467,1.673252,1.303761,0.0,1.847625,0.0,0.0,1.804936,0.0,0.0,0.0,0.0,0.0,1.27666,0.0,2.080711,1.25312,0.0,1.87562,0.0,1.071247,0.0,1.630348,0.0,1.430228,0.0,2.023663,1.532449,1.239181,0.0,0.9965122,0.0,0.0,1.576204,1.943172,0.0,0.0,0.0,2.174787,1.518989,1.16322,2.060127,1.500587,0.0
FAM3C,0.0,0.0,0.0,0.0,0.0,0.0,0.0,0.0,0.0,1.369507,0.0,0.0,0.0,0.0,0.0,0.0,1.15207,0.0,0.0,0.0,0.0,0.0,0.9907276,0.0,0.0,0.0,0.0,0.0,0.0,0.0,0.0,0.0,0.0,0.0,0.0,0.0,0.0,0.8622783,0.0,0.0,0.0,1.454652,0.5457487,1.239181,0.0,0.0,0.0,0.0,0.0,0.0,0.0,0.0,0.9953279,0.0,0.0,1.16322,0.0,0.0,0.0
CCDC167,0.0,0.0,0.0,0.0,0.0,0.0,0.0,0.0,1.35631,0.0,0.0,0.0,2.099651,0.0,1.671408,0.9760627,0.7335058,0.0,0.0,0.0,0.0,0.0,0.0,0.0,0.0,0.0,0.0,0.0,0.0,0.0,0.0,0.0,0.0,0.0,0.0,0.0,0.0,0.0,0.0,1.430228,0.0,0.0,0.0,0.0,0.0,0.0,0.0,0.0,1.070995,0.0,0.0,0.0,0.0,0.0,0.0,0.0,0.0,0.0,1.53336
SEPT11,0.0,0.0,0.0,0.0,0.0,1.256526,0.0,0.0,0.0,0.0,0.0,0.0,0.0,0.0,0.0,0.0,0.0,0.0,0.0,0.0,0.0,0.0,0.0,0.0,0.0,0.0,0.0,0.0,0.0,0.0,0.0,0.0,0.0,0.0,0.0,0.0,0.0,0.0,1.670007,0.0,0.0,0.0,0.5457487,0.0,0.0,0.9965122,0.0,0.0,0.0,0.0,0.0,0.0,0.9953279,2.174787,0.0,0.0,0.0,0.0,1.035623
MRPL51,1.658781,1.4192,0.0,0.0,0.0,0.0,0.0,0.0,0.0,0.0,1.671759,0.0,0.0,1.261038,0.0,0.0,1.15207,0.0,0.0,0.0,0.9311854,0.0,0.0,0.0,0.0,0.0,0.0,0.0,0.0,0.0,0.0,1.25312,0.0,0.0,0.0,0.0,0.0,0.8622783,0.0,0.0,1.821102,0.0,0.5457487,0.0,1.779777,0.9965122,1.932488,1.456669,1.070995,0.0,0.0,0.0,0.0,0.0,0.0,0.0,0.0,1.500587,1.035623
TUG1,0.0,0.0,0.0,0.0,0.0,0.0,0.0,0.0,0.0,0.0,1.671759,0.0,0.0,0.0,0.0,0.9760627,0.7335058,0.0,0.0,0.0,0.0,0.0,0.0,0.0,0.0,0.0,0.0,0.0,1.27666,0.0,2.080711,0.0,0.0,0.0,0.0,0.0,2.075514,0.0,0.0,0.0,0.0,0.0,0.5457487,0.0,0.0,0.9965122,0.0,0.0,0.0,0.0,0.0,0.0,0.0,0.0,0.0,1.16322,0.0,0.0,0.0
CNBP,1.34424,1.4192,1.785537,0.0,0.0,0.0,0.0,0.0,1.35631,0.0,1.671759,0.0,2.099651,1.261038,0.0,0.0,1.15207,0.0,0.0,0.0,0.0,0.0,0.9907276,0.0,0.0,0.0,0.0,0.0,1.819584,0.0,0.0,0.0,0.0,0.0,0.0,1.071247,0.0,0.0,0.0,0.0,0.0,0.0,0.0,1.239181,1.779777,0.9965122,0.0,0.0,1.576204,0.0,0.0,0.0,0.9953279,0.0,0.0,0.0,2.060127,2.438248,1.035623
SARAF,0.8827899,1.98343,0.0,2.247854,2.330524,1.796148,0.0,3.079966,0.0,2.282406,1.671759,2.06312,0.0,2.408416,0.0,0.0,1.446237,1.85101,1.636206,0.0,2.324845,1.906673,0.9907276,0.0,2.031107,0.0,0.0,0.0,1.819584,3.218569,0.0,1.25312,1.462248,1.87562,2.528447,0.0,0.0,1.31831,2.634519,1.430228,0.0,1.454652,1.156158,1.775896,0.0,2.255922,1.932488,1.456669,1.576204,1.943172,1.706304,0.0,0.9953279,0.0,0.0,0.0,2.060127,2.075514,1.53336
FGL2,0.0,0.0,0.0,0.0,1.550395,0.0,0.0,0.0,0.0,0.0,1.671759,1.489583,0.0,1.801408,0.0,0.0,1.673252,1.85101,0.0,1.847625,1.404878,0.0,0.0,0.0,0.0,0.0,0.0,0.0,0.0,0.0,2.080711,1.25312,0.0,0.0,0.0,0.0,0.0,0.0,2.634519,0.0,1.277966,0.0,0.0,0.0,2.384817,1.812616,1.932488,1.456669,0.0,0.0,2.304297,2.071563,0.0,2.174787,0.0,2.028235,2.060127,2.075514,0.0
NUDT5,0.0,0.0,0.0,0.0,0.0,0.0,0.0,0.0,1.35631,0.0,0.0,1.489583,0.0,0.0,0.0,1.460467,0.7335058,0.0,0.0,1.847625,0.0,0.0,0.9907276,0.0,0.0,0.0,0.0,0.0,1.819584,0.0,0.0,0.0,0.0,0.0,0.0,0.0,0.0,0.0,0.0,0.0,1.277966,0.0,0.5457487,1.239181,0.0,0.9965122,0.0,0.0,0.0,0.0,0.0,0.0,0.0,0.0,0.0,0.0,0.0,0.0,1.035623
ATP6V0D1,0.8827899,0.0,2.391105,1.655119,0.0,1.796148,0.0,1.82284,1.911568,0.0,0.0,0.0,0.0,0.0,1.671408,0.9760627,0.0,1.303761,0.0,0.0,0.9311854,0.0,0.0,1.837343,2.031107,0.0,0.0,0.0,0.0,0.0,1.505206,0.0,0.0,0.0,0.0,1.910587,0.0,1.31831,0.0,0.0,0.0,0.0,1.361899,0.0,1.779777,1.485604,0.0,0.0,0.0,0.0,0.0,0.0,0.0,2.174787,1.518989,0.0,0.0,0.0,1.035623
GULP1,0.0,0.0,0.0,0.0,0.0,0.0,0.0,0.0,0.0,0.0,0.0,0.0,0.0,0.0,0.0,0.0,0.0,0.0,0.0,0.0,0.0,0.0,0.0,0.0,0.0,0.0,0.0,0.0,0.0,0.0,0.0,0.0,0.0,0.0,0.0,0.0,0.0,0.0,0.0,0.0,0.0,0.0,0.0,0.0,0.0,0.0,0.0,0.0,0.0,0.0,0.0,0.0,0.0,0.0,0.0,0.0,0.0,0.0,0.0
NDUFV2,0.8827899,0.0,0.0,1.655119,0.0,0.0,0.0,0.0,0.0,0.0,0.0,0.0,2.099651,0.0,0.0,1.460467,1.673252,0.0,0.0,0.0,1.404878,0.0,0.0,1.837343,0.0,0.0,0.0,0.0,1.27666,0.0,0.0,0.0,1.462248,0.0,0.0,0.0,0.0,0.0,0.0,0.0,0.0,0.0,0.0,0.0,0.0,0.0,0.0,0.0,1.070995,0.0,0.0,0.0,0.0,0.0,0.0,1.16322,0.0,1.500587,0.0
GRN,2.891017,1.98343,0.0,0.0,0.0,1.796148,0.0,2.431754,3.052723,2.923187,1.671759,0.0,3.113069,2.613404,1.671408,3.113596,2.712758,1.85101,0.0,0.0,0.9311854,0.0,2.7874,0.0,0.0,2.992697,0.0,0.0,2.428212,2.360564,2.443672,1.25312,3.186747,0.0,2.906958,3.095993,0.0,2.358952,2.264302,3.582856,1.277966,3.419265,2.412569,1.239181,2.384817,0.9965122,1.932488,0.0,2.160229,2.562001,0.0,0.0,3.342501,0.0,2.725918,0.0,2.422185,2.075514,1.035623
SNRPD3,0.8827899,0.0,0.0,0.0,1.049655,0.0,0.0,0.0,1.35631,0.0,0.0,0.0,0.0,0.0,1.671408,0.0,0.7335058,0.0,0.0,0.0,1.404878,0.0,0.9907276,0.0,2.031107,0.0,2.250889,0.0,0.0,0.0,0.0,0.0,0.0,0.0,0.0,0.0,0.0,0.8622783,0.0,0.0,0.0,0.0,0.8968225,0.0,0.0,0.0,1.932488,0.0,0.0,0.0,0.0,0.0,0.9953279,0.0,2.096202,0.0,0.0,0.0,0.0
TMEM160,0.0,0.0,0.0,0.0,0.0,0.0,0.0,0.0,0.0,2.282406,0.0,0.0,0.0,0.0,0.0,0.9760627,0.0,0.0,0.0,0.0,1.725004,0.0,0.0,0.0,0.0,0.0,0.0,0.0,1.819584,0.0,0.0,0.0,0.0,0.0,0.0,1.576509,0.0,2.05959,1.670007,1.430228,0.0,0.0,1.361899,0.0,1.779777,0.9965122,0.0,0.0,0.0,0.0,0.0,0.0,0.9953279,0.0,1.518989,1.68648,1.486928,0.0,0.0
FYB,1.897701,1.4192,0.0,0.0,1.550395,0.0,0.0,0.0,1.911568,1.926702,0.0,1.489583,0.0,1.261038,1.671408,0.9760627,0.7335058,2.462362,0.0,0.0,0.0,0.0,0.0,0.0,0.0,0.0,2.250889,0.0,1.27666,0.0,1.505206,1.25312,1.462248,0.0,0.0,0.0,2.075514,0.8622783,1.670007,0.0,0.0,0.0,1.361899,0.0,1.779777,0.9965122,1.932488,0.0,0.0,0.0,0.0,0.0,1.484152,2.174787,1.518989,2.282472,0.0,0.0,0.0
RAB5B,0.0,0.0,0.0,0.0,0.0,0.0,0.0,0.0,0.0,0.0,0.0,0.0,0.0,0.0,0.0,0.0,0.0,1.303761,0.0,0.0,0.0,0.0,0.9907276,0.0,0.0,0.0,0.0,1.869563,0.0,0.0,0.0,1.792176,0.0,0.0,0.0,0.0,0.0,0.0,0.0,0.0,1.277966,0.0,0.8968225,0.0,0.0,0.9965122,0.0,0.0,0.0,0.0,0.0,0.0,0.9953279,0.0,0.0,0.0,0.0,0.0,1.035623
NDUFB4,1.658781,0.0,0.0,1.655119,0.0,0.0,0.0,0.0,1.911568,0.0,0.0,0.0,0.0,0.0,0.0,0.0,0.0,1.85101,1.636206,0.0,1.404878,0.0,0.9907276,0.0,0.0,0.0,0.0,0.0,1.819584,0.0,1.505206,0.0,0.0,0.0,0.0,1.071247,0.0,0.8622783,2.264302,0.0,0.0,0.0,0.8968225,0.0,0.0,1.485604,1.932488,0.0,1.070995,2.562001,2.304297,0.0,0.9953279,0.0,0.0,1.16322,0.0,0.0,1.035623
PRKAR1A,1.34424,0.0,0.0,0.0,1.049655,0.0,2.161078,0.0,0.0,0.0,0.0,1.489583,0.0,1.261038,1.671408,0.0,1.15207,0.0,0.0,1.847625,0.0,1.906673,0.9907276,1.837343,0.0,0.0,0.0,1.869563,1.27666,0.0,1.505206,0.0,0.0,1.87562,0.0,1.071247,0.0,0.0,1.670007,0.0,1.277966,0.0,0.8968225,0.0,1.779777,0.0,0.0,1.456669,1.576204,0.0,1.706304,0.0,0.9953279,2.174787,0.0,1.16322,0.0,0.0,0.0
RTN3,0.0,0.0,0.0,0.0,0.0,0.0,0.0,0.0,1.911568,1.369507,1.671759,0.0,0.0,0.0,1.671408,0.0,0.7335058,0.0,0.0,0.0,0.9311854,0.0,0.0,0.0,0.0,0.0,0.0,0.0,0.0,0.0,1.505206,0.0,0.0,0.0,0.0,0.0,0.0,1.31831,0.0,1.430228,1.277966,0.0,0.5457487,0.0,0.0,0.0,0.0,0.0,0.0,0.0,0.0,1.497077,0.0,0.0,0.0,0.0,0.0,0.0,0.0
COX5A,0.0,0.0,0.0,1.655119,1.550395,1.256526,0.0,0.0,0.0,0.0,1.671759,1.489583,0.0,1.261038,1.671408,0.9760627,1.15207,1.85101,0.0,0.0,0.0,0.0,0.9907276,0.0,0.0,0.0,0.0,0.0,0.0,0.0,0.0,1.25312,2.032258,0.0,0.0,1.071247,0.0,0.0,0.0,0.0,0.0,0.0,1.156158,0.0,1.779777,1.812616,1.932488,0.0,1.070995,0.0,0.0,0.0,0.9953279,0.0,0.0,1.16322,0.0,1.500587,1.53336
APOE,5.512091,0.0,0.0,0.0,0.0,3.655786,0.0,3.293874,4.804328,4.954444,0.0,0.0,4.065715,5.02877,0.0,4.484823,3.211331,0.0,0.0,0.0,0.0,0.0,5.428854,0.0,0.0,5.547837,0.0,0.0,4.623022,3.788412,2.709405,4.227327,4.609854,0.0,0.0,3.966766,0.0,4.386715,0.0,5.222622,0.0,5.412733,3.352854,0.0,0.0,0.0,0.0,0.0,2.904961,0.0,0.0,0.0,4.160563,0.0,5.127989,0.0,4.641546,0.0,1.035623
C12orf57,0.8827899,0.0,0.0,0.0,1.550395,1.256526,0.0,0.0,1.35631,1.369507,2.636523,0.0,0.0,1.261038,0.0,3.03725,0.7335058,1.85101,1.636206,1.847625,0.0,0.0,0.0,0.0,0.0,0.0,0.0,0.0,0.0,0.0,1.505206,0.0,0.0,1.87562,0.0,1.071247,0.0,0.0,0.0,0.0,1.277966,0.0,0.8968225,2.123261,2.384817,0.0,0.0,1.456669,0.0,0.0,0.0,0.0,0.0,2.174787,0.0,0.0,0.0,0.0,1.035623
ACTA2,0.0,0.0,0.0,0.0,0.0,0.0,0.0,0.0,0.0,0.0,0.0,0.0,0.0,0.0,0.0,0.0,0.0,1.303761,0.0,0.0,0.0,0.0,0.0,0.0,0.0,0.0,0.0,0.0,0.0,0.0,0.0,0.0,0.0,0.0,0.0,0.0,0.0,0.0,0.0,0.0,0.0,0.0,0.0,0.0,0.0,0.0,0.0,0.0,0.0,0.0,0.0,0.0,0.0,0.0,0.0,0.0,0.0,0.0,0.0
UNC50,0.0,0.0,0.0,0.0,0.0,0.0,0.0,0.0,0.0,0.0,1.671759,0.0,0.0,0.0,0.0,0.9760627,1.15207,0.0,0.0,0.0,0.0,0.0,0.0,0.0,0.0,0.0,0.0,0.0,2.169504,0.0,0.0,0.0,0.0,0.0,0.0,0.0,0.0,0.8622783,0.0,0.0,0.0,0.0,0.0,0.0,0.0,0.9965122,0.0,0.0,1.070995,0.0,0.0,0.0,0.0,0.0,0.0,1.16322,0.0,1.500587,0.0
NEXN,0.0,0.0,0.0,0.0,0.0,0.0,0.0,0.0,0.0,0.0,0.0,0.0,0.0,0.0,0.0,0.0,0.0,0.0,0.0,0.0,0.0,0.0,0.0,0.0,0.0,0.0,0.0,0.0,0.0,0.0,0.0,0.0,0.0,0.0,0.0,0.0,0.0,0.0,0.0,0.0,0.0,0.0,0.0,0.0,0.0,0.0,0.0,0.0,0.0,0.0,0.0,0.0,0.0,0.0,0.0,0.0,0.0,0.0,0.0
SPCS2,1.658781,1.4192,0.0,0.0,0.0,0.0,0.0,1.82284,1.911568,1.369507,1.671759,0.0,0.0,1.801408,0.0,2.030244,1.673252,0.0,0.0,0.0,0.9311854,2.522629,0.9907276,0.0,0.0,0.0,0.0,0.0,1.819584,0.0,0.0,0.0,0.0,0.0,0.0,0.0,0.0,1.31831,0.0,1.430228,1.277966,0.0,0.8968225,0.0,0.0,1.485604,1.932488,2.386459,2.360043,1.943172,1.706304,0.0,0.9953279,0.0,1.518989,0.0,1.486928,0.0,0.0
AKR7A2,0.0,0.0,0.0,0.0,1.04965501064734,0.0,0.0,0.0,0.0,0.0,0.0,0.0,0.0,0.0,0.0,0.976062700974198,0.0,0.0,0.0,0.0,0.0,0.0,0.0,0.0,0.0,0.0,2.25088926712533,0.0,0.0,0.0,0.0,0.0,0.0,0.0,0.0,1.07124707440253,0.0,0.862278251133781,0.0,0.0,0.0,0.0,1.15615777431471,0.0,0.0,0.996512192170311,0.0,0.0,0.0,0.0,0.0,0.0,0.0,0.0,0.0,0.0,0.0,0.0,0.0
C11orf31,0.8827899,0.0,0.0,1.655119,0.0,0.0,0.0,0.0,0.0,1.369507,2.266237,0.0,2.099651,1.261038,0.0,0.9760627,1.673252,0.0,0.0,0.0,1.404878,0.0,1.478506,0.0,0.0,0.0,0.0,0.0,1.27666,1.757593,2.080711,0.0,1.462248,0.0,0.0,1.576509,0.0,0.0,1.670007,0.0,0.0,0.0,1.156158,0.0,0.0,2.058635,1.932488,1.456669,2.160229,0.0,0.0,0.0,0.9953279,0.0,0.0,0.0,1.486928,0.0,1.035623
HOPX,0.0,0.0,0.0,0.0,0.0,0.0,0.0,0.0,0.0,0.0,0.0,0.0,0.0,0.0,0.0,0.0,0.0,0.0,0.0,0.0,0.0,0.0,0.0,0.0,0.0,0.0,0.0,0.0,0.0,0.0,0.0,0.0,0.0,0.0,0.0,0.0,0.0,0.0,0.0,0.0,0.0,0.0,0.0,0.0,0.0,0.0,0.0,0.0,0.0,0.0,0.0,0.0,0.0,0.0,0.0,0.0,0.0,0.0,0.0
SF3B5,1.658781,1.98343,1.785537,0.0,1.550395,0.0,0.0,0.0,0.0,0.0,1.671759,1.489583,0.0,0.0,0.0,0.0,1.673252,1.303761,1.636206,0.0,2.161894,0.0,0.0,0.0,0.0,0.0,0.0,0.0,1.27666,0.0,0.0,0.0,0.0,1.87562,0.0,1.071247,0.0,1.31831,1.670007,1.430228,0.0,0.0,1.156158,0.0,0.0,0.0,0.0,0.0,1.91026,1.943172,1.706304,0.0,0.9953279,0.0,0.0,1.16322,1.486928,1.500587,1.53336
DNAJC21,0.0,0.0,0.0,1.655119,0.0,0.0,0.0,1.82284,0.0,0.0,0.0,0.0,0.0,0.0,0.0,0.0,0.0,0.0,0.0,0.0,0.0,0.0,0.0,1.837343,0.0,0.0,0.0,0.0,0.0,0.0,0.0,0.0,0.0,0.0,0.0,1.071247,0.0,0.0,0.0,0.0,0.0,0.0,0.5457487,0.0,0.0,0.0,0.0,0.0,0.0,0.0,0.0,0.0,0.0,0.0,0.0,0.0,0.0,1.500587,0.0
AASDHPPT,0.0,0.0,0.0,2.247854,0.0,0.0,0.0,0.0,0.0,0.0,0.0,0.0,0.0,0.0,0.0,0.9760627,0.0,0.0,0.0,0.0,0.0,0.0,0.0,0.0,0.0,0.0,0.0,0.0,1.27666,0.0,0.0,0.0,0.0,0.0,0.0,0.0,0.0,0.0,0.0,0.0,0.0,0.0,0.0,0.0,0.0,0.9965122,0.0,0.0,0.0,0.0,0.0,0.0,0.0,0.0,0.0,1.16322,0.0,0.0,0.0
G0S2,0.0,0.0,4.01801359550025,0.0,0.0,0.0,3.45700938115822,0.0,0.0,0.0,0.0,0.0,0.0,0.0,1.6714083440343,0.0,0.0,0.0,1.6362062807501,3.49857852504258,0.0,0.0,0.0,0.0,0.0,0.0,2.25088926712533,0.0,0.0,0.0,0.0,1.25312022618914,0.0,0.0,0.0,0.0,2.07551397826316,0.0,0.0,0.0,0.0,1.45465231890093,2.87332182317076,0.0,3.24425819459288,0.0,0.0,0.0,0.0,0.0,0.0,2.43412438824543,0.0,0.0,0.0,1.16321956431772,1.48692787133448,0.0,1.03562295451737
ZRANB2,0.882789948505998,0.0,0.0,0.0,0.0,0.0,0.0,0.0,0.0,1.36950713014174,1.67175919771753,0.0,0.0,0.0,0.0,0.0,0.0,0.0,0.0,0.0,0.0,0.0,0.0,0.0,0.0,0.0,0.0,0.0,0.0,0.0,0.0,0.0,0.0,0.0,0.0,0.0,0.0,0.0,0.0,0.0,0.0,0.0,0.545748720849974,0.0,0.0,0.0,1.93248826900718,0.0,1.07099481969502,1.94317229655797,0.0,0.0,0.0,0.0,0.0,0.0,0.0,0.0,0.0
DDX42,0.0,0.0,0.0,0.0,0.0,0.0,0.0,0.0,1.35631,0.0,0.0,0.0,0.0,0.0,0.0,0.0,0.0,1.303761,0.0,0.0,0.9311854,0.0,0.0,0.0,0.0,0.0,0.0,0.0,0.0,0.0,0.0,0.0,0.0,0.0,0.0,0.0,0.0,0.0,0.0,0.0,0.0,0.0,0.0,0.0,0.0,0.0,0.0,0.0,0.0,0.0,0.0,0.0,0.0,0.0,0.0,0.0,0.0,0.0,0.0
ARSA,0.0,0.0,0.0,0.0,0.0,0.0,0.0,0.0,0.0,0.0,0.0,0.0,0.0,0.0,0.0,0.0,0.0,0.0,1.636206,0.0,0.0,0.0,0.0,0.0,0.0,0.0,0.0,0.0,0.0,0.0,0.0,0.0,0.0,0.0,0.0,0.0,0.0,0.0,0.0,0.0,0.0,0.0,0.0,0.0,1.779777,0.0,0.0,0.0,0.0,0.0,0.0,0.0,0.9953279,0.0,0.0,0.0,0.0,0.0,0.0
STK17A,0.0,0.0,0.0,0.0,0.0,0.0,0.0,0.0,0.0,0.0,0.0,0.0,0.0,0.0,0.0,0.0,0.0,0.0,0.0,0.0,0.0,0.0,0.0,0.0,0.0,0.0,0.0,0.0,0.0,0.0,0.0,0.0,0.0,0.0,0.0,0.0,0.0,0.0,0.0,0.0,0.0,0.0,0.0,0.0,0.0,0.9965122,0.0,0.0,1.070995,0.0,0.0,1.497077,0.0,0.0,0.0,0.0,0.0,0.0,0.0
SLC35A3,0.0,0.0,0.0,0.0,0.0,0.0,0.0,0.0,0.0,0.0,0.0,0.0,0.0,0.0,0.0,0.0,0.733505814146228,0.0,0.0,0.0,0.0,0.0,0.0,0.0,0.0,0.0,0.0,0.0,0.0,0.0,0.0,0.0,0.0,0.0,0.0,0.0,0.0,0.862278251133781,0.0,0.0,0.0,0.0,0.0,0.0,0.0,0.0,0.0,0.0,0.0,1.94317229655797,0.0,0.0,0.0,2.17478717681931,0.0,0.0,0.0,0.0,0.0
PPP1CA,0.0,0.0,0.0,0.0,0.0,0.0,2.161078,0.0,0.0,0.0,0.0,0.0,0.0,1.261038,1.671408,1.460467,1.446237,1.303761,0.0,0.0,1.404878,0.0,0.0,0.0,0.0,0.0,0.0,0.0,1.27666,0.0,0.0,0.0,2.032258,0.0,0.0,1.071247,0.0,1.31831,0.0,0.0,1.821102,0.0,1.156158,0.0,0.0,0.0,1.932488,0.0,0.0,0.0,0.0,0.0,0.9953279,0.0,1.518989,1.16322,0.0,1.500587,1.035623
IQGAP1,0.8827899,0.0,1.785537,0.0,1.550395,1.256526,2.161078,1.82284,1.35631,0.0,0.0,1.489583,0.0,1.801408,0.0,0.9760627,1.673252,0.0,1.636206,0.0,0.9311854,0.0,0.0,0.0,2.656408,0.0,0.0,0.0,1.819584,1.757593,0.0,1.792176,0.0,0.0,0.0,1.910587,0.0,1.867825,0.0,1.430228,1.277966,0.0,1.361899,0.0,1.779777,1.485604,2.550488,2.025946,0.0,2.941412,0.0,1.497077,1.811045,2.80944,0.0,1.16322,1.486928,0.0,1.035623
HAGH,0.0,0.0,0.0,0.0,0.0,0.0,0.0,0.0,0.0,0.0,0.0,0.0,0.0,0.0,0.0,0.0,1.15207,0.0,0.0,0.0,0.9311854,0.0,0.0,0.0,0.0,0.0,0.0,0.0,1.27666,1.757593,0.0,0.0,0.0,0.0,0.0,0.0,0.0,1.31831,0.0,0.0,0.0,0.0,0.0,0.0,0.0,0.9965122,0.0,0.0,0.0,0.0,0.0,0.0,0.0,0.0,0.0,0.0,0.0,0.0,0.0
SRP9,0.0,1.41920043157068,0.0,0.0,0.0,0.0,0.0,0.0,0.0,0.0,0.0,0.0,0.0,1.80140759977689,0.0,0.0,0.733505814146228,0.0,0.0,0.0,0.0,0.0,1.47850581878633,0.0,2.03110657190696,0.0,0.0,0.0,0.0,1.75759313963331,1.50520617489663,0.0,1.46224791977103,0.0,0.0,1.07124707440253,0.0,1.63034818379366,0.0,1.43022756802944,1.27796609948947,1.45465231890093,1.15615777431471,1.77589560412458,0.0,0.996512192170311,0.0,1.45666876632877,0.0,1.94317229655797,0.0,0.0,0.99532793544424,0.0,0.0,1.68648043988057,1.48692787133448,0.0,0.0
CH17-189H20.1,0.0,0.0,0.0,0.0,1.04965501064734,0.0,0.0,0.0,0.0,0.0,0.0,0.0,0.0,0.0,0.0,0.0,0.0,0.0,0.0,0.0,0.0,0.0,0.0,0.0,0.0,0.0,0.0,0.0,0.0,0.0,0.0,1.25312022618914,0.0,0.0,1.91205973214532,0.0,0.0,0.0,0.0,0.0,0.0,0.0,0.0,0.0,0.0,0.0,0.0,0.0,0.0,0.0,0.0,0.0,0.0,0.0,0.0,0.0,0.0,0.0,0.0
PSMA2,0.0,0.0,0.0,1.655119,0.0,1.796148,0.0,0.0,0.0,0.0,0.0,0.0,0.0,1.261038,0.0,0.0,0.7335058,1.303761,0.0,0.0,0.0,0.0,0.0,0.0,0.0,0.0,0.0,0.0,1.27666,0.0,0.0,0.0,0.0,0.0,0.0,1.071247,0.0,0.8622783,1.670007,1.430228,2.171108,0.0,1.532449,1.239181,0.0,1.485604,1.932488,1.456669,2.160229,0.0,1.706304,0.0,0.0,0.0,1.518989,1.16322,1.486928,0.0,1.035623
PALLD,0.0,0.0,0.0,0.0,0.0,0.0,0.0,0.0,0.0,1.369507,0.0,0.0,0.0,0.0,1.671408,0.0,0.0,1.303761,0.0,0.0,0.0,0.0,0.0,0.0,0.0,0.0,0.0,0.0,0.0,0.0,1.505206,0.0,0.0,0.0,0.0,0.0,2.075514,0.0,0.0,0.0,0.0,0.0,0.0,0.0,0.0,1.485604,0.0,1.456669,0.0,0.0,0.0,0.0,0.9953279,0.0,0.0,0.0,0.0,0.0,0.0
UBE2V2,0.0,0.0,0.0,1.655119,0.0,0.0,2.161078,0.0,0.0,0.0,0.0,0.0,0.0,1.261038,0.0,0.0,0.0,0.0,0.0,0.0,0.0,0.0,0.9907276,1.837343,0.0,0.0,0.0,0.0,0.0,1.757593,0.0,1.25312,1.462248,0.0,0.0,0.0,0.0,0.0,0.0,0.0,0.0,0.0,0.0,1.239181,0.0,0.0,2.550488,0.0,0.0,0.0,0.0,0.0,0.0,0.0,0.0,0.0,0.0,0.0,1.035623
NET1,0.0,0.0,0.0,0.0,0.0,0.0,0.0,0.0,0.0,0.0,0.0,0.0,0.0,0.0,0.0,0.0,0.0,0.0,0.0,0.0,0.0,0.0,0.0,0.0,0.0,0.0,0.0,0.0,0.0,0.0,0.0,0.0,0.0,0.0,0.0,0.0,2.70386,0.8622783,0.0,0.0,0.0,0.0,0.0,0.0,0.0,0.0,0.0,2.025946,0.0,0.0,0.0,0.0,0.0,0.0,0.0,0.0,0.0,0.0,0.0
SH3KBP1,0.0,0.0,0.0,0.0,1.049655,0.0,0.0,0.0,1.35631,1.369507,0.0,1.489583,0.0,1.261038,1.671408,0.0,0.7335058,0.0,1.636206,1.847625,0.9311854,0.0,0.0,0.0,2.031107,0.0,0.0,0.0,1.819584,0.0,0.0,0.0,0.0,0.0,2.528447,0.0,0.0,0.0,2.264302,1.430228,1.821102,0.0,1.156158,0.0,0.0,0.0,0.0,0.0,0.0,0.0,1.706304,0.0,1.484152,2.174787,0.0,2.028235,0.0,2.075514,0.0
HDAC7,0.0,0.0,0.0,0.0,0.0,0.0,0.0,0.0,0.0,0.0,0.0,0.0,0.0,0.0,0.0,0.0,0.7335058,0.0,0.0,0.0,0.0,0.0,0.0,0.0,0.0,0.0,0.0,0.0,0.0,0.0,0.0,0.0,0.0,0.0,0.0,0.0,0.0,0.0,0.0,0.0,0.0,0.0,0.0,0.0,0.0,0.0,0.0,0.0,0.0,0.0,0.0,0.0,0.0,0.0,0.0,0.0,0.0,0.0,0.0
C6orf48,0.0,1.4192,0.0,0.0,1.550395,1.256526,0.0,0.0,1.35631,1.369507,0.0,0.0,0.0,0.0,1.671408,0.0,0.7335058,0.0,0.0,0.0,0.0,0.0,1.478506,0.0,0.0,0.0,0.0,0.0,1.27666,0.0,0.0,0.0,0.0,0.0,0.0,0.0,0.0,0.0,0.0,0.0,0.0,0.0,0.0,0.0,0.0,0.9965122,0.0,0.0,0.0,0.0,0.0,0.0,0.0,0.0,0.0,1.16322,1.486928,0.0,1.035623
RPL36,3.379385,3.994061,3.250913,3.422173,3.538637,3.162041,3.17978,3.079966,2.906413,3.9853,3.882321,3.220743,3.783734,3.522769,3.117873,3.426597,3.120043,3.502474,3.076309,3.6484,3.819643,3.389573,3.335453,2.823727,3.529666,3.381304,3.554911,2.859706,3.466228,2.734068,3.58493,3.71406,3.186747,3.680697,3.853039,3.005196,3.086757,2.857769,3.684114,3.14663,3.077987,3.419265,2.989382,2.899744,3.69953,3.816156,3.41882,3.523898,3.255696,0.0,3.830502,3.082444,2.794259,3.472005,3.109313,3.526458,3.069954,3.671925,3.462187
EIF3A,0.0,0.0,0.0,0.0,1.049655,1.256526,0.0,0.0,0.0,1.369507,0.0,0.0,0.0,1.261038,1.671408,0.0,1.15207,1.85101,0.0,0.0,1.725004,0.0,0.0,1.837343,0.0,0.0,0.0,0.0,0.0,1.757593,1.505206,0.0,2.032258,0.0,0.0,1.071247,0.0,0.0,0.0,0.0,0.0,0.0,1.678106,0.0,0.0,0.9965122,1.932488,0.0,1.070995,0.0,0.0,0.0,0.0,0.0,1.518989,0.0,0.0,0.0,1.53336
DHRS4L2,0.0,0.0,0.0,0.0,0.0,0.0,0.0,0.0,0.0,0.0,0.0,0.0,0.0,0.0,0.0,0.0,0.7335058,1.303761,0.0,0.0,0.0,0.0,0.0,0.0,0.0,0.0,0.0,0.0,0.0,0.0,0.0,0.0,0.0,0.0,0.0,0.0,0.0,0.0,0.0,0.0,1.277966,0.0,0.0,0.0,0.0,0.0,0.0,0.0,0.0,0.0,2.304297,0.0,0.0,0.0,0.0,0.0,0.0,2.075514,1.035623
EIF4A2,0.0,0.0,1.785537,0.0,1.049655,1.256526,0.0,0.0,0.0,2.282406,1.671759,0.0,2.729593,2.150279,2.265849,2.030244,0.0,1.303761,1.636206,0.0,0.9311854,0.0,0.0,0.0,0.0,0.0,0.0,0.0,2.633559,0.0,1.505206,0.0,2.393061,0.0,0.0,1.071247,0.0,0.8622783,1.670007,0.0,1.277966,0.0,0.5457487,0.0,0.0,0.0,1.932488,0.0,1.070995,0.0,0.0,0.0,1.484152,2.174787,1.518989,1.68648,1.486928,0.0,0.0
EIF5B,0.8827899,1.4192,0.0,1.655119,1.049655,0.0,0.0,0.0,1.35631,0.0,1.671759,1.489583,0.0,1.261038,1.671408,0.0,1.15207,0.0,0.0,0.0,0.9311854,0.0,0.0,0.0,0.0,0.0,0.0,0.0,1.27666,0.0,0.0,0.0,2.393061,0.0,0.0,1.071247,0.0,1.31831,0.0,0.0,0.0,0.0,0.8968225,0.0,0.0,0.9965122,1.932488,1.456669,1.070995,1.943172,0.0,0.0,1.811045,0.0,1.518989,1.16322,2.060127,0.0,1.035623
POSTN,0.0,0.0,0.0,0.0,0.0,0.0,0.0,0.0,0.0,0.0,0.0,0.0,0.0,0.0,0.0,0.0,0.0,0.0,0.0,0.0,0.0,0.0,0.0,0.0,0.0,0.0,0.0,0.0,0.0,0.0,0.0,0.0,0.0,0.0,0.0,0.0,0.0,0.0,0.0,0.0,0.0,0.0,0.0,0.0,0.0,0.0,1.932488,0.0,0.0,0.0,0.0,0.0,0.0,0.0,0.0,0.0,0.0,0.0,0.0
NDUFB3,1.34424,1.98343,0.0,0.0,0.0,1.256526,0.0,0.0,1.35631,0.0,1.671759,0.0,0.0,0.0,0.0,2.030244,0.7335058,1.303761,0.0,0.0,0.0,0.0,0.9907276,0.0,0.0,2.348485,0.0,0.0,0.0,0.0,1.505206,0.0,1.462248,0.0,0.0,0.0,0.0,0.0,0.0,0.0,0.0,0.0,0.0,0.0,0.0,1.485604,0.0,0.0,1.070995,0.0,0.0,1.497077,0.9953279,0.0,0.0,1.16322,1.486928,0.0,1.035623
ARID5A,0.0,0.0,1.785537,0.0,0.0,0.0,0.0,0.0,0.0,0.0,0.0,0.0,0.0,0.0,0.0,0.9760627,0.0,1.303761,0.0,0.0,0.0,0.0,0.0,0.0,0.0,0.0,0.0,0.0,0.0,0.0,0.0,0.0,0.0,1.87562,0.0,1.071247,0.0,0.8622783,0.0,0.0,0.0,0.0,0.8968225,1.239181,0.0,0.0,0.0,0.0,0.0,1.943172,0.0,1.497077,1.484152,0.0,0.0,0.0,0.0,0.0,0.0
MGEA5,0.0,0.0,0.0,0.0,0.0,0.0,0.0,0.0,0.0,1.369507,1.671759,0.0,0.0,0.0,0.0,0.0,0.0,1.303761,0.0,0.0,0.0,0.0,0.9907276,0.0,0.0,2.348485,0.0,1.869563,1.819584,2.360564,0.0,0.0,0.0,0.0,0.0,0.0,2.70386,1.31831,0.0,0.0,0.0,0.0,0.5457487,0.0,0.0,0.0,0.0,1.456669,0.0,0.0,0.0,0.0,0.0,0.0,0.0,0.0,0.0,0.0,0.0
MRFAP1,0.0,0.0,0.0,0.0,0.0,0.0,0.0,0.0,0.0,0.0,0.0,0.0,0.0,0.0,0.0,0.0,1.446237,0.0,0.0,0.0,0.9311854,0.0,0.0,1.837343,0.0,0.0,0.0,0.0,1.819584,0.0,0.0,0.0,0.0,1.87562,0.0,1.576509,0.0,0.0,0.0,0.0,1.277966,1.454652,0.5457487,1.239181,0.0,0.0,0.0,0.0,1.070995,0.0,0.0,0.0,0.0,0.0,0.0,0.0,0.0,0.0,0.0
LTBP4,0.0,0.0,0.0,0.0,0.0,0.0,0.0,0.0,0.0,0.0,0.0,0.0,0.0,0.0,0.0,0.0,0.0,0.0,0.0,0.0,0.0,0.0,0.0,0.0,0.0,0.0,0.0,0.0,0.0,0.0,0.0,0.0,0.0,0.0,0.0,0.0,0.0,0.0,0.0,0.0,0.0,0.0,0.0,0.0,0.0,0.0,0.0,0.0,0.0,0.0,0.0,0.0,0.0,0.0,0.0,0.0,0.0,0.0,0.0
ASNA1,0.0,0.0,0.0,0.0,0.0,0.0,0.0,0.0,1.911568,0.0,0.0,0.0,0.0,0.0,0.0,0.0,1.15207,0.0,0.0,0.0,0.0,0.0,0.0,0.0,0.0,0.0,0.0,0.0,1.27666,0.0,0.0,1.25312,0.0,0.0,0.0,0.0,0.0,0.0,0.0,0.0,1.277966,1.454652,0.0,0.0,0.0,0.0,0.0,0.0,0.0,0.0,0.0,0.0,0.9953279,0.0,0.0,1.16322,0.0,0.0,0.0
TAF7,0.8827899,0.0,0.0,0.0,0.0,0.0,0.0,0.0,0.0,1.926702,0.0,0.0,0.0,0.0,0.0,0.0,0.0,1.303761,0.0,0.0,0.0,0.0,0.9907276,0.0,0.0,0.0,0.0,0.0,1.27666,0.0,0.0,0.0,1.462248,0.0,0.0,0.0,0.0,0.0,0.0,0.0,1.277966,0.0,0.5457487,0.0,0.0,0.0,0.0,0.0,0.0,0.0,0.0,0.0,0.9953279,0.0,0.0,2.028235,0.0,0.0,0.0
A1BG,0.8827899,1.4192,0.0,0.0,0.0,1.256526,0.0,1.82284,0.0,0.0,0.0,0.0,0.0,0.0,0.0,0.0,0.0,0.0,0.0,0.0,0.0,0.0,0.0,0.0,0.0,0.0,0.0,0.0,0.0,1.757593,0.0,0.0,1.462248,0.0,0.0,1.071247,0.0,0.0,0.0,0.0,0.0,0.0,0.5457487,0.0,0.0,0.9965122,1.932488,1.456669,0.0,0.0,0.0,0.0,0.0,0.0,0.0,0.0,0.0,0.0,0.0
SLIT3,0.0,0.0,0.0,0.0,0.0,0.0,0.0,0.0,0.0,0.0,0.0,0.0,0.0,0.0,0.0,0.0,0.0,0.0,0.0,0.0,0.0,0.0,0.0,0.0,0.0,0.0,0.0,0.0,0.0,0.0,0.0,0.0,0.0,0.0,0.0,0.0,0.0,0.0,0.0,0.0,0.0,0.0,0.0,0.0,0.0,0.0,0.0,0.0,0.0,0.0,0.0,0.0,0.9953279,0.0,0.0,0.0,0.0,0.0,0.0
EIF3G,0.8827899,1.4192,0.0,0.0,1.882513,0.0,0.0,1.82284,1.35631,0.0,0.0,0.0,2.099651,0.0,0.0,0.9760627,0.0,1.303761,0.0,0.0,1.404878,0.0,0.0,0.0,0.0,0.0,0.0,0.0,0.0,1.757593,0.0,0.0,1.462248,0.0,0.0,1.071247,0.0,0.0,0.0,1.430228,1.277966,0.0,1.156158,0.0,0.0,0.0,0.0,1.456669,0.0,0.0,0.0,1.497077,0.0,0.0,0.0,0.0,1.486928,0.0,1.035623
NME3,0.0,0.0,0.0,0.0,0.0,0.0,0.0,0.0,0.0,0.0,0.0,1.489583,0.0,1.261038,0.0,0.0,0.7335058,0.0,0.0,0.0,1.404878,0.0,0.0,0.0,0.0,0.0,0.0,0.0,0.0,0.0,0.0,0.0,0.0,0.0,0.0,0.0,0.0,1.31831,0.0,0.0,0.0,0.0,0.0,0.0,0.0,0.0,0.0,1.456669,1.070995,0.0,0.0,0.0,0.9953279,2.174787,0.0,1.68648,0.0,0.0,0.0
STK38L,0.0,0.0,1.785537,0.0,0.0,0.0,0.0,1.82284,0.0,0.0,0.0,0.0,0.0,0.0,0.0,0.9760627,0.0,0.0,0.0,0.0,0.0,0.0,0.0,0.0,0.0,0.0,0.0,0.0,0.0,0.0,1.505206,0.0,0.0,0.0,0.0,1.071247,0.0,0.0,2.264302,0.0,1.277966,0.0,0.8968225,0.0,0.0,0.0,0.0,0.0,0.0,0.0,0.0,0.0,0.9953279,0.0,0.0,0.0,0.0,0.0,1.035623
TYMP,1.897701,2.341944,0.0,2.247854,1.882513,1.796148,0.0,0.0,2.527916,2.282406,0.0,2.42531,2.729593,0.0,1.671408,0.9760627,2.557696,2.462362,0.0,2.835223,1.967121,0.0,0.0,0.0,0.0,0.0,0.0,1.869563,0.0,0.0,2.443672,2.39835,0.0,0.0,1.91206,2.905324,2.70386,1.630348,1.670007,0.0,2.951013,0.0,1.805219,1.775896,0.0,1.485604,1.932488,1.456669,1.91026,1.943172,3.334038,0.0,3.066533,0.0,3.499789,2.028235,0.0,2.075514,2.31098
SNX17,0.8827899,1.4192,0.0,0.0,0.0,1.256526,0.0,0.0,0.0,0.0,0.0,1.489583,2.099651,1.261038,0.0,0.9760627,1.15207,1.303761,0.0,0.0,0.0,0.0,0.0,0.0,0.0,0.0,0.0,0.0,0.0,0.0,0.0,0.0,0.0,0.0,0.0,1.576509,0.0,0.0,0.0,0.0,0.0,0.0,0.0,0.0,0.0,0.9965122,0.0,0.0,1.070995,0.0,0.0,0.0,1.811045,0.0,0.0,0.0,0.0,0.0,0.0
BHLHE40,0.0,0.0,0.0,2.247854,2.131401,0.0,0.0,0.0,0.0,0.0,1.671759,0.0,0.0,0.0,0.0,0.0,0.0,0.0,1.636206,1.847625,0.9311854,1.906673,0.0,0.0,0.0,0.0,0.0,0.0,0.0,0.0,0.0,1.792176,2.032258,0.0,0.0,0.0,0.0,0.0,1.670007,0.0,0.0,0.0,0.8968225,1.239181,0.0,2.058635,0.0,0.0,1.070995,0.0,0.0,1.497077,0.0,0.0,0.0,0.0,0.0,0.0,0.0
APOLD1,0.0,0.0,0.0,0.0,0.0,0.0,0.0,0.0,0.0,0.0,0.0,1.489583,0.0,0.0,0.0,0.0,0.0,0.0,0.0,0.0,0.0,0.0,0.0,0.0,0.0,0.0,0.0,0.0,0.0,0.0,0.0,0.0,1.462248,0.0,0.0,0.0,0.0,0.0,0.0,0.0,0.0,0.0,0.0,0.0,0.0,0.0,0.0,0.0,0.0,0.0,0.0,0.0,0.0,0.0,0.0,0.0,0.0,0.0,0.0
MT-ND6,0.0,1.98343,0.0,0.0,0.0,0.0,0.0,0.0,1.35631,0.0,1.671759,0.0,0.0,1.801408,0.0,0.9760627,0.7335058,1.303761,0.0,0.0,0.0,0.0,0.0,0.0,0.0,0.0,0.0,0.0,1.27666,2.360564,0.0,0.0,1.462248,0.0,0.0,0.0,0.0,1.31831,0.0,0.0,0.0,2.023663,0.8968225,0.0,0.0,0.0,1.932488,2.025946,1.576204,1.943172,0.0,0.0,1.811045,2.174787,0.0,0.0,0.0,0.0,1.035623
ILF3-AS1,0.0,0.0,0.0,0.0,1.049655,0.0,0.0,0.0,0.0,0.0,0.0,0.0,0.0,0.0,0.0,0.0,0.0,0.0,0.0,0.0,0.9311854,0.0,0.0,0.0,0.0,0.0,0.0,0.0,0.0,0.0,0.0,0.0,0.0,0.0,0.0,0.0,0.0,0.0,0.0,0.0,0.0,0.0,0.0,0.0,0.0,0.9965122,0.0,0.0,0.0,0.0,0.0,0.0,0.0,0.0,0.0,0.0,0.0,0.0,0.0
MYO1B,0.0,0.0,0.0,0.0,0.0,0.0,0.0,0.0,0.0,0.0,0.0,0.0,0.0,0.0,0.0,0.0,0.0,0.0,0.0,0.0,0.0,0.0,0.0,0.0,0.0,2.348485,0.0,0.0,0.0,0.0,0.0,0.0,0.0,0.0,0.0,0.0,0.0,0.0,0.0,0.0,0.0,0.0,0.0,0.0,0.0,0.0,0.0,0.0,0.0,0.0,0.0,0.0,0.0,0.0,0.0,0.0,0.0,0.0,0.0
GNAQ,0.0,1.4192,0.0,0.0,1.550395,1.796148,0.0,1.82284,1.35631,0.0,2.266237,1.489583,0.0,0.0,0.0,0.9760627,0.0,1.303761,0.0,0.0,0.0,1.906673,1.804936,0.0,0.0,0.0,0.0,0.0,1.819584,0.0,0.0,1.25312,0.0,0.0,0.0,1.071247,2.075514,0.0,0.0,0.0,0.0,0.0,1.156158,0.0,1.779777,0.9965122,0.0,0.0,0.0,0.0,1.706304,0.0,0.0,0.0,0.0,1.16322,0.0,1.500587,1.035623
PRR13,1.34424,0.0,0.0,2.617476,0.0,0.0,0.0,0.0,0.0,0.0,1.671759,0.0,2.099651,0.0,0.0,0.9760627,0.0,0.0,0.0,0.0,0.9311854,0.0,0.0,1.837343,0.0,0.0,0.0,0.0,1.819584,1.757593,1.505206,2.140507,1.462248,0.0,0.0,0.0,0.0,1.630348,2.264302,0.0,0.0,0.0,0.8968225,0.0,0.0,0.9965122,0.0,0.0,1.070995,0.0,0.0,0.0,0.0,0.0,0.0,0.0,0.0,0.0,2.112325
ZNHIT1,0.0,1.4192,0.0,0.0,1.550395,0.0,0.0,0.0,0.0,1.926702,1.671759,1.489583,0.0,0.0,1.671408,1.460467,0.7335058,1.303761,0.0,0.0,0.0,0.0,0.9907276,0.0,2.031107,0.0,0.0,2.482481,1.27666,0.0,0.0,1.25312,1.462248,0.0,0.0,0.0,0.0,0.0,0.0,0.0,1.277966,0.0,0.8968225,0.0,0.0,1.812616,0.0,0.0,1.576204,0.0,0.0,0.0,1.484152,0.0,1.518989,0.0,1.486928,0.0,1.035623
GLTSCR2,0.8827899,1.4192,0.0,0.0,2.131401,1.256526,0.0,0.0,1.35631,1.369507,0.0,0.0,2.729593,0.0,0.0,0.0,1.446237,1.303761,0.0,1.847625,1.404878,2.900981,0.0,0.0,0.0,0.0,0.0,1.869563,1.819584,1.757593,0.0,1.25312,0.0,0.0,0.0,0.0,0.0,0.8622783,0.0,0.0,0.0,0.0,0.8968225,0.0,0.0,1.485604,0.0,0.0,0.0,1.943172,1.706304,0.0,0.0,0.0,0.0,0.0,0.0,2.438248,1.035623
YWHAH,0.8827899,1.4192,0.0,1.655119,0.0,1.256526,0.0,1.82284,1.911568,0.0,1.671759,0.0,2.099651,1.261038,0.0,0.9760627,2.267885,0.0,0.0,0.0,0.9311854,0.0,1.478506,0.0,0.0,0.0,0.0,0.0,1.27666,0.0,0.0,1.25312,1.462248,0.0,0.0,1.576509,0.0,1.630348,1.670007,0.0,2.429863,0.0,1.805219,0.0,1.779777,1.485604,0.0,1.456669,0.0,1.943172,0.0,0.0,1.811045,2.174787,0.0,0.0,0.0,0.0,0.0
AP2S1,1.897701,1.98343,0.0,0.0,1.550395,1.256526,0.0,1.82284,1.911568,0.0,2.636523,2.06312,0.0,1.261038,1.671408,2.226776,1.858146,1.303761,0.0,0.0,1.404878,0.0,1.804936,2.447522,3.038195,0.0,0.0,0.0,2.169504,1.757593,2.443672,2.603153,0.0,0.0,0.0,0.0,2.075514,2.480598,2.634519,0.0,0.0,2.384071,1.805219,2.380577,0.0,0.9965122,1.932488,1.456669,1.91026,2.941412,0.0,0.0,0.9953279,0.0,0.0,1.16322,2.060127,2.075514,2.618711
SEC61B,1.897701,0.0,1.785537,1.655119,0.0,0.0,2.161078,1.82284,0.0,0.0,0.0,0.0,0.0,0.0,0.0,1.785399,1.673252,1.85101,0.0,0.0,1.404878,2.522629,0.0,1.837343,0.0,0.0,0.0,1.869563,1.27666,1.757593,0.0,2.140507,1.462248,0.0,1.91206,0.0,0.0,0.8622783,0.0,1.430228,1.277966,0.0,0.8968225,1.239181,0.0,1.485604,0.0,0.0,1.070995,1.943172,0.0,0.0,0.0,0.0,0.0,2.282472,0.0,2.075514,1.035623
RCAN1,0.0,0.0,0.0,0.0,0.0,0.0,0.0,0.0,0.0,1.369507,0.0,1.489583,0.0,0.0,0.0,0.0,0.7335058,0.0,0.0,0.0,0.0,0.0,0.0,1.837343,0.0,0.0,0.0,0.0,1.27666,0.0,0.0,0.0,1.462248,0.0,0.0,1.576509,0.0,0.0,0.0,0.0,0.0,0.0,0.0,0.0,0.0,0.0,0.0,0.0,0.0,0.0,0.0,0.0,0.0,0.0,0.0,0.0,0.0,1.500587,0.0
FRMD4A,0.0,0.0,0.0,0.0,0.0,1.256526,0.0,0.0,0.0,1.926702,0.0,0.0,0.0,1.261038,0.0,0.0,0.0,1.303761,0.0,0.0,0.0,0.0,0.0,0.0,0.0,0.0,0.0,0.0,0.0,0.0,0.0,0.0,1.462248,0.0,0.0,0.0,0.0,0.8622783,0.0,0.0,0.0,0.0,0.5457487,0.0,0.0,0.0,0.0,0.0,1.070995,0.0,0.0,0.0,0.9953279,0.0,2.096202,0.0,2.060127,0.0,0.0
VOPP1,0.0,0.0,0.0,1.655119,0.0,0.0,0.0,0.0,0.0,0.0,0.0,1.489583,0.0,0.0,0.0,0.0,1.446237,0.0,0.0,0.0,0.0,0.0,0.0,0.0,2.031107,0.0,0.0,0.0,0.0,0.0,1.505206,0.0,0.0,0.0,0.0,0.0,0.0,0.0,0.0,1.430228,0.0,0.0,0.0,0.0,0.0,0.0,0.0,1.456669,1.576204,0.0,0.0,0.0,0.0,0.0,0.0,0.0,0.0,0.0,0.0
RSRC1,1.897701,0.0,0.0,0.0,0.0,0.0,0.0,1.82284,0.0,0.0,0.0,0.0,0.0,0.0,0.0,0.9760627,0.0,0.0,0.0,0.0,0.0,1.906673,0.0,0.0,0.0,0.0,0.0,0.0,1.27666,0.0,0.0,0.0,0.0,0.0,0.0,0.0,2.075514,0.0,0.0,0.0,0.0,0.0,0.8968225,0.0,0.0,0.0,0.0,0.0,0.0,0.0,0.0,0.0,0.0,0.0,0.0,0.0,0.0,0.0,0.0
H2AFZ,0.8827899,1.4192,1.785537,0.0,1.049655,2.402682,2.161078,0.0,0.0,0.0,1.671759,1.489583,2.099651,0.0,0.0,0.0,1.673252,1.85101,0.0,1.847625,0.0,2.522629,0.0,1.837343,2.031107,0.0,0.0,2.482481,0.0,1.757593,0.0,1.25312,2.032258,1.87562,0.0,0.0,0.0,2.775962,0.0,0.0,2.171108,0.0,2.273239,2.585048,2.384817,1.485604,1.932488,0.0,1.91026,0.0,0.0,1.497077,0.0,0.0,0.0,1.16322,0.0,0.0,1.53336
FNBP1,0.0,0.0,0.0,0.0,1.049655,0.0,2.794899,0.0,0.0,1.369507,1.671759,0.0,0.0,0.0,0.0,0.0,1.15207,2.462362,0.0,0.0,0.0,0.0,1.478506,1.837343,0.0,0.0,2.250889,1.869563,1.27666,0.0,1.505206,1.792176,0.0,0.0,1.91206,1.071247,0.0,0.0,0.0,0.0,1.277966,0.0,0.5457487,0.0,0.0,0.9965122,0.0,1.456669,0.0,0.0,0.0,0.0,0.0,0.0,0.0,0.0,0.0,0.0,0.0
TMEM123,0.0,1.4192,0.0,0.0,0.0,0.0,0.0,1.82284,1.35631,1.926702,0.0,1.489583,0.0,0.0,1.671408,0.9760627,0.7335058,1.303761,0.0,0.0,1.404878,0.0,1.478506,0.0,0.0,0.0,0.0,1.869563,0.0,0.0,0.0,0.0,2.032258,0.0,0.0,0.0,0.0,0.8622783,0.0,0.0,1.277966,1.454652,0.0,0.0,1.779777,1.485604,0.0,0.0,0.0,1.943172,0.0,0.0,0.9953279,2.174787,0.0,1.16322,0.0,0.0,0.0
SEC14L1,0.0,0.0,0.0,0.0,0.0,0.0,0.0,0.0,0.0,0.0,1.671759,0.0,0.0,1.261038,0.0,0.0,0.0,0.0,0.0,0.0,0.9311854,0.0,0.0,0.0,0.0,0.0,0.0,1.869563,1.27666,0.0,0.0,0.0,0.0,0.0,1.91206,0.0,0.0,1.31831,0.0,0.0,1.821102,0.0,0.8968225,0.0,0.0,0.9965122,0.0,0.0,0.0,0.0,1.706304,0.0,0.9953279,0.0,0.0,0.0,1.486928,1.500587,0.0
TMEM256,0.8827899,0.0,0.0,0.0,1.049655,1.256526,0.0,1.82284,0.0,1.369507,1.671759,1.489583,0.0,0.0,0.0,1.460467,1.15207,1.303761,0.0,0.0,0.0,2.522629,0.0,0.0,0.0,0.0,0.0,0.0,1.27666,1.757593,0.0,0.0,0.0,1.87562,0.0,1.576509,0.0,0.8622783,0.0,1.995965,1.277966,0.0,0.5457487,1.239181,0.0,0.0,1.932488,0.0,0.0,0.0,1.706304,1.497077,0.9953279,0.0,1.518989,1.16322,0.0,2.075514,1.53336
PLS3,0.0,0.0,0.0,0.0,0.0,0.0,0.0,0.0,0.0,0.0,0.0,0.0,0.0,0.0,0.0,0.0,0.0,0.0,0.0,0.0,0.0,0.0,0.0,0.0,0.0,0.0,0.0,0.0,0.0,0.0,0.0,0.0,0.0,0.0,0.0,0.0,0.0,0.0,0.0,0.0,0.0,0.0,0.0,0.0,0.0,0.0,0.0,0.0,0.0,0.0,0.0,0.0,0.0,0.0,0.0,0.0,0.0,0.0,0.0
UGCG,0.0,0.0,0.0,0.0,0.0,0.0,0.0,0.0,0.0,0.0,0.0,0.0,0.0,0.0,0.0,0.0,0.0,0.0,0.0,0.0,0.9311854,0.0,0.9907276,0.0,0.0,0.0,0.0,0.0,1.819584,0.0,0.0,0.0,0.0,0.0,0.0,1.071247,0.0,0.0,0.0,0.0,0.0,0.0,2.019307,0.0,0.0,0.0,0.0,0.0,0.0,0.0,0.0,0.0,0.9953279,0.0,1.518989,0.0,0.0,0.0,0.0
KLC1,0.0,0.0,0.0,0.0,0.0,0.0,0.0,0.0,0.0,0.0,0.0,0.0,0.0,0.0,0.0,0.0,0.0,0.0,0.0,0.0,0.0,0.0,0.0,0.0,0.0,0.0,0.0,0.0,0.0,0.0,0.0,0.0,0.0,1.87562,0.0,0.0,0.0,0.0,0.0,0.0,0.0,0.0,0.0,0.0,0.0,0.0,0.0,0.0,0.0,0.0,0.0,1.497077,0.0,0.0,0.0,0.0,0.0,0.0,0.0
PSMC3,0.8827899,0.0,0.0,0.0,0.0,0.0,0.0,0.0,0.0,0.0,0.0,0.0,0.0,0.0,0.0,0.9760627,1.15207,0.0,0.0,0.0,0.9311854,0.0,0.0,0.0,0.0,0.0,0.0,0.0,1.27666,0.0,0.0,1.25312,0.0,0.0,0.0,1.576509,0.0,0.0,0.0,1.430228,1.277966,1.454652,0.5457487,0.0,0.0,0.9965122,0.0,0.0,1.576204,0.0,0.0,0.0,0.0,0.0,0.0,0.0,1.486928,0.0,0.0
GPR183,0.0,0.0,0.0,2.247854,2.973827,2.402682,0.0,1.82284,0.0,0.0,2.636523,2.900115,0.0,0.0,0.0,0.9760627,1.446237,1.303761,0.0,0.0,2.795765,2.900981,1.804936,0.0,2.031107,0.0,0.0,0.0,0.0,0.0,1.505206,0.0,0.0,0.0,3.572404,0.0,0.0,0.8622783,0.0,0.0,3.807077,0.0,2.273239,0.0,0.0,1.812616,2.550488,2.386459,1.070995,2.941412,0.0,0.0,0.0,0.0,0.0,2.797375,2.060127,2.438248,0.0
PPP1CB,0.8827899,0.0,1.785537,1.655119,1.550395,0.0,0.0,1.82284,0.0,0.0,1.671759,0.0,0.0,0.0,0.0,0.0,0.7335058,0.0,0.0,0.0,0.9311854,1.906673,0.0,0.0,0.0,0.0,2.250889,0.0,1.27666,0.0,1.505206,1.792176,1.462248,0.0,0.0,0.0,2.075514,0.0,0.0,0.0,1.277966,0.0,0.8968225,2.123261,0.0,0.9965122,0.0,0.0,0.0,0.0,0.0,0.0,1.811045,2.174787,0.0,0.0,0.0,0.0,1.53336
SEPT2,0.0,1.4192,0.0,1.655119,0.0,0.0,0.0,0.0,0.0,0.0,0.0,0.0,2.099651,1.261038,0.0,0.0,0.0,0.0,0.0,0.0,0.0,0.0,0.0,0.0,0.0,0.0,0.0,1.869563,0.0,0.0,0.0,0.0,0.0,1.87562,0.0,1.071247,0.0,0.8622783,0.0,0.0,0.0,0.0,0.8968225,0.0,0.0,0.0,0.0,0.0,1.576204,0.0,0.0,0.0,0.0,0.0,0.0,0.0,0.0,1.500587,1.53336
PPP1R2,0.0,0.0,1.785537,1.655119,0.0,0.0,0.0,0.0,0.0,0.0,1.671759,0.0,0.0,0.0,0.0,1.460467,0.7335058,0.0,0.0,0.0,0.0,0.0,0.0,0.0,0.0,0.0,0.0,0.0,1.27666,1.757593,0.0,0.0,0.0,0.0,0.0,1.576509,0.0,0.0,0.0,0.0,0.0,0.0,0.5457487,0.0,0.0,0.9965122,0.0,0.0,0.0,1.943172,0.0,1.497077,0.9953279,0.0,0.0,1.16322,0.0,1.500587,1.035623
LHFP,0.0,0.0,0.0,0.0,0.0,0.0,0.0,0.0,0.0,0.0,0.0,0.0,2.099651,0.0,0.0,0.0,0.0,0.0,0.0,0.0,0.0,0.0,0.0,0.0,0.0,0.0,0.0,0.0,0.0,0.0,0.0,0.0,0.0,0.0,0.0,0.0,0.0,0.0,0.0,0.0,0.0,0.0,0.0,0.0,0.0,0.0,0.0,0.0,0.0,0.0,0.0,0.0,0.0,0.0,0.0,0.0,0.0,0.0,0.0
RPL13A,3.164722,4.201854,3.821332,3.947475,4.437342,4.030522,3.851911,2.807488,3.571844,3.667001,3.967614,4.193732,4.617953,4.036713,3.292792,3.74596,3.071071,3.652312,3.528863,3.322287,4.314828,3.566258,3.206994,1.837343,3.529666,4.561187,3.276712,2.482481,4.012368,3.984959,3.840872,3.651145,3.786538,3.139809,3.722534,3.456452,0.0,2.686861,4.728425,3.667549,3.684871,2.023663,3.187542,4.243884,3.244258,4.049887,4.189252,3.421809,2.793998,2.562001,4.352155,3.752401,2.893484,4.463646,2.725918,3.703866,3.069954,3.671925,3.570106
CYCS,0.8827899,0.0,0.0,1.655119,0.0,0.0,2.161078,0.0,0.0,0.0,0.0,1.489583,2.729593,1.261038,0.0,1.785399,1.446237,0.0,1.636206,0.0,0.9311854,0.0,0.0,0.0,0.0,2.348485,0.0,0.0,0.0,0.0,0.0,2.140507,0.0,1.87562,0.0,1.071247,0.0,2.220431,1.670007,1.995965,1.277966,1.454652,1.156158,1.775896,1.779777,0.0,0.0,0.0,2.360043,0.0,1.706304,1.497077,0.0,0.0,1.518989,1.68648,0.0,0.0,1.035623
BAD,0.0,0.0,0.0,0.0,0.0,0.0,0.0,0.0,1.35631,0.0,0.0,0.0,0.0,0.0,0.0,0.9760627,0.0,0.0,0.0,0.0,0.0,0.0,0.9907276,0.0,0.0,0.0,0.0,0.0,0.0,0.0,0.0,0.0,0.0,1.87562,0.0,0.0,0.0,0.0,0.0,0.0,0.0,0.0,0.5457487,0.0,0.0,0.0,0.0,0.0,0.0,0.0,0.0,0.0,0.9953279,0.0,0.0,0.0,0.0,0.0,0.0
CYBRD1,0.8827899,1.4192,0.0,0.0,0.0,1.256526,0.0,0.0,0.0,1.369507,0.0,0.0,0.0,0.0,0.0,0.0,0.0,1.303761,0.0,0.0,0.0,0.0,0.0,0.0,0.0,0.0,0.0,0.0,0.0,0.0,0.0,0.0,0.0,0.0,2.528447,0.0,0.0,0.0,0.0,0.0,0.0,0.0,0.5457487,0.0,0.0,0.0,1.932488,0.0,0.0,0.0,0.0,0.0,0.0,0.0,1.518989,0.0,0.0,0.0,0.0
NTMT1,0.0,0.0,0.0,0.0,0.0,0.0,0.0,0.0,1.35631,1.369507,0.0,0.0,0.0,0.0,0.0,0.0,0.0,0.0,0.0,0.0,0.0,0.0,0.9907276,0.0,0.0,0.0,0.0,0.0,0.0,0.0,1.505206,0.0,0.0,0.0,0.0,0.0,0.0,0.0,0.0,0.0,0.0,0.0,0.5457487,0.0,0.0,0.0,0.0,0.0,0.0,0.0,0.0,0.0,0.0,2.174787,0.0,0.0,0.0,0.0,0.0
PHF3,0.0,0.0,0.0,0.0,0.0,0.0,0.0,0.0,0.0,1.369507,0.0,0.0,0.0,0.0,0.0,0.9760627,0.0,1.303761,0.0,0.0,0.0,0.0,0.0,0.0,0.0,0.0,0.0,0.0,1.27666,0.0,0.0,0.0,1.462248,0.0,0.0,0.0,0.0,0.0,0.0,0.0,0.0,0.0,0.0,0.0,0.0,0.0,1.932488,0.0,0.0,0.0,0.0,0.0,0.0,0.0,0.0,0.0,0.0,0.0,1.035623
SFRP2,0.0,0.0,0.0,0.0,0.0,0.0,0.0,0.0,0.0,0.0,0.0,0.0,2.099651,0.0,0.0,0.0,0.0,0.0,0.0,0.0,0.0,0.0,0.0,0.0,0.0,0.0,0.0,0.0,0.0,0.0,0.0,0.0,0.0,0.0,0.0,0.0,0.0,0.0,0.0,0.0,0.0,0.0,0.0,0.0,0.0,0.0,0.0,0.0,0.0,0.0,0.0,0.0,0.0,0.0,0.0,0.0,0.0,0.0,0.0
NR4A1,0.0,0.0,2.765585,1.655119,0.0,0.0,2.161078,0.0,0.0,0.0,0.0,0.0,0.0,0.0,0.0,0.0,0.0,0.0,0.0,0.0,0.9311854,3.174825,1.478506,1.837343,0.0,0.0,2.889947,2.482481,0.0,0.0,0.0,1.25312,0.0,0.0,2.528447,0.0,0.0,0.0,0.0,0.0,2.171108,1.454652,0.0,1.239181,0.0,0.9965122,0.0,1.456669,0.0,2.562001,1.706304,0.0,0.0,0.0,0.0,1.16322,0.0,0.0,0.0
EEA1,0.0,0.0,0.0,0.0,0.0,0.0,0.0,0.0,1.35631,0.0,0.0,0.0,0.0,0.0,0.0,0.0,0.0,0.0,0.0,0.0,0.0,1.906673,0.9907276,0.0,0.0,0.0,0.0,0.0,0.0,0.0,0.0,0.0,0.0,0.0,0.0,0.0,0.0,0.0,0.0,0.0,0.0,0.0,0.0,0.0,0.0,0.9965122,0.0,0.0,1.070995,0.0,0.0,0.0,0.0,0.0,0.0,0.0,0.0,0.0,1.035623
AXL,0.0,0.0,0.0,0.0,1.049655,1.256526,0.0,0.0,1.35631,0.0,0.0,0.0,0.0,0.0,0.0,0.9760627,0.7335058,1.85101,0.0,0.0,0.0,0.0,0.9907276,0.0,0.0,0.0,0.0,0.0,0.0,0.0,1.505206,0.0,0.0,0.0,0.0,0.0,0.0,0.0,0.0,1.430228,0.0,0.0,0.0,0.0,0.0,2.420626,0.0,0.0,1.070995,0.0,0.0,0.0,0.0,0.0,1.518989,0.0,1.486928,0.0,0.0
FKBP9,0.0,0.0,0.0,0.0,0.0,0.0,0.0,0.0,0.0,0.0,0.0,0.0,0.0,0.0,0.0,0.0,0.0,0.0,0.0,0.0,0.0,0.0,0.0,0.0,0.0,0.0,0.0,0.0,0.0,1.757593,0.0,0.0,0.0,0.0,0.0,0.0,0.0,0.0,0.0,0.0,0.0,0.0,0.0,0.0,0.0,0.0,0.0,0.0,0.0,0.0,0.0,0.0,0.0,0.0,0.0,0.0,0.0,0.0,0.0
MRPS5,0.0,0.0,0.0,0.0,0.0,0.0,0.0,0.0,0.0,1.369507,0.0,0.0,0.0,0.0,0.0,0.9760627,0.0,0.0,0.0,0.0,0.0,0.0,0.0,0.0,0.0,0.0,0.0,0.0,0.0,0.0,0.0,0.0,0.0,0.0,0.0,0.0,0.0,0.0,0.0,1.430228,0.0,0.0,0.0,0.0,0.0,0.0,0.0,0.0,0.0,0.0,0.0,0.0,0.0,0.0,0.0,0.0,0.0,0.0,0.0
CLMP,0.0,0.0,0.0,0.0,0.0,0.0,0.0,0.0,0.0,0.0,0.0,0.0,0.0,0.0,0.0,0.0,0.0,0.0,0.0,0.0,0.0,0.0,0.0,0.0,0.0,0.0,0.0,0.0,0.0,0.0,0.0,0.0,0.0,0.0,0.0,0.0,0.0,0.0,0.0,0.0,0.0,0.0,0.0,0.0,0.0,0.0,0.0,0.0,0.0,0.0,0.0,0.0,0.0,0.0,0.0,0.0,0.0,0.0,0.0
FOXO3,0.0,0.0,1.785537,0.0,1.882513,1.796148,0.0,0.0,1.35631,0.0,1.671759,2.06312,0.0,0.0,0.0,0.0,0.0,0.0,0.0,0.0,0.9311854,0.0,0.0,1.837343,2.031107,0.0,0.0,0.0,2.169504,0.0,0.0,0.0,0.0,0.0,0.0,0.0,0.0,0.8622783,0.0,0.0,0.0,0.0,0.0,0.0,0.0,0.0,0.0,0.0,0.0,0.0,0.0,0.0,0.0,2.174787,0.0,0.0,0.0,0.0,0.0
PTTG1IP,1.658781,0.0,0.0,0.0,0.0,1.256526,0.0,0.0,0.0,0.0,0.0,0.0,2.099651,0.0,0.0,0.0,1.446237,1.303761,0.0,0.0,0.0,0.0,0.9907276,0.0,0.0,0.0,2.250889,1.869563,0.0,0.0,0.0,0.0,1.462248,0.0,1.91206,0.0,0.0,1.630348,0.0,0.0,0.0,0.0,0.8968225,0.0,0.0,0.0,0.0,1.456669,1.070995,0.0,0.0,0.0,0.0,0.0,1.518989,1.16322,1.486928,0.0,1.86417
NEDD8,1.34424,1.4192,0.0,0.0,0.0,1.256526,0.0,1.82284,1.35631,1.369507,2.266237,1.489583,0.0,1.261038,0.0,2.226776,1.858146,1.85101,0.0,0.0,0.0,1.906673,0.0,0.0,0.0,0.0,0.0,0.0,1.819584,0.0,2.443672,1.792176,2.032258,1.87562,0.0,0.0,0.0,1.31831,1.670007,2.355078,1.277966,1.454652,1.678106,0.0,0.0,1.485604,0.0,0.0,1.070995,0.0,0.0,0.0,1.811045,0.0,0.0,2.028235,1.486928,1.500587,0.0
TSPAN31,0.0,0.0,0.0,0.0,0.0,0.0,0.0,0.0,0.0,0.0,0.0,0.0,0.0,0.0,0.0,0.0,0.0,0.0,0.0,0.0,0.0,0.0,0.0,0.0,0.0,0.0,0.0,0.0,0.0,0.0,0.0,0.0,0.0,0.0,0.0,0.0,0.0,0.0,0.0,0.0,0.0,0.0,0.0,0.0,0.0,0.0,0.0,0.0,0.0,0.0,0.0,0.0,0.0,0.0,0.0,0.0,0.0,0.0,0.0
CAMLG,1.34424,0.0,1.785537,0.0,1.049655,0.0,0.0,0.0,0.0,1.369507,0.0,0.0,0.0,1.801408,0.0,0.0,0.0,0.0,1.636206,0.0,0.0,0.0,0.0,0.0,0.0,0.0,0.0,0.0,0.0,0.0,0.0,1.25312,2.032258,0.0,0.0,0.0,0.0,0.8622783,0.0,0.0,0.0,0.0,0.0,0.0,0.0,0.0,1.932488,0.0,1.070995,0.0,0.0,0.0,0.9953279,0.0,0.0,1.68648,0.0,0.0,0.0
WBSCR22,0.0,0.0,0.0,0.0,0.0,0.0,0.0,0.0,0.0,0.0,0.0,0.0,0.0,0.0,0.0,0.0,0.0,0.0,0.0,0.0,0.0,0.0,0.0,0.0,0.0,0.0,0.0,0.0,1.27666,0.0,0.0,0.0,0.0,0.0,0.0,0.0,0.0,0.0,0.0,0.0,0.0,0.0,0.0,0.0,0.0,0.9965122,0.0,0.0,0.0,0.0,0.0,0.0,0.0,0.0,0.0,0.0,1.486928,0.0,1.035623
ARL6IP5,0.0,1.4192,0.0,0.0,2.131401,1.256526,0.0,0.0,0.0,0.0,1.671759,0.0,2.729593,1.801408,0.0,2.030244,2.014131,2.462362,0.0,0.0,1.725004,1.906673,1.478506,0.0,0.0,0.0,0.0,0.0,0.0,0.0,1.505206,2.140507,2.032258,0.0,0.0,0.0,0.0,0.8622783,0.0,0.0,1.821102,0.0,1.156158,0.0,0.0,0.9965122,2.550488,0.0,1.91026,0.0,0.0,0.0,0.0,0.0,0.0,1.68648,2.060127,1.500587,0.0
C19orf43,0.8827899,1.4192,0.0,0.0,1.049655,1.256526,0.0,0.0,1.911568,0.0,1.671759,0.0,0.0,1.261038,0.0,0.9760627,1.858146,1.303761,0.0,0.0,0.0,0.0,0.0,0.0,2.031107,0.0,0.0,1.869563,1.27666,0.0,0.0,1.25312,0.0,0.0,0.0,1.071247,0.0,0.0,1.670007,1.430228,0.0,0.0,1.156158,0.0,0.0,1.485604,0.0,0.0,1.576204,0.0,0.0,0.0,0.9953279,0.0,2.096202,1.16322,0.0,0.0,1.035623
DDB1,0.0,0.0,0.0,0.0,0.0,1.256526,0.0,0.0,0.0,0.0,0.0,0.0,0.0,0.0,1.671408,0.0,0.0,0.0,0.0,0.0,0.0,0.0,0.0,0.0,0.0,0.0,0.0,0.0,0.0,0.0,0.0,1.25312,0.0,0.0,0.0,0.0,0.0,0.0,0.0,1.430228,0.0,0.0,0.5457487,0.0,0.0,0.0,0.0,0.0,0.0,0.0,0.0,0.0,0.0,0.0,1.518989,0.0,0.0,0.0,0.0
RPL17,0.0,2.341944,0.0,1.655119,1.882513,1.256526,2.161078,0.0,1.911568,1.926702,0.0,0.0,0.0,0.0,1.671408,0.0,0.7335058,0.0,0.0,0.0,1.404878,1.906673,1.804936,0.0,2.031107,0.0,2.250889,0.0,1.27666,0.0,0.0,0.0,2.393061,0.0,1.91206,1.576509,0.0,0.0,2.634519,1.430228,1.277966,0.0,1.532449,1.239181,1.779777,0.0,1.932488,1.456669,0.0,0.0,1.706304,1.497077,0.9953279,2.174787,1.518989,1.16322,1.486928,1.500587,1.035623
HYAL2,0.0,0.0,0.0,0.0,0.0,0.0,0.0,0.0,0.0,0.0,0.0,0.0,0.0,0.0,0.0,0.0,0.0,0.0,0.0,0.0,0.0,0.0,0.0,0.0,0.0,0.0,0.0,0.0,1.27666,0.0,0.0,0.0,0.0,0.0,0.0,0.0,0.0,0.0,0.0,0.0,0.0,0.0,0.0,0.0,0.0,0.0,0.0,0.0,0.0,0.0,0.0,0.0,0.0,0.0,0.0,0.0,0.0,0.0,0.0
ARL6IP1,1.34424,1.98343,0.0,0.0,1.049655,1.796148,2.161078,0.0,1.35631,0.0,0.0,0.0,2.099651,1.801408,0.0,1.785399,1.673252,0.0,0.0,0.0,1.404878,0.0,2.412261,2.447522,0.0,0.0,0.0,0.0,1.27666,0.0,2.080711,0.0,0.0,2.489042,0.0,1.071247,0.0,2.220431,0.0,1.430228,1.277966,2.023663,0.5457487,1.239181,0.0,0.0,0.0,2.025946,1.070995,0.0,0.0,1.497077,1.484152,0.0,2.096202,0.0,2.060127,1.500587,0.0
NOL7,0.8827899,0.0,0.0,0.0,0.0,0.0,0.0,0.0,0.0,1.369507,0.0,0.0,0.0,0.0,0.0,0.0,0.0,0.0,0.0,0.0,0.0,0.0,0.0,0.0,2.031107,0.0,0.0,0.0,0.0,0.0,0.0,0.0,0.0,0.0,0.0,0.0,0.0,0.0,0.0,0.0,0.0,0.0,0.5457487,0.0,0.0,1.485604,0.0,0.0,1.070995,0.0,0.0,0.0,0.0,0.0,0.0,1.16322,0.0,0.0,1.035623
ILK,0.0,0.0,0.0,0.0,1.049655,0.0,0.0,1.82284,0.0,0.0,0.0,0.0,0.0,0.0,0.0,0.9760627,0.0,0.0,0.0,0.0,0.0,0.0,0.0,0.0,0.0,0.0,0.0,0.0,1.27666,1.757593,0.0,1.25312,0.0,0.0,0.0,1.071247,0.0,0.0,0.0,0.0,0.0,0.0,0.5457487,0.0,0.0,0.0,0.0,0.0,1.070995,0.0,0.0,0.0,0.0,0.0,0.0,1.16322,0.0,0.0,0.0
DNAJC4,0.0,0.0,0.0,0.0,0.0,0.0,0.0,0.0,0.0,0.0,0.0,0.0,0.0,0.0,0.0,0.9760627,0.0,0.0,0.0,0.0,0.0,0.0,0.0,0.0,0.0,0.0,0.0,0.0,0.0,1.757593,0.0,0.0,0.0,0.0,0.0,0.0,0.0,0.0,0.0,0.0,0.0,0.0,0.5457487,0.0,0.0,0.9965122,0.0,1.456669,0.0,0.0,0.0,0.0,1.811045,0.0,0.0,0.0,1.486928,0.0,0.0
CLTC,0.8827899,0.0,0.0,0.0,0.0,1.256526,0.0,0.0,0.0,0.0,0.0,0.0,0.0,0.0,1.671408,0.9760627,0.7335058,0.0,0.0,0.0,0.0,0.0,0.0,0.0,0.0,0.0,0.0,0.0,1.27666,0.0,1.505206,0.0,0.0,1.87562,0.0,1.071247,0.0,1.867825,1.670007,0.0,0.0,0.0,1.156158,1.239181,0.0,0.0,1.932488,1.456669,0.0,0.0,0.0,0.0,0.0,0.0,0.0,1.16322,0.0,0.0,1.53336
ATP6V1G1,0.8827899,1.4192,0.0,2.617476,0.0,1.256526,2.161078,0.0,2.527916,0.0,1.671759,2.06312,2.729593,1.261038,1.671408,1.785399,1.446237,2.462362,1.636206,0.0,1.404878,1.906673,2.050627,0.0,2.031107,0.0,0.0,0.0,1.819584,1.757593,2.080711,1.25312,2.657641,2.489042,0.0,2.36039,0.0,1.867825,0.0,2.355078,1.821102,0.0,2.111304,1.239181,2.759099,2.420626,0.0,1.456669,0.0,2.562001,1.706304,2.434124,1.484152,0.0,0.0,1.68648,2.687435,1.500587,2.476636
TUBB,0.0,0.0,1.785537,0.0,0.0,2.144712,0.0,0.0,1.35631,0.0,0.0,0.0,0.0,1.261038,0.0,0.9760627,1.858146,2.668312,0.0,0.0,0.0,0.0,0.9907276,0.0,0.0,0.0,2.250889,0.0,0.0,0.0,1.505206,0.0,0.0,0.0,0.0,2.526856,0.0,1.630348,0.0,1.430228,1.277966,0.0,1.532449,0.0,0.0,0.0,0.0,1.456669,2.669169,0.0,0.0,2.071563,2.056997,0.0,0.0,0.0,2.422185,1.500587,1.53336
SSBP3,0.0,0.0,0.0,0.0,0.0,0.0,0.0,0.0,0.0,0.0,0.0,0.0,0.0,0.0,0.0,0.0,0.0,0.0,0.0,0.0,0.0,0.0,0.0,0.0,0.0,0.0,0.0,0.0,0.0,0.0,0.0,1.25312022618914,0.0,0.0,0.0,0.0,0.0,0.0,0.0,1.43022756802944,0.0,0.0,0.0,0.0,0.0,0.0,0.0,0.0,0.0,1.94317229655797,0.0,0.0,0.0,0.0,0.0,0.0,0.0,0.0,0.0
CLEC11A,0.0,0.0,0.0,0.0,0.0,0.0,0.0,0.0,1.35631,0.0,0.0,0.0,0.0,0.0,0.0,0.0,0.0,0.0,0.0,0.0,0.0,0.0,0.0,0.0,0.0,0.0,0.0,0.0,0.0,0.0,1.505206,0.0,0.0,0.0,0.0,0.0,0.0,0.0,0.0,0.0,0.0,1.454652,0.0,0.0,0.0,0.0,0.0,1.456669,0.0,0.0,0.0,0.0,0.0,0.0,0.0,0.0,1.486928,1.500587,0.0
NDUFC1,0.0,1.4192,0.0,1.655119,0.0,0.0,0.0,1.82284,0.0,0.0,0.0,1.489583,0.0,1.801408,0.0,0.0,1.15207,0.0,0.0,0.0,0.0,1.906673,0.9907276,0.0,2.031107,0.0,0.0,0.0,1.27666,0.0,0.0,1.25312,2.032258,0.0,0.0,1.071247,0.0,0.8622783,0.0,0.0,0.0,0.0,0.0,0.0,0.0,0.0,1.932488,0.0,0.0,0.0,0.0,0.0,0.9953279,0.0,1.518989,0.0,0.0,0.0,1.53336
PARL,0.0,0.0,0.0,0.0,0.0,1.796148,0.0,0.0,0.0,0.0,0.0,0.0,0.0,0.0,0.0,0.0,1.15207,0.0,0.0,0.0,0.0,1.906673,0.0,0.0,0.0,0.0,0.0,0.0,0.0,0.0,1.505206,0.0,0.0,0.0,0.0,1.576509,0.0,0.0,0.0,0.0,0.0,1.454652,0.0,0.0,0.0,0.9965122,1.932488,1.456669,0.0,0.0,0.0,0.0,0.0,0.0,0.0,1.68648,0.0,1.500587,0.0
PCM1,0.8827899,0.0,0.0,0.0,0.0,1.256526,0.0,0.0,0.0,0.0,0.0,0.0,0.0,0.0,0.0,0.0,0.0,0.0,0.0,0.0,0.0,0.0,0.0,0.0,0.0,0.0,0.0,0.0,0.0,0.0,0.0,1.25312,0.0,0.0,0.0,0.0,0.0,0.0,0.0,0.0,0.0,0.0,0.8968225,0.0,0.0,0.0,0.0,0.0,0.0,0.0,0.0,0.0,0.9953279,0.0,0.0,0.0,0.0,0.0,0.0
MYO9A,0.0,0.0,0.0,0.0,0.0,0.0,0.0,0.0,0.0,0.0,0.0,0.0,0.0,1.261038,0.0,0.0,0.7335058,0.0,0.0,0.0,0.0,0.0,0.0,0.0,0.0,0.0,0.0,0.0,0.0,0.0,0.0,1.25312,0.0,0.0,0.0,0.0,0.0,0.0,0.0,0.0,0.0,0.0,0.0,0.0,0.0,0.0,0.0,0.0,0.0,0.0,0.0,0.0,0.9953279,0.0,0.0,0.0,0.0,0.0,1.035623
MAP3K7,0.0,0.0,0.0,0.0,0.0,0.0,0.0,0.0,0.0,1.369507,0.0,0.0,0.0,0.0,0.0,0.0,0.7335058,1.303761,0.0,0.0,0.0,0.0,0.0,0.0,0.0,0.0,0.0,0.0,0.0,0.0,0.0,1.25312,0.0,0.0,1.91206,0.0,0.0,0.0,0.0,0.0,0.0,0.0,0.0,0.0,0.0,0.0,0.0,0.0,0.0,0.0,0.0,0.0,0.0,0.0,0.0,0.0,0.0,0.0,0.0
FUS,1.897701,0.0,0.0,0.0,1.049655,0.0,0.0,1.82284,0.0,1.369507,1.671759,0.0,0.0,0.0,0.0,0.0,0.0,1.303761,0.0,0.0,1.404878,1.906673,0.9907276,0.0,2.031107,0.0,2.250889,1.869563,1.27666,0.0,2.080711,0.0,0.0,1.87562,0.0,1.071247,0.0,0.0,1.670007,0.0,0.0,0.0,1.361899,1.239181,1.779777,0.0,0.0,2.025946,0.0,0.0,0.0,0.0,0.0,0.0,1.518989,0.0,0.0,1.500587,1.035623
GTF2A2,0.0,1.4192,0.0,0.0,0.0,0.0,2.161078,0.0,0.0,0.0,0.0,1.489583,0.0,1.261038,0.0,0.0,0.0,1.303761,0.0,0.0,0.9311854,0.0,0.9907276,0.0,0.0,0.0,0.0,0.0,1.27666,1.757593,0.0,0.0,1.462248,1.87562,0.0,0.0,0.0,0.8622783,0.0,0.0,0.0,0.0,0.8968225,0.0,0.0,0.0,0.0,0.0,0.0,0.0,0.0,0.0,0.0,0.0,0.0,0.0,0.0,0.0,1.035623
FAM198B,1.658781,0.0,0.0,0.0,0.0,0.0,0.0,0.0,0.0,1.369507,1.671759,0.0,0.0,1.261038,0.0,0.9760627,1.15207,0.0,0.0,0.0,0.0,0.0,1.478506,0.0,0.0,0.0,0.0,0.0,0.0,0.0,0.0,0.0,0.0,0.0,0.0,1.576509,0.0,0.0,1.670007,0.0,0.0,0.0,0.5457487,0.0,0.0,0.9965122,1.932488,0.0,0.0,0.0,0.0,0.0,0.0,2.174787,0.0,0.0,0.0,0.0,0.0
CSNK1E,0.0,0.0,0.0,0.0,0.0,0.0,0.0,0.0,0.0,0.0,0.0,0.0,2.099651,0.0,0.0,0.0,0.0,0.0,0.0,0.0,0.0,1.906673,0.0,0.0,0.0,0.0,0.0,0.0,0.0,0.0,0.0,0.0,0.0,0.0,0.0,0.0,0.0,0.0,0.0,0.0,0.0,0.0,0.0,0.0,0.0,0.0,0.0,0.0,0.0,0.0,0.0,0.0,0.0,0.0,0.0,0.0,0.0,0.0,0.0
LUM,0.0,0.0,0.0,0.0,0.0,1.256526,0.0,0.0,0.0,0.0,0.0,0.0,0.0,0.0,0.0,0.0,0.0,0.0,0.0,0.0,0.0,0.0,0.0,0.0,0.0,0.0,0.0,0.0,0.0,0.0,0.0,0.0,0.0,0.0,0.0,0.0,0.0,0.0,0.0,0.0,0.0,0.0,0.0,0.0,0.0,0.0,0.0,0.0,0.0,0.0,0.0,0.0,0.0,0.0,0.0,0.0,0.0,0.0,0.0
RAMP2,0.0,0.0,0.0,0.0,0.0,0.0,0.0,0.0,0.0,0.0,0.0,0.0,0.0,0.0,0.0,0.0,0.0,0.0,0.0,0.0,0.0,0.0,0.0,0.0,0.0,0.0,0.0,0.0,0.0,0.0,0.0,0.0,0.0,0.0,0.0,0.0,0.0,0.0,0.0,0.0,0.0,0.0,0.0,0.0,0.0,0.0,0.0,0.0,0.0,0.0,0.0,0.0,0.0,0.0,0.0,0.0,0.0,0.0,0.0
RPS6KA3,0.8827899,0.0,1.785537,0.0,1.049655,0.0,0.0,0.0,0.0,0.0,0.0,0.0,0.0,0.0,0.0,0.0,0.0,0.0,0.0,0.0,0.9311854,0.0,0.0,0.0,2.031107,0.0,0.0,0.0,1.27666,0.0,0.0,0.0,1.462248,1.87562,0.0,1.071247,0.0,0.0,1.670007,0.0,0.0,0.0,0.5457487,0.0,1.779777,0.9965122,0.0,0.0,0.0,0.0,1.706304,0.0,0.0,0.0,0.0,1.68648,0.0,0.0,0.0
YPEL5,0.0,1.98343,0.0,2.247854,0.0,0.0,0.0,0.0,0.0,0.0,0.0,0.0,0.0,0.0,0.0,0.0,0.0,0.0,0.0,0.0,0.0,1.906673,0.0,0.0,0.0,0.0,0.0,0.0,0.0,0.0,0.0,0.0,0.0,0.0,0.0,0.0,0.0,0.8622783,0.0,1.430228,0.0,0.0,0.8968225,0.0,1.779777,0.0,1.932488,0.0,0.0,0.0,1.706304,0.0,1.484152,0.0,0.0,1.16322,0.0,1.500587,0.0
C1orf43,0.0,0.0,0.0,0.0,0.0,1.7961479158672,0.0,0.0,0.0,0.0,1.67175919771753,0.0,0.0,1.80140759977689,0.0,1.46046730918825,1.15206977988174,0.0,0.0,0.0,0.0,0.0,1.47850581878633,0.0,0.0,0.0,0.0,0.0,0.0,0.0,1.50520617489663,0.0,0.0,0.0,0.0,0.0,0.0,0.0,0.0,1.99596488433083,0.0,0.0,0.545748720849974,0.0,0.0,0.0,1.93248826900718,0.0,1.07099481969502,1.94317229655797,1.7063043852994,0.0,0.0,0.0,0.0,1.68648043988057,2.06012749750663,1.50058699183651,0.0
UBE2D3,1.897701,1.4192,1.785537,1.655119,0.0,0.0,0.0,2.431754,1.911568,0.0,1.671759,1.489583,0.0,2.150279,0.0,1.460467,1.446237,1.303761,2.226923,0.0,1.967121,0.0,1.804936,0.0,0.0,0.0,0.0,0.0,1.819584,0.0,1.505206,2.39835,1.462248,0.0,0.0,1.910587,0.0,1.31831,0.0,0.0,2.171108,0.0,1.805219,1.775896,1.779777,1.812616,0.0,1.456669,1.576204,0.0,0.0,0.0,0.0,2.174787,1.518989,1.16322,1.486928,2.075514,0.0
