cell,KUL28-T_AAGGAGCGTGAGTATA,KUL28-T_ACATGGTAGCAGATCG,KUL28-T_ACGATACGTCTCTCGT,KUL28-T_ACGTCAAGTGTTGAGG,KUL28-T_AGCCTAAAGAGTACAT,KUL28-T_AGCGTATTCCTAGTGA,KUL28-T_AGCTCTCAGCGTTGCC,KUL28-T_AGTGTCATCAACACAC,KUL28-T_AGTTGGTAGCGCTCCA,KUL28-T_AGTTGGTTCAATAAGG,KUL28-T_ATCTGCCTCCCGACTT,KUL28-T_CACAGGCGTCTCTCTG,KUL28-T_CAGATCAGTACAGTGG,KUL28-T_CCATGTCTCTGTTGAG,KUL28-T_CGAGAAGCACGTAAGG,KUL28-T_CGGGTCATCGAACTGT,KUL28-T_CGTCAGGTCCATGAGT,KUL28-T_CTGAAGTAGATGTCGG,KUL28-T_CTGCTGTCATTAACCG,KUL28-T_CTGGTCTTCTAACTCT,KUL28-T_GCTGGGTAGAAGGGTA,KUL28-T_GGAACTTCAAGAGGCT,KUL28-T_GGACAAGTCCACTCCA,KUL28-T_GTAACGTCACATTCGA,KUL28-T_GTCGGGTCACTTGGAT,KUL28-T_TAGCCGGCAACCGCCA,KUL28-T_TCACAAGAGAGGTTGC,KUL28-T_TGAAAGACATCCGTGG,KUL28-T_TGACTAGCAGCCAATT,KUL28-T_TGAGAGGTCATTCACT,KUL28-T_TGAGCCGAGACAGGCT,KUL28-T_TGATTTCCAAGCGATG,KUL28-T_TGCCAAAGTAGGGACT,KUL28-T_TGGTTAGGTGATGTGG,KUL28-T_TGTTCCGAGAAGGGTA,KUL28-T_TTAACTCGTATATGAG,KUL28-T_TTAGGCAAGACACTAA,KUL28-T_TTCTCAACAGCTGCTG,KUL28-T_TTGCCGTAGAGATGAG,KUL28-T_TTGCCGTTCAGGTAAA
IGHA1,0.0,0.0,0.0,0.0,0.0,0.0,0.0,0.0,0.0,0.0,0.0,0.0,0.0,0.0,0.0,0.0,0.0,0.0,0.0,0.0,0.0,0.0,0.0,0.0,0.0,0.0,0.0,0.0,0.0,0.0,0.0,0.0,0.0,0.0,0.0,0.0,0.0,0.0,0.0,0.0
CD79A,0.0,0.0,0.0,0.0,0.0,0.0,0.0,0.0,0.0,0.0,0.0,0.0,0.0,0.0,0.0,0.0,0.0,0.0,0.0,0.0,0.0,0.0,0.0,0.0,0.0,0.0,0.0,0.0,0.0,0.0,0.0,0.0,0.0,0.0,0.0,0.0,0.0,0.0,0.0,0.0
JCHAIN,0.0,0.0,0.0,0.0,0.0,0.0,0.0,0.0,0.0,0.0,0.0,0.0,0.0,0.0,0.0,0.0,0.0,0.0,0.0,0.0,0.0,0.0,0.0,0.0,0.0,0.0,0.0,0.0,0.0,0.0,0.0,0.0,0.0,0.0,0.0,0.0,0.0,0.0,0.0,0.0
IGKC,0.0,0.0,0.0,0.0,0.0,0.0,0.0,0.0,0.0,0.0,0.0,0.0,0.0,0.0,0.0,0.0,0.0,0.0,0.0,0.0,0.0,0.0,0.0,0.0,0.0,0.0,0.0,0.0,0.0,0.0,0.0,0.0,0.0,0.0,0.0,0.0,0.0,0.0,0.0,0.0
S100A6,4.31902913031369,0.0,2.20508526988912,4.0306863498636,4.78715091642977,3.5199889928503,4.617026404704,3.09813354896781,2.93695326717227,3.83249145238203,2.90777594019827,4.59191630470434,1.78182890102545,3.00294930775638,3.31577630486744,4.12244336888274,3.88153115245063,4.02520060366338,2.98675468947655,2.90679424107572,2.7604324668219,0.0,5.42142556060035,4.95399961942137,2.78414845368991,3.04561152517588,3.90364795139331,0.0,3.69906552652998,3.80568521141255,3.86263485839974,3.48176183324781,3.02772259617742,3.55904672250949,3.54478639710915,3.90586363458964,2.26314385595782,4.56305603467867,3.06101185826038,4.40746487571533
DERL3,0.0,0.0,0.0,0.0,0.0,0.0,0.0,0.0,0.0,0.0,0.0,0.0,0.0,0.0,0.0,0.0,0.0,0.0,0.0,0.0,0.0,0.0,0.0,0.0,0.0,0.0,0.0,0.0,0.0,0.0,0.0,0.0,0.0,0.0,0.0,0.0,0.0,0.0,0.0,0.0
AL928768.3,0.0,0.0,0.0,0.0,0.0,0.0,0.0,0.0,0.0,0.0,0.0,0.0,0.0,0.0,0.0,0.0,0.0,0.0,0.0,0.0,0.0,0.0,0.0,0.0,0.0,0.0,0.0,0.0,0.0,0.0,0.0,0.0,0.0,0.0,0.0,0.0,0.0,0.0,0.0,0.0
MZB1,0.0,0.0,0.0,0.0,0.0,0.0,0.0,0.0,0.0,0.0,0.0,0.0,0.0,0.0,0.0,0.0,0.0,0.0,0.0,0.0,0.0,0.0,0.0,0.0,0.0,0.0,0.0,0.0,0.0,0.0,0.0,0.0,0.0,0.0,0.0,0.0,0.0,0.0,0.0,0.0
IGHA2,0.0,0.0,0.0,0.0,0.0,0.0,0.0,0.0,0.0,0.0,0.0,0.0,0.0,0.0,0.0,0.0,0.0,0.0,0.0,0.0,0.0,0.0,0.0,0.0,0.0,0.0,0.0,0.0,0.0,0.0,0.0,0.0,0.0,0.0,0.0,0.0,0.0,0.0,0.0,0.0
FTH1,5.562237,4.80761,4.583459,4.313918,5.747058,4.311449,3.770211,3.919303,4.309206,5.285712,4.368461,4.341179,2.76141,4.430353,4.043129,4.714231,4.403633,4.399034,4.022679,3.293874,4.019786,5.645628,5.002859,3.14511,4.675649,4.219734,3.230468,3.022878,4.160788,3.627803,4.736596,4.347749,4.143656,4.152159,4.4436,3.737779,3.964228,4.680063,4.430854,3.416965
IFITM3,2.816696,0.0,0.0,2.324013,3.148661,1.078804,2.79815,0.0,1.280259,1.677928,0.0,1.71149,0.0,0.0,2.149892,1.204471,1.291654,2.885944,0.7302021,1.00423,1.147198,0.0,2.693074,2.760947,0.0,1.350774,0.0,0.0,0.8484042,2.7506,2.408087,0.4401429,0.3259146,1.900357,1.053775,2.420471,0.0,0.8425641,1.557835,2.124558
SSR4,1.703267,0.0,2.46482,0.0,2.132383,1.785196,2.79815,0.0,1.36667,1.774742,3.294874,1.497305,0.0,0.0,1.011651,1.587531,1.992401,0.0,1.668084,0.0,1.468667,0.0,1.656147,3.421968,0.0,1.112894,2.207963,2.377245,1.736195,2.119384,1.801106,1.638408,1.496868,1.900357,2.422724,2.161985,2.263144,1.459959,1.302238,2.756103
TNFRSF17,0.0,0.0,0.0,0.0,0.0,0.0,0.0,0.0,0.0,0.0,0.0,0.0,0.0,0.0,0.0,0.0,0.0,0.0,0.0,0.0,0.0,0.0,0.0,0.0,0.0,0.0,0.0,0.0,0.0,0.0,0.0,0.0,0.0,0.0,0.0,0.0,0.0,0.0,0.0,0.0
TMSB10,4.303966,3.368133,3.582809,3.355145,3.425557,4.353932,4.654401,5.094978,4.074073,3.878563,3.969311,4.265398,2.76141,4.635757,4.565294,4.61912,4.658678,4.817645,4.157582,1.495061,3.704843,3.77815,4.627011,4.214594,4.122999,4.487012,4.739354,3.236241,4.379762,4.401659,4.597516,4.083183,2.774249,4.521925,4.651095,4.387592,3.785696,4.476679,4.371769,4.407465
MYL6,2.300955,0.0,1.853275,0.0,0.0,2.350434,1.579713,1.509859,2.278989,1.677928,2.907776,2.523844,0.0,2.622001,2.627155,2.708714,2.351345,2.247097,2.26218,1.00423,1.572998,0.0,1.92114,0.0,0.0,2.780019,2.207963,1.772846,2.161196,2.119384,2.530306,2.168026,1.406679,0.0,2.708947,1.812473,2.263144,2.882536,2.200836,2.124558
ITM2B,1.177402,2.708859,1.853275,2.324013,2.764424,1.336027,3.183099,0.0,1.823766,1.450639,2.267787,1.497305,1.781829,0.0,1.112459,1.977776,1.749172,1.654434,2.143414,1.495061,1.621346,0.0,1.92114,2.760947,2.15095,1.775556,0.0,0.0,1.387746,2.119384,1.801106,1.396519,1.655991,2.893968,1.335709,2.161985,2.263144,1.459959,1.144865,2.124558
CST3,1.47451,0.0,0.0,2.324013,2.132383,1.62885,3.574649,0.0,1.446204,1.314136,0.0,2.071819,0.0,0.0,1.504139,2.336017,1.427091,1.654434,1.441374,0.0,1.220291,0.0,1.137686,2.129113,0.0,2.17065,2.84458,1.772846,1.205328,0.0,1.739619,1.638408,1.793235,2.893968,1.053775,2.941251,2.263144,1.293254,1.849248,2.124558
HSP90AB1,3.407745,2.336158,4.526902,4.182296,3.425557,3.700568,4.074201,5.216873,4.716009,5.336752,4.472554,4.26914,3.422446,3.952262,4.149805,3.39445,4.147501,3.665382,4.060469,2.266857,3.510923,2.895581,3.852274,2.129113,2.784148,3.564589,4.054913,2.751286,4.196599,4.487648,4.09218,4.396604,3.62709,2.893968,2.979837,4.321757,2.902878,4.145493,3.917336,4.49346
HSPB1,2.942724,0.0,2.670813,2.324013,4.21825,2.241953,0.0,0.0,2.540741,2.753424,0.0,3.898084,1.781829,0.0,2.835736,3.340796,2.913225,2.247097,3.454794,2.069292,1.794284,3.560706,4.008211,2.760947,0.0,2.341661,0.0,0.0,1.947569,0.0,3.255036,2.835267,1.855385,1.900357,2.336242,1.270543,2.263144,3.611811,2.805154,3.416965
CD69,0.0,0.0,0.0,0.0,0.0,0.0,0.0,0.0,0.0,0.0,0.0,0.0,0.0,0.0,0.0,0.0,0.0,0.0,0.0,0.0,0.0,0.0,0.0,0.0,0.0,0.0,0.0,0.0,0.0,0.0,0.0,0.2440942,0.0,0.0,0.6597094,0.0,0.0,0.0,0.0,0.0
LGALS1,1.703267,1.735315,0.0,2.324013,3.82012,0.9201999,0.0,1.509859,1.280259,1.863004,2.267787,2.037624,0.0,0.0,1.626031,1.587531,1.917711,2.885944,1.305288,2.069292,0.2141572,2.256228,1.752494,3.421968,0.0,1.238891,0.0,0.0,0.6941153,0.0,1.913782,0.4401429,1.073802,0.0,0.6597094,0.0,0.0,3.141941,0.9580128,2.756103
EVI2B,0.0,0.0,0.0,0.0,0.0,0.0,0.0,0.0,0.0,0.0,0.0,0.0,0.0,0.0,0.0,0.0,0.0,0.0,0.0,0.0,0.0,0.0,0.0,0.0,0.0,0.0,0.0,0.0,0.0,0.0,0.0,0.0,0.0,0.0,0.0,0.0,0.0,0.0,0.0,0.0
CD48,0.0,0.0,0.0,0.0,0.0,0.0,0.0,0.0,0.0,0.0,0.0,0.0,0.0,0.0,0.0,0.0,0.0,0.0,0.0,0.0,0.0,0.0,0.0,0.0,0.0,0.0,0.0,0.0,0.0,0.0,0.0,0.0,0.0,0.0,0.0,0.0,0.0,0.0,0.0,0.0
VIM,0.0,0.0,0.0,0.0,0.0,0.1953074,0.0,0.0,0.0,0.0,0.0,0.0,0.0,0.0,0.0,0.0,0.0,0.0,0.0,0.0,0.2141572,0.0,0.0,0.0,0.0,0.0,0.0,0.0,0.2881662,0.0,0.0,0.0,0.0,0.0,0.0,0.0,0.0,0.0,0.0,0.0
ACTB,3.246694,2.708859,2.670813,4.714913,4.787151,3.433347,3.770211,3.098134,3.138939,4.024904,2.267787,4.154501,0.0,3.278144,3.507884,2.897198,3.419514,4.165917,3.08978,2.069292,2.775428,0.0,5.407271,4.651134,3.840701,3.620817,4.054913,0.0,2.910551,3.411281,3.698018,3.624163,2.248819,3.382402,3.192768,4.135277,3.785696,4.5208,3.34324,3.811433
CYTIP,0.0,0.0,0.0,0.0,0.0,0.0,0.0,0.0,0.0,0.0,0.0,0.0,0.0,0.0,0.0,0.0,0.0,0.0,0.0,0.0,0.0,0.0,0.0,0.0,0.0,0.0,0.0,0.0,0.0,0.0,0.0,0.0,0.0,0.0,0.0,0.0,0.0,0.0,0.0,0.0
IGFBP7,0.0,0.0,0.0,0.0,0.0,0.0,0.0,0.0,0.2811833,0.0,0.0,0.0,0.0,0.0,0.0,0.0,0.0,0.0,0.0,0.0,0.0,0.0,0.0,0.0,0.0,0.0,0.0,0.0,0.0,0.0,0.0,0.0,0.0,0.0,0.0,0.0,0.0,0.0,0.4288586,0.0
S100A11,3.51351288041103,1.73531514495429,2.67081263365767,2.32401285607585,3.14866075167213,2.73766512164114,2.79815035887695,2.08594362943213,2.40384017358712,2.32759096467614,2.26778748391074,2.93820516346564,0.0,3.49371896964025,2.91784562259636,3.51719846990841,2.82332969503147,2.24709742362055,2.90186115245183,2.90679424107572,1.90681538707749,0.0,4.5117441986086,3.42196782901936,0.0,2.7543413575989,3.23046829086559,0.0,2.64085442947565,2.75059964045907,3.07206977233393,1.32565375606771,1.65599085291244,2.51580470673591,3.2666832299695,3.45800168835394,0.0,3.05236254060278,1.76122039302245,2.75610317393711
RGS1,0.752813520601271,0.0,0.0,0.0,0.0,0.0,0.0,0.0,0.0,0.0,0.0,0.0,0.0,1.99899325293938,0.0,0.0,0.0,0.0,0.0,0.0,0.0,0.0,0.0,0.0,0.0,0.0,0.0,0.0,0.0,0.0,0.0,0.0,0.0,0.0,0.0,0.0,0.0,0.0,0.0,0.0
LAPTM4A,0.7528135,0.0,1.305719,0.0,2.764424,0.6220476,0.0,0.0,1.36667,0.7365003,2.907776,1.71149,0.0,0.0,1.437127,0.0,0.9490601,0.0,0.7302021,0.0,0.670528,0.0,1.656147,0.0,0.0,1.451389,2.84458,0.0,0.6941153,0.0,1.031702,0.868076,0.9326318,2.515805,0.6597094,1.812473,0.0,0.8425641,1.557835,2.124558
CD74,0.7528135,0.0,0.0,0.0,0.0,0.4989881,0.0,0.0,0.0,0.434575,0.0,0.2365686,0.0,0.0,0.2559513,0.0,0.720529,0.0,0.0,0.0,0.0,0.0,0.0,0.0,0.0,0.0,0.0,0.0,0.0,0.0,0.3083426,0.0,0.0,0.0,0.0,0.0,0.0,0.0,0.4288586,0.0
DSTN,1.703267,1.735315,1.853275,0.0,3.82012,1.95149,0.0,2.085944,2.661137,2.428497,0.0,2.227185,1.781829,0.0,2.149892,2.336017,2.575546,2.885944,2.143414,0.0,1.941678,0.0,2.857989,0.0,2.15095,1.905211,2.207963,1.772846,2.081135,2.7506,2.440071,2.418517,2.363908,1.900357,1.735392,2.625678,2.902878,3.067861,2.70291,3.140161
ISG20,0.7528135,0.0,0.0,0.0,2.132383,0.1953074,0.0,0.0,0.5004072,0.7365003,0.0,0.2365686,0.0,0.0,0.0,1.587531,1.134957,0.0,0.0,1.00423,0.5402594,0.0,0.7225949,2.129113,0.0,0.0,0.0,0.0,0.6941153,0.0,0.5436807,0.0,1.197487,0.0,0.0,0.0,0.0,1.667239,0.0,0.0
S100A10,1.47450986032727,0.0,0.0,0.0,2.76442350715612,2.26461146662732,2.53057238575865,0.0,2.05650865494611,1.94410453247609,0.0,3.03255525030324,0.0,0.0,2.78302578215663,2.25775966161398,1.6528960745544,2.61669159440174,1.56114020603669,1.00423000666566,1.46866741349112,0.0,4.15145705159366,2.7609471472243,0.0,2.38020577873275,0.0,0.0,2.64085442947565,2.11938402866758,2.55866199170355,1.78781206834478,1.57959102061366,1.90035706071708,1.55538729956269,2.16198476749538,2.26314385595782,2.39035375892558,1.9301498919295,2.12455791305678
FAM46C,0.0,0.0,0.0,0.0,0.0,0.0,0.0,0.0,0.0,0.0,0.0,0.0,0.0,0.0,0.0,0.0,0.0,0.0,0.0,0.0,0.0,0.0,0.0,0.0,0.0,0.0,0.0,0.0,0.0,0.0,0.0,0.0,0.0,0.0,0.0,0.0,0.0,0.0,0.0,0.0
SPARC,0.0,0.0,0.0,0.0,0.0,0.1953074,0.0,0.0,0.0,0.434575,0.0,0.2365686,0.0,0.0,0.0,0.5756754,0.0,0.0,0.0,0.0,0.0,0.0,0.0,0.0,0.0,0.0,0.0,0.0,0.0,0.0,0.0,0.0,0.0,0.0,0.0,0.0,0.0,0.0,0.0,0.0
CD63,2.503863,3.865081,1.853275,0.0,3.82012,2.484899,3.677203,2.449131,2.311693,2.883319,2.267787,2.480118,0.0,0.0,2.64802,2.939248,2.791475,1.654434,2.742081,1.495061,2.698095,0.0,3.075723,3.967493,0.0,2.98553,2.207963,0.0,2.337123,2.7506,2.530306,2.466583,2.11874,0.0,2.502318,3.674827,0.0,3.020626,2.004994,0.0
CCL5,0.0,0.0,0.0,0.0,0.0,0.0,0.0,0.0,0.0,0.0,0.0,0.0,0.0,0.0,0.0,0.0,0.0,0.0,0.0,0.0,0.0,0.0,0.0,0.0,0.0,0.0,0.0,0.0,0.0,0.0,0.0,0.0,0.0,0.0,0.0,0.0,0.0,0.2856138,0.0,0.0
POLR2L,1.703267,0.0,1.305719,2.966982,0.0,1.078804,2.79815,1.509859,1.185669,0.9680934,0.0,1.662089,1.781829,0.0,1.832648,0.9387027,1.749172,0.0,1.441374,1.495061,0.785766,0.0,1.29457,0.0,2.784148,1.964235,2.84458,0.0,1.467826,2.119384,1.739619,1.325654,0.3259146,1.900357,1.053775,1.812473,0.0,0.6890064,1.438181,2.124558
SPARCL1,0.0,0.0,0.0,0.0,0.0,0.0,0.0,0.0,0.2811833,0.0,0.0,0.2365686,0.0,0.0,0.0,0.0,0.4238027,0.0,0.0,0.0,0.0,0.0,0.0,0.0,0.0,0.0,0.0,1.772846,0.2881662,0.0,0.0,0.0,0.0,0.0,0.0,1.270543,0.0,0.0,0.0,0.0
CYBA,1.177402,1.735315,1.853275,2.324013,0.0,1.785196,3.183099,2.085944,1.652699,2.273043,2.267787,1.71149,0.0,0.0,2.515751,2.408593,2.061899,3.097864,1.56114,0.0,2.039516,0.0,2.13042,3.14511,0.0,1.626551,2.207963,0.0,1.898765,2.119384,1.913782,2.65818,1.197487,3.167714,2.020171,2.625678,0.0,1.53393,2.074624,2.756103
SEC11C,0.0,0.0,0.0,0.0,0.0,0.4989881,0.0,1.509859,0.5004072,0.0,0.0,0.7263777,0.0,0.0,0.8995306,0.0,0.9490601,0.0,0.9605947,0.0,0.670528,0.0,0.9515253,0.0,0.0,0.3426178,0.0,0.0,1.099903,0.0,0.7340501,1.076793,0.3259146,0.0,0.0,0.0,0.0,1.293254,0.9580128,0.0
IGLC2,0.0,0.0,0.0,0.0,0.0,0.0,0.0,0.0,0.0,0.0,0.0,0.0,0.0,0.0,0.0,0.0,0.0,0.0,0.0,0.0,0.0,0.0,0.0,0.0,0.0,0.0,0.0,0.0,0.0,0.0,0.0,0.0,0.0,0.0,0.0,0.0,0.0,0.0,0.0,0.0
FOS,2.407547,0.0,0.0,0.0,2.132383,1.215663,0.0,1.509859,1.87485,1.450639,2.267787,1.662089,2.387057,0.0,0.4595615,1.863819,0.4238027,0.0,2.316661,2.069292,1.147198,0.0,0.0,0.0,0.0,2.17065,0.0,0.0,0.5116002,0.0,2.106977,1.396519,1.197487,0.0,2.979837,1.270543,0.0,1.380077,1.76122,2.124558
RHOA,1.177402,1.735315,1.305719,0.0,3.148661,1.493118,0.0,1.509859,1.769931,2.154119,2.267787,1.887794,1.781829,0.0,1.287912,0.0,1.546354,0.0,1.305288,0.0,1.220291,0.0,2.13042,2.129113,0.0,0.9687014,2.207963,1.772846,1.736195,0.0,1.26078,1.957587,1.579591,2.515805,1.735392,2.420471,2.263144,1.89007,1.438181,0.0
SPINK2,0.0,0.0,0.0,0.0,0.0,0.0,0.0,0.0,0.0,0.0,0.0,0.0,0.0,0.0,0.0,0.0,0.0,0.0,0.0,0.0,0.0,0.0,0.0,0.0,0.0,0.0,0.0,0.0,0.0,0.0,0.0,0.0,0.0,0.0,0.0,0.0,0.0,0.0,0.0,0.0
NEAT1,4.614564,1.735315,0.0,0.0,2.132383,3.777475,0.0,0.0,2.173923,2.718131,0.0,4.195533,5.727903,0.0,2.605845,5.385203,1.836988,0.0,2.986755,4.818798,3.214134,5.369126,0.4251929,0.0,0.0,2.853316,0.0,0.0,2.753347,0.0,2.826802,2.393588,3.518988,0.0,3.301688,0.0,0.0,4.058018,3.009543,2.124558
RHOB,0.0,0.0,0.0,0.0,0.0,0.8303439,0.0,2.714984,0.2811833,0.0,0.0,2.13689,0.0,0.0,1.437127,0.0,0.0,0.0,1.933729,0.0,0.9827231,0.0,0.0,0.0,0.0,1.112894,0.0,0.0,0.2881662,0.0,1.031702,0.9778702,0.3259146,0.0,1.053775,0.0,0.0,1.459959,1.302238,0.0
S100A4,0.0,0.0,0.0,0.0,0.0,0.0,0.0,0.0,0.0,0.0,0.0,0.236568564456008,0.0,0.0,0.0,0.0,0.0,0.0,0.0,0.0,0.0,0.0,0.0,0.0,0.0,0.0,0.0,1.77284598709209,0.0,0.0,0.0,0.0,0.325914603309185,0.0,1.05377543587947,0.0,0.0,0.0,0.428858606762342,0.0
CD27,0.0,0.0,0.0,0.0,0.0,0.0,0.0,0.0,0.0,0.0,0.0,0.0,0.0,0.0,0.0,0.0,0.0,0.0,0.0,0.0,0.0,0.0,0.0,0.0,0.0,0.0,0.0,0.0,0.0,0.0,0.0,0.0,0.0,0.0,0.0,0.0,0.0,0.0,0.0,0.0
CALD1,0.0,0.0,0.0,0.0,0.0,0.0,0.0,0.0,0.2811833,0.0,0.0,0.2365686,0.0,0.0,0.0,0.0,0.0,0.0,0.0,0.0,0.0,0.0,0.0,0.0,0.0,0.0,0.0,0.0,0.0,0.0,0.0,0.0,0.0,0.0,0.0,0.0,0.0,0.0,0.0,0.0
APP,0.7528135,0.0,1.305719,2.966982,0.0,1.078804,1.579713,1.509859,1.081188,0.9680934,3.573245,1.71149,0.0,0.0,1.011651,0.9387027,1.291654,0.0,1.305288,1.00423,1.522192,0.0,1.430147,2.760947,0.0,1.451389,0.0,0.0,1.610986,0.0,0.7340501,0.4401429,1.496868,1.900357,2.136984,0.0,0.0,1.667239,0.7280354,2.124558
CTGF,0.0,0.0,0.0,0.0,0.0,0.0,0.0,0.0,0.2811833,0.434575,0.0,0.0,0.0,0.0,0.2559513,0.9387027,0.0,0.0,0.4303203,0.0,0.5402594,0.0,0.0,0.0,0.0,0.9687014,0.0,0.0,0.0,0.0,0.0,0.7447231,0.0,0.0,0.0,0.0,0.0,0.0,0.0,0.0
HSP90AA1,2.591712,1.735315,2.987317,3.355145,0.0,1.670287,2.79815,1.509859,2.747997,3.238435,0.0,2.752335,1.781829,1.998993,3.250128,1.204471,2.491797,2.885944,2.871883,1.82284,2.236297,0.0,2.857989,2.129113,3.168805,2.453105,2.207963,0.0,2.429513,2.119384,2.908868,3.091556,1.579591,3.167714,2.241568,3.281959,2.263144,2.359606,2.955282,2.756103
DDX5,1.47451,0.0,1.853275,0.0,0.0,1.493118,0.0,0.0,1.588491,1.450639,0.0,1.610121,1.781829,0.0,1.566941,1.735187,1.836988,1.654434,1.56114,0.0,0.9827231,0.0,0.4251929,0.0,0.0,1.112894,0.0,0.0,1.675549,2.119384,2.106977,1.24938,1.655991,0.0,1.335709,0.0,0.0,1.380077,1.664689,0.0
EGR1,0.0,0.0,0.0,0.0,0.0,0.7316094,0.0,0.0,0.5004072,0.434575,0.0,0.0,1.781829,0.0,1.204028,0.5756754,0.9490601,0.0,1.305288,1.00423,0.3904427,0.0,0.0,0.0,0.0,0.5973302,0.0,0.0,0.2881662,0.0,0.0,0.4401429,0.7682042,0.0,1.053775,0.0,0.0,0.8425641,0.4288586,0.0
PPIA,1.703267,2.336158,2.46482,2.966982,2.132383,2.856012,3.33131,0.0,3.245593,2.913318,0.0,3.240805,1.781829,3.002949,3.261373,2.080064,3.270803,2.616692,2.742081,0.0,2.463579,0.0,2.97277,2.129113,2.784148,2.876602,3.725352,0.0,3.09289,3.411281,3.360718,3.128544,1.913897,1.900357,2.6447,3.281959,2.263144,1.838843,3.516481,2.124558
ACTG1,2.300955,0.0,2.841535,0.0,2.764424,3.172311,2.79815,1.509859,3.450669,3.431948,0.0,3.070416,2.387057,3.002949,2.727382,2.9796,2.534548,2.616692,2.63232,1.00423,3.012796,0.0,3.829516,4.098656,3.445918,2.341661,3.725352,3.022878,2.592057,2.119384,3.295987,2.942869,2.248819,0.0,2.708947,2.420471,0.0,3.593797,2.837036,2.124558
FCRL5,0.0,0.0,0.0,0.0,0.0,0.0,0.0,0.0,0.0,0.0,0.0,0.0,0.0,0.0,0.0,0.0,0.0,0.0,0.0,0.0,0.0,0.0,0.0,0.0,0.0,0.0,0.0,0.0,0.0,0.0,0.0,0.0,0.0,0.0,0.0,0.0,0.0,0.0,0.0,0.0
CNN3,0.0,0.0,0.0,0.0,0.0,0.19530736080636,0.0,0.0,0.832380998906884,0.0,0.0,0.726377712518601,0.0,0.0,0.0,0.0,0.0,0.0,0.430320344076267,0.0,0.214157195780163,0.0,1.13768625351892,0.0,0.0,0.0,0.0,0.0,0.848404150138105,0.0,0.0,0.0,0.0,0.0,0.0,0.0,0.0,0.842564123737005,0.0,0.0
ITGB1,1.47451,1.735315,0.0,0.0,2.132383,0.7316094,1.579713,0.0,1.713032,0.9680934,0.0,1.053706,0.0,1.998993,1.112459,0.0,0.9490601,0.0,1.305288,0.0,0.785766,0.0,1.29457,2.129113,0.0,0.9687014,2.207963,1.772846,1.099903,0.0,1.739619,1.166806,0.3259146,0.0,0.6597094,1.270543,0.0,1.667239,0.7280354,0.0
MT-CO3,3.202025,5.330356,4.78227,5.117387,3.82012,5.385386,5.139069,5.177869,4.313562,3.101351,3.969311,4.401855,4.552545,4.50361,4.638442,3.881114,4.861715,4.543961,4.57736,4.17443,5.343524,5.328498,4.261903,5.00494,5.078003,5.100132,5.315318,5.305248,4.786629,4.772514,4.671164,5.266289,4.362394,5.003244,5.019998,5.090405,2.902878,5.653533,4.740809,4.407465
ANXA2,2.181632,0.0,0.0,0.0,2.132383,0.9201999,1.579713,0.0,1.36667,1.570727,0.0,2.167903,0.0,0.0,1.626031,2.080064,1.652896,1.654434,0.9605947,1.00423,0.785766,0.0,3.567913,2.129113,0.0,1.542801,2.207963,0.0,1.387746,2.7506,1.447038,1.638408,0.3259146,0.0,1.053775,1.270543,0.0,2.785419,1.144865,0.0
TMSB4X,3.776722,3.958484,3.722196,4.534382,2.764424,4.433839,4.307003,5.469107,4.455166,5.015187,3.969311,5.24682,3.422446,3.952262,5.073167,4.218573,5.013007,4.229486,3.921439,2.697221,3.496554,3.560706,5.283496,5.186144,4.675649,4.874773,5.042432,1.772846,3.830535,4.401659,5.369759,4.741683,2.97012,4.31679,4.815303,4.899815,3.289886,4.65207,5.044876,4.313373
JUNB,1.703267,0.0,0.0,2.324013,0.0,0.3586314,0.0,0.0,0.6801071,0.0,0.0,0.8477858,0.0,0.0,0.2559513,2.080064,1.291654,0.0,0.7302021,0.0,1.147198,0.0,0.0,0.0,0.0,0.0,0.0,0.0,1.099903,0.0,0.5436807,0.4401429,0.5713152,0.0,0.0,0.0,0.0,1.093087,1.144865,0.0
POU2AF1,0.0,0.0,0.0,0.0,0.0,0.0,0.0,0.0,0.0,0.0,0.0,0.0,0.0,0.0,0.0,0.0,0.0,0.0,0.0,0.0,0.0,0.0,0.0,0.0,0.0,0.0,0.0,0.0,0.0,0.0,0.0,0.0,0.0,0.0,0.0,0.0,0.0,0.0,0.0,0.0
TXN,1.703267,2.979748,2.841535,4.430213,0.0,2.694885,3.770211,2.085944,2.827912,2.475372,0.0,3.240805,1.781829,3.002949,3.615489,3.340796,3.208794,2.247097,3.328179,0.0,2.522783,0.0,3.191092,3.14511,3.168805,3.270902,3.230468,2.751286,3.193703,3.411281,3.295987,3.175825,2.467109,2.893968,3.070518,2.625678,2.263144,2.226186,3.768264,0.0
CALM2,1.47451,1.735315,2.670813,0.0,0.0,1.540439,2.530572,3.098134,1.769931,2.273043,0.0,2.309999,0.0,0.0,1.878259,1.977776,1.652896,3.097864,2.26218,0.0,1.468667,0.0,0.0,2.129113,3.840701,2.6731,0.0,0.0,1.898765,3.627803,1.739619,1.396519,2.11874,0.0,1.735392,1.270543,2.263144,1.602804,1.93015,2.124558
TSC22D3,0.0,0.0,0.0,0.0,0.0,0.1953074,0.0,1.509859,0.2811833,0.0,0.0,0.2365686,0.0,0.0,0.2559513,0.9387027,0.0,0.0,0.4303203,0.0,0.0,0.0,0.0,0.0,0.0,0.0,0.0,0.0,0.0,0.0,0.3083426,0.7447231,0.0,0.0,0.0,0.0,0.0,0.6890064,0.7280354,0.0
EID1,0.0,1.735315,0.0,0.0,0.0,0.3586314,0.0,0.0,0.2811833,0.0,0.0,0.5881662,0.0,0.0,0.7732325,0.0,0.0,0.0,0.9605947,0.0,0.5402594,0.0,0.9515253,0.0,0.0,0.8001572,0.0,0.0,0.6941153,0.0,1.152786,0.0,0.0,0.0,0.6597094,0.0,0.0,0.2856138,0.9580128,0.0
ATP5I,1.703267,2.336158,0.0,2.324013,0.0,1.391178,2.530572,0.0,1.446204,1.677928,2.267787,1.299904,0.0,0.0,2.042371,1.204471,1.836988,1.654434,1.933729,0.0,1.220291,0.0,2.191462,0.0,0.0,1.775556,0.0,0.0,2.038565,0.0,1.739619,1.740448,1.307543,2.515805,1.335709,1.270543,2.263144,0.9756506,1.438181,0.0
MT2A,0.7528135,0.0,0.0,0.0,0.0,0.3586314,0.0,0.0,0.5004072,0.434575,0.0,0.0,0.0,0.0,0.2559513,0.5756754,0.4238027,0.0,0.0,0.0,0.3904427,0.0,0.0,0.0,0.0,0.0,0.0,0.0,0.0,3.411281,0.3083426,0.0,0.0,0.0,0.0,0.0,0.0,0.2856138,0.0,0.0
COX7A2,1.889313,2.336158,3.114525,3.355145,3.425557,2.170726,3.183099,2.924798,2.40384,2.753424,0.0,2.586044,0.0,2.622001,2.668459,3.055727,2.968957,2.247097,2.776145,1.00423,1.941678,0.0,2.887943,3.14511,0.0,2.341661,2.207963,0.0,2.540756,2.7506,2.501123,2.466583,2.11874,2.893968,2.708947,2.420471,0.0,1.938801,2.805154,0.0
YWHAE,2.407547,0.0,1.305719,0.0,0.0,2.466762,2.164142,2.449131,1.769931,2.428497,2.267787,1.71149,0.0,0.0,1.832648,1.204471,2.126879,1.654434,2.368326,0.0,1.522192,0.0,2.191462,0.0,0.0,1.542801,2.84458,1.772846,1.947569,0.0,1.85903,2.287153,0.7682042,0.0,1.555387,2.795861,0.0,1.784849,2.312888,2.756103
MALAT1,7.277509,0.0,5.588536,0.0,2.132383,6.111286,2.164142,5.972272,4.300437,6.014277,0.0,6.512598,8.457337,5.384381,4.382626,7.186182,3.607878,5.161551,5.728532,8.74488,6.035993,8.239415,0.4251929,0.0,4.122999,4.579203,0.0,2.751286,5.81307,5.7558,4.800983,4.020698,5.702466,0.0,6.34718,0.0,0.0,7.228526,4.750117,4.572642
SRGN,0.0,0.0,0.0,2.324013,0.0,0.0,0.0,0.0,0.2811833,0.434575,0.0,0.0,1.781829,0.0,0.0,0.0,0.4238027,0.0,0.0,0.0,0.0,0.0,0.0,0.0,0.0,0.0,0.0,0.0,0.0,2.119384,0.0,0.0,0.0,0.0,0.0,0.0,2.263144,0.0,0.0,0.0
ADIRF,0.0,2.336158,0.0,0.0,0.0,2.067104,1.579713,1.509859,1.280259,1.314136,2.267787,1.053706,0.0,0.0,0.8995306,0.5756754,1.836988,1.654434,0.4303203,0.0,1.147198,0.0,1.752494,0.0,0.0,1.112894,0.0,2.377245,2.486681,2.119384,1.358239,1.690729,1.406679,2.893968,2.020171,1.270543,0.0,1.093087,0.9580128,0.0
GSN,0.0,0.0,0.0,0.0,0.0,0.6220476,1.579713,0.0,0.5004072,0.9680934,0.0,0.7263777,0.0,0.0,0.6286456,1.204471,0.4238027,0.0,0.0,0.0,0.2141572,0.0,1.137686,0.0,0.0,0.0,0.0,0.0,0.0,0.0,0.0,0.0,0.0,0.0,0.0,0.0,0.0,1.667239,0.0,0.0
WBP5,0.0,0.0,0.0,0.0,0.0,0.4989881,0.0,0.0,0.832381,1.314136,0.0,1.053706,0.0,0.0,0.4595615,0.5756754,0.0,2.247097,0.9605947,1.00423,0.0,0.0,0.0,0.0,2.15095,0.9687014,0.0,0.0,0.2881662,0.0,0.5436807,0.9778702,0.0,0.0,1.053775,0.0,0.0,0.0,0.4288586,0.0
NFKBIA,1.177402,0.0,0.0,0.0,2.132383,0.8303439,0.0,0.0,0.0,0.7365003,0.0,0.2365686,0.0,0.0,0.8995306,0.9387027,0.4238027,0.0,1.305288,0.0,0.5402594,0.0,0.0,2.129113,0.0,0.0,0.0,0.0,0.2881662,0.0,1.031702,0.0,0.7682042,0.0,1.735392,1.270543,0.0,1.093087,0.7280354,0.0
CD53,0.0,0.0,0.0,0.0,0.0,0.0,0.0,0.0,0.0,0.0,0.0,0.236568564456008,0.0,0.0,0.0,0.0,0.0,0.0,0.0,0.0,0.0,0.0,0.0,0.0,0.0,0.0,0.0,0.0,0.0,0.0,0.308342635064697,0.0,0.0,0.0,0.0,0.0,0.0,0.0,0.0,0.0
FKBP1A,0.7528135,0.0,1.305719,0.0,0.0,0.8303439,0.0,0.0,0.5004072,0.7365003,0.0,1.053706,1.781829,0.0,0.2559513,0.0,0.720529,1.654434,1.305288,0.0,0.5402594,0.0,1.29457,0.0,0.0,0.3426178,0.0,0.0,0.0,0.0,1.152786,0.868076,0.5713152,0.0,0.6597094,0.0,2.263144,0.2856138,0.4288586,2.124558
MGP,0.0,0.0,0.0,0.0,0.0,0.1953074,0.0,0.0,0.0,0.434575,0.0,0.0,0.0,0.0,0.2559513,0.5756754,0.0,0.0,0.4303203,0.0,0.0,0.0,0.0,0.0,0.0,0.0,0.0,1.772846,0.0,0.0,0.0,0.0,0.0,0.0,0.0,0.0,0.0,0.0,0.0,0.0
FKBP11,0.0,0.0,0.0,0.0,0.0,0.1953074,0.0,0.0,0.2811833,0.0,0.0,0.2365686,1.781829,0.0,0.7732325,0.0,0.720529,0.0,0.0,0.0,0.3904427,0.0,0.0,0.0,0.0,0.3426178,0.0,0.0,1.467826,0.0,0.0,0.2440942,0.0,0.0,0.0,0.0,0.0,0.2856138,0.0,0.0
RAC2,0.0,0.0,0.0,0.0,0.0,0.0,0.0,0.0,0.0,0.0,0.0,0.0,0.0,0.0,0.0,0.0,0.0,0.0,0.0,0.0,0.0,0.0,0.0,0.0,0.0,0.0,0.0,0.0,0.0,0.0,0.0,0.0,0.0,0.0,0.0,0.0,0.0,0.0,0.0,0.0
DYNLL1,1.889313,0.0,1.305719,0.0,0.0,1.670287,1.579713,0.0,1.588491,1.314136,2.267787,2.104884,0.0,0.0,1.504139,1.863819,2.575546,2.616692,2.078285,0.0,1.667464,2.256228,1.29457,2.129113,0.0,1.703826,2.207963,0.0,2.038565,3.134538,2.106977,1.833034,1.406679,0.0,1.887885,0.0,0.0,2.152147,1.849248,0.0
H3F3A,2.40754687672641,1.73531514495429,2.46482015115762,0.0,2.132383105178,2.73766512164114,2.79815035887695,2.08594362943213,2.66113696781711,2.21534805073631,0.0,2.25555861229136,0.0,3.49371896964025,2.76481972769019,1.86381944636472,3.11963731439852,3.097864232774,3.08978038898206,1.4950611084179,2.63161098305049,0.0,2.61865438893869,0.0,3.44591761478866,3.02598273090931,2.20796293555735,1.77284598709209,2.87350538956793,2.11938402866758,2.73739485145688,2.59830272106372,1.79323535165639,3.1677142504442,2.57604088961253,2.16198476749538,2.90287816213688,1.66723891132393,3.08578559014039,2.12455791305678
GSTP1,3.609156,3.368133,2.987317,0.0,3.82012,3.181309,4.537807,1.509859,3.353379,2.913318,2.267787,3.271657,0.0,1.998993,3.525211,3.160043,3.716246,3.665382,3.08978,3.079966,2.443039,0.0,4.03668,4.498574,4.122999,3.155922,3.230468,0.0,3.334071,3.956653,3.055197,3.364634,2.84389,2.893968,2.826243,3.281959,2.263144,3.170102,3.035609,3.633525
IL32,3.696445,0.0,0.0,0.0,3.971133,1.888251,2.530572,0.0,1.652699,2.215348,0.0,3.230306,0.0,1.998993,1.878259,3.605586,3.486323,2.616692,0.7302021,3.293874,1.522192,0.0,4.767075,2.129113,0.0,1.451389,2.207963,0.0,1.300691,0.0,3.197688,1.166806,1.307543,0.0,2.422724,2.941251,0.0,3.903891,0.4288586,2.124558
CD59,1.47451,2.979748,1.305719,0.0,0.0,1.215663,1.579713,2.924798,1.280259,2.019118,0.0,2.361627,0.0,0.0,1.204028,2.25776,1.546354,1.654434,1.441374,1.00423,1.352171,0.0,2.579259,2.760947,2.15095,0.9687014,0.0,0.0,0.9820392,2.119384,1.674103,1.166806,1.197487,0.0,1.887885,2.941251,0.0,1.198171,1.438181,2.756103
LMNA,0.752813520601271,0.0,0.0,0.0,0.0,0.731609391859029,0.0,0.0,1.28025897080253,1.31413561763047,0.0,1.37012396774358,0.0,0.0,1.20402822384441,1.73518692138802,0.720529038055004,0.0,0.0,0.0,0.214157195780163,0.0,2.30339019484054,2.12911315147707,0.0,1.11289360896559,0.0,0.0,0.848404150138105,0.0,1.03170169895901,0.977870164120139,0.325914603309185,0.0,0.0,1.27054347247737,0.0,0.689006387893914,0.728035357566666,0.0
SKP1,1.47451,0.0,1.853275,0.0,3.148661,1.443447,2.164142,0.0,2.136296,1.944105,0.0,1.299904,2.76141,1.998993,1.963678,2.080064,2.061899,2.885944,1.56114,0.0,1.147198,0.0,1.752494,0.0,2.15095,0.8001572,0.0,0.0,1.467826,0.0,2.14996,1.325654,1.307543,1.900357,1.735392,1.812473,2.263144,0.9756506,1.557835,2.756103
TIMP1,1.47451,2.708859,0.0,0.0,2.132383,1.078804,2.530572,2.085944,1.36667,1.156009,0.0,1.803522,0.0,0.0,1.112459,2.25776,0.720529,0.0,1.14772,0.0,1.288403,0.0,1.656147,3.421968,0.0,0.9687014,2.207963,0.0,1.099903,0.0,1.152786,0.0,0.5713152,0.0,1.335709,1.812473,0.0,1.293254,0.0,2.124558
PSAP,1.47451,0.0,0.0,0.0,0.0,0.8303439,0.0,0.0,0.0,0.9680934,2.267787,0.5881662,0.0,0.0,0.7732325,0.0,1.134957,0.0,0.4303203,0.0,0.785766,0.0,0.7225949,0.0,0.0,1.112894,0.0,0.0,0.6941153,0.0,1.031702,0.6039846,0.3259146,0.0,0.6597094,1.270543,0.0,0.8425641,0.9580128,0.0
SRP14,2.181632,0.0,1.305719,0.0,0.0,1.855065,2.164142,0.0,1.588491,1.774742,0.0,1.610121,0.0,0.0,2.149892,2.172854,1.749172,0.0,2.078285,0.0,1.412115,0.0,2.579259,0.0,2.15095,1.542801,0.0,0.0,1.541966,2.119384,1.965691,1.583197,1.307543,0.0,1.335709,1.812473,2.263144,1.293254,1.664689,2.124558
ANKRD28,0.0,0.0,0.0,0.0,0.0,0.1953074,0.0,0.0,0.0,0.0,0.0,0.2365686,0.0,0.0,0.0,0.0,0.0,0.0,0.4303203,0.0,0.3904427,0.0,0.0,0.0,0.0,0.3426178,0.0,0.0,0.2881662,0.0,0.3083426,0.4401429,0.0,0.0,0.0,0.0,0.0,0.2856138,0.4288586,0.0
COL4A1,0.0,0.0,0.0,0.0,0.0,0.0,0.0,0.0,0.0,0.0,0.0,0.0,0.0,0.0,0.0,0.0,0.0,0.0,0.0,0.0,0.0,0.0,0.0,0.0,0.0,0.0,0.0,0.0,0.0,0.0,0.0,0.0,0.0,0.0,0.0,0.0,0.0,0.0,0.0,0.0
HMGB1,1.47451,2.336158,3.227363,2.324013,2.132383,1.92037,3.460363,2.449131,3.065998,2.970744,0.0,2.336146,1.781829,1.998993,3.472302,1.735187,3.419514,3.76818,2.368326,1.495061,1.667464,2.256228,2.191462,2.129113,2.784148,3.345622,3.508216,0.0,2.038565,4.087791,3.335326,3.175825,2.11874,3.167714,2.422724,3.852914,2.902878,1.667239,3.264563,3.633525
TSPO,0.0,0.0,1.853275,2.966982,2.132383,1.493118,1.579713,1.509859,1.446204,0.9680934,0.0,1.224378,0.0,1.998993,1.112459,0.0,1.134957,0.0,0.9605947,0.0,0.9827231,0.0,0.7225949,0.0,0.0,1.350774,2.207963,0.0,0.9820392,0.0,1.528591,0.7447231,1.073802,1.900357,0.0,1.812473,0.0,1.198171,1.302238,2.124558
MEF2C,0.0,0.0,0.0,0.0,0.0,0.3586314,0.0,0.0,0.2811833,0.0,0.0,1.142679,1.781829,0.0,0.2559513,0.0,0.720529,0.0,0.0,0.0,0.2141572,0.0,0.0,0.0,0.0,0.3426178,0.0,0.0,0.5116002,0.0,0.5436807,0.4401429,0.0,0.0,0.6597094,0.0,2.263144,0.2856138,0.0,2.124558
COL6A2,0.0,0.0,0.0,0.0,0.0,0.0,0.0,0.0,0.0,0.0,0.0,0.0,0.0,0.0,0.0,0.0,0.0,0.0,0.0,1.00423,0.0,0.0,0.0,0.0,0.0,0.0,0.0,0.0,0.0,0.0,0.0,0.0,0.0,0.0,0.0,0.0,0.0,0.0,0.0,0.0
GADD45GIP1,1.177402,0.0,1.305719,2.324013,0.0,1.336027,0.0,0.0,1.081188,1.863004,0.0,1.497305,1.781829,2.622001,1.878259,1.735187,1.652896,1.654434,0.7302021,0.0,1.147198,0.0,1.752494,0.0,0.0,1.350774,0.0,0.0,1.541966,0.0,1.358239,1.740448,0.5713152,0.0,1.335709,0.0,2.263144,1.198171,1.438181,0.0
ICAM3,0.7528135,0.0,0.0,0.0,0.0,0.0,0.0,0.0,0.0,0.0,0.0,0.2365686,0.0,0.0,0.2559513,0.0,0.4238027,0.0,0.7302021,0.0,0.2141572,0.0,0.0,0.0,0.0,0.3426178,0.0,0.0,0.0,0.0,0.3083426,0.2440942,0.0,0.0,0.0,0.0,0.0,0.0,0.0,0.0
CFL1,1.889313,0.0,2.670813,2.966982,0.0,2.818098,2.79815,1.509859,2.661137,3.076558,2.267787,2.834017,0.0,1.998993,3.499106,2.80739,3.419514,3.097864,2.670262,0.0,2.648651,0.0,3.907,3.14511,2.784148,2.780019,4.054913,2.377245,2.687381,3.627803,3.020573,3.140575,2.399505,1.900357,2.931214,2.420471,2.263144,2.722274,2.805154,2.756103
UQCRQ,0.7528135,1.735315,1.305719,2.324013,2.132383,1.95149,4.137676,3.098134,1.87485,2.327591,0.0,2.13689,0.0,2.622001,2.306814,2.476256,2.854201,3.097864,2.417453,1.00423,1.870694,2.256228,2.728304,3.14511,2.15095,2.259807,0.0,2.377245,1.541966,3.134538,2.558662,2.168026,1.793235,2.515805,2.769314,2.795861,0.0,1.602804,2.77222,2.124558
SPRY1,0.0,0.0,0.0,0.0,0.0,0.3586314,0.0,0.0,0.5004072,0.434575,0.0,0.2365686,0.0,0.0,0.0,0.0,0.0,0.0,0.4303203,0.0,0.0,0.0,0.0,0.0,0.0,0.3426178,0.0,0.0,0.0,0.0,0.5436807,0.2440942,0.3259146,0.0,0.6597094,0.0,0.0,0.0,1.144865,0.0
COX5B,1.47451,2.336158,0.0,2.966982,2.764424,1.540439,2.164142,2.449131,1.588491,2.088895,2.907776,1.846546,0.0,0.0,1.784857,1.587531,2.534548,1.654434,1.668084,1.495061,1.711549,0.0,2.579259,0.0,0.0,2.17065,2.207963,1.772846,2.161196,3.134538,1.739619,2.229362,1.793235,0.0,1.887885,1.270543,2.263144,0.8425641,2.258431,2.124558
RPS21,3.330458,4.642039,3.785222,4.534382,3.82012,3.519989,4.074201,3.48844,3.50089,3.720346,4.472554,3.118766,2.76141,3.002949,3.668966,3.91272,3.690235,3.665382,3.520542,2.573271,3.619,2.256228,3.405976,4.318475,3.662666,3.441656,4.186275,4.431875,3.425048,3.627803,3.489902,3.563362,3.743055,3.559047,3.544786,3.535619,3.56821,2.504682,3.650276,3.962419
POMP,0.7528135,1.735315,1.305719,3.355145,0.0,1.981671,2.164142,1.509859,1.87485,2.6041,0.0,2.13689,0.0,1.998993,2.627155,1.587531,2.614929,2.247097,2.078285,0.0,1.753772,0.0,2.065408,2.760947,3.168805,1.775556,2.84458,0.0,1.610986,2.119384,2.664669,2.512445,1.726966,2.515805,2.769314,2.420471,2.263144,1.602804,2.46045,2.756103
TPD52,0.0,0.0,1.853275,0.0,0.0,0.4989881,0.0,0.0,0.5004072,1.156009,2.267787,0.5881662,0.0,0.0,1.011651,0.0,0.0,2.247097,0.0,0.0,0.5402594,0.0,0.7225949,2.129113,0.0,0.3426178,0.0,0.0,0.5116002,0.0,0.5436807,0.6039846,0.3259146,0.0,0.6597094,1.270543,0.0,1.093087,0.0,0.0
COX6B1,0.0,2.336158,2.46482,2.966982,0.0,1.95149,3.460363,1.509859,2.097198,1.450639,2.267787,2.002218,0.0,1.998993,2.149892,2.080064,2.614929,2.885944,2.50901,0.0,2.156652,0.0,2.065408,3.421968,0.0,2.122901,2.207963,1.772846,2.161196,3.134538,2.586236,2.489777,1.793235,1.900357,2.708947,2.161985,2.263144,1.727772,2.547966,2.756103
NDUFA4,0.0,1.735315,2.205085,2.324013,2.132383,1.888251,3.460363,0.0,1.969799,1.677928,0.0,2.104884,0.0,0.0,2.539047,1.587531,2.187893,2.616692,2.464279,0.0,1.870694,0.0,2.404042,2.129113,0.0,2.380206,0.0,0.0,2.709857,2.119384,2.305499,2.393588,1.855385,2.515805,1.555387,2.625678,2.263144,1.784849,2.77222,2.756103
NPC2,0.7528135,2.336158,1.305719,0.0,0.0,1.149573,2.164142,0.0,1.446204,1.944105,0.0,1.927408,0.0,0.0,0.4595615,1.414232,1.134957,0.0,0.7302021,0.0,1.068338,0.0,1.29457,0.0,2.15095,1.350774,0.0,0.0,0.8484042,2.119384,0.7340501,1.396519,0.9326318,1.900357,1.335709,1.270543,0.0,0.6890064,1.557835,0.0
S100A13,0.0,0.0,1.30571904818115,0.0,0.0,0.19530736080636,0.0,0.0,0.500407230924453,0.0,0.0,0.726377712518601,0.0,1.99899325293938,0.459561497928911,0.575675428952768,0.720529038055004,0.0,0.0,0.0,0.214157195780163,0.0,0.722594854998228,0.0,0.0,0.800157201332063,0.0,0.0,0.848404150138105,0.0,0.543680687584582,0.744723120023527,0.325914603309185,0.0,0.0,1.27054347247737,2.26314385595782,0.507514362462335,0.728035357566666,0.0
RPL38,4.045648,4.122597,3.328749,2.966982,4.416239,3.353673,3.460363,3.098134,3.353379,2.942443,4.938266,3.045335,0.0,2.622001,3.406814,3.6671,3.607878,4.025201,3.597079,2.069292,3.573146,2.256228,2.887943,4.318475,3.662666,3.492657,3.725352,4.592609,3.446556,4.401659,3.511696,3.04001,3.423216,2.893968,3.717756,3.797003,4.115663,2.420184,3.324143,4.407465
CD99,0.0,0.0,0.0,0.0,0.0,0.1953074,0.0,1.509859,0.6801071,0.434575,0.0,0.2365686,0.0,0.0,0.6286456,0.9387027,0.720529,0.0,1.14772,1.00423,0.3904427,0.0,1.137686,0.0,0.0,0.3426178,0.0,0.0,0.2881662,0.0,0.3083426,0.0,0.3259146,0.0,0.0,0.0,0.0,0.2856138,0.4288586,2.124558
ACTN1,0.7528135,0.0,0.0,0.0,0.0,0.7316094,0.0,0.0,0.6801071,0.7365003,0.0,0.427741,0.0,0.0,0.7732325,0.5756754,0.0,0.0,0.0,1.00423,0.670528,0.0,0.0,0.0,0.0,0.3426178,0.0,0.0,0.5116002,0.0,0.3083426,0.4401429,0.0,0.0,0.6597094,0.0,0.0,0.0,0.7280354,0.0
PTRF,0.0,0.0,0.0,0.0,0.0,0.0,0.0,0.0,0.0,0.0,0.0,0.427741,0.0,0.0,0.0,0.0,0.0,0.0,0.0,0.0,0.0,0.0,1.752494,0.0,0.0,0.0,0.0,0.0,0.0,0.0,0.0,0.0,0.0,0.0,0.0,0.0,0.0,0.2856138,0.0,0.0
TCEB2,2.816696,3.192679,3.328749,3.851911,3.148661,2.067104,3.009035,0.0,2.097198,2.883319,0.0,2.071819,0.0,3.002949,2.183309,2.897198,2.65282,0.0,2.706816,1.00423,2.286074,0.0,3.313978,3.63856,3.445918,2.259807,4.054913,1.772846,2.23532,2.7506,1.674103,2.135886,1.913897,2.515805,3.026205,3.373849,0.0,2.420184,2.258431,2.756103
PPDPF,2.672463,0.0,1.853275,2.324013,0.0,2.329659,3.009035,0.0,2.590652,2.154119,2.907776,2.523844,2.387057,2.622001,2.727382,2.9796,2.65282,2.885944,2.95925,0.0,2.522783,3.282452,3.123479,0.0,2.15095,2.453105,2.84458,2.377245,2.640854,2.7506,2.501123,2.258675,2.326998,3.167714,3.301688,1.812473,0.0,2.557291,2.13972,0.0
CD7,0.0,0.0,0.0,0.0,0.0,0.0,0.0,0.0,0.0,0.434575,0.0,0.0,0.0,0.0,0.0,0.0,0.0,0.0,0.0,0.0,0.2141572,0.0,0.0,0.0,0.0,0.3426178,0.0,0.0,0.0,0.0,0.0,0.0,0.0,0.0,0.0,0.0,0.0,0.0,0.0,0.0
RPS4Y1,0.0,0.0,0.0,0.0,0.0,0.0,0.0,0.0,0.0,0.0,0.0,0.0,0.0,0.0,0.0,0.0,0.0,0.0,0.0,0.0,0.0,0.0,0.4251929,0.0,0.0,0.0,0.0,0.0,0.0,0.0,0.0,0.0,0.0,0.0,0.0,0.0,0.0,0.0,0.4288586,0.0
ANXA1,0.0,0.0,0.0,0.0,0.0,0.0,0.0,0.0,0.0,0.0,0.0,0.0,0.0,0.0,0.0,0.0,0.0,0.0,0.0,1.00423,0.0,0.0,2.191462,0.0,0.0,0.0,0.0,0.0,0.0,0.0,0.3083426,0.0,0.0,0.0,0.0,0.0,0.0,0.2856138,0.0,0.0
KLRD1,0.0,0.0,0.0,0.0,0.0,0.0,0.0,0.0,0.0,0.0,0.0,0.0,0.0,0.0,0.0,0.0,0.0,0.0,0.0,0.0,0.0,0.0,0.0,0.0,0.0,0.0,0.0,0.0,0.0,0.0,0.0,0.0,0.0,0.0,0.6597094,0.0,0.0,0.0,0.0,0.0
COL1A2,0.0,0.0,0.0,0.0,0.0,0.0,0.0,1.509859,0.0,0.0,0.0,0.0,1.781829,0.0,0.2559513,0.0,0.0,0.0,0.0,0.0,0.0,0.0,0.0,0.0,0.0,0.0,0.0,0.0,0.0,0.0,0.0,0.2440942,0.0,0.0,0.6597094,0.0,0.0,0.0,0.4288586,0.0
IGLC3,0.0,0.0,0.0,0.0,0.0,0.0,0.0,0.0,0.0,0.0,0.0,0.0,0.0,0.0,0.0,0.0,0.0,0.0,0.0,0.0,0.0,0.0,0.0,0.0,0.0,0.0,0.0,0.0,0.0,0.0,0.0,0.0,0.0,0.0,0.0,0.0,0.0,0.0,0.0,0.0
CXCL8,1.47451,3.865081,2.46482,2.324013,2.764424,1.215663,2.164142,2.449131,0.832381,0.9680934,0.0,1.142679,1.781829,1.998993,1.287912,0.9387027,1.427091,2.247097,0.7302021,1.495061,1.220291,2.256228,0.7225949,0.0,2.784148,1.238891,0.0,1.772846,1.205328,2.119384,1.358239,1.076793,1.307543,2.893968,1.735392,2.795861,0.0,1.293254,1.664689,3.416965
TNFRSF18,0.0,0.0,0.0,0.0,0.0,0.0,0.0,0.0,0.0,0.0,0.0,0.0,0.0,0.0,0.0,0.575675428952768,0.0,0.0,0.0,0.0,0.0,0.0,0.0,0.0,0.0,0.0,0.0,0.0,0.0,0.0,0.0,0.0,0.0,0.0,0.0,0.0,0.0,0.0,0.0,0.0
MYL12B,0.7528135,2.336158,0.0,0.0,0.0,0.6220476,0.0,0.0,1.36667,1.570727,2.267787,1.497305,0.0,0.0,1.734666,1.587531,1.427091,1.654434,0.9605947,0.0,1.068338,0.0,2.693074,2.129113,2.15095,0.9687014,0.0,0.0,1.099903,0.0,1.674103,1.52476,0.3259146,0.0,0.0,2.420471,2.263144,0.9756506,1.144865,0.0
SUMO2,1.177402,0.0,2.841535,0.0,0.0,1.888251,1.579713,0.0,2.056509,1.863004,0.0,1.662089,0.0,0.0,2.042371,1.735187,2.351345,2.247097,2.316661,1.495061,2.039516,0.0,2.248991,0.0,0.0,2.17065,0.0,0.0,2.368878,2.119384,1.913782,2.368023,2.071327,0.0,1.053775,2.795861,0.0,1.667239,2.312888,2.124558
ARHGDIB,0.7528135,0.0,0.0,0.0,0.0,0.0,0.0,0.0,0.0,0.434575,0.0,0.427741,0.0,0.0,0.4595615,0.0,0.0,0.0,0.0,0.0,0.3904427,0.0,0.0,0.0,0.0,0.0,0.0,0.0,0.2881662,0.0,0.0,0.0,0.0,0.0,0.6597094,0.0,0.0,0.0,1.144865,0.0
MYL12A,1.177402,0.0,0.0,2.966982,0.0,1.002643,0.0,0.0,1.519876,0.9680934,0.0,1.555303,0.0,1.998993,1.204028,0.9387027,1.427091,0.0,1.305288,0.0,0.9827231,0.0,1.137686,0.0,0.0,1.238891,2.207963,0.0,1.387746,2.7506,0.7340501,0.9778702,0.7682042,2.515805,1.735392,0.0,0.0,1.602804,1.302238,0.0
YBX3,0.0,0.0,1.305719,0.0,0.0,0.7316094,0.0,0.0,1.446204,0.0,0.0,0.8477858,0.0,1.998993,0.7732325,0.0,0.9490601,0.0,0.4303203,0.0,0.0,0.0,0.7225949,0.0,0.0,0.3426178,0.0,0.0,0.6941153,0.0,0.8939098,0.7447231,0.5713152,0.0,0.0,0.0,0.0,0.5075144,0.9580128,0.0
ZFP36,1.47451,0.0,0.0,0.0,0.0,1.215663,0.0,1.509859,0.9645025,0.9680934,0.0,2.002218,1.781829,0.0,1.112459,1.735187,0.4238027,0.0,1.852776,0.0,1.412115,0.0,0.0,0.0,0.0,0.8001572,0.0,0.0,1.467826,0.0,1.528591,0.9778702,0.5713152,0.0,2.422724,0.0,0.0,1.459959,0.9580128,0.0
MCL1,0.752813520601271,0.0,0.0,0.0,0.0,0.622047626287169,0.0,0.0,0.680107140888014,0.434574976876293,0.0,0.847785776841192,1.78182890102545,0.0,0.628645606109281,0.575675428952768,0.0,0.0,0.430320344076267,1.00423000666566,0.540259444832807,0.0,0.0,0.0,0.0,0.597330170802566,0.0,0.0,0.288166224818977,0.0,0.734050073281415,0.440142916680324,0.571315155840473,0.0,0.0,0.0,0.0,0.842564123737005,0.428858606762342,0.0
TMBIM4,0.7528135,2.336158,0.0,0.0,0.0,0.9201999,0.0,0.0,1.185669,0.434575,0.0,0.7263777,0.0,0.0,0.6286456,0.5756754,1.134957,2.247097,1.14772,1.00423,0.2141572,0.0,0.9515253,0.0,0.0,0.9687014,0.0,0.0,0.5116002,0.0,0.7340501,0.9778702,0.7682042,0.0,0.6597094,0.0,0.0,1.198171,1.144865,2.124558
UBL5,0.7528135,1.735315,1.305719,2.324013,0.0,1.74834,1.579713,0.0,1.923451,2.088895,0.0,1.610121,0.0,1.998993,2.363281,1.414232,2.447136,0.0,1.441374,1.00423,1.468667,0.0,2.191462,2.129113,3.168805,1.775556,3.230468,0.0,1.947569,0.0,2.062064,2.102679,1.579591,0.0,2.422724,2.420471,0.0,1.459959,2.46045,0.0
COL4A2,0.0,0.0,0.0,0.0,0.0,0.1953074,0.0,0.0,0.0,0.0,0.0,0.0,0.0,0.0,0.0,0.0,0.0,0.0,0.0,0.0,0.2141572,0.0,0.0,0.0,0.0,0.0,0.0,0.0,0.0,0.0,0.3083426,0.0,0.0,0.0,0.0,0.0,0.0,0.2856138,0.0,0.0
MYL9,1.177402,0.0,0.0,0.0,2.132383,0.1953074,0.0,0.0,0.2811833,1.156009,0.0,0.2365686,0.0,0.0,0.2559513,0.5756754,0.0,0.0,0.0,1.00423,0.3904427,0.0,2.065408,0.0,0.0,0.3426178,0.0,0.0,0.2881662,0.0,0.0,0.0,0.0,0.0,0.0,0.0,0.0,0.8425641,0.4288586,0.0
MORF4L1,0.0,0.0,1.305719,0.0,2.132383,0.7316094,0.0,0.0,0.9645025,1.314136,0.0,0.7263777,0.0,0.0,0.8995306,0.9387027,1.134957,0.0,0.7302021,1.00423,0.670528,0.0,1.137686,0.0,0.0,0.8001572,2.207963,0.0,0.5116002,0.0,0.8939098,0.868076,0.3259146,0.0,1.053775,1.270543,0.0,1.093087,0.4288586,0.0
SERF2,2.046116,0.0,1.305719,2.324013,2.132383,1.981671,2.79815,2.714984,1.713032,3.216853,0.0,2.457516,0.0,2.622001,2.042371,2.25776,2.400387,1.654434,2.417453,1.00423,1.468667,0.0,2.495484,2.129113,2.784148,2.380206,2.84458,0.0,2.23532,2.7506,2.305499,2.032763,1.913897,1.900357,2.708947,2.625678,2.902878,2.261246,2.312888,2.124558
RPL28,4.121312,4.195547,3.722196,3.851911,4.502244,3.858035,3.933713,3.48844,4.005506,3.808635,3.79076,3.240805,3.422446,4.265462,3.719728,4.159583,3.837027,4.025201,4.022679,2.069292,3.778453,3.282452,3.44053,4.098656,3.991778,3.976024,4.186275,4.994693,3.927165,4.087791,3.679962,3.824006,4.10629,3.839587,3.544786,3.535619,4.467432,3.197492,3.607636,3.962419
MT-CO1,3.723926,5.950639,5.154342,5.807533,5.189833,5.646616,5.669941,5.272667,4.786148,4.169512,3.969311,5.036501,5.129805,4.635757,5.054731,4.171663,5.180657,4.851276,5.172224,4.873175,5.699792,3.77815,4.970293,6.334989,5.719395,5.623387,5.922837,5.255493,5.185579,4.401659,5.074634,5.626689,4.947787,5.592289,5.473507,5.980579,3.56821,5.856303,4.851361,5.527652
EVL,0.0,0.0,0.0,0.0,0.0,0.0,0.0,0.0,0.0,0.0,0.0,0.0,0.0,0.0,0.0,0.0,0.0,0.0,0.0,0.0,0.0,0.0,0.0,0.0,0.0,0.0,0.0,0.0,0.0,0.0,0.0,0.0,0.0,0.0,0.0,0.0,0.0,0.0,0.0,0.0
WSB1,0.0,0.0,0.0,0.0,0.0,0.6220476,0.0,1.509859,1.081188,1.677928,0.0,1.224378,0.0,0.0,0.8995306,0.9387027,0.0,0.0,0.4303203,1.00423,1.220291,2.256228,0.0,0.0,2.15095,0.5973302,0.0,0.0,0.2881662,0.0,0.5436807,0.4401429,1.406679,0.0,0.0,0.0,0.0,1.459959,0.0,0.0
PCBP2,0.0,1.735315,2.205085,0.0,0.0,1.215663,0.0,1.509859,1.87485,1.774742,0.0,0.7263777,0.0,1.998993,1.437127,1.414232,1.749172,0.0,1.441374,1.00423,1.288403,0.0,1.137686,0.0,0.0,1.775556,2.207963,1.772846,0.6941153,0.0,0.7340501,0.868076,1.579591,0.0,1.053775,1.270543,0.0,1.667239,1.438181,0.0
HLA-A,1.703267,0.0,0.0,0.0,2.764424,1.078804,2.164142,0.0,0.9645025,1.314136,2.267787,1.299904,0.0,0.0,1.287912,2.336017,1.836988,0.0,1.305288,2.069292,1.621346,0.0,2.404042,3.14511,2.15095,0.8001572,0.0,0.0,0.9820392,0.0,1.152786,0.9778702,0.5713152,0.0,0.6597094,0.0,0.0,2.327882,1.438181,0.0
PTPRC,0.0,0.0,0.0,0.0,0.0,0.0,0.0,0.0,0.0,0.0,0.0,0.0,0.0,0.0,0.0,0.0,0.0,0.0,0.0,0.0,0.0,0.0,0.0,0.0,0.0,0.0,0.0,0.0,0.0,0.0,0.0,0.0,0.0,0.0,0.0,0.0,0.0,0.0,0.0,0.0
TMA7,2.046116,0.0,1.853275,0.0,0.0,1.540439,0.0,0.0,1.713032,2.563005,2.267787,1.758564,0.0,0.0,1.832648,1.587531,2.447136,0.0,1.852776,0.0,1.288403,0.0,0.9515253,2.129113,2.784148,2.301571,0.0,0.0,1.736195,2.7506,2.340877,2.393588,1.855385,1.900357,1.555387,2.625678,0.0,1.459959,2.46045,2.756103
GNG7,0.0,0.0,0.0,0.0,0.0,0.0,0.0,0.0,0.0,0.0,0.0,0.0,0.0,0.0,0.0,0.0,0.0,0.0,0.0,0.0,0.0,0.0,0.0,0.0,0.0,0.0,0.0,0.0,0.0,0.0,0.0,0.0,0.0,0.0,0.0,0.0,0.0,0.0,0.0,0.0
ANXA5,0.7528135,0.0,0.0,0.0,2.132383,0.3586314,0.0,1.509859,0.2811833,0.434575,0.0,0.2365686,0.0,0.0,0.6286456,0.0,0.0,0.0,0.4303203,0.0,0.0,0.0,0.7225949,0.0,0.0,0.8001572,0.0,0.0,0.9820392,0.0,0.5436807,0.2440942,0.3259146,0.0,0.0,1.270543,0.0,0.5075144,0.4288586,0.0
TMEM230,0.7528135,0.0,0.0,0.0,0.0,0.1953074,1.579713,0.0,0.6801071,0.434575,0.0,0.427741,0.0,0.0,0.4595615,0.0,0.0,0.0,0.0,0.0,0.3904427,0.0,0.0,0.0,0.0,0.5973302,0.0,0.0,0.8484042,0.0,0.0,0.2440942,0.3259146,0.0,0.0,1.270543,0.0,0.2856138,0.4288586,0.0
CLIC4,0.0,0.0,0.0,0.0,2.132383105178,0.0,0.0,0.0,0.0,0.0,0.0,0.236568564456008,0.0,0.0,0.255951251736804,0.0,0.0,0.0,0.0,0.0,0.390442669323526,0.0,0.0,0.0,0.0,0.342617793464935,0.0,0.0,0.0,0.0,0.0,0.0,0.0,0.0,0.0,0.0,0.0,0.285613819387722,0.0,0.0
PSMB1,1.703267,0.0,1.853275,0.0,2.132383,1.585621,1.579713,2.085944,2.614703,1.774742,0.0,2.336146,0.0,2.622001,2.800906,1.863819,2.575546,2.616692,2.26218,0.0,2.128629,0.0,1.840368,3.14511,2.784148,2.380206,2.207963,0.0,1.994102,2.7506,2.613069,2.442839,1.726966,0.0,1.053775,1.812473,2.263144,2.189851,2.547966,2.756103
TPM4,1.177402,1.735315,0.0,0.0,2.132383,0.9201999,0.0,0.0,1.081188,1.570727,2.267787,1.803522,0.0,2.622001,1.3653,1.735187,0.9490601,0.0,0.7302021,1.00423,1.412115,0.0,2.495484,2.129113,2.15095,1.112894,0.0,0.0,0.6941153,0.0,1.26078,0.868076,0.9326318,0.0,0.6597094,1.812473,0.0,2.189851,1.557835,0.0
PPIC,0.0,0.0,0.0,0.0,0.0,0.1953074,1.579713,0.0,0.6801071,0.0,0.0,0.8477858,0.0,0.0,0.8995306,0.5756754,0.4238027,0.0,0.4303203,1.00423,0.670528,0.0,0.7225949,0.0,0.0,0.3426178,0.0,0.0,0.2881662,0.0,0.7340501,0.4401429,0.3259146,0.0,0.0,0.0,0.0,1.198171,0.0,0.0
HSPG2,0.0,0.0,0.0,0.0,0.0,0.0,0.0,0.0,0.0,0.0,0.0,0.0,0.0,0.0,0.0,0.0,0.0,0.0,0.0,0.0,0.0,0.0,0.0,2.12911315147707,0.0,0.0,0.0,0.0,0.288166224818977,0.0,0.0,0.0,0.0,0.0,0.0,0.0,0.0,0.689006387893914,0.0,0.0
TFPI,0.0,0.0,0.0,0.0,0.0,0.0,0.0,0.0,0.0,0.0,0.0,0.2365686,0.0,0.0,0.0,0.0,0.0,0.0,0.0,0.0,0.0,0.0,0.0,0.0,0.0,0.0,0.0,0.0,0.0,0.0,0.0,0.0,0.0,0.0,0.0,0.0,0.0,0.2856138,0.0,0.0
CXCR4,0.0,0.0,0.0,0.0,0.0,0.0,0.0,0.0,0.0,0.0,0.0,0.0,0.0,0.0,0.0,0.0,0.0,0.0,0.0,0.0,0.0,0.0,0.0,0.0,0.0,0.0,0.0,0.0,0.0,0.0,0.0,0.0,0.0,0.0,0.0,0.0,0.0,0.0,0.0,0.0
EMB,0.0,0.0,0.0,0.0,0.0,0.3586314,0.0,0.0,0.0,0.0,0.0,0.5881662,0.0,0.0,0.0,0.0,0.720529,0.0,0.0,0.0,0.0,0.0,0.4251929,0.0,0.0,0.0,0.0,0.0,0.0,0.0,0.0,0.0,0.3259146,0.0,0.0,0.0,0.0,0.5075144,0.0,0.0
NCF1,0.0,0.0,0.0,0.0,0.0,0.0,0.0,0.0,0.0,0.0,0.0,0.0,0.0,0.0,0.0,0.0,0.0,0.0,0.0,0.0,0.0,0.0,0.0,0.0,0.0,0.0,0.0,0.0,0.0,0.0,0.0,0.0,0.0,0.0,0.0,0.0,0.0,0.0,0.0,0.0
SELM,0.0,0.0,0.0,0.0,0.0,0.1953074,0.0,0.0,0.2811833,0.0,0.0,0.0,0.0,0.0,0.0,0.0,0.0,0.0,0.0,0.0,0.3904427,0.0,0.7225949,0.0,0.0,0.0,0.0,0.0,0.0,0.0,0.0,0.0,0.0,0.0,0.0,1.270543,2.263144,0.2856138,0.4288586,0.0
MZT2B,1.177402,0.0,1.305719,0.0,0.0,1.443447,1.579713,2.085944,1.652699,0.9680934,0.0,1.142679,0.0,0.0,1.3653,1.204471,1.291654,0.0,0.4303203,0.0,0.5402594,0.0,1.430147,0.0,0.0,1.350774,0.0,2.377245,1.205328,0.0,1.674103,1.917769,0.5713152,2.515805,1.053775,2.420471,2.263144,0.9756506,1.664689,0.0
DNAJB9,0.0,0.0,0.0,0.0,0.0,0.1953074,0.0,0.0,0.0,0.0,0.0,0.0,0.0,0.0,0.0,0.0,0.4238027,1.654434,0.4303203,0.0,0.2141572,0.0,0.0,0.0,0.0,0.0,0.0,0.0,0.0,0.0,0.0,0.0,0.0,0.0,0.0,0.0,0.0,0.2856138,0.0,0.0
COL6A1,0.0,0.0,0.0,0.0,0.0,0.0,0.0,0.0,0.0,0.0,0.0,0.0,0.0,0.0,0.0,0.0,0.0,0.0,0.0,0.0,0.0,0.0,0.0,0.0,0.0,0.0,0.0,0.0,0.0,0.0,0.0,0.0,0.0,0.0,0.0,0.0,0.0,0.2856138,0.0,0.0
TPM1,1.177402,0.0,1.305719,0.0,0.0,1.540439,0.0,0.0,1.588491,1.314136,0.0,1.370124,0.0,0.0,0.7732325,1.863819,1.134957,0.0,1.668084,1.00423,0.5402594,2.256228,1.656147,0.0,0.0,0.8001572,2.207963,0.0,1.610986,0.0,1.913782,0.868076,0.9326318,0.0,1.887885,1.270543,0.0,1.667239,0.4288586,0.0
CYR61,0.752813520601271,0.0,0.0,0.0,0.0,0.0,0.0,0.0,0.0,0.434574976876293,0.0,0.588166176048884,0.0,0.0,0.77323251890491,0.0,0.0,0.0,0.0,0.0,0.214157195780163,0.0,0.0,0.0,0.0,0.0,0.0,0.0,0.0,0.0,0.0,0.0,0.0,0.0,0.0,0.0,0.0,0.0,1.14486451649646,0.0
HNRNPA2B1,1.177402,0.0,0.0,2.324013,2.132383,1.443447,1.579713,0.0,2.056509,2.154119,0.0,1.803522,2.387057,1.998993,2.467466,1.204471,2.447136,0.0,1.668084,1.495061,0.785766,2.256228,1.752494,2.129113,0.0,1.775556,2.207963,0.0,2.038565,2.119384,1.674103,2.598303,0.9326318,1.900357,1.053775,0.0,0.0,1.380077,2.589011,2.124558
HLA-DPA1,0.0,0.0,0.0,0.0,0.0,0.0,0.0,0.0,0.0,0.0,0.0,0.0,0.0,0.0,0.0,0.0,0.0,0.0,0.0,0.0,0.0,0.0,0.0,0.0,0.0,0.0,0.0,0.0,0.0,0.0,0.0,0.0,0.0,0.0,0.0,0.0,0.0,0.0,0.0,0.0
RPS27,4.8941750776822,5.15799980510909,4.52690175305737,4.31391800017891,4.65480969727303,4.13122956148021,4.5782008989617,3.98697084240696,3.78100105510001,4.16106133737067,4.65297037358861,3.55236048610532,2.76140987026505,4.85695886894839,3.82690560502601,4.22996488815134,4.23528065507844,4.94587565432312,4.31310193988752,1.8228403481643,4.19982674793108,2.25622786427144,3.92807825150279,3.81649057870658,4.34289779277487,4.47311904036653,4.80776394835927,5.08938684600617,4.04495255376517,4.08779077647565,3.93578354834053,3.76172590306904,4.61305838800959,5.04073516512747,4.06023681435001,3.90586363458964,5.45343103769978,2.91888692820419,3.96923246933769,4.94886441252912
IGFBP4,0.7528135,0.0,0.0,0.0,0.0,0.1953074,0.0,0.0,0.5004072,0.434575,0.0,0.2365686,0.0,0.0,0.2559513,0.0,0.0,0.0,0.0,0.0,0.3904427,0.0,0.0,0.0,0.0,0.3426178,0.0,0.0,0.0,0.0,0.0,0.0,0.5713152,0.0,0.0,0.0,0.0,0.2856138,0.0,0.0
SH3BGRL3,0.752813520601271,0.0,1.30571904818115,0.0,2.132383105178,1.21566332656132,2.53057238575865,0.0,0.964502459939233,1.57072741092523,0.0,1.29990392740182,0.0,1.99899325293938,1.01165129318583,1.97777559024385,0.949060125061916,0.0,0.960594719164157,0.0,0.785765960777977,0.0,3.274670207715,0.0,0.0,0.800157201332063,0.0,0.0,0.69411525100425,2.75059964045907,1.73961929089159,0.977870164120139,0.768204184291367,0.0,1.55538729956269,0.0,0.0,2.11296423371848,1.30223848847394,0.0
JUND,1.889313,0.0,0.0,0.0,0.0,0.7316094,0.0,0.0,0.832381,0.9680934,0.0,1.497305,0.0,0.0,0.6286456,1.587531,0.9490601,0.0,1.764688,2.069292,0.8890857,0.0,0.0,0.0,0.0,1.350774,0.0,0.0,0.6941153,0.0,0.5436807,1.24938,1.197487,0.0,1.735392,0.0,0.0,1.293254,1.438181,0.0
ARGLU1,0.0,0.0,0.0,0.0,0.0,0.8303439,0.0,0.0,0.6801071,0.434575,0.0,1.299904,0.0,0.0,0.7732325,1.414232,1.134957,0.0,0.7302021,2.266857,0.670528,2.895581,0.0,0.0,0.0,0.3426178,0.0,0.0,1.467826,0.0,1.152786,0.868076,0.7682042,0.0,0.0,0.0,0.0,1.380077,1.438181,0.0
ATP5E,2.046116,2.708859,2.841535,4.030686,3.642174,2.880512,4.074201,2.449131,2.970809,2.883319,2.267787,2.735166,0.0,3.002949,3.091118,3.091721,3.329192,3.272633,3.039594,1.00423,2.463579,2.256228,3.490219,2.129113,2.15095,2.52105,0.0,3.909537,2.664388,3.627803,3.212336,3.04001,2.821211,3.382402,3.153655,2.795861,3.289886,2.152147,3.547798,3.416965
AAK1,0.7528135,0.0,0.0,0.0,0.0,0.3586314,0.0,0.0,0.5004072,0.7365003,0.0,0.8477858,0.0,0.0,0.6286456,1.414232,0.720529,0.0,0.4303203,1.00423,0.3904427,2.256228,0.0,0.0,0.0,0.3426178,0.0,0.0,0.2881662,0.0,0.7340501,0.2440942,0.3259146,0.0,0.6597094,0.0,0.0,0.8425641,0.0,0.0
YBX1,1.17740167379281,0.0,1.30571904818115,0.0,0.0,2.21877014549356,0.0,1.50985911457773,2.01409311627891,2.01911794411343,0.0,1.96551269766517,1.78182890102545,3.00294930775638,2.51575108092841,2.25775966161398,1.99240137735663,1.65443392472602,1.76468807058064,0.0,1.75377156720541,2.25622786427144,2.30339019484054,0.0,0.0,1.62655118416406,2.20796293555735,2.75128570305625,2.51408405956624,2.11938402866758,2.50112328592904,2.13588607659479,1.3075431696491,0.0,1.05377543587947,2.16198476749538,0.0,1.72777176055277,2.25843073427476,3.14016114678815
UBE2J1,0.0,0.0,0.0,0.0,0.0,0.0,0.0,0.0,0.5004072,0.0,0.0,0.0,0.0,0.0,0.4595615,0.0,0.4238027,0.0,0.7302021,0.0,0.3904427,0.0,0.9515253,0.0,0.0,0.3426178,0.0,0.0,0.6941153,0.0,0.7340501,0.2440942,0.7682042,0.0,0.0,0.0,0.0,0.6890064,0.4288586,0.0
MANF,0.0,0.0,1.305719,0.0,2.132383,0.1953074,0.0,0.0,0.0,0.0,0.0,0.427741,0.0,0.0,0.6286456,1.735187,0.720529,0.0,0.7302021,0.0,0.3904427,0.0,0.4251929,0.0,0.0,0.3426178,0.0,0.0,0.6941153,0.0,1.152786,0.4401429,0.3259146,0.0,0.0,1.270543,0.0,0.2856138,0.4288586,0.0
COX6A1,2.181632,1.735315,2.205085,0.0,2.132383,1.82074,3.183099,0.0,1.969799,2.154119,0.0,1.887794,0.0,1.998993,2.277338,2.539629,2.534548,0.0,2.078285,1.00423,1.870694,2.256228,2.82711,3.421968,2.15095,2.6731,3.725352,2.751286,1.947569,3.411281,2.062064,1.833034,1.726966,1.900357,2.241568,2.420471,0.0,1.727772,2.004994,0.0
HNMT,0.0,0.0,0.0,0.0,0.0,0.0,0.0,0.0,1.185669,0.0,0.0,0.0,0.0,0.0,0.4595615,0.9387027,0.9490601,0.0,0.7302021,0.0,0.785766,0.0,0.0,0.0,0.0,0.3426178,0.0,0.0,0.2881662,0.0,0.5436807,0.2440942,0.3259146,0.0,1.053775,0.0,0.0,0.0,0.4288586,0.0
USMG5,0.7528135,0.0,1.305719,2.966982,0.0,1.443447,2.79815,0.0,1.713032,1.314136,0.0,1.497305,0.0,3.002949,1.504139,1.204471,1.992401,2.885944,1.305288,0.0,0.670528,0.0,1.995873,2.129113,2.15095,1.703826,0.0,0.0,1.610986,3.134538,1.913782,1.740448,1.496868,0.0,2.136984,0.0,3.289886,0.8425641,0.9580128,2.124558
YWHAB,1.703267,2.336158,1.305719,0.0,0.0,1.74834,1.579713,0.0,2.056509,2.6041,0.0,2.309999,0.0,0.0,2.605845,1.587531,2.061899,2.616692,2.316661,0.0,1.572998,2.256228,2.656556,2.129113,0.0,2.17065,2.207963,0.0,2.038565,2.7506,2.558662,2.677369,1.969174,0.0,1.555387,2.420471,0.0,2.189851,2.413641,0.0
RPL8,4.288673,4.595978,3.844511,4.313918,4.904007,4.117274,4.495712,2.085944,4.095922,3.867242,4.566825,3.961015,1.781829,4.695811,4.12654,3.848477,4.032732,4.399034,3.734546,2.266857,4.057655,0.0,4.055218,3.967493,4.238981,4.105285,3.903648,4.592609,4.021282,3.805685,3.914395,3.859593,4.214442,4.389945,3.762138,4.093413,4.467432,3.262853,3.743221,3.962419
NUCKS1,0.0,0.0,0.0,0.0,0.0,0.830343877764507,1.57971339318672,1.50985911457773,1.28025897080253,0.736500260492154,0.0,0.847785776841192,0.0,0.0,1.50413897382944,0.575675428952768,1.29165421223064,0.0,1.14771993103919,0.0,0.214157195780163,0.0,1.43014694316737,0.0,2.15094959722266,1.23889051165561,0.0,0.0,0.982039194706642,3.13453819291178,1.15278595358038,1.52475968582517,1.07380215356771,0.0,0.659709414932617,1.27054347247737,0.0,1.09308741273614,0.0,0.0
RDX,1.177402,0.0,1.305719,0.0,2.132383,0.8303439,0.0,0.0,0.5004072,1.156009,0.0,0.9560369,0.0,0.0,0.7732325,0.5756754,0.4238027,1.654434,0.4303203,0.0,0.3904427,0.0,0.7225949,0.0,0.0,0.5973302,0.0,0.0,0.2881662,0.0,1.358239,1.166806,0.9326318,0.0,0.6597094,0.0,0.0,0.2856138,0.7280354,0.0
COX6C,1.889313,2.708859,2.46482,2.324013,0.0,1.710075,3.183099,2.924798,2.432761,2.215348,0.0,2.071819,0.0,2.622001,2.746276,2.336017,2.575546,2.616692,2.316661,0.0,2.070111,0.0,2.728304,3.14511,2.15095,2.380206,2.84458,0.0,2.616754,0.0,2.639202,1.917769,1.496868,0.0,2.931214,2.420471,0.0,0.9756506,2.505165,2.756103
GUK1,0.0,0.0,0.0,0.0,0.0,0.35863144475461,0.0,0.0,1.36666997626605,1.77474198659312,2.90777594019827,0.956036883657622,0.0,0.0,1.28791161878821,0.938702703072172,1.42709102283036,2.24709742362055,0.730202140329799,0.0,0.982723071529652,0.0,2.1914616893984,2.12911315147707,2.78414845368991,1.70382639208249,0.0,0.0,0.982039194706642,0.0,1.44703794861487,1.52475968582517,0.571315155840473,3.1677142504442,1.33570886433178,1.81247289524377,0.0,0.0,0.728035357566666,2.12455791305678
LINC01480,0.0,0.0,0.0,0.0,0.0,0.0,0.0,0.0,0.0,0.0,0.0,0.0,0.0,0.0,0.0,0.0,0.0,0.0,0.0,0.0,0.0,0.0,0.0,0.0,0.0,0.0,0.0,0.0,0.0,0.0,0.0,0.0,0.0,0.0,0.0,0.0,0.0,0.0,0.0,0.0
CCNI,0.7528135,0.0,1.305719,0.0,2.132383,1.62885,0.0,0.0,1.519876,1.570727,0.0,1.71149,1.781829,1.998993,1.011651,0.5756754,1.291654,0.0,1.668084,0.0,1.667464,0.0,1.995873,2.129113,2.15095,1.112894,2.207963,1.772846,1.736195,0.0,0.8939098,0.7447231,1.793235,0.0,0.6597094,0.0,0.0,1.293254,0.9580128,0.0
A2M,0.0,0.0,0.0,0.0,0.0,0.0,0.0,0.0,0.0,0.0,0.0,0.0,0.0,0.0,0.0,0.0,0.0,0.0,0.0,0.0,0.0,0.0,0.0,0.0,0.0,0.0,0.0,0.0,0.0,0.0,0.0,0.0,0.0,0.0,0.0,0.0,0.0,0.0,0.4288586,0.0
DBI,1.177402,3.192679,3.114525,3.634063,0.0,2.390732,3.009035,3.098134,2.488208,3.563637,0.0,2.336146,1.781829,2.622001,2.467466,2.80739,2.534548,2.616692,2.930967,1.00423,2.356381,0.0,2.248991,3.14511,2.784148,2.41732,2.207963,1.772846,2.161196,0.0,2.305499,2.882806,1.969174,3.954978,1.887885,2.625678,2.263144,1.293254,3.061012,0.0
PLAC9,0.0,0.0,0.0,0.0,0.0,0.0,0.0,0.0,0.0,0.0,0.0,0.0,0.0,0.0,0.0,0.0,0.0,0.0,0.0,0.0,0.0,0.0,0.0,0.0,0.0,0.0,0.0,0.0,0.0,0.0,0.0,0.0,0.0,0.0,0.0,0.0,0.0,0.0,0.0,0.0
ERH,1.177402,1.735315,1.305719,0.0,0.0,0.8303439,1.579713,0.0,1.36667,0.9680934,0.0,1.224378,0.0,0.0,1.681823,0.0,1.652896,0.0,0.9605947,0.0,0.670528,0.0,1.137686,0.0,0.0,1.238891,0.0,0.0,1.099903,0.0,1.447038,1.166806,1.406679,0.0,0.0,1.270543,0.0,0.6890064,1.76122,0.0
SPINT2,2.181632,1.735315,1.305719,0.0,2.132383,1.855065,2.164142,0.0,1.769931,2.327591,2.267787,2.480118,0.0,0.0,1.963678,1.587531,1.992401,1.654434,2.078285,1.00423,2.356381,2.895581,2.404042,2.760947,2.15095,2.019968,2.207963,1.772846,2.368878,0.0,2.191171,2.287153,1.855385,1.900357,2.422724,2.941251,0.0,2.504682,1.76122,0.0
ST13,0.7528135,1.735315,2.205085,0.0,2.132383,1.336027,2.164142,0.0,1.081188,1.314136,3.573245,0.7263777,0.0,1.998993,1.204028,0.0,0.4238027,0.0,1.305288,0.0,0.8890857,0.0,1.137686,0.0,0.0,0.8001572,0.0,0.0,1.300691,0.0,0.8939098,1.24938,1.406679,1.900357,1.335709,1.270543,0.0,0.9756506,1.557835,0.0
CORO1A,0.0,0.0,0.0,0.0,0.0,0.6220476,0.0,0.0,0.2811833,0.0,0.0,0.5881662,0.0,2.622001,0.2559513,0.5756754,0.4238027,0.0,0.0,0.0,0.5402594,0.0,0.0,0.0,0.0,0.5973302,0.0,0.0,0.2881662,0.0,0.3083426,0.7447231,0.0,0.0,0.0,0.0,0.0,0.0,0.9580128,0.0
EMP3,0.7528135,0.0,0.0,0.0,0.0,0.0,0.0,0.0,0.2811833,0.0,0.0,0.0,0.0,0.0,0.0,0.0,0.0,0.0,0.0,0.0,0.0,0.0,0.0,0.0,0.0,0.0,0.0,0.0,0.2881662,0.0,0.0,0.0,0.0,0.0,0.0,0.0,0.0,0.0,0.0,0.0
VAMP8,1.703267,0.0,0.0,0.0,0.0,0.9201999,1.579713,2.449131,0.9645025,1.314136,0.0,1.610121,0.0,1.998993,0.8995306,0.5756754,1.291654,1.654434,0.7302021,1.00423,0.9827231,0.0,1.752494,0.0,0.0,1.112894,0.0,0.0,1.205328,0.0,1.152786,1.24938,0.9326318,0.0,1.335709,1.270543,0.0,1.380077,1.302238,0.0
VAMP2,1.47451,0.0,0.0,0.0,0.0,0.1953074,0.0,0.0,0.5004072,0.7365003,0.0,0.2365686,0.0,0.0,0.0,0.0,0.720529,0.0,0.4303203,0.0,0.5402594,0.0,0.0,0.0,0.0,0.8001572,0.0,0.0,0.0,0.0,0.3083426,0.0,0.0,0.0,0.0,1.270543,0.0,0.0,0.0,0.0
GAPDH,3.106214,3.647164,2.987317,4.182296,3.148661,3.267098,4.451767,2.449131,3.788377,3.855792,3.294874,3.64017,0.0,3.670963,3.957711,3.420235,3.229894,3.550793,3.183176,1.495061,3.710702,2.256228,4.333935,4.098656,3.445918,3.467481,2.84458,3.561418,3.272697,3.805685,3.360718,3.83601,3.585241,4.58191,3.460397,3.95615,0.0,2.936579,3.691171,3.811433
TPI1,2.181632,2.708859,2.46482,2.324013,0.0,1.078804,1.579713,1.509859,2.245179,2.913318,0.0,2.681817,0.0,0.0,2.41673,1.735187,2.187893,2.885944,1.668084,1.495061,2.648651,2.256228,3.21265,0.0,0.0,2.341661,2.207963,0.0,2.161196,2.119384,2.340877,3.091556,1.855385,2.893968,2.136984,2.625678,2.263144,1.667239,2.46045,2.756103
SEC11A,0.7528135,0.0,0.0,0.0,0.0,0.6220476,0.0,0.0,0.832381,0.7365003,0.0,0.2365686,0.0,0.0,0.4595615,0.0,0.0,0.0,1.305288,1.495061,0.2141572,0.0,0.4251929,0.0,0.0,0.0,0.0,0.0,0.2881662,0.0,0.7340501,0.0,1.307543,0.0,0.0,1.270543,0.0,0.6890064,0.0,0.0
NDUFS5,1.70326672400083,0.0,0.0,2.9669819002061,0.0,1.78519554136401,1.57971339318672,1.50985911457773,1.92345057614994,0.736500260492154,0.0,2.00221837587497,0.0,1.99899325293938,2.14989228489864,1.73518692138802,1.8369880377588,2.24709742362055,1.76468807058064,0.0,1.28840341747323,0.0,1.54951779017405,0.0,0.0,1.90521073610303,2.20796293555735,0.0,1.0999028411146,2.75059964045907,1.80110600358522,2.03276254627997,1.49686782041976,0.0,2.64470014469459,2.42047063492903,2.26314385595782,1.45995949615663,2.25843073427476,0.0
EIF3L,0.7528135,1.735315,0.0,0.0,0.0,0.6220476,0.0,0.0,0.832381,0.0,0.0,0.5881662,0.0,0.0,0.7732325,0.0,0.4238027,0.0,0.7302021,0.0,0.670528,0.0,0.7225949,0.0,0.0,1.112894,0.0,0.0,1.205328,0.0,0.3083426,0.9778702,0.5713152,0.0,0.6597094,1.812473,0.0,0.2856138,0.7280354,0.0
HERPUD1,0.0,0.0,0.0,0.0,0.0,1.336027,0.0,0.0,0.5004072,0.9680934,0.0,0.7263777,2.387057,0.0,0.8995306,1.204471,0.0,0.0,0.7302021,1.00423,1.794284,0.0,0.0,0.0,0.0,0.3426178,0.0,0.0,1.300691,0.0,0.0,0.4401429,1.197487,0.0,0.6597094,0.0,0.0,0.8425641,1.302238,0.0
NFIB,0.7528135,0.0,0.0,0.0,0.0,1.078804,0.0,1.509859,0.6801071,0.7365003,0.0,1.610121,0.0,0.0,0.2559513,0.9387027,1.427091,0.0,1.56114,1.00423,0.8890857,0.0,0.0,0.0,0.0,0.3426178,0.0,0.0,0.9820392,0.0,0.5436807,0.7447231,0.3259146,0.0,1.053775,0.0,0.0,0.8425641,0.4288586,0.0
CD9,0.7528135,3.865081,1.853275,0.0,2.764424,2.42947,2.79815,3.374468,2.590652,2.942443,2.267787,2.255559,2.387057,0.0,2.467466,2.539629,2.884148,2.247097,2.464279,1.00423,2.070111,0.0,2.762336,2.760947,2.15095,2.17065,0.0,0.0,2.640854,2.7506,2.062064,3.104038,1.726966,2.893968,2.6447,2.795861,0.0,2.825405,2.505165,3.416965
PRDM1,0.0,0.0,0.0,0.0,0.0,0.0,0.0,0.0,0.2811833,0.0,0.0,0.0,0.0,0.0,0.0,0.0,0.0,0.0,0.0,0.0,0.0,0.0,0.0,0.0,0.0,0.0,0.0,0.0,0.0,0.0,0.0,0.0,0.0,0.0,0.0,0.0,0.0,0.2856138,0.0,0.0
FN1,0.0,0.0,0.0,0.0,0.0,0.0,0.0,0.0,0.0,0.0,0.0,0.0,0.0,0.0,0.2559513,0.0,0.0,0.0,0.0,1.00423,0.0,0.0,0.0,0.0,0.0,0.0,0.0,0.0,0.0,0.0,0.0,0.0,0.0,0.0,0.0,0.0,0.0,0.0,0.0,0.0
NDUFA1,0.7528135,1.735315,1.305719,0.0,2.132383,1.215663,0.0,2.449131,1.588491,1.156009,0.0,1.142679,0.0,0.0,1.566941,0.9387027,1.291654,0.0,1.764688,0.0,1.220291,0.0,1.137686,0.0,2.15095,1.238891,0.0,0.0,1.099903,0.0,1.447038,1.166806,0.7682042,1.900357,2.020171,2.161985,0.0,0.9756506,1.93015,0.0
RPS12,4.797089,5.307479,4.948035,5.171138,4.416239,4.830187,5.092828,4.364041,4.856751,4.044166,4.732279,4.312983,2.76141,4.995706,4.580358,4.700175,4.658678,4.670517,5.038631,2.266857,5.028141,3.560706,4.546055,3.63856,4.437026,4.766095,5.1419,5.779448,4.971735,4.889357,4.44867,4.487689,5.034206,5.748933,4.547785,4.688013,5.740042,3.224151,4.510471,4.646012
RHOH,0.0,0.0,0.0,0.0,0.0,0.0,0.0,0.0,0.0,0.0,0.0,0.0,0.0,0.0,0.0,0.0,0.0,0.0,0.0,0.0,0.0,0.0,0.0,0.0,0.0,0.0,0.0,0.0,0.0,0.0,0.0,0.0,0.0,0.0,0.0,0.0,0.0,0.0,0.0,0.0
RPL13,4.668696,3.958484,3.90048,4.030686,4.787151,4.320091,4.006422,3.846721,4.372631,3.943919,5.254763,3.924788,2.387057,5.037984,4.027659,4.563894,4.042043,4.399034,4.382642,3.293874,4.559877,3.282452,3.84096,3.63856,4.868159,4.201545,4.186275,5.147875,4.236014,3.956653,3.862635,3.87118,4.566101,5.17805,4.122688,4.387592,5.249609,3.663985,3.938419,3.811433
HCST,0.0,0.0,0.0,0.0,0.0,0.0,0.0,0.0,0.0,0.0,0.0,0.0,0.0,0.0,0.0,0.0,0.0,0.0,0.0,0.0,0.0,0.0,0.0,0.0,0.0,0.0,0.0,0.0,0.0,0.0,0.0,0.0,0.0,0.0,0.0,0.0,0.0,0.0,0.0,0.0
MARCKS,0.7528135,1.735315,0.0,0.0,0.0,0.1953074,0.0,0.0,1.081188,0.0,0.0,1.435735,0.0,1.998993,0.8995306,1.204471,0.720529,0.0,1.56114,0.0,0.785766,0.0,1.549518,0.0,0.0,0.5973302,0.0,0.0,0.8484042,2.119384,0.8939098,0.6039846,0.9326318,0.0,0.0,0.0,0.0,1.093087,0.4288586,0.0
BTF3,1.47451,2.336158,1.853275,2.324013,2.132383,2.765201,2.164142,1.509859,3.12477,2.6041,2.267787,2.361627,1.781829,1.998993,3.022531,2.080064,2.447136,3.097864,2.930967,1.00423,2.37876,0.0,2.693074,0.0,2.784148,2.301571,0.0,3.022878,2.304327,3.134538,2.783097,2.785354,2.887761,0.0,2.241568,1.812473,2.263144,1.985267,2.547966,0.0
RPL30,2.747177,4.496956,2.670813,3.634063,3.642174,3.275286,3.33131,2.924798,3.585384,2.913318,3.573245,3.240805,0.0,0.0,2.964059,3.39445,3.208794,4.025201,3.24791,0.0,3.436918,0.0,2.579259,3.14511,3.168805,3.331118,3.230468,3.561418,3.334071,3.134538,3.167732,2.835267,3.495891,3.954978,3.11295,3.281959,2.902878,2.226186,3.179164,3.633525
FOSB,0.0,0.0,0.0,0.0,0.0,0.3586314,0.0,0.0,0.2811833,0.434575,0.0,0.427741,1.781829,0.0,0.6286456,0.0,0.0,0.0,1.56114,1.00423,0.5402594,0.0,0.0,0.0,0.0,0.0,0.0,0.0,0.0,0.0,0.3083426,0.2440942,0.5713152,0.0,1.335709,1.270543,0.0,0.0,0.7280354,0.0
PEBP1,0.7528135,0.0,1.853275,0.0,0.0,1.443447,0.0,1.509859,2.136296,1.570727,0.0,1.142679,0.0,0.0,2.115321,1.587531,1.917711,1.654434,1.56114,1.00423,1.667464,0.0,2.191462,0.0,0.0,1.775556,2.207963,2.377245,2.23532,2.119384,1.358239,2.102679,1.496868,0.0,1.053775,2.161985,0.0,0.5075144,1.557835,0.0
TIMP3,0.0,1.735315,1.305719,0.0,2.132383,1.443447,0.0,0.0,0.6801071,2.215348,0.0,2.13689,0.0,0.0,0.8995306,0.5756754,0.0,0.0,0.0,0.0,0.9827231,0.0,1.137686,2.129113,0.0,0.5973302,0.0,0.0,0.8484042,0.0,1.447038,0.9778702,0.3259146,0.0,0.6597094,2.161985,0.0,1.89007,1.302238,0.0
NDUFB1,0.7528135,0.0,1.853275,2.324013,0.0,1.336027,2.164142,1.509859,0.9645025,0.9680934,0.0,0.5881662,0.0,0.0,1.437127,1.587531,0.0,1.654434,1.56114,0.0,0.3904427,0.0,0.0,2.129113,2.15095,0.8001572,2.207963,0.0,0.5116002,0.0,1.913782,0.9778702,1.197487,0.0,1.053775,0.0,0.0,0.6890064,1.93015,2.756103
NNMT,0.0,0.0,0.0,0.0,0.0,0.0,0.0,0.0,0.0,0.0,0.0,0.0,0.0,0.0,0.0,0.0,0.0,0.0,0.0,0.0,0.0,0.0,0.0,0.0,0.0,0.0,0.0,0.0,0.0,0.0,0.0,0.0,0.0,0.0,0.0,0.0,0.0,0.0,0.0,0.0
GPX4,2.942724,1.735315,1.305719,0.0,2.764424,1.391178,0.0,0.0,1.519876,2.379316,0.0,1.370124,0.0,2.622001,1.204028,2.476256,1.134957,0.0,0.7302021,2.431754,0.8890857,0.0,2.30339,2.129113,2.784148,1.626551,2.207963,0.0,0.8484042,0.0,1.965691,1.396519,1.406679,0.0,1.735392,1.812473,2.902878,2.504682,0.9580128,0.0
SEPW1,0.7528135,0.0,1.305719,2.324013,2.132383,1.391178,2.79815,0.0,0.9645025,1.156009,0.0,1.555303,0.0,0.0,1.437127,1.414232,1.546354,1.654434,1.14772,1.00423,0.785766,0.0,0.7225949,0.0,0.0,1.542801,0.0,0.0,1.736195,0.0,1.152786,1.787812,0.9326318,2.515805,1.335709,0.0,2.263144,0.5075144,1.664689,2.756103
KDELR2,0.0,0.0,0.0,0.0,0.0,1.670287,0.0,0.0,1.519876,1.677928,0.0,2.037624,0.0,0.0,1.92188,0.9387027,0.9490601,2.885944,0.9605947,0.0,2.33349,0.0,2.618654,0.0,3.445918,1.451389,0.0,0.0,1.847457,0.0,1.913782,1.52476,1.579591,0.0,1.887885,1.812473,0.0,1.727772,1.76122,0.0
LSM5,0.0,1.735315,1.305719,0.0,0.0,1.149573,0.0,0.0,1.446204,1.156009,0.0,1.370124,0.0,0.0,1.92188,0.9387027,1.749172,2.247097,1.441374,0.0,1.068338,0.0,1.29457,2.129113,2.15095,1.112894,0.0,0.0,1.467826,0.0,1.739619,1.787812,0.9326318,0.0,1.335709,1.812473,0.0,0.2856138,1.438181,0.0
NFIC,0.7528135,0.0,0.0,0.0,0.0,0.3586314,0.0,0.0,0.6801071,0.0,0.0,0.0,0.0,0.0,0.6286456,0.0,0.0,0.0,0.7302021,1.00423,0.2141572,0.0,0.0,0.0,0.0,0.0,0.0,0.0,1.205328,0.0,0.7340501,0.868076,0.5713152,0.0,0.0,0.0,0.0,0.2856138,0.0,0.0
SBDS,0.7528135,0.0,0.0,0.0,0.0,0.6220476,0.0,0.0,0.2811833,0.7365003,0.0,1.846546,0.0,0.0,0.8995306,0.0,0.720529,0.0,0.7302021,0.0,0.5402594,0.0,1.840368,0.0,0.0,0.5973302,2.207963,1.772846,0.9820392,0.0,1.031702,1.787812,1.197487,2.515805,0.6597094,1.270543,2.263144,0.8425641,0.9580128,0.0
EIF4A1,0.0,0.0,1.305719,0.0,0.0,1.078804,0.0,0.0,0.832381,1.156009,0.0,0.9560369,1.781829,1.998993,1.626031,0.5756754,1.427091,0.0,0.7302021,0.0,0.670528,0.0,1.137686,0.0,0.0,1.112894,2.207963,0.0,0.6941153,0.0,1.152786,1.24938,0.5713152,0.0,0.6597094,1.812473,0.0,0.8425641,1.144865,0.0
CD3D,0.0,0.0,0.0,0.0,0.0,0.0,0.0,0.0,0.0,0.0,0.0,0.0,0.0,0.0,0.0,0.0,0.0,0.0,0.0,0.0,0.0,0.0,0.0,0.0,0.0,0.0,0.0,0.0,0.0,0.0,0.0,0.0,0.0,0.0,0.0,0.0,0.0,0.0,0.0,0.0
SEPP1,1.889313,0.0,0.0,0.0,2.132383,0.1953074,1.579713,0.0,0.2811833,1.944105,0.0,1.299904,0.0,0.0,1.3653,0.5756754,0.0,0.0,0.0,1.00423,0.2141572,0.0,1.29457,2.129113,2.15095,0.3426178,0.0,0.0,0.0,0.0,0.0,0.0,0.0,0.0,2.020171,0.0,0.0,0.2856138,0.0,0.0
SDCBP,1.889313,1.735315,1.305719,0.0,3.425557,0.7316094,1.579713,1.509859,1.081188,2.327591,2.907776,2.071819,2.387057,0.0,1.287912,0.0,0.9490601,2.247097,0.7302021,0.0,0.670528,2.256228,2.945286,0.0,2.15095,1.112894,0.0,0.0,0.5116002,2.7506,1.26078,0.6039846,1.073802,0.0,0.6597094,2.941251,0.0,1.89007,0.7280354,2.124558
RTN4,0.0,0.0,1.305719,0.0,0.0,1.002643,0.0,2.449131,1.280259,1.570727,0.0,2.227185,0.0,0.0,1.437127,0.9387027,0.9490601,0.0,0.9605947,0.0,0.5402594,0.0,2.065408,2.760947,0.0,0.9687014,0.0,0.0,1.300691,0.0,1.152786,1.396519,0.7682042,0.0,0.6597094,1.270543,2.263144,1.985267,0.4288586,0.0
RPLP2,4.458355,4.195547,3.654929,4.313918,4.787151,3.876083,3.770211,3.590741,3.810183,3.855792,4.566825,3.321051,0.0,3.278144,3.79463,3.881114,3.716246,4.229486,3.820637,1.00423,3.704843,2.256228,3.21265,4.098656,3.168805,3.879523,4.302368,4.541848,3.808555,3.411281,3.855017,3.695308,3.484139,4.389945,3.762138,3.674827,4.467432,2.882536,3.98926,4.313373
ITGA6,0.7528135,0.0,0.0,0.0,0.0,0.1953074,0.0,0.0,0.6801071,0.434575,0.0,1.142679,0.0,0.0,0.4595615,0.0,0.4238027,0.0,0.4303203,0.0,0.8890857,0.0,0.7225949,0.0,0.0,0.5973302,0.0,0.0,1.099903,0.0,1.152786,0.6039846,0.3259146,0.0,0.0,1.270543,0.0,0.5075144,0.7280354,0.0
BTG1,0.7528135,0.0,0.0,0.0,0.0,0.9201999,0.0,2.714984,0.9645025,1.156009,0.0,0.7263777,0.0,0.0,1.011651,1.414232,0.4238027,0.0,0.4303203,0.0,1.220291,0.0,0.0,0.0,0.0,0.8001572,0.0,0.0,0.2881662,0.0,0.3083426,0.6039846,1.579591,0.0,1.053775,0.0,0.0,0.9756506,0.4288586,0.0
DDOST,0.752813520601271,0.0,0.0,0.0,0.0,0.622047626287169,0.0,0.0,0.500407230924453,0.736500260492154,0.0,0.427741035801588,0.0,0.0,0.77323251890491,1.20447081230436,0.0,0.0,0.730202140329799,0.0,0.390442669323526,0.0,0.951525293242092,0.0,0.0,0.342617793464935,0.0,0.0,0.288166224818977,0.0,0.308342635064697,0.440142916680324,0.571315155840473,0.0,0.0,0.0,0.0,0.0,0.0,0.0
COL3A1,0.0,0.0,0.0,0.0,0.0,0.0,0.0,0.0,0.0,0.0,0.0,0.2365686,0.0,0.0,0.4595615,0.0,0.0,0.0,0.0,0.0,0.0,0.0,0.0,0.0,0.0,0.0,0.0,0.0,0.0,0.0,0.0,0.0,0.0,0.0,0.0,0.0,0.0,0.0,0.0,0.0
IL2RG,0.7528135,0.0,0.0,0.0,0.0,0.3586314,0.0,0.0,0.0,0.0,0.0,0.0,0.0,0.0,0.0,0.0,0.0,0.0,0.0,0.0,0.0,0.0,0.0,0.0,0.0,0.0,0.0,0.0,0.2881662,0.0,0.0,0.0,0.0,0.0,0.0,0.0,0.0,0.5075144,0.0,0.0
SON,0.0,0.0,0.0,0.0,0.0,1.078804,0.0,0.0,0.5004072,1.156009,0.0,1.142679,0.0,0.0,1.011651,1.204471,0.4238027,0.0,1.14772,1.00423,1.068338,0.0,0.4251929,0.0,2.784148,0.8001572,0.0,0.0,1.205328,2.119384,1.031702,0.868076,1.726966,0.0,1.335709,0.0,0.0,0.5075144,0.9580128,0.0
DPYSL2,0.0,0.0,0.0,0.0,0.0,0.1953074,0.0,2.085944,0.2811833,0.9680934,0.0,0.0,0.0,0.0,1.011651,0.5756754,0.4238027,0.0,0.0,0.0,0.0,0.0,0.7225949,0.0,0.0,0.0,0.0,0.0,0.0,0.0,0.7340501,0.0,0.3259146,0.0,0.6597094,1.270543,0.0,0.2856138,0.0,0.0
NUPR1,1.703267,0.0,2.46482,0.0,0.0,0.8303439,0.0,0.0,1.185669,1.450639,0.0,0.0,0.0,0.0,0.0,1.204471,0.0,0.0,1.441374,0.0,1.522192,0.0,0.0,0.0,0.0,1.775556,0.0,0.0,1.994102,0.0,0.8939098,0.4401429,2.699392,0.0,0.0,0.0,0.0,0.6890064,0.0,0.0
IFI27,2.181632,0.0,0.0,2.324013,2.764424,0.6220476,3.677203,0.0,0.5004072,0.7365003,0.0,2.255559,0.0,0.0,1.504139,3.055727,2.061899,2.247097,1.14772,1.82284,1.068338,0.0,2.30339,0.0,0.0,1.238891,0.0,0.0,1.300691,0.0,1.528591,0.2440942,1.913897,0.0,2.136984,1.812473,0.0,2.557291,0.7280354,2.124558
RARRES2,0.0,0.0,0.0,0.0,0.0,0.6220476,0.0,0.0,0.9645025,0.0,0.0,0.427741,0.0,1.998993,0.6286456,0.0,0.4238027,0.0,0.9605947,0.0,0.8890857,0.0,0.4251929,0.0,0.0,0.5973302,0.0,0.0,0.9820392,2.119384,0.8939098,0.4401429,0.0,0.0,0.0,0.0,0.0,0.2856138,0.4288586,0.0
COX8A,2.046116,2.708859,1.853275,0.0,2.132383,1.277655,1.579713,2.714984,2.136296,2.428497,0.0,1.887794,0.0,1.998993,2.390363,1.977776,2.299773,0.0,1.852776,1.00423,1.412115,0.0,2.728304,3.421968,2.784148,2.380206,2.84458,0.0,1.793372,2.119384,2.375047,2.168026,1.655991,1.900357,2.422724,2.420471,0.0,1.198171,2.364533,0.0
IER3,0.7528135,0.0,0.0,0.0,0.0,0.3586314,0.0,0.0,0.6801071,0.9680934,0.0,0.427741,2.387057,0.0,0.0,1.977776,0.0,0.0,0.9605947,0.0,0.3904427,2.256228,0.0,0.0,0.0,0.8001572,0.0,1.772846,0.6941153,0.0,1.26078,0.2440942,0.5713152,0.0,0.0,0.0,0.0,0.0,0.4288586,0.0
RPS15,4.545485,5.044287,4.003815,4.313918,3.642174,3.990065,4.758809,2.924798,4.273659,4.015133,3.573245,3.604515,2.76141,4.635757,4.190364,4.195393,4.087343,4.449713,4.078842,2.431754,4.028326,3.282452,3.667445,3.14511,4.122999,4.006227,4.500574,4.686998,4.165983,4.401659,4.049035,3.932611,4.258994,4.83741,4.027485,4.387592,4.467432,3.183891,3.895799,4.646012
C4orf3,0.0,0.0,0.0,0.0,0.0,0.6220476,0.0,0.0,0.832381,0.7365003,0.0,0.2365686,0.0,0.0,0.4595615,0.0,0.720529,1.654434,0.9605947,0.0,0.2141572,2.256228,0.0,0.0,0.0,0.3426178,0.0,0.0,0.6941153,2.119384,0.0,0.6039846,0.5713152,1.900357,1.053775,1.270543,0.0,0.5075144,0.9580128,0.0
GPX1,2.503863,0.0,2.46482,0.0,2.132383,1.540439,0.0,0.0,0.832381,2.428497,0.0,1.555303,0.0,1.998993,1.3653,1.414232,1.546354,1.654434,0.7302021,0.0,0.9827231,0.0,2.857989,0.0,0.0,1.775556,0.0,0.0,0.8484042,2.119384,1.965691,1.396519,0.9326318,0.0,1.335709,2.161985,0.0,1.198171,1.557835,2.124558
PSMA7,1.47451,2.979748,2.205085,0.0,0.0,1.981671,1.579713,1.509859,2.278989,3.358973,0.0,2.167903,0.0,0.0,2.76482,2.25776,2.758571,0.0,2.078285,1.495061,1.833218,0.0,2.13042,2.129113,0.0,1.350774,0.0,0.0,2.038565,2.7506,2.471063,2.489777,1.726966,0.0,1.335709,2.420471,0.0,1.985267,2.805154,0.0
GABARAPL2,0.7528135,0.0,1.305719,2.324013,2.132383,1.149573,0.0,0.0,1.280259,2.019118,0.0,1.224378,1.781829,0.0,0.7732325,0.5756754,1.291654,2.247097,0.4303203,0.0,1.220291,0.0,0.9515253,0.0,0.0,0.5973302,0.0,0.0,1.099903,2.119384,0.7340501,0.868076,1.307543,0.0,1.053775,0.0,0.0,0.5075144,0.4288586,0.0
RPSA,2.881694,2.979748,2.841535,0.0,0.0,2.904426,2.530572,0.0,2.936953,2.970744,0.0,2.62546,0.0,1.998993,2.335446,2.25776,2.689327,3.550793,3.039594,0.0,2.804761,2.256228,2.82711,0.0,0.0,3.155922,3.725352,2.751286,2.963666,3.411281,2.375047,2.851366,2.58998,0.0,1.555387,2.420471,3.785696,1.53393,2.837036,0.0
GNG5,0.752813520601271,2.33615808377128,0.0,0.0,0.0,1.1495733736226,1.57971339318672,0.0,0.964502459939233,0.736500260492154,0.0,1.29990392740182,0.0,0.0,0.899530579449916,1.41423171144403,1.29165421223064,2.24709742362055,1.14771993103919,0.0,0.540259444832807,0.0,0.951525293242092,0.0,0.0,0.800157201332063,0.0,0.0,0.982039194706642,0.0,1.15278595358038,1.39651947642363,1.07380215356771,1.90035706071708,0.659709414932617,1.27054347247737,0.0,1.19817088170983,1.30223848847394,0.0
UQCR11,2.407547,1.735315,2.670813,2.966982,0.0,2.241953,2.164142,1.509859,2.056509,2.970744,2.267787,2.037624,0.0,1.998993,2.668459,2.759269,2.65282,2.616692,1.852776,1.00423,2.007955,0.0,3.21265,2.760947,0.0,2.553365,0.0,2.377245,2.399655,2.119384,2.586236,2.851366,2.11874,2.515805,3.11295,3.180762,2.263144,1.784849,2.955282,2.124558
CD37,0.0,0.0,0.0,0.0,0.0,0.0,0.0,0.0,0.0,0.0,0.0,0.0,0.0,0.0,0.0,0.0,0.0,0.0,0.0,0.0,0.0,0.0,0.0,0.0,0.0,0.0,0.0,0.0,0.0,0.0,0.0,0.0,0.0,0.0,0.0,0.0,0.0,0.0,0.0,0.0
CEBPD,0.0,0.0,0.0,0.0,0.0,0.0,0.0,0.0,0.0,0.0,0.0,0.2365686,0.0,0.0,0.2559513,0.0,0.0,0.0,0.4303203,0.0,0.2141572,0.0,0.0,0.0,0.0,0.5973302,0.0,0.0,0.0,0.0,0.3083426,0.0,0.0,0.0,0.0,0.0,0.0,0.0,0.0,0.0
ERGIC2,0.0,0.0,1.305719,0.0,0.0,0.1953074,0.0,1.509859,0.2811833,0.0,0.0,0.427741,0.0,0.0,0.2559513,0.5756754,0.0,0.0,0.7302021,0.0,0.670528,0.0,0.7225949,0.0,0.0,1.238891,0.0,0.0,0.2881662,0.0,0.3083426,0.2440942,0.5713152,0.0,0.0,1.812473,0.0,0.0,0.7280354,0.0
ATP5G3,0.7528135,0.0,2.841535,0.0,0.0,1.443447,1.579713,2.085944,2.210186,1.944105,0.0,1.555303,0.0,0.0,2.149892,1.204471,1.291654,2.247097,1.14772,0.0,1.572998,0.0,1.29457,2.129113,2.15095,1.626551,2.207963,1.772846,1.994102,2.119384,2.268823,2.229362,0.9326318,0.0,2.336242,1.812473,2.263144,1.198171,2.505165,2.124558
MYADM,0.0,0.0,0.0,0.0,0.0,0.1953074,0.0,0.0,0.0,0.7365003,0.0,0.5881662,0.0,0.0,0.2559513,0.5756754,0.0,0.0,0.0,0.0,0.2141572,0.0,0.0,0.0,0.0,0.3426178,0.0,0.0,0.2881662,0.0,0.3083426,0.0,0.0,0.0,0.0,0.0,0.0,0.9756506,0.0,0.0
ISG15,0.0,0.0,0.0,0.0,2.132383105178,0.19530736080636,0.0,0.0,0.0,0.434574976876293,0.0,0.427741035801588,0.0,0.0,0.628645606109281,0.0,0.423802731942376,0.0,0.0,1.00423000666566,0.540259444832807,0.0,1.29457036725028,0.0,0.0,0.597330170802566,0.0,0.0,0.288166224818977,0.0,0.543680687584582,0.0,0.0,0.0,0.0,0.0,0.0,0.507514362462335,0.0,0.0
CALM1,0.7528135,0.0,0.0,0.0,2.132383,1.888251,1.579713,1.509859,1.446204,1.863004,0.0,2.002218,1.781829,0.0,2.149892,1.735187,1.836988,0.0,2.143414,0.0,1.833218,0.0,2.354982,0.0,0.0,1.350774,0.0,0.0,1.467826,0.0,1.674103,1.690729,1.073802,0.0,1.335709,2.161985,0.0,2.189851,2.004994,2.124558
UBB,2.181632,0.0,2.46482,0.0,3.148661,1.710075,1.579713,1.509859,2.540741,3.759142,0.0,2.283149,0.0,0.0,2.442419,2.336017,2.65282,2.247097,2.706816,1.495061,1.621346,3.282452,2.13042,0.0,2.784148,2.380206,2.207963,0.0,1.898765,2.7506,2.375047,2.393588,1.793235,0.0,1.053775,2.161985,0.0,1.602804,2.074624,0.0
PTMA,3.000242,3.762047,4.141194,4.182296,3.425557,3.811436,4.006422,4.765255,4.269126,4.108802,5.108984,3.688044,1.781829,3.670963,4.740289,3.626514,4.558802,5.00431,4.214806,2.069292,3.668952,0.0,4.873837,3.421968,4.342898,4.385449,4.988724,3.022878,4.112777,4.566825,4.465423,4.475174,3.796356,4.83741,4.076219,4.418952,3.964228,3.478311,4.545183,4.714365
ACAP1,0.0,0.0,0.0,0.0,0.0,0.0,0.0,0.0,0.0,0.0,0.0,0.0,0.0,0.0,0.0,0.0,0.0,0.0,0.0,0.0,0.0,0.0,0.0,0.0,0.0,0.0,0.0,0.0,0.0,0.0,0.0,0.0,0.0,0.0,0.0,0.0,0.0,0.0,0.0,0.0
PDK4,0.0,0.0,0.0,0.0,0.0,0.0,0.0,0.0,0.2811833,0.434575,0.0,0.2365686,2.387057,0.0,0.0,0.0,0.0,0.0,0.4303203,0.0,0.8890857,0.0,0.0,0.0,0.0,0.0,0.0,0.0,0.0,0.0,0.0,0.2440942,0.5713152,0.0,1.053775,0.0,0.0,0.0,0.0,0.0
NDUFA11,1.177402,1.735315,1.305719,2.324013,0.0,1.149573,0.0,0.0,0.6801071,1.314136,0.0,1.299904,0.0,1.998993,1.626031,1.414232,1.992401,1.654434,1.56114,0.0,0.785766,0.0,1.137686,0.0,0.0,1.350774,2.207963,1.772846,1.736195,2.119384,1.528591,1.690729,1.073802,1.900357,1.053775,0.0,0.0,1.198171,1.557835,2.124558
TOMM7,2.181632,1.735315,2.670813,2.966982,2.132383,1.888251,0.0,2.449131,2.311693,1.570727,2.267787,1.758564,0.0,1.998993,1.878259,1.414232,2.061899,0.0,2.078285,0.0,2.236297,0.0,1.430147,2.129113,2.15095,1.905211,2.84458,3.236241,2.038565,0.0,1.965691,1.787812,2.11874,3.167714,1.735392,2.161985,2.263144,1.53393,2.074624,2.124558
PTGES3,2.046116,0.0,2.670813,2.324013,0.0,1.277655,1.579713,2.085944,2.097198,1.774742,0.0,1.846546,0.0,0.0,2.115321,0.5756754,1.546354,2.247097,2.204559,0.0,1.753772,0.0,2.887943,0.0,2.15095,2.52105,2.84458,0.0,1.467826,3.134538,1.358239,2.258675,1.726966,2.515805,1.887885,2.795861,0.0,1.293254,1.557835,2.124558
SOCS3,0.0,1.735315,0.0,0.0,0.0,0.0,0.0,0.0,0.0,0.9680934,0.0,0.0,0.0,0.0,0.2559513,0.0,0.0,0.0,0.0,0.0,0.0,0.0,0.0,0.0,2.15095,0.0,0.0,0.0,0.2881662,0.0,0.0,0.2440942,0.3259146,0.0,1.053775,0.0,0.0,0.0,0.0,0.0
TCF4,0.0,0.0,0.0,0.0,0.0,0.0,0.0,0.0,0.5004072,0.0,0.0,0.0,0.0,0.0,0.0,0.0,0.0,0.0,0.0,0.0,0.0,0.0,0.0,0.0,0.0,0.5973302,0.0,0.0,0.0,0.0,0.0,0.0,0.0,0.0,0.0,0.0,0.0,0.0,0.0,0.0
HSD17B10,0.7528135,0.0,0.0,0.0,0.0,0.4989881,0.0,1.509859,1.081188,0.7365003,0.0,0.8477858,0.0,0.0,0.7732325,0.5756754,1.291654,1.654434,0.9605947,0.0,0.670528,0.0,0.7225949,0.0,0.0,0.3426178,2.207963,0.0,0.6941153,2.7506,0.8939098,0.9778702,0.3259146,1.900357,0.6597094,0.0,0.0,0.9756506,0.9580128,2.124558
TAOK3,0.0,0.0,1.305719,0.0,0.0,0.3586314,0.0,0.0,0.2811833,0.7365003,0.0,0.2365686,0.0,0.0,0.0,0.5756754,0.4238027,0.0,0.4303203,0.0,0.3904427,2.256228,0.4251929,0.0,0.0,0.3426178,0.0,0.0,0.5116002,0.0,0.3083426,0.2440942,0.5713152,0.0,0.0,0.0,0.0,0.6890064,0.0,0.0
DUSP1,0.7528135,0.0,0.0,0.0,0.0,1.078804,0.0,0.0,1.185669,0.7365003,2.267787,0.8477858,0.0,0.0,1.112459,0.5756754,0.0,0.0,1.668084,0.0,0.5402594,0.0,0.0,0.0,0.0,1.542801,0.0,0.0,0.2881662,0.0,0.8939098,0.6039846,0.7682042,0.0,1.053775,0.0,0.0,1.093087,1.557835,0.0
MIF,2.046116,2.336158,0.0,2.324013,2.764424,1.785196,2.530572,1.509859,1.519876,1.677928,3.294874,2.104884,0.0,0.0,2.363281,1.863819,2.187893,0.0,2.204559,1.00423,2.210447,0.0,2.30339,3.63856,0.0,2.301571,2.207963,3.236241,2.081135,0.0,2.106977,1.957587,1.913897,3.709123,2.241568,3.06816,0.0,1.093087,2.074624,3.140161
FCGRT,0.0,0.0,1.853275,0.0,0.0,0.9201999,2.164142,0.0,0.9645025,0.0,0.0,0.5881662,0.0,0.0,0.2559513,0.9387027,1.134957,0.0,0.4303203,0.0,1.288403,0.0,0.0,0.0,0.0,0.8001572,0.0,0.0,0.6941153,0.0,0.0,0.4401429,0.9326318,1.900357,1.555387,0.0,0.0,0.0,0.7280354,0.0
NDUFS6,0.7528135,1.735315,1.305719,0.0,0.0,1.493118,2.530572,0.0,1.36667,1.450639,0.0,1.610121,0.0,2.622001,2.115321,0.5756754,1.652896,0.0,1.764688,0.0,1.220291,0.0,2.450808,2.129113,2.784148,1.238891,0.0,0.0,1.736195,0.0,1.603991,1.957587,1.073802,1.900357,1.555387,1.270543,0.0,1.093087,2.258431,2.756103
RAN,0.0,0.0,0.0,3.355145,0.0,1.855065,1.579713,0.0,2.40384,1.570727,0.0,2.255559,0.0,0.0,2.746276,1.863819,2.614929,2.616692,1.668084,0.0,1.352171,0.0,2.30339,0.0,0.0,2.019968,0.0,0.0,2.337123,0.0,2.106977,2.287153,1.496868,0.0,1.555387,2.795861,0.0,1.53393,1.849248,3.140161
MYH9,0.7528135,0.0,0.0,0.0,0.0,0.4989881,0.0,0.0,0.2811833,1.314136,0.0,0.427741,0.0,0.0,0.4595615,0.0,0.0,0.0,0.7302021,1.495061,0.3904427,0.0,0.9515253,0.0,0.0,0.5973302,2.207963,0.0,0.5116002,0.0,0.7340501,0.0,0.3259146,0.0,0.6597094,0.0,0.0,0.9756506,0.0,0.0
FTL,3.202025,4.195547,3.844511,2.966982,4.322137,4.013722,4.307003,2.449131,3.795699,4.605808,3.79076,3.789559,2.387057,3.670963,3.820533,3.445371,3.81401,3.76818,3.808783,2.906794,3.944089,3.77815,3.720167,3.421968,4.808015,4.020993,4.054913,3.411989,3.837755,3.956653,3.456292,3.793351,3.595868,4.58191,4.107437,3.797003,3.56821,3.262853,3.80469,4.09357
CD52,0.0,0.0,0.0,0.0,0.0,0.0,0.0,0.0,0.0,0.0,0.0,0.0,0.0,0.0,0.0,0.575675428952768,0.0,0.0,0.0,0.0,0.0,0.0,0.0,2.12911315147707,0.0,0.0,0.0,0.0,0.0,0.0,0.0,0.0,0.0,0.0,0.0,0.0,0.0,0.0,0.0,0.0
MT-ND3,2.881694,4.728247,4.3697,4.313918,2.764424,4.017611,4.617026,3.768456,3.576341,1.156009,2.907776,2.50222,4.499063,3.670963,2.979,2.476256,3.366305,3.861389,3.640339,2.997124,4.403302,4.108068,3.852274,4.843604,3.445918,4.111999,4.807764,4.640917,4.039087,4.087791,3.489902,3.83601,3.7153,4.389945,3.94058,4.880543,3.56821,4.357027,2.738166,3.811433
MT-ATP6,2.747177,4.547692,4.636988,4.867783,3.148661,4.715335,4.578201,3.683541,4.296023,2.088895,2.267787,3.950798,4.651624,3.670963,4.149805,2.939248,4.329969,3.861389,4.198787,4.031649,4.657413,4.792961,4.03668,4.954,3.991778,4.37006,5.42812,5.027264,4.501723,4.203708,4.189808,4.895621,4.185554,4.058421,4.09195,5.136645,0.0,4.993464,4.136493,3.962419
RPS26,1.703267,2.708859,2.205085,4.182296,2.132383,2.805134,3.183099,1.509859,2.374058,2.327591,2.267787,2.309999,0.0,3.002949,3.050533,2.336017,2.82333,2.247097,2.776145,1.495061,2.463579,2.895581,1.752494,3.63856,2.784148,2.615024,0.0,1.772846,2.963666,3.411281,2.639202,2.577519,2.467109,3.167714,3.266683,2.161985,2.902878,1.459959,2.805154,3.140161
SNX3,1.177402,2.336158,2.841535,0.0,2.132383,1.62885,0.0,2.924798,1.588491,1.774742,0.0,1.803522,1.781829,1.998993,1.3653,1.587531,2.187893,0.0,1.764688,0.0,1.667464,0.0,2.065408,0.0,0.0,1.626551,0.0,0.0,1.675549,2.119384,1.447038,1.740448,1.855385,0.0,0.0,1.812473,0.0,1.602804,1.302238,3.140161
LGALS3BP,0.0,1.735315,0.0,0.0,2.132383,0.0,2.164142,0.0,1.280259,0.434575,0.0,1.053706,0.0,0.0,0.8995306,0.0,0.9490601,0.0,0.4303203,0.0,0.2141572,0.0,0.4251929,0.0,0.0,0.3426178,0.0,0.0,0.9820392,2.119384,0.7340501,0.868076,0.5713152,0.0,0.6597094,1.270543,0.0,0.2856138,0.9580128,0.0
PMP22,0.0,0.0,0.0,0.0,0.0,0.0,0.0,0.0,0.0,0.0,0.0,0.0,0.0,0.0,0.0,0.0,0.0,0.0,0.0,0.0,0.0,0.0,0.0,0.0,0.0,0.0,0.0,0.0,0.0,0.0,0.0,0.0,0.0,0.0,0.0,0.0,0.0,0.0,0.0,0.0
SRSF5,0.0,0.0,1.305719,0.0,0.0,0.6220476,0.0,0.0,1.081188,0.0,0.0,1.370124,1.781829,0.0,0.8995306,1.204471,0.720529,0.0,1.14772,0.0,0.9827231,2.256228,0.0,0.0,2.15095,0.9687014,0.0,0.0,1.205328,0.0,0.3083426,0.2440942,1.793235,0.0,0.6597094,0.0,0.0,0.6890064,0.9580128,0.0
SPTBN1,0.7528135,0.0,1.305719,2.324013,2.132383,1.215663,0.0,2.714984,0.2811833,2.273043,0.0,1.662089,1.781829,0.0,0.7732325,1.587531,0.9490601,0.0,1.14772,1.00423,1.147198,0.0,1.29457,0.0,0.0,1.451389,2.207963,0.0,0.5116002,0.0,1.674103,0.9778702,0.0,0.0,1.555387,2.161985,0.0,0.9756506,1.438181,0.0
ZFP36L1,1.889313,0.0,0.0,0.0,0.0,0.9201999,0.0,0.0,0.832381,1.450639,0.0,1.965513,0.0,0.0,0.8995306,1.863819,0.0,1.654434,0.0,1.00423,0.3904427,0.0,0.0,0.0,0.0,0.8001572,0.0,0.0,0.5116002,0.0,0.0,0.0,0.9326318,0.0,0.0,0.0,0.0,1.938801,1.664689,0.0
PERP,0.7528135,1.735315,0.0,0.0,2.764424,1.785196,0.0,3.48844,2.210186,2.154119,2.907776,2.62546,1.781829,0.0,1.878259,0.5756754,1.992401,1.654434,1.852776,2.069292,1.288403,0.0,3.370186,3.14511,0.0,1.542801,0.0,2.377245,1.847457,2.7506,1.603991,1.583197,0.9326318,1.900357,1.053775,2.161985,0.0,2.844813,1.302238,2.124558
ALDOA,1.703267,0.0,0.0,0.0,2.132383,1.443447,3.183099,1.509859,2.210186,1.450639,0.0,2.002218,0.0,0.0,2.306814,1.204471,1.749172,0.0,1.668084,0.0,2.887926,3.560706,2.538249,2.129113,3.168805,1.626551,2.207963,0.0,2.038565,0.0,0.7340501,2.466583,1.726966,2.893968,2.769314,2.625678,0.0,0.6890064,2.258431,2.124558
RPL27,3.57828,4.195547,3.785222,2.966982,3.971133,3.36864,3.460363,2.449131,3.294937,3.076558,4.12076,3.057954,1.781829,3.493719,3.507884,3.469891,3.270803,3.665382,3.328179,1.82284,3.34864,0.0,3.294517,2.760947,4.238981,3.50501,3.508216,4.308296,3.322094,3.411281,3.500858,3.285083,3.495891,3.559047,3.11295,3.180762,4.247153,2.261246,3.398434,3.140161
PRDX5,1.889313,0.0,1.853275,2.966982,2.132383,2.195037,2.164142,0.0,2.136296,1.677928,0.0,1.965513,0.0,2.622001,1.963678,1.735187,1.992401,2.616692,2.986755,1.82284,2.400649,0.0,1.92114,0.0,2.15095,1.703826,2.207963,1.772846,2.81523,2.119384,2.191171,2.168026,2.363908,0.0,3.266683,2.795861,0.0,1.293254,2.13972,0.0
FSTL1,0.0,0.0,0.0,0.0,0.0,0.0,0.0,0.0,0.0,0.0,0.0,0.0,0.0,0.0,0.2559513,0.0,0.0,0.0,0.4303203,0.0,0.0,0.0,0.0,0.0,0.0,0.0,0.0,0.0,0.2881662,0.0,0.0,0.0,0.0,0.0,0.0,0.0,0.0,0.0,0.0,0.0
TBCA,0.7528135,0.0,1.853275,2.324013,0.0,1.493118,2.164142,1.509859,2.136296,2.088895,0.0,1.299904,0.0,0.0,2.215644,1.204471,1.546354,0.0,1.668084,0.0,1.572998,0.0,1.137686,2.129113,0.0,1.842483,0.0,0.0,0.9820392,2.119384,1.801106,1.52476,1.726966,0.0,0.6597094,0.0,0.0,1.602804,1.438181,0.0
TXNDC11,0.0,0.0,1.305719,0.0,0.0,0.6220476,0.0,0.0,0.0,0.434575,0.0,0.2365686,0.0,0.0,0.0,0.0,0.0,0.0,0.4303203,1.00423,0.2141572,0.0,0.4251929,0.0,2.15095,0.0,0.0,0.0,0.2881662,0.0,0.0,0.2440942,0.3259146,0.0,0.0,0.0,0.0,0.2856138,0.0,0.0
DNAJC1,0.0,0.0,1.305719,0.0,0.0,0.1953074,0.0,2.085944,0.2811833,0.434575,0.0,0.427741,0.0,0.0,0.4595615,0.0,0.0,0.0,0.0,0.0,0.5402594,0.0,0.0,0.0,0.0,0.0,0.0,0.0,0.0,0.0,0.3083426,0.4401429,0.0,0.0,0.0,0.0,0.0,0.6890064,0.0,0.0
RPLP1,3.330458,4.728247,3.654929,4.313918,4.502244,3.915539,4.690428,3.374468,3.838538,3.746377,4.368461,3.421826,1.781829,4.265462,3.740719,3.6671,3.676971,4.229486,4.43499,1.82284,3.474605,3.282452,3.611788,3.63856,4.437026,3.782055,4.406374,4.926184,3.90723,3.411281,3.444833,3.695308,3.925991,4.692057,3.489325,3.797003,4.247153,2.863852,3.677725,4.09357
CHCHD2,1.889313,2.336158,1.305719,0.0,0.0,2.21877,1.579713,0.0,2.590652,2.883319,0.0,2.62546,1.781829,1.998993,2.818473,1.863819,2.614929,1.654434,2.008617,1.00423,2.156652,0.0,2.97277,2.129113,2.784148,1.775556,2.207963,2.751286,2.774403,2.119384,2.408087,3.026697,1.496868,2.515805,1.735392,1.812473,0.0,1.838843,2.955282,0.0
NGFRAP1,0.0,0.0,0.0,0.0,0.0,0.1953074,0.0,0.0,0.6801071,0.434575,0.0,0.427741,0.0,0.0,0.0,0.0,0.0,0.0,0.7302021,1.00423,0.3904427,0.0,0.7225949,0.0,0.0,0.3426178,0.0,0.0,0.6941153,0.0,0.0,0.868076,0.0,0.0,0.0,0.0,0.0,0.0,0.4288586,0.0
ROMO1,0.0,0.0,0.0,2.324013,2.132383,1.670287,2.164142,2.085944,1.519876,1.677928,0.0,1.370124,1.781829,1.998993,2.149892,2.25776,1.992401,2.885944,1.305288,0.0,0.785766,0.0,1.549518,0.0,0.0,1.964235,2.207963,0.0,1.387746,0.0,2.062064,1.787812,1.726966,1.900357,1.335709,1.270543,0.0,1.53393,2.13972,3.140161
RPL11,3.51351288041103,3.86508120204768,3.50507980790514,2.32401285607585,2.132383105178,3.22512320055406,3.3313095323178,2.92479816789174,3.35337856193664,2.9133181155284,4.12076025216187,2.93820516346564,1.78182890102545,1.99899325293938,3.1042885349404,3.28409904305409,3.16520868305632,3.55079334870205,3.28884964476604,0.0,3.36528114784973,2.89558133633711,2.69307355308162,3.42196782901936,3.44591761478866,3.19014400977105,3.72535192217174,3.80640178456126,3.30997142902173,3.6278025780313,3.30927258507621,3.11636619902997,3.51898783782705,3.95497787733106,3.02620493386301,2.42047063492903,3.96422802876736,2.02966949065857,3.06101185826038,3.81143288322485
SAT1,0.7528135,1.735315,0.0,2.324013,2.132383,0.7316094,0.0,3.098134,1.823766,3.431948,2.267787,2.752335,0.0,1.998993,1.287912,1.863819,1.546354,1.654434,1.56114,2.573271,1.667464,3.560706,2.495484,2.129113,2.15095,1.112894,0.0,0.0,1.467826,0.0,1.603991,0.868076,1.969174,0.0,1.735392,1.812473,0.0,1.938801,0.9580128,0.0
ARHGEF12,0.7528135,0.0,0.0,0.0,0.0,0.7316094,0.0,0.0,0.0,0.0,0.0,0.2365686,0.0,0.0,0.2559513,0.5756754,0.4238027,1.654434,0.4303203,0.0,0.3904427,0.0,0.0,0.0,0.0,0.0,0.0,0.0,0.2881662,0.0,0.3083426,0.0,0.3259146,0.0,1.053775,0.0,0.0,0.0,0.4288586,0.0
CRIP2,0.7528135,0.0,0.0,0.0,0.0,0.0,0.0,0.0,0.0,0.0,0.0,0.0,0.0,0.0,0.0,0.0,0.0,0.0,0.0,0.0,0.0,0.0,0.0,0.0,0.0,0.0,0.0,0.0,0.2881662,0.0,0.0,0.0,0.0,0.0,0.0,0.0,0.0,0.0,0.0,0.0
EPAS1,0.0,0.0,0.0,0.0,0.0,0.0,0.0,1.509859,0.0,0.7365003,0.0,0.0,0.0,0.0,0.0,0.0,0.0,0.0,0.0,0.0,0.0,0.0,0.0,0.0,0.0,0.0,0.0,0.0,0.0,0.0,0.5436807,0.0,0.5713152,0.0,0.0,0.0,0.0,0.5075144,0.7280354,0.0
RPL3,2.672463,3.762047,2.987317,3.355145,3.425557,3.668069,3.33131,2.714984,3.612034,2.563005,0.0,3.106896,0.0,4.265462,3.472302,3.126466,3.329192,3.76818,3.11396,1.00423,3.539057,2.895581,2.762336,0.0,3.662666,3.52927,3.508216,4.088511,3.547658,2.119384,3.322384,3.315661,3.288958,3.839587,2.336242,2.625678,4.247153,2.607271,2.982781,3.416965
ITGB7,0.0,0.0,0.0,0.0,0.0,0.0,0.0,0.0,0.0,0.0,0.0,0.0,0.0,0.0,0.0,0.0,0.0,0.0,0.0,0.0,0.0,0.0,0.0,0.0,0.0,0.0,0.0,0.0,0.0,0.0,0.0,0.0,0.0,0.0,0.0,0.0,0.0,0.0,0.0,0.0
IFITM2,2.591712,2.336158,1.305719,2.966982,0.0,0.1953074,0.0,0.0,0.5004072,0.0,0.0,1.053706,0.0,0.0,1.734666,0.5756754,0.9490601,0.0,1.14772,0.0,0.670528,0.0,0.9515253,0.0,0.0,0.9687014,0.0,0.0,0.8484042,0.0,1.801106,0.9778702,0.7682042,1.900357,1.053775,1.270543,0.0,0.2856138,0.9580128,2.124558
COMMD6,1.177402,0.0,1.305719,0.0,0.0,2.094033,0.0,0.0,2.136296,1.774742,0.0,1.555303,0.0,1.998993,2.003798,1.863819,1.836988,2.247097,1.852776,0.0,1.794284,0.0,1.752494,0.0,2.784148,1.775556,0.0,1.772846,1.898765,2.119384,2.305499,2.032763,1.855385,0.0,1.053775,0.0,0.0,1.784849,1.76122,2.124558
LSM7,1.889313,2.336158,2.205085,0.0,2.764424,1.540439,2.164142,0.0,1.713032,0.9680934,0.0,1.370124,0.0,2.622001,1.734666,1.414232,1.836988,0.0,2.078285,1.00423,0.9827231,0.0,0.0,2.129113,0.0,1.451389,2.84458,0.0,1.467826,0.0,2.015038,1.787812,0.9326318,0.0,1.555387,1.270543,2.263144,0.8425641,1.849248,2.124558
RPS27L,1.889313,0.0,2.205085,0.0,2.764424,1.540439,0.0,0.0,1.36667,1.863004,0.0,1.435735,0.0,0.0,1.3653,2.172854,1.427091,0.0,0.7302021,0.0,1.068338,0.0,2.30339,0.0,0.0,1.626551,2.207963,0.0,1.467826,0.0,1.447038,1.690729,1.406679,0.0,1.735392,2.161985,0.0,2.152147,1.557835,2.756103
LAMC1,0.0,0.0,0.0,0.0,0.0,0.19530736080636,0.0,0.0,0.281183307794552,0.0,0.0,0.236568564456008,0.0,0.0,0.0,0.0,0.0,0.0,0.430320344076267,1.00423000666566,0.390442669323526,0.0,0.0,0.0,0.0,0.0,0.0,0.0,0.0,2.11938402866758,0.0,0.0,0.0,0.0,0.0,0.0,0.0,0.507514362462335,0.0,0.0
SPATS2L,1.47451,0.0,1.853275,0.0,2.132383,1.149573,0.0,0.0,0.832381,0.9680934,0.0,0.9560369,1.781829,0.0,0.8995306,1.735187,0.4238027,1.654434,0.4303203,0.0,1.068338,0.0,0.4251929,0.0,0.0,0.8001572,0.0,0.0,0.5116002,0.0,1.031702,0.9778702,1.307543,0.0,0.6597094,0.0,0.0,0.8425641,0.4288586,0.0
OPTN,0.0,0.0,0.0,0.0,0.0,0.8303439,0.0,2.449131,0.6801071,0.9680934,0.0,0.2365686,0.0,0.0,0.4595615,0.5756754,0.4238027,0.0,0.4303203,0.0,0.3904427,0.0,1.656147,0.0,0.0,0.0,0.0,0.0,0.0,0.0,0.3083426,0.4401429,1.073802,0.0,1.053775,0.0,0.0,1.459959,0.4288586,0.0
SRSF3,0.0,0.0,2.205085,0.0,0.0,1.277655,0.0,0.0,1.519876,0.9680934,0.0,1.224378,0.0,2.622001,1.734666,0.0,1.652896,2.247097,1.56114,0.0,0.8890857,0.0,0.4251929,0.0,0.0,1.775556,0.0,0.0,1.675549,0.0,0.8939098,1.52476,1.496868,0.0,1.053775,1.812473,0.0,0.9756506,1.438181,0.0
PSMD8,1.47451,2.336158,0.0,2.324013,0.0,0.8303439,0.0,0.0,1.588491,1.314136,0.0,1.662089,0.0,0.0,1.878259,1.414232,1.427091,0.0,1.14772,0.0,0.8890857,0.0,2.065408,0.0,0.0,1.542801,2.84458,0.0,1.467826,2.119384,1.85903,1.24938,1.496868,0.0,1.887885,1.812473,0.0,0.6890064,0.7280354,0.0
PRKCDBP,0.0,0.0,0.0,0.0,0.0,0.0,0.0,0.0,0.0,0.0,0.0,0.0,0.0,0.0,0.0,0.0,0.0,0.0,0.0,0.0,0.0,0.0,1.137686,0.0,0.0,0.0,0.0,0.0,0.0,0.0,0.0,0.0,0.0,0.0,0.0,0.0,0.0,0.5075144,0.0,0.0
TCEAL4,0.0,0.0,0.0,0.0,0.0,0.7316094,0.0,0.0,0.5004072,0.7365003,0.0,0.2365686,0.0,0.0,0.0,0.5756754,1.134957,0.0,0.9605947,0.0,0.3904427,0.0,0.4251929,0.0,0.0,0.5973302,0.0,0.0,0.9820392,0.0,0.0,0.0,0.5713152,0.0,0.0,0.0,0.0,0.5075144,0.4288586,0.0
LIMA1,0.0,0.0,1.305719,0.0,0.0,0.6220476,0.0,1.509859,0.6801071,0.434575,0.0,0.5881662,0.0,0.0,0.6286456,0.5756754,0.0,0.0,0.4303203,0.0,0.5402594,0.0,0.9515253,0.0,0.0,0.0,0.0,0.0,0.5116002,0.0,0.5436807,0.2440942,1.197487,0.0,0.6597094,1.270543,0.0,0.6890064,0.4288586,0.0
RPS27A,3.668187,4.122597,3.654929,4.030686,4.102305,3.67902,3.770211,4.490346,3.845503,3.652142,4.12076,3.55998,1.781829,3.670963,3.820533,3.605586,3.892354,3.550793,3.808783,1.82284,3.579827,2.895581,3.537556,3.421968,3.662666,3.663629,4.500574,4.003023,3.808555,3.627803,3.715754,3.681478,3.530339,4.058421,3.192768,2.420471,3.785696,2.531333,3.500446,3.962419
SOD1,0.0,2.336158,0.0,0.0,0.0,1.710075,2.164142,0.0,1.823766,2.154119,0.0,0.9560369,0.0,3.002949,1.832648,1.204471,2.061899,2.247097,1.933729,0.0,1.794284,0.0,2.191462,0.0,2.15095,0.9687014,2.84458,0.0,1.675549,2.119384,1.528591,1.583197,0.7682042,1.900357,0.6597094,1.270543,2.263144,0.8425641,1.438181,0.0
TRA2B,0.0,0.0,1.305719,0.0,0.0,0.8303439,0.0,2.924798,0.9645025,1.570727,0.0,0.9560369,1.781829,0.0,0.7732325,0.9387027,1.291654,0.0,0.4303203,0.0,0.9827231,0.0,0.4251929,0.0,0.0,0.8001572,0.0,0.0,0.8484042,2.119384,0.7340501,0.9778702,0.3259146,0.0,1.555387,0.0,0.0,1.198171,1.144865,0.0
NAMPT,0.7528135,0.0,1.305719,2.324013,0.0,0.3586314,0.0,0.0,0.0,1.156009,0.0,0.427741,0.0,0.0,0.4595615,0.5756754,0.720529,1.654434,0.0,0.0,0.3904427,2.256228,0.7225949,2.129113,0.0,0.0,0.0,0.0,0.6941153,0.0,0.5436807,0.0,0.7682042,0.0,1.053775,1.270543,0.0,0.5075144,0.4288586,0.0
RAB30-AS1,0.0,0.0,0.0,0.0,0.0,0.1953074,0.0,0.0,0.0,0.0,0.0,0.0,0.0,1.998993,0.0,0.5756754,0.0,0.0,0.0,0.0,0.3904427,0.0,0.0,0.0,0.0,0.0,0.0,0.0,0.2881662,0.0,0.0,0.2440942,0.0,0.0,0.0,0.0,0.0,0.2856138,0.4288586,0.0
TARSL2,0.0,0.0,0.0,0.0,0.0,0.4989881,0.0,0.0,0.0,0.0,0.0,0.0,0.0,0.0,0.0,0.0,0.4238027,0.0,0.0,0.0,0.0,0.0,0.0,0.0,0.0,0.0,0.0,0.0,0.0,0.0,0.0,0.0,0.0,0.0,0.0,0.0,0.0,0.2856138,0.4288586,0.0
MT-ND5,2.046116,2.336158,1.305719,2.324013,3.148661,2.570957,2.530572,2.085944,2.488208,1.156009,0.0,3.082725,0.0,0.0,1.963678,1.977776,2.187893,2.247097,1.668084,2.266857,2.681884,0.0,2.248991,3.421968,2.15095,1.905211,2.207963,3.022878,2.835035,0.0,2.106977,2.598303,2.499271,2.893968,3.070518,2.941251,0.0,2.65487,1.664689,2.124558
GNAS,1.177402,1.735315,0.0,2.324013,0.0,1.888251,0.0,0.0,1.280259,2.019118,0.0,1.299904,0.0,0.0,1.287912,1.414232,1.546354,0.0,1.441374,0.0,1.412115,0.0,0.7225949,0.0,0.0,0.8001572,0.0,0.0,1.467826,0.0,1.85903,1.325654,1.496868,0.0,1.335709,0.0,0.0,1.667239,2.074624,0.0
IER2,0.7528135,0.0,0.0,0.0,0.0,0.6220476,0.0,0.0,0.0,0.0,0.0,1.224378,1.781829,0.0,0.8995306,1.204471,0.720529,0.0,0.7302021,0.0,0.5402594,2.256228,0.0,0.0,0.0,1.775556,0.0,0.0,1.099903,0.0,1.031702,0.868076,1.307543,0.0,1.555387,0.0,0.0,0.6890064,0.7280354,0.0
ITM2C,0.0,0.0,0.0,0.0,0.0,0.6220476,1.579713,2.085944,0.832381,1.156009,0.0,1.435735,0.0,0.0,0.6286456,1.863819,0.4238027,0.0,0.4303203,0.0,1.220291,0.0,0.7225949,0.0,0.0,0.8001572,0.0,0.0,0.5116002,0.0,1.152786,0.4401429,0.3259146,0.0,0.6597094,0.0,0.0,1.093087,0.4288586,2.124558
SHFM1,0.0,2.336158,2.46482,0.0,0.0,1.493118,2.530572,1.509859,1.969799,1.156009,2.267787,0.8477858,0.0,0.0,1.784857,1.414232,2.126879,1.654434,1.441374,0.0,1.220291,0.0,1.137686,2.129113,0.0,1.350774,0.0,0.0,1.387746,3.134538,1.26078,1.833034,1.307543,2.893968,1.053775,1.812473,2.902878,1.093087,2.074624,0.0
CD81,1.177402,0.0,1.305719,0.0,0.0,1.078804,0.0,2.085944,0.5004072,0.0,0.0,0.2365686,0.0,0.0,1.011651,0.0,0.4238027,0.0,0.4303203,0.0,0.0,0.0,0.7225949,0.0,0.0,0.9687014,0.0,0.0,0.6941153,0.0,0.7340501,0.4401429,0.3259146,0.0,0.6597094,1.270543,0.0,0.0,0.7280354,0.0
RBMS1,0.0,0.0,0.0,0.0,0.0,1.002643,0.0,0.0,0.5004072,0.434575,0.0,0.5881662,0.0,0.0,0.0,0.5756754,0.4238027,0.0,0.0,0.0,0.2141572,0.0,0.0,0.0,0.0,0.3426178,0.0,0.0,0.8484042,0.0,0.3083426,0.2440942,0.3259146,0.0,0.0,0.0,0.0,0.2856138,0.4288586,0.0
SLC25A3,0.0,2.336158,2.205085,2.324013,0.0,1.62885,1.579713,0.0,2.210186,1.863004,0.0,2.361627,0.0,0.0,2.41673,1.414232,1.836988,1.654434,1.668084,1.00423,1.711549,0.0,3.025571,0.0,2.15095,1.626551,0.0,2.377245,1.947569,0.0,1.85903,2.199164,1.307543,0.0,1.335709,2.161985,2.263144,2.226186,1.849248,0.0
DST,1.47451,0.0,0.0,0.0,0.0,0.1953074,0.0,0.0,0.2811833,0.7365003,0.0,0.9560369,0.0,0.0,0.2559513,1.204471,0.0,0.0,0.4303203,1.495061,0.0,0.0,0.0,0.0,0.0,0.0,0.0,0.0,0.2881662,0.0,0.5436807,0.2440942,0.3259146,0.0,0.0,0.0,0.0,0.6890064,0.0,0.0
C1R,0.0,0.0,0.0,0.0,0.0,0.0,0.0,0.0,0.0,0.0,0.0,0.0,0.0,0.0,0.0,0.0,0.0,0.0,0.0,0.0,0.0,0.0,0.0,0.0,0.0,0.0,0.0,0.0,0.0,0.0,0.3083426,0.0,0.0,0.0,0.0,0.0,0.0,0.0,0.0,0.0
TRAC,0.0,0.0,0.0,0.0,0.0,0.0,0.0,0.0,0.0,0.0,0.0,0.0,0.0,0.0,0.0,0.0,0.0,0.0,0.0,0.0,0.0,0.0,0.0,0.0,0.0,0.0,0.0,0.0,0.0,0.0,0.0,0.0,0.0,0.0,0.0,0.0,0.0,0.0,0.0,0.0
CFD,0.0,0.0,0.0,0.0,0.0,0.0,0.0,0.0,0.2811833,0.0,0.0,0.0,0.0,0.0,0.2559513,0.0,0.0,0.0,0.0,0.0,0.0,0.0,0.4251929,0.0,0.0,0.0,0.0,0.0,0.0,0.0,0.0,0.0,0.0,0.0,0.0,0.0,0.0,0.0,0.0,0.0
VMP1,2.181632,0.0,0.0,0.0,0.0,1.540439,0.0,1.509859,0.2811833,0.7365003,0.0,1.053706,2.76141,0.0,0.6286456,2.172854,0.720529,0.0,2.008617,2.573271,1.711549,2.256228,1.430147,0.0,0.0,0.8001572,0.0,0.0,0.9820392,0.0,1.031702,1.076793,0.7682042,0.0,1.053775,0.0,0.0,1.89007,0.9580128,0.0
KLF4,0.0,0.0,0.0,0.0,0.0,0.4989881,0.0,0.0,0.0,0.0,0.0,0.0,0.0,0.0,0.2559513,0.0,0.0,0.0,0.0,0.0,0.3904427,0.0,0.0,0.0,0.0,0.0,0.0,0.0,0.2881662,0.0,0.5436807,0.2440942,0.3259146,0.0,0.6597094,0.0,0.0,0.0,0.0,0.0
PNRC1,1.177402,0.0,0.0,0.0,0.0,0.6220476,0.0,2.085944,0.5004072,0.0,0.0,0.5881662,0.0,0.0,0.0,0.5756754,0.4238027,0.0,0.0,0.0,0.5402594,0.0,0.0,0.0,0.0,0.0,0.0,0.0,0.0,0.0,0.3083426,0.0,0.3259146,0.0,0.0,0.0,0.0,0.8425641,0.0,0.0
LEPROT,0.0,0.0,0.0,0.0,0.0,0.35863144475461,0.0,0.0,0.281183307794552,0.0,0.0,0.0,0.0,0.0,0.459561497928911,0.0,0.720529038055004,0.0,0.0,0.0,0.0,0.0,0.0,0.0,0.0,0.0,0.0,0.0,0.511600155079749,0.0,0.308342635064697,0.244094202567046,0.571315155840473,0.0,0.0,0.0,0.0,0.285613819387722,0.0,0.0
EIF3K,2.046116,1.735315,2.46482,0.0,0.0,2.14581,2.164142,1.509859,2.136296,2.088895,0.0,2.037624,0.0,0.0,2.390363,1.977776,2.126879,1.654434,2.008617,0.0,1.753772,0.0,2.065408,0.0,0.0,2.17065,3.230468,2.377245,2.121967,2.119384,1.913782,2.032763,1.496868,1.900357,2.136984,2.161985,2.263144,1.53393,1.93015,2.124558
CUTA,0.0,1.735315,0.0,0.0,0.0,1.215663,1.579713,0.0,1.081188,1.774742,0.0,0.9560369,0.0,0.0,0.7732325,0.5756754,0.720529,0.0,0.9605947,0.0,0.3904427,0.0,1.137686,0.0,0.0,0.9687014,0.0,1.772846,1.300691,0.0,1.031702,0.9778702,0.9326318,1.900357,0.6597094,1.812473,0.0,0.2856138,1.144865,0.0
CSTB,0.0,1.735315,1.305719,0.0,0.0,2.120257,0.0,0.0,0.9645025,2.215348,0.0,1.299904,0.0,1.998993,1.437127,0.5756754,2.187893,0.0,1.14772,0.0,1.794284,0.0,0.7225949,0.0,0.0,1.238891,0.0,0.0,1.610986,0.0,1.85903,1.076793,1.579591,2.515805,2.241568,0.0,0.0,2.072184,1.76122,0.0
SMARCB1,0.7528135,0.0,0.0,0.0,0.0,0.1953074,0.0,0.0,0.2811833,0.434575,0.0,0.2365686,0.0,1.998993,0.2559513,0.5756754,0.4238027,0.0,0.9605947,0.0,0.5402594,0.0,0.4251929,0.0,0.0,0.3426178,0.0,0.0,0.5116002,0.0,0.0,0.6039846,0.5713152,0.0,0.0,0.0,0.0,0.0,0.0,0.0
PHLDA1,0.0,0.0,0.0,0.0,0.0,0.0,0.0,2.085944,0.2811833,0.0,0.0,0.0,0.0,1.998993,0.8995306,0.0,0.9490601,0.0,0.9605947,0.0,0.0,0.0,0.0,0.0,0.0,0.0,0.0,0.0,0.2881662,0.0,0.8939098,0.0,0.0,0.0,0.6597094,0.0,0.0,1.293254,0.0,0.0
TCEB1,0.0,0.0,1.305719,2.324013,0.0,1.002643,0.0,0.0,1.446204,1.677928,0.0,1.299904,0.0,1.998993,1.681823,0.9387027,1.652896,1.654434,0.4303203,1.00423,0.9827231,0.0,1.840368,0.0,0.0,0.8001572,2.207963,0.0,0.8484042,0.0,1.603991,0.868076,0.7682042,0.0,1.335709,0.0,0.0,1.198171,1.302238,2.124558
CTSD,1.177402,0.0,1.305719,0.0,2.132383,0.3586314,1.579713,1.509859,0.2811833,1.156009,2.267787,0.7263777,0.0,0.0,0.4595615,0.0,0.0,0.0,0.0,1.00423,0.670528,0.0,0.4251929,0.0,0.0,0.8001572,0.0,1.772846,0.2881662,0.0,0.7340501,0.0,0.3259146,0.0,0.0,0.0,0.0,0.8425641,0.9580128,0.0
RPS14,3.407745,4.80761,3.785222,4.182296,3.148661,4.001964,3.8553,3.683541,4.095922,3.594017,4.368461,3.582495,1.781829,4.171556,3.935166,4.057303,4.147501,4.025201,4.16596,2.069292,3.971465,2.895581,3.490219,4.098656,3.991778,3.734403,3.725352,4.640917,3.457139,3.134538,3.816031,3.722407,4.428897,4.31679,3.647255,3.95615,3.785696,3.098155,3.780554,4.09357
ATRAID,0.0,0.0,0.0,0.0,0.0,0.8303439,0.0,0.0,0.5004072,0.434575,0.0,0.2365686,0.0,0.0,0.4595615,0.0,0.4238027,1.654434,1.668084,0.0,0.5402594,0.0,0.0,0.0,2.15095,0.9687014,0.0,0.0,0.5116002,2.119384,1.26078,0.6039846,0.3259146,0.0,1.053775,0.0,0.0,0.6890064,0.9580128,0.0
LGALS3,1.177402,0.0,1.305719,0.0,0.0,1.078804,1.579713,0.0,1.519876,2.154119,0.0,1.435735,0.0,0.0,1.011651,1.204471,1.134957,0.0,0.0,1.495061,1.288403,2.256228,3.457369,0.0,0.0,1.238891,0.0,0.0,1.610986,0.0,1.528591,1.638408,1.197487,0.0,2.241568,1.270543,0.0,2.261246,1.302238,2.124558
GNG11,0.0,0.0,0.0,0.0,0.0,0.0,0.0,0.0,0.0,0.0,0.0,0.0,0.0,0.0,0.0,0.0,0.0,0.0,0.0,0.0,0.0,0.0,0.0,0.0,0.0,0.0,0.0,0.0,0.0,0.0,0.0,0.0,0.0,0.0,0.0,0.0,0.0,0.0,0.0,0.0
LMAN2,0.7528135,0.0,0.0,0.0,0.0,0.7316094,0.0,0.0,0.5004072,0.0,0.0,1.053706,0.0,0.0,1.011651,0.5756754,1.134957,0.0,0.9605947,0.0,0.2141572,0.0,1.29457,0.0,0.0,0.5973302,0.0,0.0,0.9820392,0.0,0.8939098,0.7447231,0.3259146,0.0,0.6597094,0.0,0.0,0.9756506,0.9580128,0.0
EIF4G2,0.7528135,0.0,0.0,0.0,0.0,1.078804,0.0,2.085944,1.519876,0.9680934,0.0,1.71149,0.0,0.0,1.681823,0.5756754,0.4238027,1.654434,0.7302021,1.495061,1.068338,0.0,2.30339,2.760947,0.0,1.238891,0.0,1.772846,0.8484042,0.0,1.358239,1.638408,1.073802,1.900357,0.6597094,0.0,2.263144,1.727772,1.302238,0.0
LAGE3,0.7528135,0.0,1.305719,0.0,0.0,0.0,1.579713,0.0,0.2811833,1.314136,0.0,0.427741,0.0,0.0,0.2559513,0.5756754,0.4238027,0.0,0.0,0.0,0.5402594,0.0,0.0,0.0,0.0,0.5973302,0.0,0.0,0.0,0.0,0.3083426,0.7447231,0.3259146,0.0,0.0,0.0,0.0,0.2856138,1.438181,0.0
MT-ND4,3.246694,4.547692,4.610582,4.628716,4.21825,4.787974,4.791322,4.637218,4.122579,2.970744,3.573245,4.477423,3.920132,3.670963,4.47978,3.223993,4.212095,4.025201,4.389337,4.299348,4.926111,5.241928,4.151457,5.408168,4.238981,4.459031,5.315318,4.308296,4.475455,3.805685,4.055314,4.824945,3.752138,4.692057,5.056351,5.364627,2.902878,4.961572,4.153461,4.49346
TMBIM6,1.47451,2.336158,1.305719,2.324013,2.764424,2.010967,1.579713,2.449131,1.823766,2.327591,3.294874,1.758564,0.0,0.0,2.149892,1.977776,1.749172,1.654434,1.852776,1.00423,1.794284,0.0,1.840368,0.0,0.0,2.072759,0.0,2.377245,1.610986,2.7506,1.603991,1.462694,0.7682042,1.900357,1.887885,2.420471,0.0,1.938801,2.074624,2.124558
REEP5,0.0,0.0,1.305719,0.0,0.0,1.078804,0.0,0.0,0.6801071,0.0,0.0,0.7263777,0.0,0.0,0.8995306,0.0,0.4238027,0.0,0.0,0.0,0.785766,0.0,1.137686,0.0,0.0,0.3426178,0.0,0.0,0.2881662,0.0,1.26078,0.6039846,1.073802,0.0,0.0,1.270543,0.0,1.093087,0.9580128,0.0
PRELID1,1.47451,0.0,1.853275,0.0,0.0,1.078804,1.579713,1.509859,1.280259,1.774742,0.0,1.610121,0.0,0.0,2.003798,0.9387027,2.187893,2.247097,0.9605947,0.0,0.785766,2.256228,2.945286,2.760947,0.0,0.8001572,2.207963,0.0,1.099903,0.0,1.674103,2.068332,1.496868,0.0,1.555387,1.270543,0.0,1.938801,1.438181,0.0
CAPZA2,0.0,0.0,1.853275,0.0,0.0,0.7316094,0.0,0.0,1.185669,1.570727,0.0,1.610121,0.0,0.0,1.112459,0.5756754,1.134957,2.247097,1.14772,1.00423,0.9827231,0.0,1.430147,0.0,2.15095,0.9687014,0.0,0.0,0.9820392,0.0,1.152786,0.9778702,1.579591,0.0,1.053775,0.0,0.0,1.093087,0.7280354,2.124558
TAGLN,0.0,0.0,0.0,0.0,0.0,0.0,0.0,0.0,0.0,0.0,0.0,0.2365686,0.0,0.0,0.0,0.0,0.0,0.0,0.0,0.0,0.0,0.0,0.4251929,0.0,0.0,0.0,0.0,0.0,0.2881662,0.0,0.0,0.2440942,0.0,0.0,0.0,1.270543,0.0,0.0,0.4288586,0.0
APLP2,2.300955,0.0,1.305719,0.0,2.132383,1.670287,2.164142,1.509859,2.173923,1.314136,2.907776,1.846546,0.0,1.998993,1.504139,1.204471,1.427091,1.654434,1.305288,0.0,2.039516,0.0,1.430147,0.0,2.15095,1.542801,2.207963,2.377245,1.467826,2.119384,1.528591,1.462694,1.406679,0.0,2.502318,0.0,0.0,1.727772,1.557835,0.0
VPS37B,0.0,0.0,0.0,0.0,0.0,0.1953074,0.0,0.0,0.0,0.434575,0.0,0.0,0.0,0.0,0.2559513,0.0,0.0,0.0,0.4303203,1.495061,0.2141572,0.0,0.4251929,0.0,0.0,0.0,0.0,0.0,0.0,2.119384,0.3083426,0.2440942,0.0,0.0,0.0,0.0,0.0,0.0,0.0,0.0
HLA-DQB1,0.0,0.0,0.0,0.0,0.0,0.0,0.0,0.0,0.0,0.0,0.0,0.0,0.0,0.0,0.0,0.0,0.4238027,0.0,0.0,0.0,0.0,0.0,0.4251929,0.0,0.0,0.0,0.0,0.0,0.0,0.0,0.0,0.0,0.0,0.0,0.0,0.0,0.0,0.0,0.0,0.0
C1orf54,0.0,0.0,0.0,0.0,0.0,0.19530736080636,0.0,0.0,0.0,0.0,0.0,0.0,0.0,0.0,0.0,0.0,0.0,0.0,0.0,0.0,0.0,0.0,0.0,0.0,0.0,0.0,0.0,0.0,0.0,0.0,0.0,0.0,0.0,0.0,0.0,0.0,0.0,0.0,0.0,0.0
NPM1,0.7528135,1.735315,3.227363,2.966982,2.764424,2.44829,3.33131,2.924798,3.152909,2.563005,3.573245,2.523844,1.781829,3.278144,3.227251,2.172854,2.791475,2.616692,2.871883,1.00423,2.745209,2.256228,2.795248,2.760947,2.15095,2.41732,2.207963,1.772846,2.304327,2.119384,2.783097,2.942869,2.866066,3.167714,1.735392,2.625678,2.263144,1.602804,2.738166,3.416965
UQCRB,1.47451,1.735315,1.853275,0.0,0.0,1.493118,0.0,1.509859,1.713032,0.7365003,0.0,1.142679,0.0,3.002949,1.626031,1.414232,2.534548,2.247097,1.441374,1.00423,1.572998,2.256228,1.995873,0.0,0.0,2.019968,2.207963,3.411989,1.300691,3.627803,1.358239,1.166806,1.913897,2.515805,1.555387,0.0,2.263144,0.2856138,1.664689,3.140161
CALR,1.47451,0.0,1.853275,0.0,2.132383,1.277655,1.579713,0.0,1.446204,2.215348,2.267787,0.8477858,0.0,0.0,0.2559513,1.204471,0.0,0.0,1.305288,0.0,0.9827231,0.0,2.354982,0.0,0.0,1.238891,2.207963,0.0,0.8484042,0.0,1.358239,1.396519,0.5713152,0.0,1.555387,2.161985,0.0,1.198171,0.9580128,2.124558
SERPINF1,0.0,0.0,0.0,0.0,0.0,0.0,0.0,0.0,0.2811833,0.0,0.0,0.0,0.0,0.0,0.0,0.0,0.0,0.0,0.0,0.0,0.0,0.0,0.0,0.0,0.0,0.0,0.0,0.0,0.0,0.0,0.0,0.0,0.0,0.0,0.0,0.0,0.0,0.0,0.0,0.0
NR2F2,0.0,0.0,0.0,0.0,0.0,0.1953074,0.0,0.0,0.0,0.0,0.0,0.427741,0.0,0.0,0.7732325,0.0,0.720529,0.0,0.0,0.0,0.2141572,0.0,0.0,0.0,0.0,0.3426178,0.0,0.0,0.5116002,0.0,0.0,0.2440942,0.3259146,0.0,0.6597094,0.0,0.0,0.2856138,0.4288586,0.0
UQCRFS1,0.7528135,0.0,2.670813,0.0,0.0,1.443447,0.0,1.509859,1.519876,1.450639,0.0,1.71149,0.0,1.998993,1.504139,1.414232,1.546354,0.0,1.441374,0.0,1.288403,0.0,1.29457,0.0,0.0,1.112894,2.207963,0.0,1.099903,2.119384,1.913782,1.917769,1.579591,0.0,1.053775,0.0,2.902878,0.8425641,1.664689,0.0
CDC42,0.752813520601271,1.73531514495429,0.0,0.0,0.0,0.731609391859029,1.57971339318672,0.0,0.832380998906884,1.15600855634195,0.0,0.847785776841192,0.0,0.0,1.20402822384441,0.0,0.0,1.65443392472602,0.730202140329799,0.0,0.540259444832807,0.0,1.29457036725028,0.0,0.0,0.597330170802566,0.0,0.0,0.982039194706642,2.11938402866758,0.543680687584582,0.440142916680324,0.325914603309185,1.90035706071708,0.0,0.0,0.0,1.2932543298501,0.0,0.0
CTSS,0.752813520601271,0.0,0.0,0.0,0.0,0.498988084905914,0.0,0.0,1.28025897080253,0.968093367459482,0.0,1.29990392740182,0.0,0.0,0.77323251890491,0.938702703072172,1.13495731428951,1.65443392472602,0.960594719164157,0.0,0.540259444832807,0.0,0.951525293242092,2.12911315147707,0.0,0.0,0.0,0.0,0.511600155079749,0.0,0.543680687584582,0.0,1.19748652911621,0.0,1.33570886433178,0.0,0.0,1.2932543298501,0.0,0.0
MT-ND4L,1.889313,1.735315,1.305719,0.0,2.764424,1.391178,2.164142,1.509859,0.2811833,0.7365003,2.907776,2.071819,2.387057,0.0,1.504139,0.5756754,0.720529,0.0,0.7302021,1.82284,0.8890857,2.256228,1.29457,2.129113,0.0,1.451389,0.0,0.0,1.099903,0.0,0.5436807,1.52476,0.7682042,1.900357,2.422724,1.812473,0.0,0.9756506,1.144865,2.124558
TNFRSF13B,0.0,0.0,0.0,0.0,0.0,0.0,0.0,0.0,0.0,0.0,0.0,0.0,0.0,0.0,0.0,0.0,0.0,0.0,0.0,0.0,0.0,0.0,0.0,0.0,0.0,0.0,0.0,0.0,0.0,0.0,0.0,0.0,0.0,0.0,0.0,0.0,0.0,0.0,0.0,0.0
ENO1,2.30095546716629,0.0,1.30571904818115,0.0,0.0,0.622047626287169,3.18309888609377,0.0,1.58849144008022,2.21534805073631,2.90777594019827,1.14267872072041,0.0,0.0,2.07951081559805,1.41423171144403,0.720529038055004,0.0,1.56114020603669,0.0,1.4121146041789,0.0,2.45080774195325,0.0,0.0,1.23889051165561,0.0,0.0,1.30069077698035,0.0,1.60399114963464,1.32565375606771,1.07380215356771,0.0,0.659709414932617,2.42047063492903,2.26314385595782,0.842564123737005,1.84924805596559,0.0
RPS16,4.084196,4.595978,4.299178,4.628716,3.971133,3.936804,4.537807,3.374468,4.198535,3.964789,4.252261,3.481041,3.571924,4.171556,4.011946,3.848477,3.81401,4.399034,4.182508,1.82284,4.185396,2.256228,3.537556,3.967493,3.840701,4.164146,4.186275,4.592609,4.150316,3.627803,3.914395,4.141992,4.131355,4.389945,4.107437,3.737779,4.115663,2.863852,4.065584,3.633525
SAMSN1,0.0,0.0,0.0,0.0,0.0,0.0,0.0,0.0,0.0,0.0,0.0,0.0,0.0,0.0,0.0,1.204471,0.0,0.0,0.0,0.0,0.0,0.0,0.0,0.0,0.0,0.0,0.0,0.0,0.0,0.0,0.0,0.0,0.0,0.0,0.0,0.0,0.0,0.0,0.0,0.0
SPCS3,0.0,0.0,0.0,0.0,0.0,0.0,0.0,0.0,0.5004072,0.0,0.0,0.0,0.0,0.0,0.2559513,0.0,0.4238027,0.0,0.0,0.0,0.0,0.0,0.4251929,0.0,0.0,0.0,0.0,0.0,0.0,0.0,0.0,0.0,0.0,0.0,0.0,0.0,0.0,0.0,0.0,0.0
EVI2A,0.0,0.0,0.0,0.0,0.0,0.0,0.0,0.0,0.0,0.0,0.0,0.0,0.0,0.0,0.0,0.0,0.0,0.0,0.0,0.0,0.0,0.0,0.0,0.0,0.0,0.0,0.0,0.0,0.0,0.0,0.0,0.0,0.0,0.0,0.0,0.0,0.0,0.0,0.0,0.0
ATP5O,1.177402,1.735315,1.305719,2.324013,2.132383,0.9201999,0.0,0.0,1.652699,1.450639,0.0,1.299904,0.0,0.0,1.112459,0.5756754,1.917711,0.0,1.668084,0.0,1.352171,0.0,1.656147,0.0,0.0,0.5973302,3.230468,0.0,2.121967,0.0,1.26078,1.583197,1.307543,1.900357,0.0,1.270543,0.0,0.9756506,1.438181,0.0
PHPT1,1.177402,1.735315,0.0,3.355145,0.0,0.6220476,0.0,0.0,0.832381,0.434575,0.0,0.7263777,0.0,0.0,0.7732325,0.9387027,1.134957,0.0,0.7302021,0.0,0.9827231,0.0,0.4251929,0.0,0.0,0.5973302,0.0,0.0,0.2881662,0.0,0.7340501,1.076793,0.5713152,1.900357,0.6597094,1.270543,0.0,0.5075144,0.7280354,2.124558
DRAP1,1.177402,1.735315,0.0,0.0,0.0,1.215663,1.579713,0.0,0.6801071,0.9680934,0.0,1.299904,0.0,0.0,1.204028,0.5756754,1.134957,0.0,0.7302021,0.0,0.785766,2.895581,1.752494,0.0,0.0,0.9687014,0.0,0.0,0.6941153,0.0,1.26078,1.166806,1.073802,0.0,0.6597094,1.270543,0.0,1.459959,1.438181,2.756103
MT-ND1,3.513513,2.979748,2.841535,3.355145,0.0,4.066838,3.183099,3.683541,3.539327,1.570727,0.0,2.909528,3.701936,0.0,3.050533,2.80739,3.229894,2.247097,3.536326,2.997124,4.591845,2.256228,2.917026,3.14511,2.15095,3.480148,2.207963,4.088511,3.690766,3.134538,3.282522,3.616762,3.871331,3.382402,3.192768,3.95615,2.263144,4.879604,3.324143,2.124558
PRDX1,0.0,0.0,1.85327519926764,0.0,2.132383105178,1.98167061088794,2.16414212624539,0.0,2.17392340268025,2.6435726404405,0.0,1.96551269766517,0.0,1.99899325293938,2.36328143360284,1.20447081230436,2.18789259020689,0.0,1.93372920329237,0.0,1.52219246702377,0.0,1.92114032159029,0.0,0.0,1.84248324329164,2.84457979368529,0.0,2.08113505044159,0.0,1.85903009700316,1.78781206834478,0.932631789018124,0.0,2.02017063695658,0.0,0.0,1.66723891132393,1.9301498919295,2.12455791305678
PKP4,0.0,0.0,0.0,0.0,0.0,0.3586314,0.0,0.0,0.2811833,0.0,0.0,0.427741,0.0,0.0,0.2559513,0.0,0.0,1.654434,0.0,0.0,0.3904427,0.0,0.0,0.0,0.0,0.3426178,0.0,0.0,0.2881662,0.0,0.8939098,0.2440942,0.0,0.0,0.0,0.0,0.0,0.5075144,1.302238,0.0
ARF1,1.17740167379281,0.0,1.30571904818115,0.0,2.132383105178,0.35863144475461,0.0,0.0,0.964502459939233,0.968093367459482,0.0,1.29990392740182,1.78182890102545,0.0,1.01165129318583,0.0,1.13495731428951,0.0,1.30528772016556,1.00423000666566,0.785765960777977,0.0,0.951525293242092,0.0,0.0,0.968701414173608,0.0,0.0,0.511600155079749,0.0,1.35823905100875,1.39651947642363,1.3075431696491,0.0,0.0,0.0,0.0,0.507514362462335,0.728035357566666,0.0
TGFB1I1,0.0,0.0,0.0,0.0,0.0,0.3586314,0.0,0.0,0.2811833,0.0,0.0,0.0,0.0,0.0,0.4595615,0.5756754,0.4238027,0.0,0.0,0.0,0.0,0.0,0.4251929,0.0,0.0,0.3426178,0.0,0.0,0.2881662,0.0,0.5436807,0.0,0.3259146,0.0,0.0,0.0,0.0,0.0,0.0,0.0
ATP6V0B,0.752813520601271,1.73531514495429,0.0,0.0,0.0,0.830343877764507,0.0,0.0,0.281183307794552,1.31413561763047,0.0,1.29990392740182,0.0,0.0,0.77323251890491,0.938702703072172,1.29165421223064,0.0,0.430320344076267,1.00423000666566,0.540259444832807,0.0,1.92114032159029,0.0,0.0,1.11289360896559,0.0,0.0,0.0,2.75059964045907,0.543680687584582,0.603984607695277,0.325914603309185,0.0,0.659709414932617,1.27054347247737,0.0,0.689006387893914,0.0,0.0
SPTAN1,0.0,0.0,1.305719,2.324013,0.0,0.3586314,0.0,0.0,0.2811833,0.0,0.0,0.2365686,0.0,0.0,0.4595615,0.0,0.720529,0.0,0.4303203,0.0,0.3904427,0.0,0.0,0.0,0.0,0.5973302,0.0,0.0,0.0,0.0,0.3083426,0.2440942,0.0,0.0,0.6597094,1.270543,0.0,0.2856138,0.9580128,0.0
PECAM1,0.0,0.0,0.0,0.0,0.0,0.1953074,0.0,0.0,0.0,0.0,0.0,0.0,0.0,0.0,0.0,0.0,0.0,0.0,0.0,0.0,0.0,0.0,0.0,0.0,0.0,0.0,0.0,0.0,0.0,0.0,0.0,0.0,0.0,0.0,0.0,0.0,0.0,0.0,0.0,0.0
RPL19,3.776722,3.368133,3.654929,3.851911,4.102305,3.880545,4.137676,2.924798,3.957035,3.608868,4.252261,3.187171,1.781829,4.265462,3.979759,3.725048,3.676971,3.665382,3.759909,1.495061,3.552833,2.895581,3.625996,3.63856,3.445918,3.791319,3.230468,4.088511,3.933723,3.627803,3.935784,3.865403,3.724637,3.709123,3.192768,3.674827,4.647839,2.743768,3.70444,3.962419
MRPL33,0.0,0.0,0.0,0.0,0.0,1.002643,2.164142,0.0,0.9645025,1.774742,0.0,0.5881662,0.0,0.0,0.7732325,0.9387027,0.720529,0.0,0.4303203,1.00423,0.3904427,0.0,0.4251929,0.0,0.0,1.112894,0.0,0.0,0.9820392,0.0,0.5436807,1.166806,0.5713152,0.0,1.335709,1.270543,0.0,0.6890064,0.0,0.0
KRT18,2.503863,0.0,1.853275,2.324013,2.132383,2.994744,2.164142,2.449131,2.865596,1.314136,0.0,2.62546,2.387057,3.493719,2.885806,3.626514,2.614929,0.0,2.078285,1.82284,2.33349,0.0,4.836702,3.63856,3.168805,1.775556,2.207963,0.0,2.429513,0.0,2.847959,2.341786,2.164006,0.0,2.422724,1.270543,0.0,3.170102,1.664689,3.140161
CXCL2,0.7528135,0.0,0.0,0.0,0.0,1.710075,0.0,3.683541,0.0,0.434575,0.0,0.0,1.781829,0.0,1.784857,0.5756754,0.0,0.0,0.9605947,0.0,0.5402594,0.0,0.0,2.129113,0.0,0.3426178,0.0,0.0,1.541966,0.0,0.8939098,0.2440942,0.0,0.0,2.241568,0.0,0.0,0.0,0.0,0.0
HLA-E,0.7528135,0.0,0.0,0.0,0.0,0.3586314,0.0,0.0,0.6801071,0.9680934,0.0,0.2365686,0.0,0.0,0.2559513,0.0,0.0,0.0,0.4303203,0.0,0.3904427,0.0,0.0,0.0,0.0,0.0,0.0,0.0,0.6941153,0.0,0.3083426,0.2440942,0.9326318,0.0,0.0,0.0,0.0,1.093087,0.0,0.0
TPM2,0.0,0.0,0.0,0.0,0.0,0.3586314,0.0,0.0,0.5004072,0.0,0.0,0.0,0.0,0.0,0.2559513,0.0,0.4238027,0.0,0.0,0.0,0.785766,0.0,0.7225949,0.0,0.0,0.5973302,0.0,0.0,0.0,0.0,0.3083426,0.2440942,0.0,0.0,0.0,1.270543,0.0,0.0,0.0,0.0
IL6ST,0.7528135,0.0,0.0,0.0,0.0,0.3586314,0.0,1.509859,0.2811833,0.0,0.0,0.427741,0.0,0.0,0.2559513,0.0,0.720529,0.0,0.0,0.0,0.3904427,2.256228,0.0,0.0,0.0,0.3426178,0.0,0.0,0.0,0.0,0.0,0.2440942,0.7682042,0.0,0.0,0.0,0.0,0.0,0.0,0.0
PLPP1,0.0,0.0,0.0,0.0,0.0,0.0,0.0,0.0,0.0,0.0,0.0,1.299904,0.0,0.0,0.4595615,0.0,0.0,0.0,0.4303203,0.0,0.0,0.0,0.0,0.0,0.0,0.0,0.0,0.0,0.0,0.0,0.0,0.0,0.3259146,0.0,0.0,0.0,0.0,0.5075144,0.0,0.0
CD55,0.0,0.0,0.0,0.0,0.0,0.19530736080636,0.0,0.0,0.281183307794552,0.434574976876293,0.0,0.0,0.0,0.0,0.255951251736804,0.0,0.0,1.65443392472602,0.0,0.0,0.0,0.0,1.43014694316737,2.12911315147707,0.0,0.0,0.0,0.0,0.0,0.0,0.0,0.244094202567046,0.325914603309185,0.0,0.0,0.0,0.0,0.285613819387722,0.0,0.0
DEK,0.7528135,0.0,1.305719,0.0,0.0,0.3586314,0.0,2.449131,1.36667,0.9680934,0.0,0.8477858,0.0,0.0,1.011651,0.0,1.291654,1.654434,0.9605947,0.0,0.5402594,0.0,1.29457,0.0,0.0,0.9687014,0.0,0.0,0.8484042,0.0,1.031702,1.638408,0.5713152,0.0,1.335709,0.0,0.0,1.293254,0.0,0.0
FIS1,0.7528135,0.0,0.0,0.0,0.0,0.7316094,1.579713,0.0,0.832381,0.434575,0.0,0.7263777,0.0,0.0,1.011651,0.9387027,0.4238027,2.616692,1.441374,0.0,0.8890857,0.0,0.7225949,0.0,0.0,0.0,0.0,0.0,0.5116002,2.119384,0.8939098,0.868076,0.0,0.0,0.0,0.0,0.0,0.2856138,0.0,0.0
HSPD1,1.703267,0.0,3.328749,3.355145,2.132383,2.286767,2.79815,3.919303,2.827912,2.475372,0.0,2.457516,0.0,2.622001,2.335446,1.587531,1.836988,0.0,2.63232,0.0,2.236297,0.0,1.752494,2.129113,2.15095,1.842483,2.207963,0.0,2.368878,0.0,2.305499,2.732818,2.58998,2.515805,2.241568,1.812473,2.263144,1.727772,2.70291,2.756103
ERGIC3,1.177402,0.0,1.305719,0.0,0.0,1.215663,1.579713,0.0,1.280259,0.0,0.0,0.9560369,0.0,0.0,1.3653,1.587531,1.652896,0.0,1.14772,0.0,1.468667,0.0,0.4251929,0.0,0.0,0.9687014,0.0,0.0,1.300691,2.119384,0.7340501,1.076793,1.197487,0.0,1.053775,1.270543,0.0,0.5075144,1.144865,2.124558
BRK1,0.7528135,0.0,0.0,0.0,0.0,1.336027,0.0,0.0,0.2811833,1.677928,0.0,1.370124,0.0,0.0,0.6286456,0.0,1.427091,0.0,0.0,0.0,1.147198,0.0,1.29457,0.0,0.0,1.451389,0.0,1.772846,0.8484042,0.0,1.603991,0.9778702,1.073802,0.0,0.0,1.270543,2.263144,1.093087,1.302238,0.0
ZBTB16,0.0,0.0,0.0,0.0,0.0,0.0,0.0,0.0,0.0,0.0,0.0,0.0,0.0,0.0,0.0,0.0,0.0,0.0,0.0,0.0,0.0,0.0,0.0,0.0,0.0,0.0,0.0,0.0,0.0,0.0,0.0,0.0,0.0,0.0,0.0,0.0,0.0,0.0,0.0,0.0
PIM2,0.0,0.0,0.0,0.0,0.0,0.0,0.0,0.0,0.0,0.0,0.0,0.2365686,0.0,0.0,0.0,0.0,0.0,0.0,0.0,0.0,0.0,0.0,0.0,0.0,0.0,0.0,0.0,0.0,0.0,0.0,0.0,0.0,0.0,0.0,0.0,0.0,0.0,0.0,0.0,0.0
RNASE1,1.177402,0.0,0.0,0.0,0.0,0.1953074,0.0,0.0,0.5004072,0.0,0.0,0.9560369,0.0,0.0,0.7732325,1.204471,0.720529,0.0,0.4303203,0.0,0.670528,0.0,0.4251929,0.0,2.15095,0.0,0.0,0.0,0.0,0.0,1.152786,0.4401429,0.5713152,0.0,0.6597094,0.0,0.0,0.2856138,0.4288586,0.0
C14orf2,1.889313,0.0,1.305719,2.324013,2.132383,1.710075,2.164142,2.085944,1.36667,1.944105,2.267787,1.142679,0.0,0.0,2.003798,1.414232,1.546354,1.654434,2.368326,0.0,1.288403,0.0,1.549518,2.129113,2.784148,1.775556,3.508216,1.772846,1.847457,2.7506,1.528591,1.462694,1.655991,2.893968,2.020171,2.795861,0.0,0.6890064,2.004994,2.124558
OSTC,0.0,0.0,0.0,0.0,2.132383,1.215663,2.164142,2.085944,0.2811833,0.434575,2.267787,1.142679,0.0,0.0,0.4595615,0.5756754,1.134957,1.654434,1.441374,0.0,0.5402594,0.0,0.7225949,3.421968,2.15095,0.5973302,0.0,0.0,0.6941153,0.0,0.7340501,0.6039846,0.5713152,0.0,0.0,1.812473,0.0,1.293254,0.4288586,0.0
ATP5J2,1.703267,1.735315,0.0,2.324013,0.0,1.215663,1.579713,1.509859,1.923451,1.570727,0.0,1.610121,0.0,0.0,2.115321,1.414232,1.917711,1.654434,2.143414,0.0,1.522192,0.0,1.549518,2.129113,2.15095,2.216221,2.207963,0.0,1.793372,2.119384,2.062064,2.287153,0.9326318,1.900357,2.136984,1.270543,0.0,0.8425641,2.413641,0.0
PNISR,0.0,0.0,0.0,0.0,0.0,0.3586314,0.0,2.449131,0.2811833,0.0,0.0,0.7263777,2.387057,0.0,0.8995306,0.5756754,1.291654,0.0,0.7302021,0.0,1.068338,2.256228,0.0,0.0,2.15095,0.5973302,0.0,0.0,0.2881662,0.0,1.031702,0.4401429,1.496868,0.0,0.6597094,0.0,0.0,0.8425641,0.4288586,0.0
PDCD4,0.0,0.0,0.0,0.0,0.0,0.3586314,0.0,0.0,0.0,0.434575,0.0,0.2365686,0.0,0.0,0.2559513,0.0,0.0,0.0,0.0,0.0,0.5402594,0.0,0.0,0.0,0.0,0.0,0.0,0.0,0.2881662,0.0,0.0,0.0,0.0,0.0,0.0,0.0,0.0,0.0,0.4288586,0.0
VAMP5,0.0,0.0,0.0,0.0,0.0,0.0,0.0,0.0,0.0,0.0,0.0,0.427741,0.0,0.0,0.0,0.0,0.0,0.0,0.0,0.0,0.0,0.0,0.4251929,0.0,0.0,0.0,0.0,0.0,0.0,0.0,0.7340501,0.4401429,0.0,0.0,0.0,0.0,0.0,0.0,0.0,0.0
RTFDC1,0.0,0.0,0.0,0.0,0.0,0.6220476,1.579713,0.0,0.6801071,0.0,0.0,0.9560369,0.0,0.0,0.8995306,0.5756754,0.9490601,0.0,0.9605947,0.0,0.3904427,0.0,0.0,0.0,2.15095,0.3426178,0.0,0.0,0.5116002,0.0,0.8939098,0.4401429,1.073802,0.0,0.0,0.0,0.0,0.6890064,0.0,0.0
NDUFB8,0.0,0.0,0.0,0.0,0.0,0.7316094,2.164142,0.0,1.081188,1.450639,0.0,0.5881662,0.0,0.0,0.4595615,0.9387027,1.427091,1.654434,1.305288,0.0,0.2141572,0.0,0.9515253,2.129113,0.0,1.238891,2.207963,0.0,1.300691,0.0,0.8939098,0.9778702,0.5713152,1.900357,0.0,1.270543,0.0,0.5075144,1.144865,2.124558
CAV1,0.0,0.0,0.0,0.0,0.0,0.0,0.0,0.0,0.0,0.0,0.0,0.0,0.0,0.0,0.0,0.0,0.0,0.0,0.0,0.0,0.0,0.0,0.0,0.0,0.0,0.3426178,0.0,0.0,0.0,0.0,0.0,0.0,0.0,0.0,0.0,0.0,0.0,0.0,0.0,0.0
KANSL1,0.0,0.0,0.0,0.0,0.0,0.3586314,0.0,0.0,0.2811833,0.0,0.0,0.2365686,0.0,0.0,0.2559513,0.0,0.4238027,0.0,0.0,0.0,0.0,0.0,0.0,0.0,0.0,0.3426178,0.0,0.0,0.0,0.0,0.0,0.2440942,0.3259146,0.0,0.6597094,0.0,0.0,0.0,0.0,0.0
PSMB7,0.0,0.0,0.0,0.0,0.0,1.078804,0.0,0.0,0.6801071,1.156009,0.0,1.370124,0.0,0.0,1.112459,1.204471,1.652896,1.654434,1.14772,0.0,1.068338,0.0,1.29457,0.0,0.0,1.350774,0.0,1.772846,0.8484042,2.119384,1.152786,0.9778702,0.9326318,0.0,1.555387,0.0,0.0,0.9756506,1.144865,0.0
ST6GAL1,0.0,0.0,0.0,0.0,0.0,0.7316094,0.0,1.509859,0.0,0.0,0.0,0.5881662,0.0,0.0,0.0,0.5756754,0.720529,0.0,1.305288,0.0,0.5402594,0.0,0.0,0.0,0.0,0.3426178,0.0,0.0,0.8484042,0.0,0.0,0.2440942,0.3259146,0.0,0.0,0.0,0.0,0.2856138,0.7280354,0.0
MRPS10,2.046116,0.0,2.46482,2.324013,0.0,1.785196,0.0,2.924798,2.014093,2.215348,2.907776,2.361627,2.387057,1.998993,2.467466,1.204471,1.917711,2.247097,1.933729,1.00423,1.468667,0.0,2.656556,0.0,2.784148,2.216221,0.0,0.0,1.947569,3.134538,1.739619,2.314843,1.793235,0.0,2.020171,1.270543,0.0,2.226186,1.93015,3.140161
MT1X,0.0,0.0,0.0,0.0,0.0,0.0,1.579713,0.0,0.0,0.0,0.0,0.0,0.0,0.0,0.6286456,0.0,0.720529,0.0,0.0,0.0,0.2141572,0.0,0.0,0.0,0.0,0.0,0.0,0.0,0.2881662,0.0,0.0,0.4401429,0.0,0.0,0.0,0.0,0.0,0.0,0.0,0.0
SOD2,3.106214,1.735315,1.305719,2.324013,2.132383,0.9201999,1.579713,1.509859,0.832381,2.215348,0.0,1.053706,0.0,0.0,0.8995306,0.9387027,1.291654,0.0,0.7302021,1.00423,0.9827231,0.0,1.752494,0.0,0.0,1.451389,0.0,0.0,0.8484042,0.0,1.85903,0.7447231,0.0,0.0,1.053775,1.270543,0.0,2.420184,1.76122,0.0
LSP1,0.0,0.0,0.0,0.0,0.0,0.0,0.0,0.0,0.0,0.0,0.0,0.0,0.0,0.0,0.0,0.5756754,0.0,0.0,0.0,0.0,0.2141572,0.0,0.0,0.0,0.0,0.0,0.0,0.0,0.0,0.0,0.0,0.0,0.0,0.0,0.0,0.0,0.0,0.0,0.0,0.0
CTSL,0.0,0.0,0.0,0.0,0.0,0.0,0.0,0.0,0.0,0.0,0.0,0.427741,0.0,0.0,1.112459,0.0,0.0,0.0,0.0,0.0,0.3904427,0.0,0.0,0.0,0.0,0.3426178,0.0,0.0,0.0,0.0,0.0,0.2440942,0.0,0.0,0.0,0.0,0.0,0.0,0.4288586,0.0
SLC25A5,0.7528135,0.0,1.305719,0.0,0.0,2.410289,2.79815,0.0,2.70551,3.051136,0.0,2.283149,0.0,1.998993,2.869393,1.977776,2.534548,1.654434,1.56114,0.0,2.183911,0.0,2.248991,2.129113,0.0,2.259807,0.0,1.772846,2.23532,0.0,2.689503,2.80227,2.467109,1.900357,1.735392,1.812473,2.263144,0.9756506,2.589011,0.0
TAGLN2,1.17740167379281,0.0,0.0,2.32401285607585,0.0,0.19530736080636,1.57971339318672,1.50985911457773,1.51987648627138,1.45063895424497,0.0,1.92740820518986,0.0,0.0,1.78485668291092,1.20447081230436,0.949060125061916,2.61669159440174,0.430320344076267,0.0,1.35217084935452,0.0,1.99587330346087,2.12911315147707,0.0,1.4513894860695,0.0,1.77284598709209,0.982039194706642,2.11938402866758,1.67410283413523,1.39651947642363,0.0,0.0,0.0,1.81247289524377,0.0,1.38007672450902,1.84924805596559,2.12455791305678
PSMB8,0.0,0.0,0.0,0.0,0.0,0.1953074,0.0,0.0,0.0,0.434575,0.0,0.0,0.0,0.0,0.2559513,0.5756754,0.0,0.0,0.0,0.0,0.2141572,0.0,0.7225949,0.0,0.0,0.0,0.0,0.0,0.0,0.0,0.0,0.0,0.0,0.0,0.0,0.0,0.0,0.5075144,0.0,0.0
COL1A1,0.0,0.0,0.0,0.0,0.0,0.0,0.0,0.0,0.0,0.0,0.0,0.0,0.0,0.0,0.0,0.0,0.0,0.0,0.0,0.0,0.0,0.0,0.0,0.0,0.0,0.0,0.0,0.0,0.0,0.0,0.0,0.0,0.0,0.0,0.0,0.0,0.0,0.0,0.0,0.0
PPP1CC,0.0,0.0,1.305719,0.0,0.0,0.4989881,0.0,0.0,1.081188,0.9680934,2.267787,0.427741,0.0,2.622001,1.112459,0.0,0.9490601,0.0,0.7302021,0.0,0.2141572,0.0,0.4251929,0.0,0.0,0.8001572,0.0,0.0,0.2881662,2.119384,0.5436807,0.4401429,0.9326318,0.0,0.0,0.0,0.0,0.6890064,0.9580128,0.0
ATP1B3,0.7528135,0.0,1.853275,2.324013,0.0,1.62885,2.164142,2.085944,1.588491,1.570727,2.267787,2.50222,0.0,1.998993,1.112459,1.204471,1.546354,1.654434,0.4303203,0.0,1.412115,0.0,2.13042,0.0,0.0,0.9687014,2.207963,0.0,0.5116002,0.0,1.358239,2.068332,0.7682042,0.0,1.555387,1.270543,0.0,1.838843,1.849248,2.124558
H2AFJ,0.7528135,0.0,0.0,0.0,0.0,1.078804,0.0,0.0,1.588491,2.327591,2.267787,0.427741,1.781829,0.0,1.437127,2.172854,2.126879,0.0,1.305288,0.0,1.068338,0.0,0.9515253,0.0,0.0,1.238891,0.0,0.0,0.9820392,0.0,1.528591,2.068332,1.197487,0.0,1.335709,0.0,0.0,1.093087,2.074624,0.0
AHNAK,0.0,0.0,0.0,0.0,0.0,0.0,0.0,0.0,0.0,0.434575,0.0,0.0,0.0,0.0,0.0,0.0,0.4238027,0.0,0.0,0.0,0.0,0.0,0.7225949,2.129113,0.0,0.0,0.0,0.0,0.0,0.0,0.0,0.0,0.0,0.0,0.0,0.0,0.0,1.380077,0.0,0.0
DLC1,0.0,0.0,0.0,0.0,0.0,0.0,0.0,0.0,0.0,0.0,0.0,0.0,0.0,0.0,0.0,0.0,0.0,0.0,0.0,0.0,0.0,0.0,0.0,0.0,0.0,0.0,0.0,0.0,0.0,0.0,0.0,0.0,0.0,0.0,0.0,0.0,0.0,0.0,0.0,0.0
ZC3H13,0.7528135,0.0,0.0,0.0,0.0,0.3586314,0.0,0.0,1.081188,0.9680934,0.0,0.9560369,0.0,0.0,0.4595615,0.9387027,0.0,0.0,0.4303203,0.0,0.2141572,0.0,0.0,0.0,0.0,0.0,0.0,0.0,0.0,0.0,0.7340501,0.2440942,0.7682042,0.0,0.6597094,1.270543,0.0,0.2856138,0.0,0.0
RNU12,0.0,0.0,0.0,0.0,0.0,0.0,0.0,0.0,0.0,0.0,0.0,0.0,0.0,0.0,0.0,0.0,0.0,0.0,0.0,0.0,0.0,0.0,0.0,0.0,0.0,0.0,0.0,0.0,0.2881662,0.0,0.5436807,0.0,0.0,0.0,0.0,0.0,0.0,0.0,0.0,0.0
ZNF706,0.0,1.735315,0.0,0.0,0.0,0.9201999,0.0,0.0,1.081188,0.9680934,0.0,1.224378,0.0,1.998993,0.8995306,0.5756754,1.291654,2.616692,0.9605947,0.0,0.0,0.0,0.7225949,0.0,0.0,0.5973302,0.0,0.0,0.9820392,0.0,1.358239,0.6039846,0.7682042,0.0,0.6597094,0.0,0.0,0.8425641,0.7280354,0.0
RPS24,3.246694,3.368133,3.844511,2.966982,3.148661,2.737665,3.460363,2.449131,2.846932,2.520148,4.368461,2.586044,2.387057,3.821471,2.76482,2.25776,3.096048,2.885944,3.183176,1.00423,2.729749,0.0,2.248991,2.129113,3.168805,2.943372,2.207963,4.003023,2.8922,3.411281,2.613069,2.556295,3.585241,3.167714,2.931214,2.420471,3.964228,1.89007,2.074624,3.633525
GLCCI1,0.0,0.0,0.0,0.0,0.0,0.0,0.0,0.0,0.0,0.0,0.0,0.0,0.0,0.0,0.0,0.0,0.0,0.0,0.0,0.0,0.0,0.0,0.0,0.0,0.0,0.0,0.0,0.0,0.2881662,0.0,0.0,0.2440942,0.0,0.0,0.0,0.0,0.0,0.0,0.0,0.0
BST2,0.0,0.0,0.0,0.0,0.0,0.0,0.0,0.0,0.0,0.0,0.0,0.2365686,0.0,0.0,0.0,0.0,0.0,0.0,0.0,0.0,0.0,0.0,0.0,0.0,0.0,0.0,0.0,0.0,0.0,0.0,0.0,0.0,0.0,0.0,0.0,0.0,0.0,0.0,0.0,0.0
PRSS23,1.177402,1.735315,1.305719,0.0,2.132383,1.855065,0.0,0.0,1.652699,0.9680934,0.0,3.61893,0.0,0.0,1.566941,1.587531,0.9490601,1.654434,1.14772,1.00423,0.8890857,0.0,1.430147,0.0,0.0,1.703826,0.0,0.0,0.8484042,0.0,2.062064,2.314843,1.496868,0.0,2.136984,2.420471,0.0,3.083122,2.074624,2.756103
C19orf70,1.177402,0.0,0.0,0.0,0.0,1.336027,2.79815,0.0,0.832381,0.7365003,0.0,1.142679,0.0,1.998993,1.011651,1.977776,1.427091,0.0,1.764688,1.00423,0.9827231,0.0,1.549518,0.0,2.15095,1.112894,0.0,0.0,0.8484042,0.0,1.26078,1.52476,1.073802,0.0,0.6597094,1.812473,0.0,1.093087,1.557835,0.0
EEF1B2,2.181632,2.336158,2.46482,0.0,2.132383,2.195037,2.79815,0.0,2.432761,1.944105,2.907776,2.071819,0.0,0.0,2.183309,1.587531,2.447136,2.885944,2.204559,1.00423,2.422069,0.0,1.752494,0.0,2.784148,2.301571,0.0,2.377245,2.337123,3.411281,2.375047,2.677369,2.288672,2.515805,2.020171,1.270543,3.289886,1.53393,2.364533,0.0
TSTD1,0.0,0.0,1.30571904818115,0.0,0.0,0.830343877764507,0.0,0.0,0.680107140888014,0.968093367459482,0.0,0.588166176048884,0.0,0.0,0.0,0.0,1.29165421223064,0.0,0.430320344076267,0.0,0.889085711655879,0.0,1.13768625351892,0.0,2.78414845368991,1.23889051165561,0.0,0.0,0.848404150138105,0.0,1.03170169895901,0.440142916680324,1.19748652911621,1.90035706071708,0.659709414932617,0.0,0.0,0.285613819387722,0.958012824558165,0.0
CCDC57,0.0,0.0,1.853275,0.0,0.0,0.4989881,0.0,0.0,0.6801071,0.434575,0.0,0.0,0.0,0.0,0.2559513,0.0,0.4238027,0.0,0.4303203,0.0,0.5402594,0.0,0.4251929,0.0,0.0,0.8001572,0.0,0.0,0.0,0.0,0.0,0.2440942,0.0,1.900357,0.0,0.0,2.263144,0.5075144,0.0,0.0
HNRNPK,0.0,0.0,0.0,0.0,0.0,0.6220476,0.0,0.0,1.185669,0.7365003,0.0,1.610121,0.0,0.0,1.287912,0.5756754,1.546354,2.247097,1.14772,0.0,1.412115,0.0,1.137686,0.0,2.784148,1.451389,0.0,0.0,1.300691,0.0,1.528591,1.24938,1.307543,0.0,1.555387,1.812473,0.0,0.9756506,1.557835,0.0
PYURF,0.7528135,0.0,0.0,2.324013,0.0,0.1953074,0.0,1.509859,0.9645025,0.7365003,0.0,0.8477858,0.0,0.0,0.7732325,0.0,0.720529,0.0,0.4303203,0.0,0.2141572,0.0,0.4251929,0.0,0.0,0.5973302,0.0,0.0,0.2881662,0.0,0.7340501,0.2440942,0.3259146,0.0,0.0,1.270543,0.0,0.0,0.9580128,0.0
COMMD3,0.0,1.735315,0.0,0.0,0.0,0.1953074,0.0,0.0,0.2811833,0.0,0.0,0.7263777,0.0,0.0,0.2559513,0.0,0.0,0.0,0.9605947,0.0,0.3904427,2.256228,0.0,0.0,0.0,0.0,0.0,0.0,0.2881662,0.0,0.5436807,0.0,0.3259146,0.0,1.053775,0.0,0.0,0.5075144,0.0,0.0
LDHA,0.7528135,2.979748,2.46482,0.0,0.0,1.215663,1.579713,1.509859,2.245179,1.450639,0.0,2.167903,1.781829,0.0,2.41673,0.0,1.836988,2.247097,1.764688,0.0,2.483706,2.256228,2.97277,0.0,2.15095,1.842483,2.207963,0.0,1.847457,2.119384,2.408087,3.013205,1.307543,0.0,1.335709,1.812473,0.0,1.198171,2.200836,2.124558
GTF2I,0.7528135,0.0,1.305719,0.0,0.0,0.6220476,1.579713,0.0,0.5004072,0.0,0.0,0.5881662,0.0,0.0,0.4595615,0.5756754,0.720529,0.0,0.9605947,1.82284,0.785766,2.256228,0.0,0.0,0.0,0.8001572,0.0,0.0,0.8484042,0.0,0.5436807,0.7447231,0.0,0.0,1.053775,0.0,0.0,0.2856138,0.0,0.0
DNAJC3,0.7528135,0.0,0.0,0.0,0.0,0.4989881,0.0,0.0,0.2811833,0.434575,0.0,0.0,1.781829,0.0,0.0,0.5756754,0.720529,1.654434,0.4303203,0.0,0.3904427,0.0,0.0,0.0,0.0,0.3426178,0.0,0.0,0.2881662,0.0,0.3083426,0.6039846,0.3259146,0.0,0.0,0.0,0.0,0.9756506,0.4288586,0.0
RABAC1,1.703267,1.735315,0.0,0.0,0.0,0.1953074,0.0,0.0,0.6801071,0.0,0.0,0.427741,0.0,0.0,0.0,0.9387027,0.720529,0.0,0.4303203,0.0,0.3904427,0.0,1.137686,0.0,0.0,0.3426178,0.0,0.0,1.300691,0.0,0.3083426,0.2440942,0.0,0.0,0.6597094,1.270543,0.0,1.093087,0.4288586,0.0
SLIRP,1.177402,1.735315,1.853275,0.0,2.132383,0.6220476,2.79815,2.085944,1.446204,1.314136,0.0,1.142679,0.0,0.0,1.92188,1.414232,1.546354,0.0,0.9605947,0.0,0.785766,0.0,1.752494,2.760947,2.15095,1.451389,2.207963,0.0,1.675549,0.0,1.603991,1.638408,1.406679,2.515805,1.335709,1.270543,0.0,0.6890064,1.93015,2.756103
COPZ1,0.7528135,0.0,0.0,2.324013,0.0,0.6220476,0.0,0.0,0.832381,0.0,0.0,0.5881662,0.0,0.0,0.2559513,0.0,0.4238027,0.0,0.7302021,0.0,0.9827231,0.0,0.4251929,0.0,0.0,0.3426178,0.0,0.0,0.6941153,2.119384,0.7340501,0.4401429,0.7682042,0.0,0.0,0.0,0.0,0.5075144,0.7280354,0.0
CSRP1,0.752813520601271,0.0,0.0,0.0,0.0,0.19530736080636,0.0,0.0,0.0,0.0,0.0,0.588166176048884,0.0,0.0,0.255951251736804,1.41423171144403,0.0,0.0,0.430320344076267,1.00423000666566,0.0,0.0,0.722594854998228,0.0,0.0,0.0,0.0,0.0,0.288166224818977,0.0,0.0,0.440142916680324,0.0,0.0,1.05377543587947,0.0,0.0,0.507514362462335,0.728035357566666,0.0
RPL37A,4.191652,4.443508,4.33506,5.117387,4.581433,4.04819,4.307003,3.986971,4.095922,3.900826,4.368461,3.727329,1.781829,4.067908,3.917917,3.91272,4.078446,4.165917,4.149133,2.431754,4.262306,2.256228,3.667445,4.954,4.437026,3.99124,4.58666,5.175885,4.354336,3.956653,3.877699,3.882633,4.231382,5.17805,3.976253,3.95615,4.933122,3.262853,3.828257,4.407465
STK17B,0.0,0.0,0.0,0.0,0.0,0.1953074,0.0,0.0,0.2811833,0.434575,0.0,0.0,0.0,0.0,0.0,0.0,0.0,0.0,0.0,1.00423,0.0,0.0,0.0,0.0,0.0,0.0,0.0,0.0,0.0,0.0,0.0,0.2440942,0.3259146,0.0,0.0,0.0,0.0,0.0,0.0,0.0
NAP1L1,2.046116,0.0,0.0,0.0,2.132383,1.855065,0.0,1.509859,2.014093,0.9680934,4.252261,1.053706,0.0,0.0,2.149892,0.5756754,1.992401,0.0,2.417453,0.0,1.572998,0.0,1.137686,0.0,0.0,1.703826,2.207963,2.751286,1.947569,0.0,1.674103,1.787812,1.913897,0.0,0.0,1.270543,2.263144,1.093087,1.93015,2.124558
TNXB,0.0,0.0,0.0,0.0,0.0,0.0,0.0,0.0,0.0,0.0,0.0,0.2365686,0.0,0.0,0.0,0.0,0.0,0.0,0.0,0.0,0.0,0.0,0.0,0.0,0.0,0.0,0.0,0.0,0.0,0.0,0.0,0.0,0.0,0.0,0.0,0.0,0.0,0.0,0.0,0.0
ATP2C1,0.0,0.0,0.0,2.324013,2.132383,0.7316094,0.0,1.509859,0.2811833,0.7365003,0.0,0.7263777,0.0,0.0,0.2559513,0.0,0.4238027,0.0,0.4303203,1.00423,0.2141572,2.256228,0.4251929,0.0,2.15095,0.9687014,0.0,0.0,0.2881662,0.0,0.7340501,0.4401429,0.3259146,0.0,0.0,0.0,0.0,0.8425641,0.7280354,0.0
CPQ,0.0,0.0,0.0,0.0,0.0,0.0,0.0,0.0,0.0,0.0,0.0,0.0,0.0,0.0,0.0,0.0,0.0,0.0,0.0,0.0,0.0,0.0,0.0,0.0,0.0,0.0,0.0,0.0,0.0,0.0,0.0,0.0,0.0,0.0,0.0,0.0,0.0,0.0,0.0,0.0
COX17,1.703267,0.0,1.853275,0.0,0.0,1.215663,0.0,2.714984,1.446204,2.428497,0.0,1.142679,0.0,1.998993,1.734666,0.5756754,2.126879,2.616692,1.305288,1.00423,1.412115,0.0,0.7225949,0.0,2.15095,1.350774,2.207963,0.0,1.205328,3.134538,2.062064,1.24938,1.307543,2.515805,1.735392,1.270543,0.0,0.9756506,1.76122,0.0
CANX,0.7528135,0.0,1.305719,0.0,2.132383,0.8303439,0.0,0.0,1.081188,0.434575,2.907776,0.5881662,0.0,1.998993,1.112459,0.5756754,0.720529,2.247097,1.441374,0.0,1.220291,0.0,1.137686,0.0,0.0,0.8001572,0.0,0.0,0.9820392,0.0,1.152786,0.7447231,1.307543,0.0,0.6597094,0.0,0.0,1.198171,1.144865,2.124558
RTF1,0.7528135,0.0,0.0,0.0,0.0,0.3586314,0.0,0.0,0.2811833,0.7365003,0.0,0.427741,0.0,0.0,0.0,0.0,1.134957,0.0,0.0,0.0,0.670528,0.0,0.0,0.0,0.0,0.8001572,0.0,0.0,0.6941153,0.0,0.0,0.4401429,1.073802,0.0,0.6597094,0.0,2.263144,0.2856138,0.9580128,0.0
SERINC5,0.7528135,0.0,0.0,0.0,0.0,0.9201999,0.0,0.0,0.5004072,0.9680934,0.0,0.427741,1.781829,0.0,0.4595615,0.0,1.134957,0.0,1.305288,1.00423,0.8890857,0.0,0.7225949,0.0,0.0,0.8001572,0.0,0.0,0.6941153,0.0,0.3083426,0.2440942,0.5713152,0.0,0.0,1.270543,0.0,0.5075144,0.9580128,0.0
PTMS,0.7528135,0.0,1.305719,0.0,0.0,0.8303439,0.0,0.0,0.9645025,0.7365003,2.267787,0.8477858,0.0,0.0,0.8995306,0.5756754,1.291654,0.0,0.0,1.00423,0.5402594,0.0,1.430147,0.0,0.0,0.5973302,0.0,0.0,0.5116002,0.0,0.3083426,0.9778702,0.0,0.0,0.6597094,0.0,0.0,0.9756506,0.7280354,0.0
TXNDC15,0.7528135,0.0,0.0,0.0,0.0,0.3586314,0.0,0.0,0.2811833,0.0,0.0,0.2365686,0.0,0.0,0.2559513,0.5756754,0.0,0.0,0.0,0.0,0.0,0.0,0.0,0.0,0.0,0.3426178,0.0,0.0,0.0,0.0,0.0,0.0,0.0,0.0,0.0,0.0,0.0,0.0,0.0,0.0
UQCR10,1.177402,0.0,0.0,0.0,0.0,1.149573,1.579713,0.0,1.446204,1.570727,0.0,1.555303,0.0,0.0,1.3653,0.5756754,1.652896,2.616692,1.668084,0.0,0.8890857,0.0,1.29457,2.129113,0.0,1.451389,0.0,0.0,1.387746,2.119384,1.801106,1.638408,0.9326318,0.0,2.241568,1.270543,2.263144,1.093087,1.76122,2.756103
TRMT112,1.177402,1.735315,1.305719,2.324013,0.0,1.002643,0.0,1.509859,1.36667,2.327591,0.0,0.9560369,0.0,2.622001,1.734666,1.587531,0.4238027,2.247097,1.305288,0.0,0.670528,0.0,0.7225949,0.0,0.0,1.451389,0.0,0.0,1.205328,2.7506,1.26078,1.24938,1.307543,1.900357,1.335709,0.0,0.0,0.9756506,1.664689,0.0
POLR2K,0.0,1.735315,0.0,0.0,0.0,0.9201999,0.0,0.0,1.185669,2.154119,0.0,1.435735,1.781829,1.998993,1.3653,0.9387027,1.427091,0.0,0.7302021,1.495061,0.9827231,0.0,0.4251929,0.0,0.0,1.112894,0.0,0.0,1.205328,0.0,1.674103,1.076793,1.073802,0.0,1.887885,1.270543,0.0,0.8425641,1.302238,0.0
PSMB9,0.0,0.0,0.0,0.0,0.0,0.0,1.579713,0.0,0.0,0.0,0.0,0.0,0.0,0.0,0.2559513,1.204471,1.134957,0.0,0.0,0.0,0.0,0.0,0.7225949,0.0,0.0,0.0,0.0,0.0,0.0,0.0,0.5436807,0.0,0.0,0.0,0.0,0.0,0.0,0.2856138,0.0,0.0
B2M,2.181632,2.708859,2.987317,0.0,3.82012,2.039429,3.770211,0.0,2.883918,2.998266,4.12076,2.62546,1.781829,0.0,2.41673,2.759269,3.07189,3.272633,3.28885,2.573271,2.522783,2.895581,3.567913,3.14511,2.15095,1.964235,0.0,1.772846,2.161196,0.0,2.440071,1.787812,2.433878,2.515805,2.6447,2.941251,0.0,3.224151,2.258431,2.756103
LSM1,0.0,0.0,1.305719,0.0,0.0,1.277655,0.0,1.509859,0.0,0.434575,0.0,0.8477858,0.0,0.0,1.112459,0.0,0.0,0.0,0.0,0.0,0.5402594,0.0,0.9515253,0.0,0.0,0.3426178,0.0,0.0,0.2881662,0.0,0.5436807,0.7447231,0.9326318,0.0,0.6597094,0.0,0.0,0.6890064,0.9580128,0.0
RPL37,3.106214,4.496956,4.141194,4.182296,4.416239,3.8671,3.574649,4.050349,3.892944,2.913318,4.12076,3.63314,2.387057,4.752462,3.888491,3.91272,3.690235,3.946645,4.140612,1.495061,3.891867,3.282452,3.597376,4.498574,5.078003,3.704682,3.508216,5.419778,3.690766,4.203708,3.767149,3.715701,4.31203,4.58191,4.060237,4.135277,4.561698,2.900877,3.532262,3.416965
CD2,0.0,0.0,0.0,0.0,0.0,0.0,0.0,0.0,0.0,0.0,0.0,0.0,0.0,0.0,0.0,0.0,0.0,0.0,0.0,0.0,0.0,0.0,0.0,0.0,0.0,0.0,0.0,0.0,0.0,0.0,0.0,0.0,0.0,0.0,0.0,0.0,0.0,0.0,0.0,0.0
VAPA,0.0,0.0,1.305719,0.0,2.764424,0.6220476,0.0,0.0,0.2811833,1.450639,0.0,1.053706,1.781829,0.0,0.6286456,1.204471,0.9490601,0.0,0.7302021,1.00423,0.9827231,0.0,0.0,2.129113,0.0,0.9687014,2.207963,0.0,1.099903,2.119384,1.152786,1.076793,0.9326318,0.0,0.6597094,1.812473,0.0,0.6890064,1.144865,0.0
ARID5B,0.0,0.0,0.0,0.0,0.0,0.0,0.0,0.0,0.0,0.0,0.0,0.0,0.0,0.0,0.0,0.0,0.0,0.0,0.4303203,0.0,0.2141572,0.0,0.0,2.129113,0.0,0.3426178,0.0,0.0,0.2881662,0.0,0.0,0.2440942,0.0,0.0,0.0,0.0,0.0,0.0,0.0,0.0
PPA1,1.889313,0.0,1.853275,2.324013,0.0,1.981671,1.579713,0.0,2.014093,2.215348,0.0,2.13689,0.0,1.998993,1.92188,1.587531,1.836988,1.654434,1.56114,0.0,0.3904427,0.0,2.404042,0.0,0.0,1.775556,0.0,0.0,1.793372,0.0,1.85903,1.787812,1.726966,2.515805,2.422724,1.270543,2.263144,1.602804,1.849248,2.124558
PDLIM1,0.0,1.735315,0.0,0.0,0.0,0.7316094,0.0,0.0,0.5004072,0.434575,0.0,1.224378,0.0,0.0,0.7732325,0.0,0.720529,1.654434,0.4303203,0.0,0.0,0.0,1.656147,0.0,0.0,0.3426178,0.0,0.0,0.9820392,0.0,0.7340501,0.868076,0.7682042,0.0,0.6597094,1.270543,0.0,1.380077,0.7280354,0.0
HLA-DQA1,0.0,0.0,0.0,0.0,0.0,0.0,0.0,0.0,0.0,0.0,0.0,0.0,0.0,1.998993,0.0,0.0,0.0,0.0,0.0,0.0,0.0,0.0,0.0,0.0,0.0,0.0,0.0,0.0,0.0,0.0,0.0,0.0,0.0,0.0,0.0,0.0,0.0,0.0,0.0,0.0
MFGE8,0.0,0.0,0.0,0.0,0.0,0.0,1.579713,0.0,0.0,0.434575,0.0,0.2365686,0.0,0.0,0.0,0.0,0.0,0.0,0.0,0.0,0.0,0.0,0.4251929,0.0,0.0,0.0,0.0,0.0,0.0,0.0,0.0,0.0,0.0,0.0,0.0,1.270543,0.0,0.2856138,0.0,0.0
HLA-DRA,0.0,0.0,0.0,0.0,0.0,0.3586314,0.0,0.0,0.0,0.0,0.0,0.0,1.781829,0.0,0.2559513,0.0,0.0,0.0,0.0,0.0,0.2141572,0.0,0.0,0.0,0.0,0.0,0.0,0.0,0.0,0.0,0.0,0.2440942,0.0,0.0,0.0,0.0,0.0,0.0,0.0,0.0
SEPT1,0.0,0.0,0.0,0.0,0.0,0.0,0.0,0.0,0.0,0.0,0.0,0.0,0.0,0.0,0.0,0.0,0.0,0.0,0.0,0.0,0.0,0.0,0.0,0.0,0.0,0.0,0.0,0.0,0.0,0.0,0.0,0.0,0.3259146,0.0,0.0,0.0,0.0,0.0,0.0,0.0
APRT,1.177402,0.0,2.46482,2.324013,2.132383,1.670287,2.164142,0.0,0.9645025,0.7365003,0.0,1.662089,0.0,0.0,1.112459,1.587531,1.992401,1.654434,1.56114,0.0,1.621346,0.0,2.248991,2.129113,0.0,1.238891,0.0,2.377245,1.675549,3.134538,1.358239,1.325654,1.655991,0.0,1.053775,1.270543,0.0,1.093087,1.664689,0.0
COX7A1,0.0,0.0,0.0,0.0,0.0,0.0,0.0,0.0,0.0,0.0,0.0,0.0,0.0,0.0,0.0,0.0,0.0,0.0,0.0,0.0,0.0,0.0,0.0,0.0,0.0,0.0,0.0,0.0,0.0,0.0,0.0,0.0,0.0,0.0,0.0,0.0,0.0,0.0,0.0,0.0
PCBP1,1.889313,0.0,1.305719,0.0,0.0,0.8303439,0.0,0.0,0.6801071,1.863004,0.0,1.299904,0.0,1.998993,1.3653,1.414232,1.134957,0.0,0.7302021,0.0,1.068338,0.0,0.0,0.0,0.0,0.3426178,0.0,0.0,0.5116002,0.0,1.26078,1.24938,0.9326318,0.0,1.053775,0.0,0.0,1.53393,1.557835,0.0
DPT,0.0,0.0,0.0,0.0,0.0,0.0,0.0,0.0,0.0,0.0,0.0,0.0,0.0,0.0,0.0,0.0,0.0,0.0,0.0,0.0,0.0,0.0,0.0,0.0,0.0,0.0,0.0,0.0,0.0,0.0,0.0,0.0,0.0,0.0,0.0,0.0,0.0,0.0,0.0,0.0
ATPIF1,0.752813520601271,1.73531514495429,1.30571904818115,0.0,2.132383105178,0.622047626287169,0.0,0.0,1.36666997626605,1.57072741092523,0.0,0.956036883657622,0.0,1.99899325293938,1.43712704423569,0.575675428952768,1.8369880377588,0.0,1.44137430372661,0.0,0.785765960777977,0.0,0.722594854998228,0.0,0.0,0.968701414173608,0.0,0.0,0.848404150138105,0.0,1.26077962019768,1.32565375606771,1.406679297344,1.90035706071708,0.0,1.27054347247737,0.0,0.0,0.728035357566666,0.0
NRP1,0.0,0.0,0.0,0.0,0.0,0.0,0.0,0.0,0.0,0.0,0.0,0.0,0.0,0.0,0.0,0.0,0.0,0.0,0.0,0.0,0.2141572,0.0,0.0,0.0,0.0,0.0,0.0,0.0,0.0,0.0,0.0,0.0,0.0,0.0,0.0,0.0,0.0,0.0,0.4288586,0.0
ATP5A1,0.0,0.0,0.0,0.0,0.0,1.215663,2.164142,1.509859,1.446204,0.7365003,0.0,0.9560369,0.0,0.0,1.504139,0.0,1.291654,0.0,0.4303203,0.0,0.785766,0.0,1.137686,0.0,2.15095,1.238891,0.0,0.0,1.300691,0.0,1.447038,1.325654,0.9326318,0.0,0.6597094,0.0,0.0,0.5075144,1.664689,0.0
TXNIP,0.0,0.0,0.0,0.0,0.0,1.07880448492854,0.0,0.0,0.680107140888014,1.15600855634195,0.0,2.3616271923623,0.0,0.0,0.459561497928911,1.20447081230436,0.0,0.0,0.960594719164157,1.4950611084179,1.94167754834069,3.28245234496958,1.29457036725028,0.0,0.0,0.0,0.0,0.0,1.0999028411146,0.0,0.543680687584582,0.744723120023527,2.07132710256829,0.0,1.73539209036673,0.0,0.0,0.975650577533275,0.0,0.0
LY96,0.0,0.0,0.0,0.0,0.0,0.0,0.0,0.0,0.0,0.0,0.0,0.0,0.0,0.0,0.0,0.0,0.0,0.0,0.0,0.0,0.0,0.0,0.0,0.0,0.0,0.0,0.0,0.0,0.0,0.0,0.0,0.0,0.5713152,0.0,0.0,0.0,0.0,0.0,0.0,0.0
TACC1,0.7528135,0.0,0.0,0.0,0.0,0.3586314,0.0,1.509859,0.2811833,0.434575,0.0,0.2365686,0.0,0.0,0.0,0.5756754,0.720529,0.0,0.0,0.0,0.8890857,0.0,0.4251929,0.0,0.0,0.0,0.0,0.0,0.6941153,0.0,0.3083426,0.2440942,0.0,0.0,0.6597094,0.0,0.0,0.5075144,0.4288586,0.0
HSPA8,0.0,0.0,2.205085,2.324013,0.0,2.286767,2.530572,2.924798,2.614703,1.944105,0.0,2.037624,1.781829,1.998993,2.363281,1.863819,2.447136,2.616692,2.143414,0.0,2.070111,0.0,1.549518,0.0,0.0,2.341661,2.84458,0.0,2.731838,0.0,2.062064,2.258675,1.793235,0.0,1.053775,0.0,0.0,1.602804,2.074624,0.0
BMPR2,0.7528135,0.0,0.0,0.0,0.0,0.3586314,0.0,0.0,0.2811833,0.434575,0.0,0.0,0.0,0.0,0.0,0.0,0.0,0.0,0.0,0.0,0.2141572,0.0,0.4251929,0.0,0.0,0.0,0.0,0.0,0.0,0.0,0.0,0.2440942,0.5713152,0.0,0.0,0.0,0.0,0.2856138,0.4288586,0.0
LPP,0.7528135,0.0,0.0,0.0,0.0,0.4989881,0.0,1.509859,0.6801071,0.434575,0.0,1.142679,0.0,1.998993,0.4595615,0.9387027,0.720529,1.654434,0.9605947,1.82284,0.670528,0.0,0.4251929,0.0,0.0,0.8001572,2.207963,0.0,0.8484042,0.0,0.5436807,0.2440942,1.406679,0.0,0.6597094,1.270543,0.0,1.53393,0.0,0.0
ZNF397,0.0,0.0,0.0,0.0,0.0,0.3586314,0.0,0.0,0.0,0.0,0.0,0.0,0.0,0.0,0.0,0.0,0.0,0.0,0.4303203,0.0,0.2141572,0.0,0.0,0.0,0.0,0.0,0.0,0.0,0.2881662,0.0,0.3083426,0.0,0.3259146,0.0,0.0,0.0,0.0,0.5075144,0.0,0.0
FXYD1,0.0,1.735315,0.0,0.0,2.132383,0.0,0.0,0.0,0.832381,0.0,0.0,0.7263777,0.0,0.0,0.0,0.0,0.0,0.0,0.0,0.0,0.0,0.0,0.0,0.0,0.0,0.3426178,0.0,0.0,0.0,0.0,0.0,0.0,1.406679,1.900357,1.053775,1.270543,0.0,0.0,0.4288586,0.0
ATP6V1E1,0.0,0.0,0.0,0.0,0.0,0.3586314,0.0,0.0,0.0,0.7365003,2.267787,0.5881662,0.0,0.0,0.2559513,0.5756754,0.0,0.0,0.0,0.0,0.0,0.0,0.9515253,0.0,0.0,0.0,0.0,0.0,0.2881662,0.0,0.3083426,0.0,0.5713152,0.0,0.0,0.0,0.0,0.5075144,0.0,2.124558
ATOX1,0.0,0.0,0.0,0.0,0.0,0.9201999,2.164142,1.509859,0.832381,1.156009,0.0,0.5881662,0.0,0.0,1.204028,0.5756754,0.9490601,0.0,0.7302021,1.00423,1.068338,0.0,0.4251929,0.0,0.0,1.542801,2.207963,0.0,0.5116002,2.7506,0.8939098,1.52476,0.3259146,1.900357,0.0,1.270543,0.0,0.2856138,0.4288586,2.124558
PLPP3,0.0,0.0,0.0,0.0,0.0,0.731609391859029,0.0,0.0,0.0,0.434574976876293,0.0,0.236568564456008,0.0,0.0,0.459561497928911,0.0,0.0,0.0,0.0,0.0,0.0,0.0,0.0,0.0,0.0,0.0,0.0,0.0,0.0,0.0,0.0,0.0,0.571315155840473,0.0,0.0,0.0,0.0,0.0,0.0,0.0
ATP6V0E1,0.0,0.0,1.305719,0.0,0.0,1.585621,0.0,1.509859,0.9645025,1.450639,0.0,2.071819,0.0,0.0,1.3653,0.9387027,1.427091,0.0,1.56114,0.0,1.147198,0.0,1.752494,0.0,0.0,1.350774,0.0,0.0,0.6941153,0.0,1.358239,1.325654,1.726966,0.0,1.555387,0.0,0.0,1.093087,0.7280354,0.0
KLF2,0.0,0.0,0.0,0.0,0.0,0.0,0.0,0.0,0.0,0.0,0.0,0.0,0.0,0.0,0.0,0.0,0.4238027,0.0,0.0,1.00423,0.3904427,0.0,0.0,0.0,0.0,0.8001572,0.0,0.0,0.0,0.0,0.3083426,0.2440942,0.0,0.0,0.0,0.0,0.0,0.5075144,0.4288586,0.0
IRF8,0.0,0.0,1.853275,0.0,0.0,0.1953074,0.0,0.0,0.6801071,1.450639,0.0,0.0,0.0,0.0,0.6286456,0.5756754,0.4238027,0.0,0.0,0.0,0.3904427,0.0,0.0,0.0,0.0,0.3426178,0.0,0.0,0.6941153,0.0,0.3083426,0.0,0.3259146,0.0,0.0,0.0,0.0,0.0,0.0,0.0
RPL23,3.407745,3.958484,3.953481,2.966982,2.132383,3.617249,3.183099,2.449131,3.585384,2.820479,4.368461,3.208971,1.781829,3.670963,3.425967,3.254498,3.419514,3.550793,3.843932,2.069292,3.805382,2.256228,2.97277,2.760947,3.991778,3.674051,2.207963,3.909537,3.707296,2.7506,3.309273,3.438321,3.099702,3.382402,3.430606,2.795861,4.247153,2.420184,3.636263,4.09357
SAP18,1.47451,0.0,0.0,2.324013,0.0,1.149573,0.0,0.0,1.519876,1.677928,0.0,1.497305,0.0,2.622001,1.287912,0.5756754,1.134957,0.0,1.56114,1.00423,1.352171,0.0,2.065408,0.0,0.0,1.451389,2.207963,0.0,1.610986,0.0,1.447038,1.325654,1.406679,1.900357,1.555387,1.812473,0.0,1.293254,1.438181,0.0
EIF1,2.407547,0.0,2.841535,2.966982,2.764424,1.981671,0.0,2.085944,2.63819,3.377722,3.573245,2.13689,1.781829,3.002949,2.515751,3.160043,2.126879,3.097864,2.464279,1.82284,2.729749,2.256228,1.430147,0.0,3.168805,2.259807,0.0,0.0,2.304327,0.0,2.14996,2.199164,3.259799,2.515805,1.887885,1.812473,2.263144,2.112964,1.93015,2.124558
EPS8,0.7528135,0.0,0.0,0.0,0.0,0.8303439,0.0,0.0,0.6801071,1.774742,0.0,1.142679,0.0,1.998993,0.6286456,0.9387027,1.134957,0.0,0.7302021,1.495061,0.785766,0.0,0.4251929,0.0,0.0,1.112894,0.0,0.0,0.8484042,0.0,0.7340501,0.9778702,1.073802,0.0,0.0,1.270543,0.0,1.093087,1.557835,0.0
RAB2A,0.0,0.0,2.205085,0.0,0.0,0.9201999,0.0,2.085944,1.446204,1.156009,0.0,1.555303,0.0,3.002949,1.011651,0.9387027,0.720529,0.0,0.7302021,0.0,0.785766,0.0,1.137686,0.0,0.0,0.8001572,0.0,0.0,0.6941153,2.119384,1.26078,0.7447231,0.9326318,0.0,1.335709,0.0,0.0,1.667239,1.144865,0.0
SAMHD1,0.0,0.0,0.0,0.0,0.0,0.1953074,0.0,0.0,0.2811833,0.0,0.0,0.0,0.0,0.0,0.2559513,0.5756754,0.720529,0.0,0.0,0.0,0.3904427,0.0,0.0,0.0,0.0,0.3426178,0.0,0.0,0.8484042,0.0,0.0,0.0,0.0,0.0,0.0,0.0,0.0,0.2856138,0.0,0.0
TIMP2,0.7528135,0.0,0.0,0.0,2.764424,0.0,0.0,0.0,0.0,0.0,0.0,0.2365686,0.0,0.0,0.0,0.0,0.0,0.0,0.0,0.0,0.0,2.256228,0.4251929,0.0,0.0,0.0,0.0,0.0,0.0,0.0,0.0,0.0,0.0,0.0,0.0,0.0,0.0,0.0,0.0,0.0
INPP5D,0.0,0.0,0.0,0.0,0.0,0.0,0.0,0.0,0.0,0.0,0.0,0.2365686,0.0,0.0,0.0,0.0,0.0,0.0,0.0,0.0,0.2141572,0.0,0.0,0.0,0.0,0.0,0.0,0.0,0.0,0.0,0.0,0.2440942,0.0,0.0,0.0,0.0,0.0,0.2856138,0.0,0.0
SEPT7,1.177402,0.0,0.0,2.324013,0.0,0.7316094,1.579713,0.0,1.081188,1.156009,2.267787,1.803522,0.0,1.998993,1.112459,1.735187,1.134957,0.0,1.14772,1.00423,0.5402594,0.0,0.7225949,0.0,2.15095,1.350774,2.207963,0.0,0.9820392,0.0,1.358239,1.638408,1.406679,1.900357,0.0,1.812473,0.0,1.093087,0.9580128,0.0
NAPA,0.0,0.0,0.0,0.0,0.0,0.3586314,1.579713,0.0,0.2811833,0.434575,0.0,0.2365686,0.0,0.0,0.0,0.5756754,0.0,0.0,0.0,1.00423,0.3904427,0.0,0.4251929,0.0,0.0,0.0,0.0,0.0,0.0,0.0,0.0,0.2440942,0.5713152,0.0,0.0,0.0,0.0,0.0,0.4288586,0.0
COPS8,0.7528135,0.0,0.0,0.0,0.0,0.1953074,0.0,0.0,0.2811833,0.434575,0.0,0.427741,0.0,0.0,0.4595615,0.0,0.4238027,0.0,0.4303203,0.0,0.2141572,0.0,0.4251929,0.0,0.0,0.0,0.0,0.0,0.2881662,0.0,0.3083426,0.4401429,0.3259146,0.0,0.0,0.0,0.0,0.5075144,0.4288586,0.0
SOX4,1.703267,0.0,1.305719,0.0,0.0,2.170726,0.0,2.085944,0.5004072,1.863004,0.0,2.434392,1.781829,0.0,1.681823,3.018388,1.134957,2.616692,1.14772,1.495061,1.870694,0.0,0.0,0.0,0.0,1.112894,0.0,0.0,1.300691,2.119384,1.031702,0.7447231,1.655991,0.0,1.555387,0.0,0.0,1.784849,1.302238,0.0
TAF12,0.0,0.0,0.0,0.0,0.0,0.0,0.0,0.0,0.281183307794552,0.434574976876293,0.0,0.236568564456008,0.0,0.0,0.459561497928911,0.0,0.0,0.0,0.0,0.0,0.390442669323526,0.0,0.0,0.0,0.0,0.597330170802566,0.0,0.0,0.0,0.0,0.0,0.0,0.325914603309185,0.0,0.0,0.0,0.0,0.285613819387722,0.958012824558165,0.0
EMP1,0.0,0.0,0.0,0.0,0.0,0.0,0.0,0.0,0.0,0.0,0.0,0.0,0.0,0.0,0.0,0.0,0.0,0.0,0.0,0.0,0.0,0.0,1.137686,0.0,0.0,0.0,0.0,0.0,0.0,0.0,0.0,0.0,0.0,0.0,0.0,0.0,0.0,0.6890064,0.0,0.0
RPL7,3.369848,4.195547,4.097465,3.355145,3.425557,4.025344,4.137676,3.245816,4.33506,3.578942,3.969311,3.825119,3.033165,4.351303,3.851997,3.340796,4.004266,3.76818,4.16596,1.495061,4.199827,0.0,3.254421,2.129113,3.445918,3.912735,3.508216,4.813725,4.226305,3.627803,3.808048,3.616762,3.830374,3.559047,3.460397,3.852914,3.785696,2.98785,3.80469,3.416965
VPS28,2.046116,0.0,0.0,0.0,0.0,1.002643,2.530572,0.0,0.9645025,0.9680934,0.0,1.370124,0.0,0.0,0.8995306,1.735187,1.546354,0.0,1.56114,0.0,1.288403,0.0,1.137686,0.0,2.784148,0.5973302,0.0,0.0,1.099903,0.0,1.603991,0.868076,1.793235,0.0,0.6597094,0.0,0.0,0.8425641,0.4288586,0.0
CPNE3,0.0,0.0,0.0,0.0,0.0,0.3586314,0.0,2.085944,0.6801071,0.434575,0.0,0.2365686,0.0,0.0,0.0,0.0,0.4238027,0.0,0.4303203,0.0,0.5402594,0.0,0.4251929,0.0,0.0,0.5973302,0.0,0.0,0.2881662,0.0,0.7340501,0.0,0.7682042,0.0,1.053775,0.0,0.0,0.5075144,0.9580128,0.0
LINC00493,1.703267,0.0,0.0,0.0,2.132383,1.443447,0.0,0.0,1.185669,1.450639,0.0,0.8477858,0.0,0.0,1.3653,1.414232,1.134957,2.247097,0.7302021,0.0,0.9827231,0.0,0.0,0.0,2.15095,1.451389,0.0,1.772846,0.6941153,0.0,1.031702,0.9778702,1.307543,0.0,1.887885,1.270543,0.0,1.293254,1.144865,2.124558
COL18A1,0.0,0.0,0.0,0.0,0.0,0.1953074,0.0,0.0,0.0,0.0,0.0,0.0,0.0,0.0,0.0,0.0,0.0,0.0,0.0,1.00423,0.2141572,0.0,0.0,0.0,0.0,0.0,0.0,0.0,0.2881662,0.0,0.0,0.0,0.0,0.0,0.0,0.0,0.0,0.0,0.4288586,0.0
RPL32,4.065108,4.686072,4.223303,4.430213,4.416239,4.415757,4.617026,3.846721,4.420624,4.169512,4.368461,3.714405,2.387057,4.995706,3.712633,4.241228,4.087343,3.861389,4.625923,2.069292,4.40622,2.256228,3.998539,4.214594,4.238981,4.125293,4.807764,5.147875,4.278574,3.627803,4.073917,4.078513,4.581999,5.326799,3.845398,4.251281,4.933122,3.393176,4.153461,4.407465
FABP5,0.0,0.0,0.0,2.324013,2.132383,0.6220476,1.579713,0.0,0.0,0.0,0.0,0.0,0.0,0.0,1.287912,0.0,0.0,0.0,0.0,1.495061,0.0,0.0,0.9515253,2.129113,0.0,0.9687014,0.0,0.0,0.2881662,0.0,0.8939098,0.0,0.0,0.0,0.0,0.0,2.263144,2.112964,0.0,0.0
DYNLT1,0.0,0.0,1.305719,0.0,0.0,1.62885,0.0,1.509859,1.713032,0.9680934,0.0,1.053706,0.0,0.0,1.832648,1.587531,1.546354,0.0,0.0,1.00423,1.288403,0.0,0.0,0.0,0.0,1.542801,0.0,0.0,1.736195,0.0,1.674103,1.638408,1.307543,0.0,1.335709,1.270543,0.0,1.53393,2.13972,0.0
STAT3,1.177402,0.0,0.0,0.0,2.132383,0.3586314,0.0,0.0,0.0,0.9680934,0.0,0.5881662,0.0,0.0,0.2559513,0.0,0.4238027,0.0,0.0,0.0,0.0,0.0,0.0,0.0,0.0,0.0,0.0,0.0,0.9820392,0.0,0.3083426,0.0,0.5713152,0.0,0.6597094,0.0,0.0,0.2856138,0.0,0.0
ARPC2,1.177402,0.0,2.205085,0.0,0.0,1.443447,1.579713,0.0,1.588491,1.570727,2.267787,1.965513,0.0,0.0,1.734666,0.5756754,1.652896,1.654434,1.441374,1.00423,1.468667,0.0,2.579259,0.0,0.0,1.842483,0.0,0.0,1.099903,0.0,1.85903,1.462694,1.073802,0.0,1.053775,0.0,0.0,1.838843,0.9580128,3.140161
EEF1A1,3.407745,3.51735,4.003815,3.355145,2.764424,4.655632,3.677203,3.245816,4.643706,3.771747,3.969311,3.930045,2.76141,4.430353,4.043129,3.540038,3.859527,3.665382,4.447659,1.00423,4.7442,2.256228,3.694154,2.760947,3.445918,4.09172,3.230468,4.852633,4.498013,3.805685,4.127735,3.905155,4.391438,3.709123,4.060237,3.797003,3.785696,4.080614,4.308972,3.140161
PARK7,1.17740167379281,1.73531514495429,0.0,2.32401285607585,0.0,0.498988084905914,0.0,0.0,0.680107140888014,0.434574976876293,0.0,0.726377712518601,0.0,0.0,1.36529990875233,0.0,1.13495731428951,0.0,1.30528772016556,1.00423000666566,0.540259444832807,0.0,1.75249353815264,2.12911315147707,0.0,0.968701414173608,0.0,0.0,1.0999028411146,0.0,0.734050073281415,1.24938043691933,0.325914603309185,1.90035706071708,1.33570886433178,1.27054347247737,0.0,0.842564123737005,0.728035357566666,2.12455791305678
FILIP1L,0.0,0.0,0.0,0.0,0.0,0.0,0.0,0.0,0.0,0.0,0.0,0.0,0.0,0.0,0.0,0.0,0.0,0.0,0.0,0.0,0.0,0.0,0.0,0.0,0.0,0.0,0.0,0.0,0.2881662,0.0,0.0,0.0,0.0,0.0,0.0,0.0,0.0,0.0,0.0,0.0
GLUL,0.0,0.0,0.0,0.0,0.0,1.1495733736226,0.0,0.0,0.680107140888014,2.08889486722228,2.26778748391074,1.0537058934884,2.76140987026505,2.62200140529596,0.77323251890491,1.20447081230436,0.423802731942376,0.0,1.14771993103919,0.0,1.22029106340941,0.0,0.425192925235114,0.0,0.0,0.342617793464935,0.0,0.0,0.848404150138105,0.0,0.893909805289157,0.977870164120139,1.07380215356771,0.0,1.55538729956269,0.0,0.0,1.09308741273614,0.958012824558165,2.12455791305678
SEL1L3,0.0,0.0,1.305719,0.0,0.0,0.1953074,0.0,0.0,0.5004072,0.0,0.0,0.0,0.0,0.0,0.0,0.0,0.0,0.0,0.0,0.0,0.5402594,0.0,0.0,0.0,0.0,0.0,0.0,0.0,0.2881662,0.0,0.3083426,0.2440942,0.0,0.0,0.0,0.0,0.0,0.2856138,0.0,0.0
TGFBR2,0.0,0.0,0.0,0.0,0.0,0.3586314,0.0,0.0,0.2811833,0.7365003,0.0,0.427741,0.0,0.0,0.0,0.0,0.0,0.0,0.0,0.0,0.2141572,0.0,0.0,0.0,0.0,0.3426178,0.0,0.0,0.0,0.0,0.3083426,0.0,0.0,0.0,0.6597094,0.0,0.0,0.0,0.4288586,0.0
NFE2L1,0.7528135,0.0,0.0,0.0,0.0,0.1953074,0.0,0.0,0.2811833,0.9680934,0.0,0.5881662,0.0,0.0,0.2559513,0.0,0.0,0.0,0.0,1.00423,0.2141572,0.0,0.4251929,0.0,0.0,0.5973302,0.0,0.0,0.5116002,0.0,0.0,0.0,0.3259146,0.0,0.0,0.0,0.0,0.8425641,0.0,0.0
HLA-C,2.046116,0.0,1.305719,0.0,3.425557,1.215663,2.530572,0.0,1.185669,1.570727,2.907776,1.053706,0.0,0.0,1.011651,2.080064,1.992401,0.0,1.441374,1.82284,1.621346,0.0,1.656147,2.760947,2.15095,0.8001572,0.0,0.0,1.300691,2.119384,1.739619,0.868076,0.5713152,0.0,0.0,0.0,0.0,2.531333,1.302238,0.0
C9orf16,0.7528135,0.0,0.0,2.324013,0.0,0.6220476,0.0,1.509859,1.081188,1.314136,0.0,1.053706,0.0,0.0,1.011651,0.5756754,1.546354,1.654434,0.9605947,0.0,1.147198,0.0,1.29457,0.0,0.0,0.9687014,2.207963,0.0,1.099903,0.0,1.031702,1.076793,0.7682042,1.900357,0.0,0.0,2.263144,0.9756506,1.144865,0.0
NEMF,0.0,0.0,0.0,0.0,0.0,0.4989881,0.0,0.0,0.2811833,0.434575,0.0,0.2365686,0.0,0.0,0.2559513,0.5756754,0.0,0.0,0.7302021,0.0,0.2141572,0.0,0.4251929,0.0,0.0,0.0,0.0,0.0,0.0,0.0,0.5436807,0.2440942,0.0,0.0,0.6597094,0.0,0.0,0.2856138,0.4288586,0.0
PFDN5,2.672463,1.735315,0.0,3.355145,0.0,1.82074,2.530572,1.509859,2.056509,1.677928,3.294874,1.758564,0.0,2.622001,1.626031,1.863819,2.299773,2.247097,2.078285,1.00423,1.975365,0.0,1.995873,0.0,2.784148,1.964235,2.207963,1.772846,2.198945,2.119384,1.447038,1.325654,1.726966,2.893968,0.6597094,2.161985,2.263144,1.198171,1.438181,3.140161
ENY2,0.7528135,0.0,0.0,0.0,0.0,0.9201999,0.0,0.0,0.832381,1.677928,0.0,0.7263777,0.0,0.0,1.287912,0.0,0.720529,0.0,0.0,0.0,0.785766,0.0,0.0,0.0,0.0,0.9687014,0.0,0.0,0.9820392,0.0,1.26078,0.868076,1.073802,0.0,0.6597094,2.161985,2.263144,0.9756506,0.9580128,0.0
COX7C,1.703267,2.979748,2.987317,2.324013,0.0,2.350434,2.79815,2.449131,2.747997,2.563005,3.294874,2.227185,0.0,3.002949,2.746276,2.539629,2.614929,2.616692,2.204559,0.0,2.210447,2.256228,2.354982,3.14511,2.15095,2.453105,2.207963,2.377245,2.429513,0.0,2.340877,2.466583,2.399505,2.515805,2.931214,3.180762,0.0,0.9756506,2.413641,3.416965
ALOX5AP,0.0,0.0,0.0,0.0,0.0,0.1953074,0.0,0.0,0.0,0.0,0.0,0.0,0.0,0.0,0.0,0.5756754,0.0,0.0,0.0,0.0,0.0,0.0,0.0,0.0,0.0,0.0,0.0,0.0,0.0,0.0,0.0,0.0,0.0,0.0,0.0,0.0,0.0,0.0,0.0,0.0
RPL22L1,0.7528135,0.0,0.0,2.966982,0.0,1.149573,2.164142,1.509859,1.280259,1.677928,0.0,2.037624,0.0,1.998993,0.4595615,0.0,0.4238027,0.0,1.441374,1.82284,1.572998,0.0,1.752494,0.0,0.0,0.3426178,0.0,0.0,1.300691,0.0,1.801106,0.7447231,1.969174,0.0,0.0,0.0,0.0,1.89007,1.302238,0.0
NDUFB2,1.177402,1.735315,2.46482,0.0,0.0,1.149573,2.530572,0.0,1.588491,1.863004,2.267787,1.71149,0.0,1.998993,2.042371,1.204471,1.917711,0.0,0.9605947,0.0,1.572998,0.0,2.13042,2.129113,2.784148,1.451389,0.0,0.0,1.205328,2.119384,1.739619,2.102679,1.307543,0.0,2.020171,1.270543,2.263144,1.784849,0.9580128,3.140161
SCP2,1.17740167379281,0.0,0.0,0.0,0.0,0.498988084905914,0.0,0.0,1.08118750612672,0.736500260492154,0.0,0.956036883657622,0.0,0.0,0.255951251736804,0.0,1.29165421223064,0.0,0.730202140329799,0.0,0.214157195780163,0.0,0.425192925235114,2.12911315147707,0.0,0.597330170802566,0.0,0.0,0.0,0.0,0.893909805289157,0.244094202567046,0.325914603309185,0.0,0.0,0.0,0.0,0.0,0.0,0.0
ALG5,0.0,0.0,0.0,0.0,0.0,0.9201999,0.0,0.0,0.0,0.7365003,0.0,0.7263777,0.0,0.0,0.4595615,0.0,0.4238027,0.0,0.7302021,1.00423,0.785766,0.0,0.9515253,0.0,0.0,0.5973302,0.0,0.0,0.5116002,0.0,0.7340501,0.2440942,0.5713152,0.0,1.555387,0.0,0.0,0.5075144,0.9580128,0.0
ARL2,0.7528135,1.735315,1.305719,0.0,0.0,0.4989881,1.579713,0.0,0.5004072,0.434575,0.0,0.2365686,0.0,0.0,0.0,0.5756754,0.4238027,0.0,1.305288,0.0,0.3904427,0.0,0.4251929,0.0,0.0,0.5973302,0.0,0.0,0.6941153,0.0,0.7340501,0.2440942,0.3259146,0.0,0.0,1.270543,0.0,0.6890064,0.0,0.0
PLPP5,0.0,0.0,0.0,0.0,0.0,0.1953074,0.0,0.0,0.832381,0.0,0.0,0.2365686,0.0,0.0,0.6286456,0.0,0.4238027,0.0,0.4303203,0.0,0.5402594,0.0,0.0,0.0,0.0,0.0,0.0,0.0,0.5116002,0.0,0.0,0.0,0.3259146,0.0,0.0,0.0,0.0,0.5075144,0.0,0.0
MAP1LC3B,0.7528135,1.735315,1.305719,0.0,2.132383,0.7316094,0.0,0.0,1.081188,2.215348,2.267787,1.435735,0.0,0.0,1.287912,0.9387027,1.134957,0.0,0.7302021,1.00423,0.670528,0.0,0.9515253,0.0,0.0,0.3426178,0.0,0.0,0.9820392,0.0,1.447038,1.462694,1.197487,0.0,1.053775,0.0,0.0,1.198171,0.7280354,0.0
CDC42BPA,0.0,0.0,0.0,0.0,0.0,0.0,0.0,0.0,0.0,0.0,0.0,0.236568564456008,0.0,0.0,0.255951251736804,0.0,0.0,0.0,0.0,0.0,0.214157195780163,0.0,0.0,0.0,0.0,0.0,0.0,0.0,0.288166224818977,0.0,0.0,0.244094202567046,0.0,0.0,0.0,0.0,0.0,0.0,0.0,0.0
EIF2S2,0.0,0.0,2.987317,2.966982,2.132383,1.336027,1.579713,0.0,1.588491,2.327591,0.0,1.435735,0.0,0.0,1.92188,1.587531,2.447136,0.0,1.441374,1.00423,1.522192,2.256228,1.137686,0.0,2.15095,1.451389,0.0,0.0,1.610986,0.0,2.440071,2.393588,2.499271,0.0,1.335709,1.270543,2.902878,2.112964,1.664689,0.0
HNRNPAB,0.7528135,0.0,1.305719,0.0,0.0,1.002643,1.579713,0.0,0.6801071,1.774742,0.0,1.555303,0.0,0.0,1.681823,0.9387027,0.9490601,0.0,1.14772,1.00423,0.670528,0.0,0.9515253,0.0,0.0,0.8001572,0.0,0.0,1.099903,2.119384,1.152786,1.325654,0.3259146,0.0,0.6597094,1.270543,0.0,0.6890064,1.144865,0.0
RAP1A,0.0,0.0,0.0,0.0,2.132383105178,0.35863144475461,0.0,0.0,0.500407230924453,0.0,0.0,0.427741035801588,0.0,0.0,0.459561497928911,0.0,0.0,0.0,0.0,0.0,0.214157195780163,0.0,0.0,0.0,0.0,0.0,0.0,0.0,0.0,0.0,0.0,0.440142916680324,0.325914603309185,0.0,0.0,0.0,0.0,0.842564123737005,0.428858606762342,0.0
YWHAZ,0.7528135,0.0,0.0,0.0,2.764424,1.785196,1.579713,1.509859,2.056509,2.088895,0.0,1.965513,0.0,0.0,1.626031,1.587531,1.749172,1.654434,1.668084,0.0,1.870694,0.0,2.404042,2.129113,0.0,1.542801,2.84458,0.0,1.300691,0.0,2.340877,1.690729,1.655991,0.0,1.335709,1.270543,0.0,2.557291,1.849248,0.0
H3F3B,2.407547,1.735315,2.46482,2.324013,0.0,2.067104,1.579713,0.0,3.05075,3.396126,0.0,2.80214,1.781829,2.622001,2.335446,2.599224,2.941479,2.616692,2.464279,1.00423,2.310063,2.256228,1.137686,2.129113,3.168805,2.380206,2.84458,0.0,2.566736,3.134538,2.613069,2.489777,2.433878,0.0,2.336242,2.161985,0.0,2.98785,2.074624,3.416965
RHOC,0.0,0.0,0.0,0.0,0.0,0.920199913083911,0.0,0.0,0.500407230924453,1.15600855634195,2.26778748391074,0.956036883657622,0.0,0.0,1.11245875286498,1.58753095552759,0.720529038055004,0.0,0.0,0.0,0.785765960777977,0.0,2.57925936596224,0.0,0.0,0.342617793464935,2.20796293555735,1.77284598709209,0.848404150138105,0.0,0.734050073281415,0.440142916680324,0.932631789018124,0.0,1.05377543587947,1.81247289524377,0.0,1.38007672450902,0.958012824558165,0.0
SERBP1,0.0,0.0,0.0,0.0,0.0,1.27765486280056,0.0,0.0,1.28025897080253,1.45063895424497,0.0,1.29990392740182,0.0,0.0,1.50413897382944,0.575675428952768,1.6528960745544,1.65443392472602,1.14771993103919,0.0,1.14719811042795,0.0,1.13768625351892,0.0,0.0,1.62655118416406,2.84457979368529,1.77284598709209,1.30069077698035,0.0,1.03170169895901,1.95758749743445,1.19748652911621,2.51580470673591,0.659709414932617,0.0,0.0,0.285613819387722,1.66468930515663,0.0
ATP5J,1.177402,1.735315,1.305719,0.0,0.0,1.540439,1.579713,0.0,0.832381,1.314136,0.0,0.427741,0.0,2.622001,0.7732325,1.414232,1.546354,1.654434,1.56114,0.0,1.288403,0.0,1.430147,0.0,0.0,1.112894,0.0,0.0,1.675549,2.7506,1.528591,1.638408,1.197487,0.0,2.336242,0.0,0.0,1.459959,1.302238,0.0
NDFIP1,0.7528135,0.0,0.0,0.0,2.132383,0.4989881,0.0,0.0,0.6801071,0.9680934,0.0,1.224378,0.0,1.998993,0.2559513,0.5756754,0.720529,1.654434,1.305288,0.0,0.670528,0.0,0.9515253,0.0,2.15095,0.0,0.0,0.0,0.6941153,0.0,0.5436807,0.2440942,0.3259146,0.0,0.0,1.270543,0.0,1.198171,0.0,0.0
NID1,0.0,0.0,0.0,0.0,0.0,0.0,0.0,0.0,0.0,0.736500260492154,0.0,0.0,0.0,0.0,0.0,0.0,0.0,0.0,0.0,0.0,0.214157195780163,0.0,0.0,0.0,0.0,0.0,0.0,0.0,0.0,0.0,0.0,0.0,0.0,0.0,0.659709414932617,0.0,0.0,0.0,0.0,0.0
PLOD2,0.0,1.735315,0.0,0.0,0.0,0.7316094,0.0,0.0,0.2811833,0.7365003,0.0,0.7263777,0.0,0.0,0.0,0.0,0.4238027,0.0,0.4303203,0.0,1.288403,0.0,0.0,2.129113,2.784148,0.3426178,0.0,0.0,0.0,0.0,0.8939098,0.2440942,0.7682042,0.0,1.053775,0.0,0.0,0.2856138,0.7280354,0.0
RHEB,0.7528135,0.0,1.305719,0.0,2.764424,0.9201999,0.0,0.0,1.185669,1.944105,0.0,1.887794,0.0,0.0,1.204028,0.9387027,1.134957,2.247097,0.9605947,1.00423,0.670528,0.0,0.9515253,2.129113,0.0,0.8001572,0.0,0.0,0.5116002,0.0,0.3083426,1.325654,0.5713152,1.900357,1.053775,1.812473,0.0,0.9756506,0.4288586,0.0
COX7B,1.47451,1.735315,0.0,0.0,2.132383,1.215663,2.530572,1.509859,1.652699,1.774742,0.0,1.053706,0.0,3.278144,2.215644,1.587531,1.836988,0.0,1.933729,1.00423,1.220291,0.0,1.840368,2.129113,3.840701,1.626551,0.0,0.0,1.300691,0.0,1.674103,1.166806,1.197487,0.0,1.887885,1.270543,2.263144,0.2856138,1.557835,2.124558
HNRNPU,0.0,0.0,1.305719,0.0,0.0,1.149573,0.0,0.0,1.081188,0.434575,0.0,1.299904,0.0,3.002949,1.112459,0.9387027,1.291654,2.247097,0.4303203,0.0,0.785766,2.256228,1.137686,2.129113,0.0,1.112894,2.207963,0.0,1.099903,0.0,0.8939098,1.076793,1.197487,0.0,1.053775,1.270543,0.0,1.459959,1.144865,0.0
NDUFC2,1.177402,0.0,1.305719,0.0,0.0,1.002643,2.164142,1.509859,1.713032,1.677928,0.0,1.142679,0.0,0.0,1.566941,1.204471,1.291654,0.0,0.9605947,0.0,1.068338,0.0,2.191462,0.0,0.0,1.350774,2.207963,0.0,0.8484042,0.0,1.447038,1.076793,0.5713152,0.0,0.0,0.0,0.0,0.9756506,1.438181,2.124558
PHGR1,0.0,2.708859,1.853275,0.0,0.0,2.554328,2.164142,0.0,2.136296,1.314136,2.267787,0.9560369,0.0,3.002949,1.832648,3.160043,2.061899,2.247097,2.143414,0.0,2.33349,0.0,1.92114,0.0,0.0,2.019968,2.84458,3.022878,2.616754,2.119384,2.14996,2.135886,2.989692,3.167714,3.230408,1.270543,0.0,0.8425641,1.144865,0.0
MAP1B,1.177402,0.0,0.0,0.0,2.132383,0.0,0.0,0.0,0.5004072,0.0,2.267787,0.5881662,0.0,0.0,0.0,0.0,0.0,1.654434,0.0,1.00423,0.0,0.0,0.0,0.0,0.0,0.0,0.0,0.0,0.0,0.0,0.0,0.0,0.0,0.0,0.0,1.270543,0.0,0.0,0.0,0.0
JMJD1C,0.0,0.0,0.0,0.0,0.0,0.0,0.0,0.0,0.2811833,0.0,0.0,0.2365686,0.0,0.0,0.0,0.0,0.4238027,0.0,0.4303203,1.00423,0.0,0.0,0.0,0.0,0.0,0.3426178,0.0,0.0,0.0,0.0,0.0,0.0,0.7682042,0.0,0.0,0.0,0.0,0.2856138,0.4288586,0.0
STOM,0.0,0.0,0.0,0.0,0.0,0.1953074,0.0,0.0,0.5004072,2.019118,0.0,0.8477858,0.0,0.0,0.2559513,0.0,0.4238027,0.0,0.0,0.0,0.0,0.0,0.7225949,0.0,0.0,0.0,0.0,0.0,0.0,0.0,0.3083426,0.4401429,0.3259146,0.0,0.0,0.0,0.0,0.0,0.9580128,0.0
PRMT2,1.177402,0.0,0.0,2.324013,0.0,0.0,0.0,0.0,0.2811833,0.0,0.0,0.427741,0.0,0.0,0.0,0.5756754,0.0,0.0,0.4303203,0.0,0.2141572,0.0,0.0,0.0,0.0,0.3426178,0.0,0.0,0.5116002,0.0,0.5436807,0.2440942,0.3259146,0.0,0.0,0.0,0.0,0.0,0.0,2.124558
GPSM3,0.7528135,0.0,0.0,0.0,0.0,0.0,0.0,0.0,0.0,0.0,0.0,0.0,0.0,0.0,0.0,0.0,0.0,0.0,0.0,0.0,0.2141572,0.0,0.0,0.0,0.0,0.0,0.0,0.0,0.0,0.0,0.0,0.0,0.0,0.0,0.0,0.0,0.0,0.0,0.0,0.0
HLA-B,1.889313,0.0,0.0,0.0,3.148661,0.1953074,0.0,0.0,0.0,0.0,0.0,0.0,1.781829,0.0,0.0,1.735187,1.427091,1.654434,0.0,1.82284,1.068338,0.0,0.7225949,2.760947,0.0,0.0,0.0,0.0,0.2881662,0.0,0.3083426,0.0,0.7682042,0.0,0.0,0.0,0.0,2.607271,0.0,0.0
STK4,0.7528135,0.0,0.0,0.0,0.0,0.3586314,0.0,0.0,0.2811833,1.677928,0.0,0.5881662,0.0,0.0,0.2559513,0.0,0.720529,0.0,0.0,1.00423,0.3904427,2.256228,0.0,0.0,0.0,0.0,0.0,0.0,0.2881662,0.0,0.3083426,0.4401429,0.3259146,0.0,1.053775,0.0,0.0,0.6890064,0.0,2.124558
TNRC6B,0.0,0.0,0.0,0.0,0.0,0.6220476,0.0,0.0,0.0,0.0,0.0,0.0,0.0,0.0,0.0,0.0,1.134957,0.0,0.4303203,0.0,0.670528,0.0,0.0,0.0,0.0,0.3426178,0.0,0.0,0.6941153,2.119384,0.0,0.0,0.3259146,0.0,0.0,0.0,0.0,0.0,0.0,0.0
EIF5,0.0,0.0,1.853275,0.0,0.0,0.7316094,0.0,1.509859,0.2811833,0.0,0.0,1.053706,0.0,0.0,0.8995306,0.5756754,0.4238027,0.0,0.9605947,0.0,0.3904427,0.0,0.4251929,2.129113,0.0,0.8001572,0.0,0.0,1.099903,0.0,0.8939098,1.076793,1.307543,0.0,0.6597094,0.0,0.0,0.6890064,0.9580128,0.0
MRPL57,1.177402,1.735315,1.305719,0.0,0.0,1.002643,1.579713,1.509859,1.185669,1.450639,0.0,1.053706,0.0,0.0,1.437127,0.9387027,1.134957,1.654434,1.56114,0.0,0.3904427,0.0,1.137686,0.0,0.0,1.451389,0.0,0.0,1.387746,0.0,1.358239,1.325654,1.307543,0.0,1.053775,0.0,0.0,0.9756506,1.93015,0.0
STX5,0.0,0.0,0.0,0.0,0.0,0.0,0.0,0.0,0.0,0.434575,0.0,0.5881662,0.0,0.0,0.2559513,0.5756754,0.4238027,0.0,0.4303203,0.0,0.3904427,0.0,0.0,0.0,0.0,0.0,0.0,0.0,0.5116002,0.0,0.5436807,0.2440942,0.3259146,0.0,0.0,0.0,0.0,0.0,0.0,0.0
ESD,0.0,0.0,1.305719,0.0,0.0,1.215663,1.579713,0.0,1.652699,0.7365003,0.0,1.053706,0.0,1.998993,1.504139,1.204471,1.652896,1.654434,1.933729,0.0,1.068338,0.0,1.430147,0.0,0.0,1.350774,2.207963,2.377245,1.610986,2.7506,1.447038,1.166806,0.7682042,0.0,1.053775,0.0,0.0,1.198171,1.664689,2.124558
MINOS1,1.17740167379281,0.0,1.30571904818115,0.0,0.0,1.07880448492854,0.0,0.0,1.18566876136437,0.968093367459482,0.0,1.29990392740182,0.0,0.0,2.07951081559805,0.575675428952768,1.74917231911612,0.0,1.30528772016556,0.0,0.889085711655879,0.0,0.425192925235114,0.0,0.0,0.968701414173608,0.0,0.0,0.982039194706642,2.11938402866758,1.73961929089159,1.46269386795445,1.3075431696491,2.51580470673591,1.73539209036673,1.27054347247737,0.0,0.975650577533275,1.55783454139876,0.0
NCKAP1,0.7528135,0.0,0.0,0.0,0.0,0.1953074,0.0,2.449131,0.5004072,0.0,0.0,0.0,0.0,0.0,0.4595615,0.0,0.0,0.0,0.4303203,1.00423,0.2141572,0.0,0.4251929,0.0,0.0,0.3426178,0.0,0.0,0.5116002,0.0,0.3083426,0.0,0.0,0.0,0.6597094,0.0,0.0,0.9756506,0.9580128,0.0
GYG1,0.7528135,1.735315,1.305719,0.0,0.0,0.4989881,0.0,0.0,0.2811833,0.0,0.0,0.2365686,0.0,0.0,0.2559513,0.0,0.0,0.0,0.7302021,0.0,0.3904427,0.0,0.9515253,2.129113,0.0,0.9687014,0.0,0.0,0.2881662,0.0,0.0,0.4401429,1.073802,0.0,0.0,1.270543,0.0,0.5075144,0.4288586,0.0
RPL23A,3.546421,4.263535,3.227363,3.355145,4.102305,3.569801,4.197361,3.098134,3.637991,3.259561,4.472554,3.032555,1.781829,3.821471,3.435407,3.39445,3.676971,4.025201,3.820637,1.00423,3.314503,0.0,2.917026,2.760947,3.662666,3.401622,2.207963,4.003023,3.576098,3.134538,3.489902,3.473223,4.047487,4.058421,3.192768,3.180762,3.964228,2.152147,3.304675,3.811433
TCEAL8,0.0,0.0,0.0,0.0,0.0,0.4989881,0.0,1.509859,0.5004072,0.434575,0.0,0.2365686,1.781829,0.0,0.2559513,0.9387027,0.0,0.0,0.4303203,0.0,0.3904427,2.256228,0.0,0.0,0.0,0.5973302,0.0,0.0,0.5116002,0.0,0.3083426,0.2440942,0.5713152,0.0,1.053775,0.0,0.0,0.5075144,0.4288586,0.0
SMDT1,0.7528135,0.0,0.0,0.0,2.132383,0.6220476,0.0,0.0,0.832381,0.7365003,0.0,0.427741,0.0,1.998993,0.0,0.9387027,0.0,1.654434,0.7302021,0.0,0.2141572,0.0,0.4251929,0.0,2.15095,1.112894,0.0,0.0,1.205328,0.0,0.7340501,0.2440942,0.7682042,0.0,1.335709,0.0,0.0,0.0,0.7280354,0.0
UBE2I,0.0,0.0,0.0,0.0,0.0,1.391178,1.579713,0.0,1.185669,1.314136,0.0,0.7263777,0.0,1.998993,1.681823,0.9387027,0.720529,0.0,0.9605947,0.0,0.8890857,0.0,0.9515253,0.0,0.0,1.112894,0.0,0.0,1.300691,0.0,0.8939098,1.325654,0.5713152,0.0,0.6597094,0.0,0.0,1.093087,1.302238,0.0
CRTAP,0.0,0.0,1.305719,0.0,2.132383,0.0,0.0,0.0,0.0,0.0,0.0,0.2365686,0.0,0.0,0.0,0.0,0.720529,0.0,0.0,0.0,0.670528,0.0,0.0,0.0,0.0,0.3426178,0.0,0.0,0.0,0.0,0.3083426,0.4401429,0.3259146,0.0,0.0,0.0,0.0,0.2856138,0.0,0.0
ATP5D,0.0,1.735315,0.0,2.324013,0.0,1.277655,1.579713,0.0,1.519876,1.314136,0.0,0.427741,0.0,0.0,1.734666,0.9387027,0.720529,2.616692,1.668084,1.00423,1.352171,0.0,1.656147,0.0,0.0,1.775556,2.207963,0.0,1.099903,0.0,1.739619,1.396519,1.197487,0.0,1.887885,1.812473,0.0,0.8425641,1.557835,0.0
TOMM20,1.17740167379281,1.73531514495429,0.0,0.0,2.76442350715612,1.49311830376356,0.0,2.08594362943213,1.36666997626605,1.31413561763047,0.0,1.49730505289074,0.0,1.99899325293938,1.28791161878821,1.58753095552759,1.54635354425568,1.65443392472602,1.14771993103919,0.0,1.5729975589965,0.0,1.65614674218206,0.0,2.15094959722266,1.23889051165561,0.0,2.37724451201169,1.20532784069538,0.0,1.35823905100875,1.46269386795445,1.79323535165639,0.0,1.05377543587947,0.0,2.26314385595782,0.689006387893914,1.84924805596559,0.0
GIMAP4,0.0,0.0,0.0,0.0,0.0,0.0,0.0,0.0,0.0,0.0,0.0,0.0,0.0,0.0,0.0,0.0,0.0,0.0,0.0,0.0,0.0,0.0,0.0,0.0,0.0,0.0,0.0,0.0,0.0,0.0,0.0,0.0,0.0,0.0,0.0,0.0,0.0,0.0,0.0,0.0
ARHGAP29,0.0,0.0,0.0,0.0,0.0,0.0,0.0,0.0,0.281183307794552,0.0,0.0,0.0,0.0,0.0,0.0,0.0,0.0,0.0,0.0,0.0,0.0,0.0,0.0,0.0,0.0,0.0,0.0,0.0,0.0,0.0,0.0,0.0,0.0,0.0,0.0,0.0,0.0,0.0,0.0,0.0
CLIC1,0.7528135,1.735315,2.205085,0.0,0.0,1.888251,0.0,0.0,1.588491,1.863004,0.0,2.309999,0.0,0.0,1.626031,2.336017,1.917711,1.654434,1.56114,0.0,1.572998,0.0,1.656147,0.0,2.15095,1.542801,0.0,0.0,1.610986,2.7506,2.191171,2.102679,1.913897,0.0,1.053775,1.270543,0.0,1.727772,1.302238,2.124558
ERP29,1.177402,0.0,0.0,0.0,2.132383,0.9201999,0.0,0.0,1.36667,1.314136,2.267787,0.9560369,0.0,0.0,0.4595615,0.5756754,1.134957,2.247097,0.9605947,0.0,1.412115,0.0,0.7225949,2.129113,0.0,2.072759,0.0,1.772846,1.467826,0.0,0.8939098,0.6039846,0.7682042,1.900357,0.6597094,0.0,0.0,0.5075144,1.144865,0.0
TCF25,0.0,0.0,0.0,0.0,0.0,0.9201999,0.0,0.0,0.9645025,0.0,0.0,0.7263777,1.781829,0.0,0.7732325,0.9387027,0.0,0.0,0.7302021,0.0,0.670528,0.0,0.0,0.0,0.0,0.8001572,0.0,0.0,0.9820392,2.119384,0.5436807,0.7447231,0.7682042,0.0,0.0,0.0,0.0,0.8425641,1.144865,0.0
C17orf62,0.0,0.0,0.0,0.0,0.0,0.0,0.0,0.0,0.0,0.434575,0.0,0.0,0.0,0.0,0.6286456,0.0,0.0,0.0,0.0,0.0,0.0,2.256228,0.0,0.0,0.0,0.0,0.0,0.0,0.0,0.0,0.3083426,0.0,0.5713152,0.0,0.0,0.0,0.0,0.2856138,0.0,0.0
SUMO1,0.0,0.0,1.853275,2.324013,0.0,1.002643,0.0,2.085944,0.9645025,0.7365003,2.267787,1.053706,1.781829,0.0,0.6286456,0.0,0.720529,0.0,0.7302021,0.0,0.2141572,0.0,1.430147,0.0,2.15095,1.238891,0.0,0.0,1.387746,0.0,1.031702,0.9778702,1.197487,0.0,1.053775,1.812473,0.0,0.8425641,0.9580128,2.124558
AKAP13,0.0,0.0,0.0,0.0,0.0,0.3586314,0.0,0.0,0.0,0.7365003,0.0,0.0,0.0,0.0,0.0,0.0,0.4238027,0.0,0.4303203,1.00423,0.3904427,0.0,0.0,0.0,0.0,0.3426178,0.0,0.0,0.0,0.0,0.0,0.0,0.0,0.0,0.0,0.0,0.0,0.5075144,0.0,0.0
NDUFB9,0.0,1.735315,1.853275,2.324013,2.132383,1.443447,2.530572,1.509859,1.446204,1.450639,0.0,1.497305,0.0,0.0,1.287912,1.587531,1.546354,0.0,1.441374,0.0,0.9827231,0.0,1.656147,0.0,0.0,2.072759,2.207963,1.772846,1.736195,2.119384,0.8939098,1.166806,0.9326318,1.900357,0.0,1.270543,0.0,0.8425641,1.93015,2.124558
TRIM33,0.0,0.0,0.0,0.0,0.0,0.35863144475461,0.0,0.0,0.281183307794552,0.0,0.0,0.236568564456008,0.0,0.0,0.0,0.0,0.0,0.0,0.430320344076267,0.0,0.214157195780163,0.0,0.0,0.0,0.0,0.0,0.0,0.0,0.0,0.0,0.0,0.244094202567046,0.325914603309185,0.0,0.0,0.0,0.0,0.285613819387722,0.0,0.0
TMEM176A,0.0,0.0,1.853275,0.0,2.764424,1.149573,2.164142,0.0,1.652699,1.314136,0.0,1.435735,0.0,0.0,1.112459,1.204471,0.9490601,0.0,1.852776,0.0,1.621346,0.0,1.840368,0.0,2.15095,1.112894,0.0,0.0,1.099903,0.0,1.447038,1.52476,1.197487,0.0,1.735392,0.0,0.0,1.093087,1.302238,2.124558
HMGN1,0.7528135,0.0,0.0,0.0,0.0,1.215663,1.579713,1.509859,1.923451,1.156009,0.0,1.142679,0.0,3.278144,2.079511,0.0,1.836988,2.247097,1.668084,0.0,1.220291,0.0,2.404042,0.0,0.0,1.842483,2.207963,0.0,1.994102,0.0,1.965691,1.52476,1.073802,0.0,1.887885,1.270543,0.0,1.293254,2.004994,2.756103
GPR160,0.7528135,0.0,1.853275,0.0,0.0,1.540439,0.0,2.714984,1.519876,0.7365003,0.0,0.427741,1.781829,0.0,0.2559513,1.587531,1.427091,0.0,1.305288,0.0,1.870694,0.0,0.0,0.0,2.784148,1.238891,0.0,0.0,1.610986,0.0,1.358239,1.52476,2.58998,0.0,1.555387,0.0,0.0,0.2856138,1.557835,0.0
NDRG1,0.7528135,0.0,2.205085,0.0,0.0,0.0,0.0,1.509859,0.0,0.434575,0.0,0.427741,0.0,0.0,0.2559513,0.5756754,0.4238027,0.0,0.0,0.0,0.5402594,2.256228,0.0,0.0,0.0,0.0,2.207963,0.0,0.0,0.0,0.0,0.2440942,0.0,0.0,0.0,0.0,0.0,0.0,0.0,0.0
SSR3,0.0,0.0,0.0,2.324013,2.132383,0.7316094,1.579713,2.085944,1.185669,2.154119,0.0,0.8477858,0.0,0.0,1.204028,0.5756754,1.134957,1.654434,0.7302021,0.0,0.8890857,0.0,1.549518,2.129113,0.0,0.0,0.0,0.0,1.099903,0.0,0.7340501,0.9778702,0.5713152,0.0,0.6597094,0.0,0.0,1.380077,0.7280354,0.0
IGHM,0.0,0.0,0.0,0.0,0.0,0.0,0.0,0.0,0.0,0.0,0.0,0.0,0.0,0.0,0.0,0.0,0.0,0.0,0.0,0.0,0.0,0.0,0.0,0.0,0.0,0.0,0.0,0.0,0.0,0.0,0.0,0.0,0.0,0.0,0.0,0.0,0.0,0.0,0.0,0.0
LAMTOR5,0.0,0.0,0.0,0.0,0.0,0.830343877764507,0.0,0.0,1.08118750612672,1.86300444153253,0.0,1.14267872072041,0.0,0.0,0.77323251890491,0.575675428952768,0.720529038055004,0.0,1.30528772016556,0.0,0.390442669323526,0.0,0.425192925235114,0.0,0.0,0.342617793464935,0.0,0.0,0.982039194706642,0.0,1.03170169895901,1.24938043691933,0.325914603309185,0.0,1.05377543587947,1.27054347247737,0.0,1.38007672450902,1.55783454139876,0.0
BSG,0.7528135,0.0,1.305719,2.324013,2.132383,1.585621,2.164142,0.0,1.87485,1.450639,3.294874,1.887794,0.0,0.0,1.626031,0.9387027,1.291654,2.247097,1.441374,1.82284,1.412115,0.0,1.656147,2.760947,0.0,1.842483,2.207963,0.0,1.736195,2.7506,1.447038,1.787812,1.579591,2.893968,0.6597094,1.812473,0.0,1.093087,1.557835,0.0
HADHA,0.7528135,0.0,1.305719,0.0,0.0,0.6220476,0.0,0.0,0.5004072,0.434575,0.0,0.2365686,1.781829,1.998993,0.2559513,0.9387027,0.720529,0.0,0.9605947,0.0,0.8890857,0.0,0.7225949,0.0,2.15095,0.9687014,2.84458,1.772846,0.2881662,0.0,0.3083426,0.7447231,0.7682042,0.0,0.6597094,1.812473,0.0,0.5075144,0.4288586,0.0
CNIH1,0.0,0.0,0.0,0.0,0.0,0.3586314,0.0,0.0,0.2811833,0.0,0.0,0.8477858,0.0,0.0,0.2559513,0.0,0.9490601,0.0,0.4303203,0.0,0.3904427,0.0,0.9515253,0.0,0.0,0.0,0.0,0.0,0.5116002,0.0,0.5436807,0.4401429,0.3259146,0.0,0.0,0.0,0.0,0.0,0.4288586,0.0
SEPT10,0.0,0.0,1.305719,0.0,0.0,0.8303439,0.0,0.0,0.0,0.434575,0.0,0.7263777,0.0,0.0,0.6286456,0.0,1.134957,0.0,0.9605947,0.0,0.3904427,0.0,0.4251929,0.0,0.0,0.0,0.0,0.0,0.2881662,0.0,0.3083426,0.2440942,0.0,0.0,1.053775,0.0,0.0,0.2856138,0.0,0.0
ATP5C1,0.0,0.0,2.205085,0.0,2.132383,1.670287,2.164142,1.509859,1.769931,2.019118,2.267787,1.435735,1.781829,0.0,2.215644,0.5756754,2.187893,0.0,1.56114,0.0,1.412115,0.0,1.995873,0.0,3.168805,1.542801,0.0,0.0,1.947569,2.119384,1.801106,1.690729,1.726966,0.0,1.335709,0.0,0.0,1.093087,1.302238,0.0
KRT10,0.0,0.0,0.0,0.0,0.0,0.4989881,0.0,0.0,1.081188,0.0,0.0,0.427741,0.0,0.0,0.8995306,0.9387027,0.4238027,0.0,0.7302021,0.0,0.3904427,0.0,0.0,0.0,0.0,0.5973302,0.0,0.0,0.5116002,0.0,0.3083426,0.9778702,0.5713152,0.0,1.053775,0.0,0.0,0.6890064,0.7280354,0.0
CTNND1,0.0,0.0,0.0,0.0,0.0,0.8303439,0.0,0.0,0.2811833,0.434575,0.0,0.7263777,0.0,0.0,0.4595615,0.5756754,0.720529,0.0,0.7302021,0.0,0.785766,0.0,0.0,0.0,0.0,0.3426178,2.207963,0.0,0.6941153,0.0,0.3083426,0.4401429,0.3259146,0.0,0.0,0.0,0.0,1.602804,0.4288586,0.0
WDR60,0.7528135,0.0,0.0,0.0,0.0,0.1953074,0.0,0.0,0.5004072,0.0,0.0,0.0,1.781829,0.0,0.0,0.0,0.0,0.0,0.7302021,0.0,0.3904427,0.0,0.0,0.0,0.0,0.0,0.0,0.0,0.6941153,0.0,0.0,0.2440942,0.5713152,0.0,0.6597094,0.0,0.0,0.2856138,0.0,0.0
RPS29,4.288673,4.443508,3.722196,3.851911,3.971133,3.480931,4.405802,2.449131,3.743283,3.466532,4.252261,2.880004,2.387057,3.493719,3.272493,3.367983,3.622084,3.861389,3.796786,1.82284,3.644288,0.0,3.27467,3.816491,3.840701,3.704682,3.903648,4.640917,3.673958,2.7506,3.373177,3.374148,3.830374,3.709123,3.571405,3.674827,3.289886,2.327882,3.484151,3.416965
PPP1R10,0.0,0.0,0.0,0.0,0.0,0.0,0.0,0.0,0.0,0.0,0.0,0.0,0.0,0.0,0.4595615,0.5756754,0.0,0.0,0.0,0.0,0.0,0.0,0.0,0.0,0.0,0.0,0.0,0.0,0.0,0.0,0.0,0.0,0.5713152,0.0,0.0,0.0,0.0,0.2856138,0.0,0.0
HNRNPA0,0.0,0.0,0.0,0.0,0.0,1.002643,0.0,0.0,0.6801071,0.434575,0.0,1.370124,1.781829,0.0,1.437127,1.414232,0.9490601,1.654434,0.7302021,1.00423,0.8890857,0.0,0.0,0.0,0.0,0.3426178,0.0,0.0,0.2881662,0.0,0.7340501,1.076793,0.9326318,0.0,0.6597094,0.0,0.0,0.8425641,1.302238,0.0
NFE2L2,0.0,0.0,1.305719,0.0,0.0,0.3586314,0.0,1.509859,0.2811833,0.7365003,0.0,0.427741,1.781829,0.0,0.2559513,0.0,0.0,0.0,0.0,0.0,0.3904427,0.0,0.0,0.0,0.0,0.3426178,0.0,0.0,0.5116002,0.0,0.3083426,0.6039846,0.7682042,0.0,1.053775,0.0,0.0,0.2856138,0.9580128,0.0
TERF2IP,0.0,0.0,0.0,0.0,0.0,0.0,0.0,0.0,0.5004072,0.434575,0.0,0.2365686,0.0,0.0,0.4595615,0.5756754,0.0,0.0,0.0,1.00423,0.2141572,0.0,0.0,0.0,0.0,0.3426178,0.0,0.0,0.0,0.0,0.0,0.7447231,0.9326318,0.0,0.0,0.0,0.0,0.6890064,0.4288586,0.0
POU2F2,0.0,0.0,0.0,0.0,0.0,0.0,0.0,0.0,0.0,0.0,0.0,0.0,1.781829,0.0,0.0,0.0,0.0,0.0,0.0,0.0,0.0,0.0,0.0,0.0,0.0,0.0,0.0,0.0,0.0,0.0,0.0,0.0,0.0,0.0,0.0,0.0,0.0,0.0,0.0,0.0
CLTA,1.177402,2.336158,2.205085,2.324013,2.132383,1.585621,0.0,2.085944,1.652699,2.379316,0.0,2.037624,0.0,0.0,1.832648,2.408593,1.749172,1.654434,1.933729,1.00423,1.522192,0.0,2.191462,0.0,2.784148,1.542801,2.207963,1.772846,1.736195,0.0,1.603991,1.917769,1.197487,0.0,0.6597094,1.812473,0.0,1.459959,2.074624,2.124558
FLNA,1.47451,0.0,0.0,0.0,0.0,0.1953074,0.0,1.509859,0.0,0.0,0.0,0.2365686,0.0,1.998993,0.2559513,1.414232,0.4238027,0.0,0.0,1.00423,0.0,0.0,1.29457,0.0,0.0,0.0,0.0,0.0,0.0,0.0,0.0,0.0,0.0,0.0,0.0,1.270543,0.0,1.602804,0.0,0.0
FBLN1,0.0,0.0,0.0,0.0,0.0,0.0,1.579713,0.0,0.0,0.0,0.0,0.0,0.0,0.0,0.0,0.0,0.0,0.0,0.4303203,0.0,0.0,0.0,0.0,0.0,0.0,0.0,0.0,0.0,0.0,0.0,0.0,0.0,0.0,0.0,0.0,1.270543,0.0,0.0,0.7280354,0.0
HSPE1,2.181632,2.979748,3.227363,2.966982,0.0,1.74834,2.530572,3.374468,2.661137,2.273043,0.0,2.167903,2.387057,1.998993,2.94889,2.25776,2.689327,2.885944,2.008617,0.0,1.522192,0.0,1.137686,0.0,2.784148,2.553365,3.230468,0.0,2.23532,2.119384,2.639202,2.785354,1.406679,0.0,1.887885,2.941251,2.263144,1.093087,2.955282,2.756103
IDH2,0.0,0.0,0.0,0.0,0.0,0.3586314,0.0,0.0,0.5004072,0.434575,0.0,0.5881662,0.0,0.0,0.6286456,0.0,0.9490601,0.0,0.0,0.0,0.3904427,0.0,0.4251929,0.0,0.0,0.3426178,0.0,0.0,0.9820392,0.0,0.7340501,0.7447231,0.0,0.0,0.0,0.0,0.0,0.0,0.4288586,0.0
SDHB,0.0,0.0,0.0,0.0,0.0,0.622047626287169,1.57971339318672,0.0,0.680107140888014,0.968093367459482,0.0,0.956036883657622,0.0,1.99899325293938,0.899530579449916,0.575675428952768,0.423802731942376,0.0,0.0,0.0,0.785765960777977,0.0,0.425192925235114,0.0,0.0,0.968701414173608,0.0,0.0,0.69411525100425,0.0,0.308342635064697,0.977870164120139,0.325914603309185,0.0,0.659709414932617,0.0,0.0,0.0,0.728035357566666,0.0
ARL6IP4,1.47451,0.0,0.0,0.0,0.0,1.149573,0.0,0.0,0.9645025,1.156009,0.0,1.142679,0.0,0.0,1.011651,0.0,1.291654,1.654434,1.305288,0.0,0.9827231,0.0,1.549518,0.0,0.0,1.542801,0.0,1.772846,1.300691,0.0,1.031702,0.6039846,1.073802,0.0,0.6597094,0.0,0.0,1.093087,1.557835,0.0
PFN1,1.177402,0.0,0.0,2.966982,3.425557,2.241953,1.579713,0.0,2.210186,2.379316,0.0,2.62546,0.0,0.0,2.869393,1.735187,2.724548,1.654434,1.852776,1.00423,1.870694,0.0,2.97277,2.129113,0.0,2.41732,2.207963,0.0,2.399655,3.411281,2.805189,2.835267,2.021554,2.893968,1.887885,3.180762,3.289886,2.743768,2.200836,3.140161
AHI1,0.0,0.0,0.0,0.0,0.0,0.3586314,0.0,1.509859,0.0,0.434575,0.0,0.7263777,0.0,2.622001,0.0,0.9387027,0.9490601,0.0,0.4303203,1.00423,0.2141572,0.0,0.0,0.0,0.0,0.5973302,0.0,0.0,0.2881662,0.0,0.7340501,0.6039846,0.0,0.0,0.6597094,0.0,0.0,0.5075144,0.7280354,2.124558
VCAM1,0.0,0.0,0.0,0.0,0.0,0.0,0.0,0.0,0.0,0.0,0.0,0.0,0.0,0.0,0.0,0.0,0.0,0.0,0.0,0.0,0.0,0.0,0.0,0.0,0.0,0.0,0.0,0.0,0.0,0.0,0.0,0.0,0.0,0.0,0.0,0.0,0.0,0.0,0.0,0.0
CDK2AP2,1.47451,0.0,1.305719,0.0,0.0,0.4989881,1.579713,0.0,0.5004072,1.156009,0.0,0.9560369,0.0,0.0,0.7732325,0.9387027,0.4238027,0.0,0.7302021,1.00423,0.3904427,0.0,0.0,0.0,2.15095,0.8001572,0.0,0.0,0.8484042,0.0,0.3083426,1.076793,0.5713152,0.0,1.053775,0.0,0.0,1.459959,1.144865,0.0
TMEM134,0.0,0.0,0.0,0.0,0.0,0.4989881,0.0,0.0,0.2811833,0.0,2.267787,0.2365686,0.0,0.0,0.4595615,0.0,0.4238027,1.654434,0.4303203,0.0,0.5402594,0.0,0.0,0.0,0.0,0.3426178,0.0,0.0,0.2881662,0.0,0.0,0.4401429,0.5713152,0.0,0.0,1.270543,0.0,0.6890064,0.4288586,0.0
TP53INP1,0.0,0.0,0.0,0.0,0.0,0.0,0.0,0.0,0.0,0.0,0.0,0.0,0.0,0.0,0.0,0.9387027,0.0,0.0,0.0,1.00423,0.2141572,0.0,0.0,0.0,0.0,0.0,0.0,0.0,0.0,0.0,0.0,0.0,0.3259146,0.0,0.0,0.0,0.0,0.0,0.0,0.0
RPS6KB2,0.0,0.0,0.0,0.0,2.132383,0.0,1.579713,0.0,0.9645025,0.434575,0.0,0.2365686,0.0,0.0,0.2559513,0.9387027,0.4238027,0.0,0.4303203,0.0,0.3904427,0.0,0.4251929,0.0,0.0,0.3426178,0.0,0.0,0.5116002,0.0,0.3083426,0.6039846,0.3259146,1.900357,0.0,0.0,0.0,0.2856138,0.4288586,2.124558
DDX24,0.0,0.0,0.0,0.0,0.0,0.4989881,0.0,0.0,0.2811833,1.156009,0.0,0.8477858,0.0,0.0,0.7732325,1.414232,0.9490601,0.0,0.7302021,0.0,0.785766,0.0,0.9515253,0.0,0.0,0.3426178,0.0,0.0,0.2881662,0.0,1.031702,0.4401429,0.3259146,0.0,0.0,0.0,0.0,0.5075144,0.0,0.0
ZFP36L2,1.177402,0.0,0.0,0.0,0.0,0.9201999,0.0,1.509859,0.5004072,0.7365003,0.0,0.7263777,0.0,0.0,0.6286456,0.0,0.9490601,0.0,0.4303203,0.0,0.8890857,0.0,0.4251929,0.0,0.0,0.3426178,0.0,0.0,1.099903,0.0,0.5436807,0.4401429,1.579591,0.0,1.053775,0.0,0.0,0.2856138,0.9580128,0.0
FNIP1,0.0,0.0,0.0,0.0,0.0,0.4989881,0.0,0.0,0.5004072,0.434575,0.0,0.7263777,0.0,0.0,0.4595615,0.0,0.720529,0.0,0.7302021,0.0,0.5402594,2.256228,0.0,0.0,0.0,0.0,0.0,0.0,0.0,0.0,0.7340501,0.6039846,0.3259146,0.0,0.0,0.0,0.0,0.5075144,0.4288586,0.0
SHMT2,0.7528135,0.0,0.0,0.0,0.0,0.0,1.579713,0.0,0.6801071,0.7365003,0.0,0.0,0.0,0.0,0.2559513,0.5756754,0.720529,0.0,0.4303203,0.0,0.5402594,0.0,1.137686,0.0,0.0,0.3426178,0.0,0.0,0.2881662,0.0,0.7340501,0.7447231,0.9326318,0.0,0.0,1.812473,0.0,1.093087,0.4288586,2.124558
TSHZ2,0.0,0.0,0.0,0.0,0.0,0.0,0.0,0.0,0.5004072,0.0,0.0,0.0,0.0,0.0,0.0,0.0,0.0,0.0,0.0,0.0,0.0,0.0,0.0,0.0,0.0,0.0,0.0,0.0,0.2881662,0.0,0.0,0.0,0.0,0.0,0.6597094,0.0,0.0,0.0,0.0,0.0
NDUFA3,0.7528135,2.708859,1.305719,0.0,2.132383,1.078804,0.0,1.509859,1.185669,1.450639,0.0,0.427741,0.0,1.998993,1.3653,0.5756754,1.546354,0.0,1.14772,0.0,0.8890857,0.0,1.549518,0.0,0.0,1.112894,2.207963,2.377245,0.8484042,0.0,1.528591,0.9778702,1.073802,3.167714,1.735392,2.161985,0.0,0.6890064,1.849248,0.0
SRSF11,0.752813520601271,0.0,1.30571904818115,0.0,0.0,0.830343877764507,0.0,0.0,0.500407230924453,0.736500260492154,0.0,1.0537058934884,0.0,0.0,0.255951251736804,1.41423171144403,0.720529038055004,0.0,0.730202140329799,0.0,0.982723071529652,0.0,0.0,0.0,0.0,0.968701414173608,0.0,0.0,0.69411525100425,0.0,0.734050073281415,0.868076001347981,0.0,0.0,0.659709414932617,0.0,0.0,0.842564123737005,0.728035357566666,0.0
DDX17,0.7528135,0.0,0.0,0.0,0.0,0.6220476,0.0,0.0,0.0,0.434575,0.0,0.8477858,1.781829,0.0,0.8995306,0.0,0.4238027,0.0,0.4303203,0.0,0.5402594,0.0,0.0,0.0,0.0,0.3426178,0.0,0.0,0.0,0.0,0.5436807,0.0,0.3259146,0.0,0.6597094,0.0,0.0,0.6890064,0.4288586,2.124558
CFH,0.0,0.0,0.0,0.0,0.0,0.0,0.0,0.0,0.0,0.0,0.0,0.0,0.0,0.0,0.0,0.0,0.0,0.0,0.0,0.0,0.0,0.0,0.0,0.0,0.0,0.0,0.0,0.0,0.0,0.0,0.0,0.0,0.0,0.0,0.0,0.0,0.0,0.0,0.0,0.0
GAS6,0.0,0.0,0.0,0.0,0.0,0.0,0.0,0.0,0.0,0.0,0.0,0.0,0.0,0.0,0.2559513,0.0,0.0,0.0,0.7302021,0.0,0.2141572,0.0,0.0,0.0,0.0,0.0,0.0,0.0,0.0,0.0,0.3083426,0.0,0.0,0.0,0.0,0.0,0.0,0.0,0.4288586,0.0
TSC22D1,2.046116,0.0,0.0,0.0,0.0,0.0,0.0,0.0,0.2811833,0.7365003,0.0,0.7263777,0.0,0.0,0.8995306,0.5756754,0.4238027,0.0,0.4303203,0.0,0.0,0.0,0.0,0.0,0.0,0.0,0.0,0.0,0.6941153,0.0,0.5436807,0.2440942,0.9326318,0.0,0.0,0.0,0.0,0.5075144,0.9580128,0.0
SH3BGRL,0.0,0.0,0.0,0.0,0.0,0.0,0.0,0.0,0.2811833,0.434575,0.0,0.0,0.0,0.0,0.2559513,0.0,0.0,0.0,0.4303203,0.0,0.0,0.0,0.4251929,0.0,0.0,0.3426178,0.0,0.0,0.6941153,0.0,0.3083426,0.2440942,0.0,1.900357,0.6597094,0.0,0.0,0.0,0.0,0.0
N4BP2L2,0.0,0.0,1.305719,0.0,0.0,0.9201999,0.0,0.0,0.0,0.0,0.0,0.427741,3.920132,0.0,0.2559513,1.414232,0.9490601,0.0,0.9605947,1.495061,1.147198,0.0,0.4251929,0.0,0.0,0.5973302,0.0,0.0,1.387746,0.0,1.26078,0.4401429,0.3259146,0.0,1.053775,0.0,0.0,1.602804,0.4288586,0.0
BGN,0.0,0.0,0.0,0.0,0.0,0.0,0.0,0.0,0.0,0.0,0.0,0.0,0.0,0.0,0.0,0.0,0.0,0.0,0.0,0.0,0.0,0.0,0.0,0.0,0.0,0.0,0.0,0.0,0.0,0.0,0.0,0.0,0.0,0.0,0.0,0.0,0.0,0.0,0.0,0.0
ASAH1,0.0,1.735315,1.305719,0.0,0.0,0.3586314,0.0,0.0,0.5004072,2.088895,0.0,1.053706,1.781829,0.0,0.7732325,0.9387027,0.4238027,0.0,0.0,0.0,0.785766,2.256228,0.4251929,0.0,2.15095,0.3426178,0.0,1.772846,0.0,0.0,0.7340501,0.2440942,0.7682042,1.900357,0.0,0.0,0.0,0.0,1.144865,0.0
CCL4,0.0,0.0,0.0,0.0,0.0,0.0,0.0,0.0,0.0,0.0,0.0,0.0,0.0,0.0,0.0,0.0,0.0,0.0,0.0,0.0,0.2141572,0.0,0.0,0.0,0.0,0.0,0.0,0.0,0.0,0.0,0.0,0.0,0.3259146,0.0,0.0,0.0,0.0,0.2856138,0.0,0.0
TM9SF2,0.0,0.0,0.0,2.324013,0.0,0.9201999,1.579713,0.0,0.832381,1.156009,0.0,1.053706,0.0,0.0,0.7732325,0.5756754,1.134957,1.654434,0.7302021,1.00423,0.8890857,0.0,0.9515253,2.129113,0.0,0.9687014,0.0,0.0,0.9820392,0.0,1.358239,0.4401429,0.3259146,1.900357,1.555387,1.270543,0.0,0.9756506,1.557835,0.0
ENAH,1.17740167379281,0.0,0.0,0.0,0.0,0.731609391859029,0.0,0.0,0.680107140888014,0.0,0.0,0.427741035801588,0.0,0.0,0.628645606109281,0.0,0.0,0.0,0.0,1.00423000666566,0.670528038365546,0.0,0.0,0.0,0.0,0.0,0.0,0.0,0.288166224818977,0.0,0.308342635064697,0.603984607695277,0.932631789018124,0.0,0.659709414932617,0.0,0.0,0.285613819387722,0.0,2.12455791305678
LIMD2,0.0,0.0,0.0,0.0,0.0,0.0,0.0,0.0,0.0,0.0,0.0,0.0,0.0,0.0,0.0,0.0,0.0,0.0,0.0,0.0,0.0,0.0,0.0,0.0,0.0,0.3426178,0.0,0.0,0.0,0.0,0.0,0.0,0.0,0.0,0.0,0.0,0.0,0.0,0.0,0.0
SH3GLB1,1.70326672400083,0.0,1.85327519926764,0.0,2.132383105178,0.19530736080636,0.0,0.0,0.281183307794552,0.736500260492154,0.0,0.588166176048884,0.0,0.0,0.255951251736804,0.575675428952768,0.423802731942376,0.0,0.0,0.0,0.0,0.0,0.0,0.0,0.0,0.0,0.0,0.0,0.288166224818977,0.0,0.308342635064697,0.603984607695277,0.0,0.0,0.0,0.0,0.0,0.507514362462335,0.0,0.0
C1S,0.0,0.0,0.0,0.0,0.0,0.1953074,0.0,0.0,0.0,0.0,0.0,0.0,0.0,0.0,0.0,0.0,0.0,0.0,0.0,0.0,0.0,0.0,0.0,0.0,0.0,0.0,0.0,0.0,0.0,0.0,0.0,0.0,0.0,1.900357,0.0,0.0,0.0,0.0,0.0,0.0
NAA38,0.0,0.0,1.305719,0.0,0.0,1.002643,1.579713,0.0,0.0,0.9680934,0.0,0.0,0.0,0.0,0.6286456,0.5756754,0.720529,0.0,0.7302021,0.0,0.670528,2.895581,0.7225949,0.0,0.0,0.8001572,0.0,1.772846,0.0,0.0,0.3083426,0.4401429,0.0,0.0,0.0,1.270543,0.0,0.2856138,0.9580128,0.0
TUBB4B,0.0,0.0,0.0,0.0,2.132383,0.8303439,1.579713,0.0,0.5004072,1.314136,0.0,1.71149,0.0,2.622001,1.112459,1.414232,0.9490601,1.654434,0.7302021,1.00423,0.9827231,0.0,0.4251929,0.0,0.0,0.9687014,0.0,0.0,1.793372,0.0,1.85903,1.396519,0.7682042,0.0,1.735392,0.0,0.0,0.6890064,1.144865,0.0
PUM1,1.17740167379281,0.0,0.0,0.0,0.0,0.35863144475461,0.0,0.0,0.832380998906884,0.434574976876293,0.0,0.588166176048884,0.0,0.0,0.255951251736804,0.575675428952768,0.423802731942376,0.0,0.0,0.0,0.0,0.0,0.0,0.0,0.0,0.342617793464935,0.0,0.0,0.0,0.0,0.308342635064697,0.440142916680324,0.768204184291367,0.0,0.659709414932617,0.0,0.0,0.0,0.0,0.0
CHPF,0.0,0.0,0.0,0.0,2.132383,0.3586314,0.0,0.0,0.2811833,0.0,0.0,0.5881662,0.0,0.0,0.2559513,0.0,0.0,0.0,0.0,0.0,0.2141572,0.0,0.0,0.0,0.0,0.5973302,0.0,0.0,0.5116002,0.0,0.3083426,0.0,0.0,0.0,0.0,1.270543,0.0,0.2856138,0.0,0.0
SEP15,0.0,0.0,1.30571904818115,0.0,0.0,0.920199913083911,0.0,0.0,0.832380998906884,0.434574976876293,0.0,0.726377712518601,1.78182890102545,0.0,1.01165129318583,0.0,0.949060125061916,1.65443392472602,1.14771993103919,0.0,0.889085711655879,0.0,0.425192925235114,0.0,0.0,0.968701414173608,0.0,0.0,0.288166224818977,0.0,0.308342635064697,0.603984607695277,0.932631789018124,1.90035706071708,0.0,1.27054347247737,0.0,0.507514362462335,0.728035357566666,2.12455791305678
DCN,0.0,0.0,0.0,0.0,0.0,0.0,0.0,0.0,0.0,0.0,0.0,0.0,0.0,0.0,0.0,0.0,0.0,0.0,0.0,0.0,0.0,0.0,0.0,0.0,0.0,0.3426178,0.0,0.0,0.0,0.0,0.3083426,0.0,0.3259146,0.0,0.0,0.0,0.0,0.0,0.0,0.0
MRPL55,0.0,0.0,0.0,0.0,0.0,0.19530736080636,0.0,0.0,0.0,0.0,0.0,0.427741035801588,0.0,1.99899325293938,0.0,0.575675428952768,0.949060125061916,0.0,0.0,1.00423000666566,0.390442669323526,0.0,0.425192925235114,0.0,0.0,0.800157201332063,0.0,0.0,0.511600155079749,2.11938402866758,0.734050073281415,0.244094202567046,0.325914603309185,0.0,0.659709414932617,0.0,0.0,0.507514362462335,0.428858606762342,0.0
SNRPB,0.0,0.0,0.0,0.0,0.0,0.9201999,2.530572,1.509859,0.832381,1.677928,0.0,1.370124,0.0,0.0,1.112459,0.5756754,1.134957,0.0,0.0,1.00423,0.3904427,0.0,1.29457,0.0,2.15095,1.238891,0.0,0.0,0.8484042,0.0,1.447038,1.24938,1.073802,0.0,0.0,0.0,0.0,0.9756506,1.144865,2.124558
HMGN3,0.0,0.0,0.0,0.0,0.0,0.3586314,0.0,0.0,0.0,0.0,0.0,0.427741,0.0,0.0,0.7732325,0.5756754,0.4238027,0.0,0.4303203,0.0,0.0,0.0,0.4251929,0.0,0.0,0.3426178,0.0,0.0,0.5116002,0.0,0.3083426,0.0,0.0,0.0,0.0,0.0,0.0,0.2856138,0.4288586,0.0
TMEM176B,1.703267,0.0,0.0,2.324013,0.0,0.8303439,2.164142,1.509859,0.0,1.450639,0.0,1.224378,1.781829,0.0,1.734666,0.5756754,0.4238027,0.0,1.305288,0.0,1.621346,0.0,1.752494,0.0,0.0,0.5973302,0.0,0.0,1.300691,0.0,1.528591,0.4401429,0.5713152,0.0,0.0,0.0,0.0,1.093087,0.4288586,0.0
LAMTOR1,1.177402,1.735315,0.0,2.324013,0.0,0.8303439,0.0,0.0,0.6801071,0.9680934,0.0,0.9560369,0.0,0.0,0.8995306,0.9387027,0.4238027,0.0,0.4303203,0.0,0.3904427,0.0,1.430147,0.0,0.0,0.3426178,2.207963,0.0,0.6941153,0.0,1.031702,0.7447231,0.7682042,0.0,0.0,1.270543,0.0,0.8425641,0.7280354,0.0
MKKS,0.0,0.0,0.0,2.324013,0.0,0.0,0.0,0.0,0.2811833,0.0,0.0,0.2365686,0.0,0.0,0.2559513,0.0,0.4238027,0.0,0.0,0.0,0.5402594,0.0,0.0,0.0,0.0,0.3426178,0.0,0.0,0.9820392,0.0,0.5436807,0.868076,0.5713152,0.0,0.0,1.270543,0.0,0.2856138,0.4288586,0.0
TINAGL1,0.0,0.0,0.0,0.0,0.0,0.35863144475461,0.0,0.0,0.0,0.0,0.0,0.0,0.0,0.0,0.255951251736804,0.575675428952768,0.0,0.0,0.0,1.00423000666566,0.214157195780163,0.0,0.425192925235114,0.0,0.0,0.342617793464935,0.0,0.0,0.288166224818977,0.0,0.308342635064697,0.244094202567046,0.571315155840473,0.0,0.0,0.0,0.0,0.0,0.428858606762342,0.0
PDIA4,0.7528135,1.735315,0.0,0.0,2.764424,0.8303439,1.579713,0.0,0.9645025,0.434575,3.573245,0.5881662,0.0,0.0,0.8995306,0.5756754,0.9490601,0.0,1.441374,0.0,1.288403,0.0,0.4251929,0.0,0.0,1.542801,0.0,0.0,1.300691,0.0,1.031702,1.24938,0.7682042,1.900357,0.6597094,0.0,0.0,0.6890064,1.302238,0.0
CD44,0.7528135,0.0,0.0,0.0,0.0,0.3586314,0.0,0.0,0.9645025,0.0,2.267787,0.427741,0.0,0.0,0.4595615,0.0,0.720529,0.0,0.4303203,0.0,0.2141572,0.0,0.0,0.0,0.0,0.0,0.0,0.0,0.0,0.0,0.3083426,0.0,0.0,0.0,0.0,0.0,0.0,0.0,0.4288586,0.0
EIF3E,0.7528135,1.735315,3.114525,2.324013,2.132383,2.466762,1.579713,2.714984,2.460868,1.156009,2.267787,2.002218,0.0,3.002949,1.878259,0.9387027,2.447136,1.654434,2.26218,1.00423,2.310063,0.0,1.840368,2.760947,2.784148,2.259807,0.0,2.377245,2.540756,3.134538,1.739619,1.876298,2.248819,1.900357,1.053775,1.812473,2.263144,1.602804,1.849248,2.124558
ADAMTS1,0.0,0.0,0.0,0.0,0.0,0.1953074,0.0,0.0,0.0,0.0,0.0,0.427741,0.0,0.0,0.2559513,0.0,0.0,0.0,0.0,0.0,0.0,0.0,0.0,0.0,0.0,0.5973302,0.0,0.0,0.0,0.0,0.0,0.6039846,0.5713152,0.0,0.0,0.0,0.0,0.0,1.302238,0.0
UBE2Z,0.7528135,0.0,0.0,0.0,0.0,0.3586314,0.0,0.0,0.0,0.7365003,0.0,0.7263777,0.0,0.0,0.0,0.5756754,0.0,0.0,0.0,0.0,0.2141572,0.0,0.0,0.0,0.0,0.3426178,0.0,0.0,0.2881662,0.0,0.3083426,0.0,0.3259146,0.0,0.0,0.0,0.0,0.9756506,0.4288586,0.0
CAV2,0.0,0.0,0.0,0.0,0.0,0.0,0.0,0.0,0.0,0.0,0.0,0.0,0.0,0.0,0.0,0.0,0.0,0.0,0.0,0.0,0.0,0.0,0.0,0.0,0.0,0.0,0.0,0.0,0.0,0.0,0.3083426,0.0,0.0,0.0,0.0,0.0,0.0,0.0,0.0,0.0
TNFRSF1A,1.47451,0.0,0.0,0.0,0.0,0.3586314,0.0,0.0,0.2811833,0.434575,0.0,0.7263777,0.0,0.0,0.2559513,0.0,0.0,0.0,0.4303203,0.0,0.0,0.0,0.0,0.0,0.0,0.3426178,0.0,0.0,0.5116002,0.0,0.3083426,0.2440942,0.7682042,0.0,0.0,0.0,0.0,0.2856138,0.0,0.0
NUTM2B-AS1,0.0,0.0,0.0,0.0,0.0,0.1953074,0.0,0.0,0.5004072,0.0,0.0,0.0,1.781829,0.0,0.2559513,0.5756754,0.0,0.0,0.0,1.00423,0.0,0.0,0.0,0.0,0.0,0.0,0.0,0.0,0.0,0.0,0.0,0.0,0.0,0.0,0.6597094,0.0,0.0,0.5075144,0.4288586,0.0
HIF1A,0.0,0.0,0.0,0.0,0.0,0.0,0.0,0.0,0.0,0.9680934,0.0,0.0,0.0,0.0,0.4595615,0.0,0.0,0.0,0.0,0.0,0.3904427,0.0,0.0,0.0,0.0,0.0,0.0,0.0,0.0,0.0,0.0,0.4401429,0.0,0.0,0.6597094,0.0,0.0,0.0,0.7280354,0.0
FEZ2,0.7528135,0.0,0.0,0.0,0.0,0.1953074,0.0,1.509859,0.0,0.0,0.0,0.0,0.0,0.0,0.2559513,0.5756754,0.4238027,0.0,0.4303203,0.0,0.2141572,0.0,0.4251929,0.0,0.0,0.3426178,0.0,0.0,0.0,0.0,0.5436807,0.0,0.0,0.0,0.0,0.0,0.0,0.0,0.0,0.0
CDC37,0.7528135,0.0,1.305719,0.0,0.0,0.7316094,0.0,0.0,0.6801071,0.434575,0.0,1.053706,0.0,0.0,0.7732325,0.9387027,0.720529,1.654434,0.9605947,1.00423,1.147198,0.0,1.752494,0.0,0.0,0.8001572,0.0,0.0,0.8484042,0.0,0.5436807,0.9778702,0.5713152,0.0,0.6597094,0.0,0.0,1.198171,0.9580128,0.0
MDH2,1.703267,1.735315,1.305719,0.0,0.0,1.336027,0.0,1.509859,1.081188,0.9680934,0.0,1.555303,0.0,0.0,1.626031,0.5756754,1.546354,0.0,1.441374,0.0,1.068338,0.0,2.065408,0.0,0.0,0.9687014,0.0,0.0,0.9820392,0.0,1.528591,1.396519,1.307543,0.0,1.053775,1.812473,0.0,0.8425641,2.200836,0.0
SRRM2,0.7528135,0.0,1.305719,0.0,0.0,0.9201999,0.0,0.0,0.5004072,1.156009,0.0,1.142679,0.0,0.0,0.8995306,0.5756754,0.0,0.0,0.4303203,0.0,0.8890857,0.0,0.4251929,0.0,0.0,0.5973302,0.0,0.0,1.099903,0.0,0.8939098,1.325654,0.3259146,0.0,0.0,1.270543,2.263144,1.093087,1.302238,0.0
COX4I1,1.703267,2.979748,2.841535,4.030686,2.764424,2.791999,3.183099,1.509859,2.63819,3.076558,0.0,2.480118,0.0,0.0,2.901954,3.018388,3.208794,3.097864,2.840977,1.00423,2.745209,2.256228,2.404042,3.967493,2.15095,2.301571,0.0,1.772846,2.458505,2.7506,3.020573,2.442839,2.326998,2.515805,3.070518,2.420471,0.0,2.359606,2.837036,2.124558
RBM3,0.0,0.0,2.46482,2.966982,0.0,1.785196,2.164142,2.449131,2.432761,0.9680934,2.267787,1.497305,0.0,0.0,1.504139,0.9387027,1.749172,0.0,1.852776,0.0,1.941678,0.0,1.840368,0.0,0.0,1.905211,0.0,1.772846,1.847457,0.0,1.739619,2.135886,1.579591,0.0,1.335709,0.0,0.0,1.293254,2.258431,0.0
RBM17,0.0,0.0,0.0,0.0,0.0,0.7316094,0.0,0.0,0.6801071,0.7365003,0.0,0.2365686,0.0,0.0,0.7732325,0.9387027,0.4238027,0.0,0.4303203,0.0,0.3904427,0.0,0.0,0.0,0.0,0.0,0.0,0.0,0.2881662,0.0,0.7340501,0.4401429,0.5713152,0.0,0.0,0.0,0.0,0.2856138,1.302238,0.0
CELF2,0.0,0.0,0.0,0.0,0.0,0.1953074,0.0,1.509859,0.0,0.434575,0.0,0.7263777,0.0,0.0,0.2559513,0.0,0.0,0.0,0.0,0.0,0.0,0.0,0.4251929,0.0,0.0,0.0,0.0,0.0,0.2881662,0.0,0.3083426,0.2440942,0.0,0.0,0.0,0.0,0.0,0.5075144,0.0,0.0
IGFBP5,0.0,0.0,0.0,0.0,0.0,0.0,0.0,0.0,0.0,0.0,0.0,0.0,0.0,0.0,0.0,0.0,0.0,0.0,0.0,0.0,0.0,0.0,0.0,0.0,0.0,0.0,0.0,0.0,0.0,0.0,0.0,0.0,0.0,0.0,0.0,0.0,0.0,0.2856138,0.0,0.0
IER3IP1,0.0,0.0,0.0,0.0,2.132383,0.0,0.0,0.0,0.6801071,0.0,0.0,1.142679,0.0,0.0,0.6286456,0.0,1.291654,0.0,0.0,1.00423,0.5402594,0.0,0.4251929,0.0,0.0,0.8001572,0.0,0.0,0.2881662,0.0,0.5436807,0.2440942,0.0,0.0,0.0,0.0,0.0,1.093087,0.4288586,2.124558
RAB5C,0.0,0.0,0.0,0.0,2.132383,0.7316094,0.0,0.0,0.5004072,0.0,0.0,1.053706,0.0,0.0,1.112459,1.414232,0.720529,0.0,0.7302021,1.00423,0.9827231,0.0,0.7225949,0.0,0.0,1.112894,0.0,0.0,0.8484042,0.0,0.8939098,0.9778702,0.3259146,0.0,0.0,1.812473,0.0,0.9756506,0.7280354,0.0
NDUFA13,1.889313,1.735315,0.0,0.0,0.0,1.443447,2.164142,0.0,1.519876,1.450639,0.0,1.370124,1.781829,0.0,1.681823,1.414232,1.652896,0.0,1.441374,1.495061,1.522192,0.0,1.840368,0.0,0.0,1.842483,0.0,0.0,1.736195,0.0,1.801106,1.52476,0.9326318,0.0,2.336242,1.270543,0.0,0.8425641,1.93015,2.124558
SDC2,0.0,0.0,0.0,0.0,0.0,0.0,0.0,0.0,0.0,0.0,0.0,0.0,0.0,0.0,0.0,0.0,0.4238027,0.0,0.0,0.0,0.0,0.0,0.0,0.0,0.0,0.0,0.0,0.0,0.0,0.0,0.0,0.0,0.0,0.0,0.0,0.0,0.0,0.0,0.0,0.0
COPS6,0.7528135,0.0,1.853275,0.0,2.132383,0.9201999,1.579713,0.0,0.6801071,1.156009,0.0,0.9560369,0.0,0.0,1.204028,0.0,1.546354,1.654434,1.14772,0.0,0.670528,0.0,1.752494,0.0,0.0,0.9687014,2.207963,0.0,0.8484042,0.0,1.358239,1.076793,0.9326318,0.0,1.053775,1.270543,0.0,0.2856138,1.144865,2.124558
CLU,0.7528135,0.0,0.0,0.0,0.0,0.1953074,0.0,1.509859,0.5004072,0.0,0.0,0.0,0.0,0.0,0.2559513,0.5756754,0.720529,0.0,0.4303203,0.0,0.670528,0.0,0.0,0.0,0.0,0.0,0.0,0.0,0.5116002,0.0,0.3083426,0.4401429,0.3259146,1.900357,0.6597094,0.0,0.0,0.2856138,0.0,0.0
CCNL2,0.0,0.0,0.0,0.0,0.0,0.35863144475461,0.0,0.0,0.0,0.0,0.0,0.427741035801588,0.0,0.0,0.0,0.0,0.0,0.0,0.0,0.0,0.0,0.0,0.0,0.0,0.0,0.0,0.0,0.0,0.0,0.0,0.308342635064697,0.440142916680324,0.768204184291367,0.0,0.0,0.0,0.0,0.0,0.428858606762342,0.0
SERPING1,0.0,0.0,0.0,0.0,0.0,0.0,0.0,0.0,0.0,0.0,0.0,0.0,0.0,0.0,0.0,0.0,0.0,0.0,0.0,0.0,0.0,0.0,0.0,0.0,0.0,0.0,0.0,0.0,0.0,0.0,0.0,0.0,0.0,0.0,0.0,0.0,0.0,0.0,0.0,0.0
LY6E,1.47451,0.0,1.853275,2.324013,0.0,1.002643,2.79815,0.0,0.6801071,1.570727,0.0,1.142679,1.781829,0.0,1.437127,0.0,0.4238027,0.0,0.4303203,0.0,0.5402594,0.0,0.7225949,2.129113,0.0,1.112894,0.0,0.0,1.387746,0.0,0.7340501,1.076793,0.0,3.167714,0.0,0.0,0.0,0.0,1.438181,0.0
SEC61G,1.177402,2.336158,0.0,3.634063,0.0,2.094033,2.530572,2.085944,1.823766,1.774742,2.267787,2.037624,0.0,2.622001,2.335446,1.735187,2.689327,2.247097,2.008617,0.0,2.070111,2.256228,2.450808,2.129113,2.15095,1.905211,4.054913,0.0,2.592057,0.0,2.586236,2.229362,1.855385,2.515805,2.576041,2.941251,0.0,2.359606,2.738166,2.124558
MYEOV2,1.177402,0.0,1.305719,0.0,0.0,1.002643,0.0,0.0,0.832381,1.450639,0.0,0.427741,0.0,0.0,1.011651,1.204471,1.134957,0.0,1.668084,0.0,0.9827231,0.0,0.9515253,0.0,0.0,1.626551,2.207963,0.0,1.205328,0.0,1.152786,1.787812,0.9326318,0.0,0.6597094,1.270543,0.0,0.6890064,1.438181,0.0
UBTF,0.0,0.0,0.0,0.0,0.0,0.1953074,0.0,0.0,0.0,0.0,0.0,0.0,0.0,1.998993,0.0,0.0,0.0,0.0,0.0,0.0,0.2141572,0.0,0.0,0.0,0.0,0.3426178,0.0,0.0,0.2881662,0.0,0.0,0.4401429,0.0,0.0,0.0,0.0,0.0,0.8425641,0.4288586,0.0
SIVA1,0.0,0.0,0.0,0.0,0.0,0.4989881,0.0,0.0,0.6801071,0.9680934,0.0,0.7263777,0.0,0.0,0.4595615,0.0,0.720529,0.0,0.7302021,0.0,0.2141572,0.0,0.4251929,0.0,0.0,0.5973302,0.0,0.0,1.099903,0.0,0.5436807,0.868076,0.7682042,0.0,0.0,1.270543,0.0,0.2856138,1.144865,2.124558
AKR1B1,0.0,0.0,0.0,0.0,0.0,0.0,0.0,0.0,0.2811833,0.0,0.0,0.0,0.0,0.0,0.0,0.0,0.0,0.0,0.0,0.0,0.0,0.0,0.0,0.0,0.0,0.3426178,0.0,0.0,0.2881662,0.0,0.3083426,0.0,0.0,0.0,0.0,1.270543,0.0,0.0,0.4288586,0.0
CHMP3,0.7528135,0.0,0.0,2.324013,0.0,0.6220476,0.0,0.0,0.2811833,0.434575,0.0,1.142679,0.0,0.0,1.112459,0.0,0.4238027,2.247097,0.7302021,0.0,0.670528,0.0,1.752494,0.0,2.15095,0.5973302,0.0,0.0,1.099903,0.0,0.8939098,0.7447231,0.0,0.0,1.555387,1.270543,2.263144,0.6890064,1.144865,2.756103
ANGPTL2,0.0,0.0,0.0,0.0,0.0,0.0,0.0,0.0,0.0,0.0,0.0,0.0,0.0,0.0,0.0,0.0,0.0,0.0,0.0,0.0,0.0,0.0,0.0,0.0,0.0,0.0,0.0,0.0,0.0,0.0,0.0,0.0,0.0,0.0,0.0,0.0,0.0,0.0,0.0,0.0
CTNNA1,0.7528135,0.0,0.0,0.0,0.0,0.8303439,0.0,0.0,0.9645025,0.7365003,0.0,0.9560369,0.0,0.0,0.7732325,0.0,0.9490601,0.0,0.9605947,0.0,0.2141572,0.0,1.29457,0.0,0.0,0.0,0.0,0.0,0.5116002,0.0,0.7340501,0.4401429,0.3259146,0.0,0.0,0.0,0.0,0.9756506,0.7280354,0.0
CDC42EP1,0.7528135,0.0,0.0,0.0,0.0,0.0,0.0,0.0,0.5004072,0.0,0.0,0.5881662,0.0,0.0,0.0,0.0,0.0,0.0,0.0,1.00423,0.0,0.0,0.0,0.0,0.0,0.0,0.0,0.0,0.0,0.0,0.3083426,0.2440942,0.5713152,0.0,0.0,0.0,0.0,0.5075144,0.0,0.0
MYO1C,0.7528135,0.0,0.0,0.0,0.0,0.4989881,0.0,0.0,0.5004072,0.7365003,0.0,0.2365686,0.0,0.0,0.7732325,0.5756754,0.4238027,0.0,0.0,0.0,0.2141572,0.0,0.7225949,0.0,0.0,0.3426178,0.0,0.0,0.2881662,0.0,0.3083426,0.0,0.0,0.0,0.0,0.0,0.0,0.6890064,0.4288586,0.0
TES,1.703267,0.0,0.0,0.0,0.0,0.1953074,0.0,1.509859,0.6801071,0.0,0.0,0.7263777,0.0,0.0,0.2559513,0.0,0.4238027,0.0,0.0,0.0,0.2141572,0.0,0.0,0.0,0.0,0.0,0.0,0.0,0.9820392,0.0,0.7340501,0.2440942,0.3259146,0.0,0.0,0.0,0.0,0.6890064,0.4288586,0.0
ENG,0.0,0.0,0.0,0.0,0.0,0.1953074,0.0,0.0,0.0,0.0,0.0,0.0,0.0,0.0,0.4595615,0.0,0.0,0.0,0.0,0.0,0.3904427,0.0,0.0,0.0,0.0,0.0,0.0,0.0,0.0,0.0,0.3083426,0.0,0.0,0.0,0.0,0.0,0.0,0.0,0.0,0.0
SDF2L1,0.0,0.0,0.0,0.0,0.0,0.0,0.0,0.0,0.5004072,0.434575,0.0,0.2365686,0.0,0.0,0.6286456,0.5756754,0.0,0.0,0.0,0.0,0.2141572,0.0,1.137686,0.0,0.0,0.5973302,0.0,0.0,0.5116002,2.119384,0.7340501,0.4401429,0.0,0.0,0.0,1.270543,0.0,0.6890064,0.4288586,0.0
TUBA1A,0.0,0.0,0.0,0.0,0.0,0.4989881,0.0,0.0,0.2811833,0.0,0.0,1.299904,0.0,0.0,0.2559513,1.414232,0.0,0.0,0.7302021,0.0,0.0,0.0,0.0,0.0,0.0,0.0,0.0,0.0,1.300691,0.0,0.0,0.0,0.0,0.0,0.0,0.0,0.0,0.6890064,0.0,0.0
IRF2BP2,1.47450986032727,0.0,0.0,0.0,0.0,1.33602674508605,0.0,0.0,1.08118750612672,1.77474198659312,0.0,1.37012396774358,1.78182890102545,0.0,1.36529990875233,1.73518692138802,0.720529038055004,0.0,1.14771993103919,1.4950611084179,0.982723071529652,2.89558133633711,0.0,0.0,0.0,0.0,0.0,0.0,0.982039194706642,0.0,1.15278595358038,0.868076001347981,1.49686782041976,0.0,1.33570886433178,0.0,0.0,0.842564123737005,1.66468930515663,0.0
LDHB,1.177402,1.735315,2.841535,0.0,2.132383,1.585621,0.0,2.085944,2.514819,2.019118,0.0,1.927408,0.0,1.998993,2.515751,0.5756754,1.652896,0.0,2.078285,0.0,1.621346,0.0,2.13042,0.0,0.0,2.17065,2.84458,0.0,2.304327,2.7506,1.674103,2.489777,1.406679,1.900357,0.0,2.161985,0.0,0.5075144,2.258431,2.124558
PDLIM4,0.0,0.0,0.0,0.0,0.0,0.0,0.0,0.0,0.0,0.0,0.0,0.0,0.0,0.0,0.0,0.0,0.0,0.0,0.0,0.0,0.0,0.0,0.0,0.0,0.0,0.0,0.0,0.0,0.0,0.0,0.0,0.0,0.3259146,0.0,0.0,0.0,0.0,0.0,0.4288586,0.0
HINT1,1.47451,2.979748,2.46482,2.324013,2.132383,2.350434,0.0,0.0,2.540741,2.475372,0.0,2.605946,0.0,1.998993,2.442419,1.414232,2.534548,2.247097,2.706816,0.0,2.183911,0.0,2.191462,0.0,0.0,2.019968,3.230468,2.751286,1.898765,2.119384,2.14996,2.696195,2.399505,0.0,2.336242,1.812473,3.56821,1.459959,2.413641,3.140161
MAP4,0.7528135,0.0,0.0,0.0,0.0,0.1953074,0.0,0.0,0.0,0.434575,0.0,0.2365686,0.0,0.0,0.4595615,0.0,0.9490601,0.0,0.0,1.00423,0.3904427,0.0,0.4251929,0.0,0.0,0.3426178,0.0,0.0,0.5116002,0.0,0.0,0.0,0.3259146,0.0,0.0,0.0,0.0,0.2856138,0.0,0.0
UBE2B,0.7528135,0.0,1.305719,0.0,0.0,0.6220476,0.0,1.509859,1.185669,1.677928,0.0,1.224378,0.0,0.0,0.8995306,0.9387027,0.720529,0.0,0.7302021,1.00423,0.670528,0.0,0.9515253,0.0,0.0,0.0,0.0,0.0,0.2881662,0.0,0.7340501,1.076793,1.197487,0.0,1.053775,1.812473,0.0,1.198171,0.7280354,0.0
CHD9,0.0,0.0,0.0,0.0,0.0,0.4989881,0.0,0.0,0.2811833,0.0,0.0,0.8477858,0.0,0.0,0.2559513,0.5756754,0.0,0.0,0.0,1.495061,0.2141572,0.0,0.0,0.0,0.0,0.3426178,0.0,0.0,0.0,0.0,0.3083426,0.2440942,0.9326318,0.0,0.0,0.0,0.0,0.2856138,0.4288586,0.0
PDE7A,0.7528135,0.0,0.0,0.0,0.0,0.1953074,0.0,0.0,0.0,0.0,0.0,0.0,0.0,0.0,0.2559513,0.0,0.4238027,0.0,0.4303203,0.0,0.2141572,2.256228,0.0,0.0,0.0,0.0,0.0,0.0,0.2881662,0.0,0.0,0.2440942,0.0,0.0,0.6597094,0.0,0.0,0.0,0.0,0.0
EIF4B,0.7528135,1.735315,1.853275,0.0,0.0,0.9201999,0.0,0.0,0.9645025,0.9680934,0.0,0.7263777,0.0,1.998993,1.112459,0.0,1.291654,0.0,0.7302021,1.00423,1.220291,0.0,0.4251929,0.0,0.0,1.112894,0.0,0.0,1.387746,0.0,0.5436807,0.7447231,0.7682042,0.0,1.053775,0.0,2.263144,0.8425641,1.144865,0.0
LRP1,0.0,0.0,0.0,2.324013,0.0,0.1953074,0.0,0.0,0.6801071,0.0,0.0,0.0,0.0,0.0,0.0,0.5756754,0.0,0.0,0.0,0.0,0.0,0.0,0.0,0.0,0.0,0.0,0.0,0.0,0.2881662,0.0,0.0,0.2440942,0.3259146,0.0,0.6597094,0.0,0.0,0.5075144,0.0,0.0
FLOT1,0.0,0.0,0.0,0.0,0.0,0.0,0.0,0.0,0.5004072,0.434575,0.0,0.427741,0.0,0.0,0.2559513,0.5756754,0.4238027,0.0,0.7302021,0.0,0.0,0.0,0.0,0.0,0.0,0.0,0.0,0.0,0.0,0.0,0.3083426,0.2440942,0.3259146,0.0,0.6597094,1.270543,0.0,0.0,0.0,0.0
CDKN1A,0.7528135,0.0,0.0,0.0,0.0,0.0,0.0,0.0,0.0,0.0,0.0,0.2365686,0.0,0.0,0.0,0.0,0.0,0.0,0.0,0.0,0.0,0.0,0.0,0.0,0.0,0.3426178,0.0,0.0,0.0,0.0,0.0,0.0,0.0,0.0,0.0,0.0,0.0,0.2856138,0.0,0.0
NRDC,0.752813520601271,0.0,1.30571904818115,0.0,0.0,0.0,0.0,0.0,0.0,0.0,0.0,0.236568564456008,0.0,0.0,0.0,0.0,0.0,0.0,0.430320344076267,0.0,0.214157195780163,0.0,0.425192925235114,0.0,0.0,0.0,0.0,0.0,0.0,0.0,0.308342635064697,0.440142916680324,0.0,0.0,0.0,0.0,0.0,0.0,0.428858606762342,0.0
PTK2B,0.0,0.0,0.0,0.0,0.0,0.3586314,0.0,0.0,0.0,0.0,0.0,0.0,0.0,0.0,0.0,0.0,0.0,0.0,0.0,1.00423,0.2141572,0.0,0.0,0.0,0.0,0.0,0.0,0.0,0.0,0.0,0.0,0.0,0.3259146,0.0,0.0,0.0,0.0,0.2856138,0.0,0.0
MRPS34,1.177402,0.0,1.305719,2.324013,0.0,0.3586314,0.0,0.0,1.446204,1.450639,0.0,1.053706,0.0,0.0,1.3653,0.0,1.546354,0.0,0.9605947,0.0,1.147198,0.0,0.4251929,0.0,2.15095,1.112894,0.0,0.0,0.6941153,0.0,1.152786,0.9778702,0.9326318,1.900357,0.6597094,0.0,0.0,0.2856138,1.302238,3.140161
YTHDF2,0.0,0.0,0.0,0.0,0.0,0.19530736080636,0.0,0.0,0.0,0.434574976876293,0.0,0.236568564456008,0.0,0.0,0.255951251736804,0.0,0.423802731942376,0.0,0.0,0.0,0.540259444832807,0.0,0.0,0.0,0.0,0.342617793464935,0.0,0.0,0.288166224818977,0.0,0.308342635064697,0.0,0.325914603309185,0.0,0.0,0.0,0.0,0.285613819387722,0.0,0.0
RAC1,1.47451,0.0,1.305719,0.0,0.0,1.336027,0.0,0.0,1.185669,1.570727,0.0,0.9560369,1.781829,0.0,0.8995306,0.0,1.134957,1.654434,1.14772,0.0,0.8890857,0.0,1.29457,0.0,2.15095,1.238891,0.0,0.0,0.9820392,2.119384,1.152786,1.396519,0.5713152,0.0,1.053775,0.0,0.0,1.293254,1.557835,0.0
CD3E,0.0,0.0,0.0,0.0,0.0,0.0,0.0,0.0,0.0,0.0,0.0,0.0,0.0,0.0,0.0,0.0,0.0,0.0,0.0,0.0,0.0,0.0,0.0,0.0,0.0,0.0,0.0,0.0,0.0,0.0,0.0,0.0,0.0,0.0,0.0,0.0,0.0,0.0,0.0,0.0
CAPNS1,0.7528135,1.735315,0.0,0.0,0.0,1.002643,0.0,0.0,0.832381,0.434575,0.0,1.299904,0.0,0.0,0.7732325,1.204471,0.9490601,1.654434,0.4303203,1.00423,0.785766,0.0,0.4251929,0.0,0.0,0.5973302,0.0,0.0,0.9820392,0.0,0.3083426,0.6039846,0.3259146,0.0,1.053775,1.270543,0.0,1.293254,0.7280354,0.0
HSBP1,0.7528135,0.0,1.305719,2.324013,2.132383,1.585621,2.164142,0.0,1.446204,1.314136,0.0,1.299904,0.0,1.998993,1.566941,1.414232,1.291654,1.654434,0.9605947,0.0,0.8890857,0.0,1.549518,0.0,2.15095,1.350774,2.207963,0.0,1.300691,0.0,1.358239,1.52476,1.197487,0.0,1.053775,1.812473,0.0,1.784849,2.074624,0.0
ADH1B,0.0,0.0,0.0,0.0,0.0,0.0,0.0,0.0,0.0,0.0,0.0,0.0,0.0,0.0,0.0,0.0,0.0,0.0,0.0,0.0,0.0,0.0,0.0,0.0,0.0,0.0,0.0,0.0,0.0,0.0,0.0,0.0,0.0,0.0,0.0,0.0,0.0,0.0,0.0,0.0
ADGRL4,0.0,0.0,0.0,0.0,0.0,0.0,0.0,0.0,0.0,0.0,0.0,0.0,0.0,0.0,0.0,0.0,0.0,0.0,0.0,0.0,0.0,0.0,0.0,0.0,0.0,0.0,0.0,0.0,0.0,0.0,0.0,0.244094202567046,0.0,0.0,0.0,0.0,0.0,0.0,0.0,0.0
TRAF3IP3,0.0,0.0,0.0,0.0,0.0,0.0,0.0,0.0,0.0,0.0,0.0,0.0,0.0,0.0,0.0,0.0,0.0,0.0,0.0,0.0,0.0,0.0,0.0,0.0,0.0,0.0,0.0,0.0,0.0,0.0,0.0,0.0,0.0,0.0,0.0,0.0,0.0,0.0,0.0,0.0
TMED10,0.0,0.0,0.0,0.0,2.132383,0.1953074,2.164142,0.0,0.6801071,1.314136,2.907776,0.7263777,0.0,0.0,0.8995306,0.9387027,0.9490601,0.0,1.14772,0.0,0.670528,0.0,0.4251929,0.0,0.0,0.8001572,0.0,0.0,0.9820392,2.119384,0.5436807,0.868076,0.7682042,0.0,1.335709,0.0,0.0,0.5075144,0.0,2.124558
CYB5A,0.0,0.0,0.0,0.0,0.0,0.7316094,2.164142,1.509859,1.081188,1.944105,0.0,0.2365686,0.0,0.0,0.4595615,0.9387027,0.0,0.0,1.441374,0.0,0.670528,0.0,0.0,2.129113,0.0,0.8001572,0.0,0.0,1.099903,0.0,0.7340501,0.7447231,0.5713152,0.0,0.0,1.270543,0.0,0.2856138,0.9580128,2.124558
GORASP2,0.0,0.0,1.305719,0.0,2.132383,0.1953074,0.0,1.509859,0.0,0.434575,0.0,1.224378,0.0,0.0,0.0,0.0,0.0,0.0,0.0,0.0,0.5402594,0.0,0.4251929,0.0,0.0,0.5973302,0.0,0.0,0.8484042,0.0,0.3083426,0.6039846,0.5713152,0.0,0.0,0.0,0.0,0.0,0.0,0.0
CTSF,0.0,0.0,0.0,0.0,0.0,0.0,0.0,0.0,0.0,0.0,0.0,0.0,0.0,0.0,0.0,0.0,0.0,0.0,0.0,0.0,0.0,0.0,0.0,0.0,0.0,0.3426178,0.0,0.0,0.0,0.0,0.0,0.0,0.0,0.0,0.0,0.0,0.0,0.0,0.0,0.0
RAB13,0.752813520601271,0.0,0.0,2.32401285607585,2.132383105178,0.622047626287169,0.0,0.0,0.0,0.434574976876293,2.26778748391074,0.0,0.0,0.0,0.459561497928911,0.0,0.0,0.0,0.430320344076267,0.0,0.0,0.0,0.425192925235114,0.0,0.0,0.342617793464935,0.0,0.0,0.288166224818977,0.0,0.308342635064697,0.0,0.571315155840473,0.0,0.0,1.27054347247737,0.0,0.285613819387722,0.0,0.0
AKIRIN1,0.0,0.0,0.0,0.0,0.0,0.0,0.0,0.0,0.281183307794552,0.434574976876293,0.0,0.236568564456008,0.0,0.0,0.0,0.0,0.0,0.0,0.0,0.0,0.0,0.0,0.0,0.0,0.0,0.0,0.0,0.0,0.0,0.0,0.308342635064697,0.244094202567046,0.325914603309185,0.0,0.0,0.0,0.0,0.0,0.428858606762342,2.12455791305678
SLC39A6,0.0,0.0,1.305719,0.0,0.0,0.1953074,0.0,0.0,0.832381,0.434575,0.0,1.142679,0.0,0.0,0.0,0.5756754,0.720529,0.0,0.0,0.0,0.2141572,2.256228,0.0,0.0,0.0,0.3426178,0.0,0.0,0.2881662,0.0,0.0,0.2440942,0.0,0.0,0.0,1.270543,0.0,0.5075144,0.4288586,0.0
UFSP2,0.0,0.0,0.0,0.0,0.0,0.3586314,0.0,0.0,0.0,0.0,2.267787,0.0,0.0,0.0,0.0,0.0,0.0,0.0,0.0,0.0,0.2141572,0.0,0.0,0.0,0.0,0.3426178,0.0,0.0,0.0,2.119384,0.0,0.2440942,0.0,0.0,0.0,0.0,0.0,0.0,0.0,0.0
PSMB3,1.703267,1.735315,2.205085,0.0,0.0,0.8303439,2.530572,0.0,1.823766,2.154119,0.0,1.555303,0.0,1.998993,2.115321,0.5756754,1.546354,1.654434,0.7302021,1.00423,0.8890857,0.0,1.92114,2.129113,0.0,1.703826,2.207963,0.0,0.6941153,3.134538,1.85903,1.583197,1.073802,0.0,1.735392,1.270543,0.0,0.2856138,1.664689,0.0
TGFBR3,0.0,0.0,0.0,0.0,0.0,0.0,0.0,0.0,0.281183307794552,0.0,0.0,0.0,0.0,0.0,0.0,0.0,0.0,0.0,0.430320344076267,0.0,0.0,0.0,0.0,0.0,0.0,0.342617793464935,0.0,0.0,0.0,0.0,0.0,0.0,0.0,0.0,0.0,0.0,0.0,0.0,0.0,0.0
DDX18,0.0,0.0,0.0,0.0,0.0,0.9201999,0.0,1.509859,0.832381,0.0,0.0,0.5881662,0.0,1.998993,0.7732325,0.0,1.652896,0.0,0.9605947,0.0,0.785766,0.0,0.7225949,0.0,0.0,0.0,0.0,0.0,0.6941153,0.0,1.152786,0.9778702,0.5713152,0.0,0.0,0.0,0.0,0.2856138,1.144865,0.0
SNRPC,0.7528135,0.0,1.305719,0.0,0.0,0.3586314,0.0,0.0,0.2811833,1.156009,0.0,0.7263777,0.0,1.998993,0.8995306,0.0,0.4238027,0.0,0.4303203,0.0,0.2141572,0.0,0.4251929,0.0,0.0,0.3426178,0.0,0.0,0.0,2.119384,0.3083426,0.0,0.0,0.0,0.0,1.270543,0.0,0.2856138,0.4288586,0.0
TLN1,0.0,0.0,0.0,0.0,0.0,0.3586314,0.0,0.0,0.2811833,0.434575,0.0,0.427741,0.0,1.998993,0.2559513,0.0,0.0,0.0,0.0,0.0,0.2141572,0.0,0.7225949,0.0,0.0,0.3426178,0.0,0.0,0.0,0.0,0.5436807,0.4401429,0.0,0.0,0.6597094,0.0,0.0,0.6890064,0.0,0.0
YWHAQ,0.7528135,0.0,2.205085,2.966982,0.0,0.9201999,1.579713,0.0,1.36667,1.156009,0.0,1.497305,0.0,0.0,1.566941,1.204471,0.9490601,0.0,0.7302021,0.0,0.785766,0.0,2.30339,0.0,2.15095,1.238891,0.0,0.0,0.9820392,2.119384,1.152786,0.9778702,0.7682042,1.900357,0.6597094,0.0,0.0,1.093087,1.438181,0.0
SHC1,0.0,0.0,0.0,0.0,0.0,0.0,0.0,0.0,0.0,0.434574976876293,0.0,0.0,0.0,0.0,0.0,0.0,0.0,0.0,0.0,0.0,0.0,0.0,0.425192925235114,0.0,0.0,0.342617793464935,0.0,0.0,0.288166224818977,0.0,0.0,0.0,0.0,0.0,0.0,0.0,0.0,0.285613819387722,0.0,0.0
HAX1,0.752813520601271,0.0,0.0,0.0,0.0,0.19530736080636,0.0,0.0,0.281183307794552,0.434574976876293,0.0,0.236568564456008,0.0,0.0,0.0,0.0,0.423802731942376,0.0,0.0,0.0,0.214157195780163,0.0,0.722594854998228,0.0,0.0,0.800157201332063,0.0,0.0,0.0,0.0,0.734050073281415,0.440142916680324,0.768204184291367,0.0,0.0,0.0,0.0,0.842564123737005,0.0,0.0
CAMTA1,1.17740167379281,0.0,0.0,0.0,0.0,0.498988084905914,0.0,0.0,1.08118750612672,1.31413561763047,0.0,0.847785776841192,0.0,0.0,1.01165129318583,0.0,0.949060125061916,1.65443392472602,0.430320344076267,0.0,0.540259444832807,0.0,0.425192925235114,0.0,0.0,0.0,0.0,0.0,0.0,0.0,0.734050073281415,0.868076001347981,0.325914603309185,0.0,1.05377543587947,1.27054347247737,0.0,0.507514362462335,1.14486451649646,0.0
HEG1,0.0,0.0,0.0,0.0,0.0,0.0,0.0,0.0,0.2811833,0.0,0.0,0.0,0.0,0.0,0.0,0.5756754,0.0,0.0,0.0,0.0,0.2141572,0.0,0.0,0.0,0.0,0.0,0.0,0.0,0.0,0.0,0.0,0.0,0.0,0.0,0.0,0.0,0.0,0.0,0.0,0.0
KLRB1,0.0,0.0,0.0,0.0,0.0,0.0,0.0,0.0,0.0,0.0,0.0,0.0,0.0,0.0,0.0,0.0,0.0,0.0,0.0,0.0,0.0,0.0,0.0,0.0,0.0,0.0,0.0,0.0,0.0,0.0,0.0,0.0,0.0,0.0,0.0,0.0,0.0,0.0,0.0,0.0
MGMT,0.7528135,0.0,1.305719,0.0,0.0,1.002643,0.0,0.0,0.5004072,0.434575,0.0,0.2365686,0.0,0.0,0.0,0.5756754,0.4238027,0.0,0.7302021,0.0,0.2141572,0.0,0.0,2.129113,0.0,0.5973302,0.0,0.0,0.5116002,0.0,0.8939098,0.6039846,0.0,0.0,0.6597094,0.0,0.0,0.0,0.7280354,0.0
RNASET2,1.177402,0.0,0.0,0.0,0.0,0.0,2.164142,1.509859,1.36667,0.434575,0.0,0.5881662,0.0,0.0,0.8995306,1.204471,1.134957,0.0,1.56114,0.0,1.147198,0.0,0.0,0.0,0.0,0.8001572,0.0,0.0,0.9820392,0.0,1.031702,0.6039846,1.406679,0.0,1.053775,1.812473,0.0,0.2856138,0.4288586,0.0
NXT1,0.0,0.0,0.0,0.0,0.0,0.3586314,0.0,0.0,0.0,0.434575,0.0,0.2365686,0.0,0.0,0.4595615,0.0,0.720529,0.0,0.0,0.0,0.3904427,0.0,0.0,0.0,0.0,0.0,0.0,0.0,0.0,0.0,0.8939098,0.0,0.0,0.0,0.6597094,0.0,0.0,0.0,0.0,0.0
YIPF2,0.0,0.0,0.0,0.0,0.0,0.1953074,1.579713,0.0,0.2811833,0.0,0.0,0.427741,0.0,0.0,0.4595615,0.0,0.4238027,0.0,0.0,0.0,0.0,0.0,0.7225949,0.0,0.0,0.3426178,0.0,0.0,0.0,0.0,0.3083426,0.0,0.3259146,0.0,0.0,0.0,0.0,0.2856138,0.4288586,0.0
HNRNPUL1,0.0,0.0,0.0,0.0,0.0,0.1953074,0.0,0.0,0.2811833,0.0,0.0,0.2365686,0.0,0.0,0.0,0.0,0.4238027,0.0,0.0,0.0,0.5402594,0.0,0.0,0.0,0.0,0.0,0.0,0.0,0.6941153,0.0,0.3083426,0.4401429,0.3259146,0.0,0.0,0.0,0.0,0.0,0.7280354,0.0
RAI14,0.0,0.0,0.0,0.0,0.0,0.0,0.0,0.0,0.2811833,0.434575,0.0,0.2365686,1.781829,0.0,0.0,0.0,0.0,0.0,0.0,0.0,0.0,0.0,0.0,0.0,0.0,0.0,0.0,0.0,0.0,0.0,0.0,0.0,0.0,0.0,0.0,0.0,0.0,0.0,0.4288586,0.0
SNRPG,0.7528135,0.0,1.853275,0.0,2.132383,1.391178,2.530572,2.085944,1.588491,2.019118,0.0,1.435735,1.781829,0.0,2.183309,0.5756754,1.546354,2.247097,0.9605947,0.0,0.9827231,2.256228,0.7225949,2.129113,0.0,2.216221,0.0,0.0,1.205328,2.119384,1.85903,1.690729,0.9326318,0.0,1.735392,2.795861,0.0,0.6890064,1.664689,2.124558
LGALS4,1.889313,2.708859,2.46482,2.324013,0.0,2.42947,2.164142,2.085944,3.003556,2.154119,0.0,2.197983,1.781829,3.278144,2.363281,2.476256,2.534548,1.654434,1.305288,1.00423,3.184917,0.0,2.618654,0.0,3.168805,2.122901,2.207963,0.0,2.774403,0.0,2.440071,2.618663,2.950157,1.900357,2.979837,2.625678,0.0,2.785419,2.413641,0.0
HNRNPA3,0.7528135,0.0,2.205085,0.0,2.132383,1.277655,1.579713,2.449131,1.87485,1.450639,0.0,1.555303,0.0,0.0,2.246967,1.587531,2.061899,2.247097,1.56114,1.00423,0.9827231,0.0,1.656147,0.0,2.784148,1.238891,2.84458,0.0,2.081135,2.119384,2.106977,1.740448,0.5713152,1.900357,0.6597094,1.270543,2.263144,1.093087,1.76122,0.0
HINT2,0.0,0.0,0.0,0.0,0.0,0.6220476,0.0,0.0,0.2811833,0.9680934,0.0,0.0,0.0,0.0,0.2559513,0.0,0.720529,0.0,0.7302021,0.0,0.2141572,0.0,0.7225949,0.0,0.0,1.238891,0.0,1.772846,1.099903,0.0,0.7340501,0.2440942,0.5713152,0.0,0.6597094,1.270543,2.263144,0.6890064,1.302238,0.0
ID2,0.0,0.0,0.0,0.0,0.0,0.9201999,0.0,0.0,0.2811833,2.563005,0.0,0.427741,1.781829,0.0,0.8995306,0.5756754,1.427091,0.0,0.4303203,0.0,0.0,0.0,0.0,0.0,0.0,0.0,0.0,0.0,0.5116002,0.0,1.447038,1.076793,0.0,0.0,0.0,0.0,0.0,0.5075144,0.7280354,0.0
HNRNPC,0.7528135,1.735315,1.305719,0.0,0.0,0.6220476,1.579713,0.0,1.652699,1.863004,0.0,1.299904,0.0,0.0,1.878259,0.9387027,1.291654,0.0,1.764688,0.0,1.288403,0.0,1.137686,0.0,0.0,1.451389,0.0,0.0,1.300691,2.119384,1.674103,1.462694,1.073802,0.0,1.053775,0.0,0.0,1.380077,1.302238,0.0
EPC1,1.177402,0.0,1.305719,0.0,0.0,0.9201999,0.0,0.0,0.6801071,0.434575,0.0,0.0,0.0,0.0,0.7732325,0.0,0.4238027,0.0,0.4303203,0.0,0.3904427,0.0,0.0,0.0,0.0,0.3426178,0.0,0.0,1.205328,0.0,0.7340501,0.2440942,1.197487,0.0,0.0,0.0,0.0,0.0,0.4288586,0.0
TAPBPL,0.0,0.0,0.0,0.0,0.0,0.0,0.0,1.509859,0.2811833,0.0,0.0,0.2365686,0.0,0.0,0.0,0.0,0.4238027,0.0,0.4303203,0.0,0.2141572,0.0,0.0,0.0,0.0,0.3426178,0.0,0.0,0.5116002,0.0,0.3083426,0.0,0.3259146,0.0,0.0,0.0,0.0,0.0,0.4288586,0.0
NUCB2,0.0,0.0,0.0,0.0,2.132383,0.0,0.0,0.0,0.2811833,0.7365003,2.267787,0.0,0.0,0.0,0.6286456,0.0,0.720529,0.0,0.0,0.0,0.3904427,0.0,0.0,0.0,0.0,0.0,0.0,0.0,0.6941153,0.0,0.0,0.2440942,0.3259146,0.0,0.6597094,0.0,0.0,1.093087,0.4288586,0.0
EIF3J,2.300955,0.0,0.0,0.0,0.0,0.8303439,0.0,0.0,1.185669,0.0,0.0,0.8477858,0.0,0.0,0.7732325,0.5756754,1.291654,1.654434,0.4303203,0.0,0.670528,0.0,1.752494,0.0,0.0,0.8001572,0.0,0.0,0.2881662,0.0,1.603991,1.462694,1.197487,0.0,0.6597094,0.0,2.902878,0.8425641,0.0,0.0
AKAP12,0.0,0.0,0.0,0.0,0.0,0.0,0.0,0.0,0.0,0.0,0.0,0.0,0.0,0.0,0.0,0.0,0.0,0.0,0.0,0.0,0.0,0.0,0.0,0.0,0.0,0.0,0.0,0.0,0.0,0.0,0.0,0.0,0.0,0.0,0.0,0.0,0.0,0.0,0.0,0.0
FXYD3,0.0,4.443508,3.785222,0.0,2.132383,2.904426,3.460363,2.449131,3.193687,3.17224,3.79076,3.807497,3.033165,2.622001,2.246967,3.055727,2.299773,3.421354,1.933729,1.00423,3.722318,0.0,2.13042,2.760947,3.840701,3.428489,3.230468,1.772846,2.399655,0.0,2.713736,3.490228,4.225767,4.45811,4.792326,4.321757,2.263144,1.093087,3.677725,2.756103
MMP2,0.0,0.0,0.0,0.0,0.0,0.0,0.0,0.0,0.0,0.0,0.0,0.0,0.0,0.0,0.0,0.0,0.0,0.0,0.0,0.0,0.0,0.0,0.0,0.0,0.0,0.0,0.0,0.0,0.0,0.0,0.0,0.0,0.0,0.0,0.0,0.0,0.0,0.0,0.4288586,0.0
OCIAD1,0.0,0.0,0.0,0.0,2.132383,0.1953074,0.0,1.509859,0.5004072,0.434575,0.0,1.053706,0.0,1.998993,0.4595615,0.0,0.0,0.0,0.9605947,0.0,0.3904427,2.895581,0.0,0.0,0.0,0.3426178,0.0,0.0,0.5116002,0.0,0.5436807,0.6039846,0.5713152,0.0,1.053775,0.0,0.0,0.0,0.0,0.0
CYB5R3,0.0,0.0,0.0,0.0,0.0,0.1953074,0.0,0.0,0.0,0.434575,0.0,0.5881662,0.0,0.0,0.4595615,0.0,0.720529,0.0,0.4303203,0.0,0.2141572,0.0,1.137686,0.0,0.0,0.3426178,0.0,0.0,0.2881662,0.0,0.5436807,0.2440942,0.0,0.0,0.0,0.0,0.0,0.5075144,0.0,0.0
SCPEP1,0.0,0.0,0.0,2.324013,0.0,0.0,0.0,0.0,0.0,0.0,0.0,0.2365686,0.0,0.0,0.2559513,0.0,0.0,0.0,0.0,0.0,0.0,0.0,0.0,0.0,0.0,0.0,0.0,0.0,0.0,0.0,0.3083426,0.0,0.5713152,0.0,0.6597094,0.0,0.0,0.0,0.0,0.0
ISCU,0.0,0.0,0.0,0.0,0.0,0.4989881,0.0,0.0,0.0,0.434575,0.0,0.0,0.0,0.0,0.4595615,0.9387027,0.9490601,0.0,0.4303203,0.0,0.5402594,0.0,0.4251929,0.0,0.0,0.3426178,0.0,0.0,0.8484042,0.0,0.7340501,1.076793,0.3259146,0.0,0.0,0.0,0.0,0.6890064,0.0,0.0
WDR26,0.0,0.0,0.0,0.0,0.0,0.19530736080636,0.0,0.0,0.281183307794552,0.0,0.0,0.236568564456008,0.0,0.0,0.255951251736804,0.0,0.0,0.0,0.0,0.0,0.214157195780163,0.0,0.0,0.0,0.0,0.342617793464935,0.0,0.0,0.288166224818977,0.0,0.0,0.0,0.325914603309185,0.0,0.659709414932617,0.0,0.0,0.285613819387722,0.0,0.0
SRPRA,0.0,0.0,0.0,0.0,0.0,0.0,0.0,0.0,0.2811833,0.0,0.0,0.7263777,0.0,0.0,0.0,0.0,0.0,0.0,0.0,0.0,0.2141572,0.0,0.4251929,0.0,0.0,0.3426178,0.0,0.0,0.5116002,0.0,0.0,0.0,0.0,0.0,0.0,1.270543,2.263144,0.0,0.4288586,0.0
DPP7,0.0,0.0,0.0,0.0,0.0,0.8303439,0.0,0.0,0.6801071,0.434575,0.0,0.427741,2.387057,0.0,0.4595615,0.0,0.0,0.0,0.7302021,0.0,0.3904427,0.0,0.7225949,0.0,0.0,0.3426178,0.0,0.0,0.0,0.0,0.3083426,0.4401429,0.7682042,0.0,0.0,1.270543,0.0,0.2856138,0.0,0.0
C9orf142,0.7528135,0.0,0.0,0.0,0.0,0.3586314,0.0,0.0,0.0,0.0,0.0,0.2365686,0.0,0.0,0.7732325,0.0,0.4238027,0.0,0.7302021,1.00423,0.3904427,0.0,0.0,0.0,0.0,0.8001572,0.0,0.0,0.5116002,0.0,0.8939098,1.166806,0.0,0.0,0.6597094,0.0,0.0,0.9756506,0.0,0.0
MRPS21,1.17740167379281,0.0,1.30571904818115,0.0,2.132383105178,0.731609391859029,0.0,0.0,0.500407230924453,1.45063895424497,0.0,0.847785776841192,0.0,0.0,0.77323251890491,1.41423171144403,0.720529038055004,2.24709742362055,0.430320344076267,0.0,0.540259444832807,0.0,0.0,0.0,0.0,0.597330170802566,2.20796293555735,0.0,0.982039194706642,2.11938402866758,0.734050073281415,0.440142916680324,0.571315155840473,1.90035706071708,0.659709414932617,0.0,0.0,0.689006387893914,0.958012824558165,0.0
METTL9,0.7528135,0.0,0.0,0.0,0.0,0.6220476,0.0,0.0,0.5004072,0.434575,0.0,0.9560369,0.0,0.0,0.4595615,0.0,0.4238027,0.0,0.9605947,0.0,0.5402594,0.0,0.0,0.0,0.0,0.9687014,0.0,1.772846,0.2881662,0.0,0.8939098,0.6039846,0.3259146,1.900357,0.0,0.0,2.263144,0.2856138,1.144865,0.0
CAP1,0.752813520601271,0.0,0.0,0.0,0.0,1.27765486280056,1.57971339318672,0.0,0.832380998906884,0.968093367459482,0.0,1.14267872072041,0.0,0.0,1.11245875286498,0.938702703072172,1.42709102283036,0.0,0.430320344076267,0.0,0.540259444832807,0.0,1.92114032159029,0.0,0.0,0.342617793464935,0.0,0.0,0.848404150138105,0.0,1.52859068204721,1.46269386795445,1.07380215356771,0.0,0.659709414932617,1.27054347247737,0.0,1.53393035992596,1.30223848847394,0.0
MLEC,1.177402,0.0,0.0,0.0,0.0,0.7316094,1.579713,0.0,0.6801071,0.434575,0.0,0.8477858,0.0,0.0,1.504139,0.9387027,0.4238027,1.654434,0.7302021,0.0,0.9827231,0.0,1.549518,2.129113,0.0,0.8001572,2.207963,0.0,1.467826,2.119384,1.358239,0.9778702,0.0,2.515805,1.335709,1.812473,0.0,0.5075144,1.557835,2.124558
C19orf53,1.47451,2.336158,0.0,2.324013,0.0,0.9201999,0.0,1.509859,1.652699,1.450639,0.0,1.053706,0.0,1.998993,1.504139,1.977776,0.720529,1.654434,1.14772,0.0,1.572998,0.0,1.29457,0.0,0.0,1.542801,0.0,0.0,1.300691,0.0,1.358239,1.166806,0.5713152,0.0,0.0,0.0,0.0,1.602804,1.557835,0.0
SNHG8,1.47451,0.0,0.0,0.0,0.0,0.8303439,0.0,1.509859,0.9645025,0.7365003,0.0,0.2365686,0.0,0.0,0.8995306,1.587531,1.134957,0.0,0.9605947,0.0,0.3904427,2.256228,0.0,0.0,0.0,1.112894,0.0,1.772846,1.387746,2.119384,0.5436807,0.2440942,1.496868,1.900357,0.0,1.270543,0.0,0.2856138,0.4288586,0.0
NSRP1,1.889313,0.0,1.305719,0.0,0.0,0.4989881,0.0,0.0,0.5004072,0.0,0.0,0.427741,0.0,0.0,0.6286456,0.0,0.0,1.654434,0.7302021,1.00423,0.3904427,0.0,0.0,0.0,0.0,0.3426178,0.0,1.772846,0.0,0.0,0.3083426,0.4401429,0.9326318,0.0,0.0,0.0,0.0,0.6890064,0.9580128,0.0
PPHLN1,0.0,0.0,0.0,0.0,0.0,0.4989881,0.0,0.0,0.6801071,1.570727,0.0,0.427741,0.0,0.0,0.8995306,0.0,0.0,0.0,1.14772,0.0,0.670528,0.0,0.4251929,0.0,2.784148,0.3426178,0.0,0.0,0.6941153,0.0,0.3083426,0.7447231,0.5713152,0.0,0.0,0.0,0.0,0.2856138,0.9580128,0.0
CTTN,0.0,0.0,0.0,0.0,2.132383,1.391178,0.0,0.0,0.2811833,1.944105,0.0,0.5881662,2.387057,0.0,0.6286456,0.0,0.0,0.0,0.9605947,1.00423,0.5402594,2.256228,0.4251929,0.0,0.0,0.3426178,0.0,0.0,0.0,0.0,0.5436807,0.868076,0.0,0.0,0.0,1.270543,0.0,1.093087,0.9580128,0.0
TAX1BP3,0.7528135,0.0,1.305719,0.0,0.0,0.6220476,0.0,0.0,0.2811833,0.9680934,0.0,0.427741,0.0,0.0,0.4595615,0.5756754,0.0,0.0,0.0,0.0,0.0,0.0,1.656147,0.0,0.0,0.5973302,0.0,0.0,0.0,0.0,0.3083426,0.2440942,0.0,0.0,0.0,0.0,0.0,0.8425641,0.4288586,0.0
EIF3M,0.0,0.0,1.305719,0.0,0.0,1.92037,1.579713,2.449131,2.056509,1.450639,0.0,1.555303,2.76141,1.998993,2.042371,1.414232,1.836988,2.247097,2.078285,1.495061,1.667464,0.0,1.840368,0.0,2.15095,2.301571,2.84458,0.0,2.161196,2.119384,1.739619,2.229362,1.855385,0.0,0.6597094,2.161985,2.263144,1.727772,1.557835,0.0
WDR74,0.0,0.0,0.0,0.0,0.0,0.4989881,0.0,0.0,0.5004072,0.0,0.0,0.9560369,0.0,1.998993,1.287912,0.0,0.0,0.0,0.4303203,0.0,0.3904427,0.0,0.4251929,0.0,0.0,0.3426178,0.0,0.0,0.2881662,0.0,0.3083426,0.7447231,0.3259146,0.0,0.6597094,0.0,0.0,0.2856138,0.0,2.124558
JUN,2.30095546716629,0.0,0.0,0.0,0.0,1.39117845452519,0.0,0.0,0.964502459939233,1.31413561763047,0.0,2.1048837814439,0.0,0.0,1.5669409459402,2.17285362326142,0.720529038055004,0.0,2.46427877348502,1.8228403481643,1.62134581075154,0.0,0.0,0.0,0.0,1.11289360896559,0.0,0.0,1.67554907248717,0.0,1.44703794861487,0.977870164120139,2.39950521840797,0.0,1.05377543587947,0.0,0.0,1.19817088170983,1.30223848847394,0.0
PRDM2,0.0,0.0,0.0,0.0,0.0,0.0,0.0,0.0,0.0,0.0,0.0,0.236568564456008,0.0,0.0,0.0,0.0,0.0,0.0,0.0,0.0,0.214157195780163,0.0,0.0,0.0,0.0,0.0,0.0,0.0,0.0,0.0,0.0,0.0,0.325914603309185,0.0,0.0,0.0,0.0,0.285613819387722,0.0,0.0
NCL,1.177402,2.336158,2.841535,2.324013,0.0,0.6220476,2.79815,3.245816,1.823766,0.434575,2.907776,1.662089,0.0,1.998993,1.437127,1.204471,2.126879,0.0,1.668084,0.0,0.9827231,0.0,1.840368,0.0,2.15095,1.775556,2.207963,0.0,1.947569,3.134538,1.603991,2.068332,1.197487,0.0,1.735392,0.0,0.0,1.459959,1.76122,0.0
CKLF,0.0,0.0,0.0,0.0,0.0,0.1953074,1.579713,0.0,0.6801071,1.156009,0.0,1.053706,0.0,0.0,0.6286456,0.0,0.0,0.0,0.7302021,0.0,0.2141572,0.0,0.4251929,0.0,0.0,0.5973302,0.0,0.0,0.6941153,0.0,0.8939098,0.4401429,0.3259146,0.0,0.6597094,1.812473,0.0,0.8425641,1.438181,0.0
H1FX,0.7528135,0.0,0.0,0.0,0.0,0.3586314,0.0,0.0,0.2811833,1.450639,0.0,0.2365686,0.0,0.0,0.2559513,0.9387027,0.4238027,0.0,0.0,0.0,0.3904427,0.0,0.0,0.0,0.0,0.3426178,0.0,0.0,0.6941153,0.0,0.3083426,0.0,0.3259146,0.0,0.0,0.0,0.0,0.2856138,0.7280354,0.0
MZT2A,0.7528135,2.336158,0.0,2.324013,0.0,1.002643,1.579713,2.449131,1.280259,1.156009,0.0,1.053706,0.0,0.0,1.112459,0.9387027,1.134957,0.0,0.4303203,0.0,0.3904427,0.0,1.137686,2.129113,2.15095,1.542801,2.84458,0.0,1.099903,2.119384,1.26078,1.24938,0.7682042,1.900357,1.053775,1.270543,2.263144,0.2856138,0.4288586,0.0
FKBP8,1.177402,0.0,0.0,0.0,0.0,1.149573,0.0,0.0,0.832381,0.434575,0.0,0.7263777,0.0,0.0,1.204028,0.9387027,1.134957,0.0,0.4303203,0.0,1.068338,0.0,1.29457,0.0,2.15095,1.238891,0.0,0.0,0.9820392,0.0,0.5436807,0.868076,0.9326318,0.0,0.0,1.812473,0.0,0.2856138,1.144865,0.0
UBE2N,0.0,0.0,0.0,0.0,0.0,1.002643,0.0,2.714984,0.5004072,0.7365003,0.0,1.435735,0.0,0.0,1.287912,1.587531,1.134957,1.654434,0.7302021,0.0,0.9827231,0.0,1.840368,0.0,2.15095,1.238891,0.0,0.0,1.099903,2.119384,0.5436807,1.396519,0.5713152,0.0,0.6597094,0.0,0.0,0.5075144,0.7280354,0.0
EIF1AX,1.47451,0.0,2.46482,2.324013,0.0,1.443447,0.0,2.714984,1.969799,0.9680934,0.0,2.197983,0.0,1.998993,2.390363,0.0,2.351345,0.0,1.56114,0.0,1.522192,0.0,2.191462,0.0,0.0,1.964235,0.0,0.0,1.793372,2.119384,1.801106,2.229362,1.073802,1.900357,0.6597094,1.270543,0.0,1.093087,2.258431,0.0
PRDX4,0.7528135,1.735315,1.305719,0.0,2.764424,1.149573,0.0,0.0,1.36667,0.434575,0.0,1.435735,0.0,0.0,1.204028,0.0,1.917711,0.0,1.305288,1.495061,0.9827231,0.0,1.840368,0.0,0.0,1.350774,0.0,0.0,0.6941153,0.0,0.8939098,1.462694,0.3259146,2.515805,1.335709,1.812473,0.0,0.9756506,1.557835,0.0
AUP1,0.0,0.0,0.0,0.0,0.0,0.6220476,0.0,0.0,0.2811833,0.7365003,0.0,0.427741,0.0,0.0,1.112459,0.5756754,0.720529,0.0,0.0,0.0,0.5402594,0.0,0.7225949,0.0,0.0,0.3426178,0.0,0.0,0.6941153,0.0,0.7340501,0.4401429,0.9326318,0.0,0.0,0.0,0.0,0.5075144,0.0,0.0
WIPF2,0.7528135,0.0,0.0,0.0,0.0,0.3586314,0.0,0.0,0.0,0.0,0.0,0.0,0.0,0.0,0.2559513,0.0,0.0,0.0,0.7302021,0.0,0.2141572,2.256228,0.0,0.0,0.0,0.0,0.0,0.0,0.5116002,0.0,0.5436807,0.2440942,0.7682042,0.0,0.0,0.0,0.0,0.5075144,0.4288586,0.0
GTF3A,0.7528135,1.735315,0.0,2.324013,0.0,1.078804,0.0,0.0,0.832381,0.9680934,0.0,0.427741,0.0,0.0,1.112459,0.0,1.291654,1.654434,0.7302021,0.0,0.670528,0.0,0.9515253,0.0,0.0,1.238891,0.0,0.0,0.6941153,0.0,1.447038,0.868076,0.3259146,0.0,0.0,0.0,0.0,0.8425641,1.557835,2.124558
ABL2,0.0,0.0,0.0,0.0,0.0,0.498988084905914,0.0,0.0,0.0,0.0,0.0,0.0,0.0,0.0,0.0,0.0,0.423802731942376,0.0,0.730202140329799,0.0,0.214157195780163,0.0,0.0,0.0,0.0,0.0,0.0,0.0,0.0,0.0,0.543680687584582,0.0,0.768204184291367,0.0,0.0,0.0,0.0,0.285613819387722,0.428858606762342,0.0
NDRG2,0.0,0.0,0.0,0.0,0.0,0.4989881,0.0,0.0,0.2811833,0.0,0.0,0.2365686,0.0,0.0,0.2559513,0.0,0.0,0.0,0.4303203,0.0,0.0,0.0,0.0,0.0,0.0,0.0,0.0,0.0,0.5116002,0.0,0.0,0.2440942,0.0,0.0,0.0,0.0,0.0,0.0,0.0,0.0
GMFG,0.0,0.0,0.0,0.0,0.0,0.0,0.0,0.0,0.0,0.434575,0.0,0.0,0.0,0.0,0.0,0.5756754,0.0,0.0,0.0,0.0,0.0,0.0,0.0,0.0,0.0,0.0,0.0,0.0,0.0,0.0,0.0,0.0,0.0,0.0,0.0,0.0,0.0,0.2856138,0.0,0.0
UROD,0.0,0.0,0.0,0.0,0.0,0.19530736080636,0.0,0.0,0.281183307794552,0.0,0.0,0.236568564456008,0.0,0.0,0.255951251736804,0.0,0.0,0.0,0.0,1.00423000666566,0.214157195780163,0.0,0.0,0.0,0.0,0.0,0.0,0.0,0.0,0.0,0.0,0.244094202567046,0.0,0.0,0.0,0.0,0.0,0.285613819387722,0.0,0.0
IL16,0.0,0.0,0.0,0.0,0.0,0.0,0.0,0.0,0.0,0.0,0.0,0.0,0.0,0.0,0.0,0.0,0.0,0.0,0.0,0.0,0.0,0.0,0.0,0.0,0.0,0.0,0.0,0.0,0.0,0.0,0.0,0.0,0.0,0.0,0.0,0.0,0.0,0.0,0.0,0.0
SNF8,0.0,0.0,0.0,0.0,0.0,0.9201999,0.0,0.0,1.081188,0.7365003,0.0,0.2365686,0.0,0.0,0.8995306,0.9387027,0.720529,0.0,0.7302021,0.0,0.785766,0.0,1.137686,0.0,0.0,1.112894,0.0,0.0,0.2881662,2.119384,0.7340501,0.868076,0.3259146,1.900357,0.0,0.0,0.0,0.5075144,0.9580128,0.0
VGLL4,0.0,0.0,0.0,0.0,0.0,0.0,0.0,0.0,0.2811833,0.434575,0.0,0.5881662,0.0,0.0,0.0,0.0,0.0,0.0,0.0,0.0,0.3904427,0.0,0.4251929,0.0,0.0,0.0,0.0,0.0,0.2881662,0.0,0.3083426,0.0,0.0,0.0,0.0,0.0,0.0,0.2856138,0.0,0.0
ATP5H,0.7528135,0.0,0.0,0.0,0.0,0.6220476,0.0,0.0,1.081188,1.314136,0.0,1.224378,0.0,0.0,1.626031,0.9387027,1.427091,1.654434,1.14772,0.0,1.068338,0.0,1.137686,0.0,0.0,0.5973302,0.0,0.0,1.205328,2.119384,1.26078,0.9778702,0.5713152,0.0,1.053775,0.0,2.263144,1.459959,1.144865,0.0
LAMTOR4,1.47451,0.0,1.853275,0.0,0.0,0.9201999,0.0,0.0,0.5004072,1.156009,0.0,0.8477858,0.0,2.622001,1.3653,0.0,1.427091,1.654434,1.14772,0.0,0.5402594,0.0,0.0,0.0,0.0,1.112894,2.207963,0.0,0.8484042,0.0,1.031702,1.24938,1.073802,0.0,1.053775,0.0,0.0,0.5075144,0.9580128,2.124558
FAAP20,0.0,1.73531514495429,0.0,0.0,0.0,0.498988084905914,0.0,0.0,0.281183307794552,0.0,0.0,0.0,0.0,0.0,0.459561497928911,0.0,0.423802731942376,2.24709742362055,0.730202140329799,0.0,0.214157195780163,0.0,0.0,0.0,0.0,0.342617793464935,0.0,0.0,0.0,2.11938402866758,0.543680687584582,0.440142916680324,0.325914603309185,0.0,0.659709414932617,0.0,0.0,0.689006387893914,0.0,0.0
SEC62,0.7528135,0.0,2.670813,0.0,2.132383,0.9201999,0.0,1.509859,1.081188,1.863004,0.0,0.7263777,0.0,0.0,1.204028,0.5756754,1.652896,1.654434,1.441374,0.0,1.288403,0.0,0.4251929,0.0,2.15095,1.112894,0.0,0.0,0.6941153,0.0,0.5436807,1.166806,1.073802,0.0,1.735392,1.812473,0.0,1.198171,1.144865,0.0
HNRNPA1,1.889313,2.336158,2.987317,3.634063,0.0,2.791999,1.579713,1.509859,3.05075,1.774742,2.907776,2.13689,0.0,3.002949,2.94889,1.863819,2.854201,3.097864,2.840977,1.00423,2.665405,0.0,1.29457,0.0,2.784148,2.52105,0.0,2.377245,2.664388,2.7506,2.558662,2.86721,2.560649,3.167714,1.887885,1.812473,0.0,1.293254,2.258431,0.0
RP11-138A9.1,0.0,0.0,0.0,0.0,0.0,0.6220476,0.0,0.0,0.0,0.0,0.0,0.7263777,0.0,0.0,0.0,0.0,0.0,0.0,0.0,0.0,0.2141572,0.0,0.0,0.0,0.0,0.0,0.0,0.0,0.2881662,0.0,0.0,0.4401429,0.0,0.0,0.6597094,0.0,0.0,0.2856138,0.0,0.0
BID,0.0,0.0,0.0,0.0,0.0,0.4989881,0.0,0.0,0.2811833,0.434575,0.0,0.427741,0.0,0.0,0.6286456,0.0,0.4238027,0.0,0.0,0.0,0.2141572,0.0,0.4251929,2.129113,0.0,0.3426178,0.0,0.0,0.0,0.0,0.5436807,0.4401429,0.9326318,0.0,0.6597094,0.0,0.0,0.5075144,0.7280354,0.0
UBA3,0.0,0.0,0.0,0.0,0.0,0.1953074,0.0,0.0,0.0,0.0,0.0,0.427741,0.0,0.0,0.2559513,0.0,0.0,0.0,0.0,0.0,0.0,0.0,0.0,0.0,0.0,0.3426178,0.0,0.0,0.0,0.0,0.3083426,0.0,0.3259146,0.0,0.0,0.0,0.0,0.5075144,0.0,0.0
ANAPC16,0.7528135,0.0,0.0,0.0,0.0,1.277655,0.0,1.509859,0.9645025,0.9680934,0.0,0.5881662,0.0,0.0,1.112459,0.0,1.291654,0.0,0.9605947,0.0,0.670528,0.0,0.4251929,0.0,0.0,0.8001572,0.0,0.0,1.205328,0.0,0.5436807,0.868076,0.9326318,0.0,1.335709,0.0,0.0,0.9756506,1.302238,2.124558
TMX4,0.0,0.0,0.0,0.0,0.0,0.0,0.0,0.0,0.0,0.0,0.0,0.2365686,0.0,0.0,0.2559513,0.0,0.0,0.0,0.0,0.0,0.3904427,0.0,0.0,0.0,0.0,0.0,0.0,0.0,0.2881662,0.0,0.3083426,0.2440942,0.0,0.0,0.0,0.0,0.0,0.0,0.0,0.0
MRPL28,0.0,0.0,0.0,0.0,0.0,0.3586314,0.0,0.0,0.5004072,0.0,0.0,0.2365686,0.0,0.0,0.0,0.0,0.720529,0.0,0.7302021,0.0,0.0,0.0,1.137686,0.0,0.0,0.3426178,2.207963,0.0,0.8484042,0.0,0.3083426,0.4401429,0.0,0.0,0.0,0.0,0.0,0.2856138,0.0,0.0
TNPO1,0.0,0.0,1.853275,0.0,0.0,0.3586314,0.0,0.0,0.6801071,0.434575,0.0,1.053706,0.0,0.0,0.6286456,0.0,0.0,0.0,0.7302021,1.00423,0.5402594,0.0,0.4251929,0.0,0.0,0.0,0.0,0.0,0.0,0.0,0.0,0.2440942,0.3259146,0.0,0.0,0.0,0.0,0.0,0.4288586,0.0
FKBP3,0.0,0.0,0.0,0.0,0.0,0.0,0.0,0.0,0.2811833,0.0,0.0,0.2365686,0.0,1.998993,0.0,0.5756754,0.4238027,1.654434,0.4303203,0.0,0.2141572,0.0,0.7225949,0.0,0.0,0.5973302,0.0,0.0,0.2881662,0.0,0.3083426,0.2440942,0.0,1.900357,0.0,0.0,0.0,0.5075144,0.7280354,0.0
HNRNPDL,1.47451,0.0,0.0,0.0,0.0,1.078804,0.0,2.449131,0.5004072,1.863004,0.0,0.7263777,0.0,0.0,1.204028,0.5756754,1.134957,0.0,1.305288,1.495061,0.3904427,2.256228,0.0,2.129113,0.0,1.626551,0.0,0.0,1.099903,0.0,0.8939098,1.076793,0.9326318,0.0,1.053775,1.812473,0.0,0.9756506,1.438181,0.0
RBPMS,0.7528135,0.0,0.0,0.0,0.0,0.0,0.0,1.509859,0.0,0.0,0.0,0.2365686,0.0,0.0,0.0,0.0,0.0,0.0,0.0,0.0,0.2141572,0.0,0.7225949,0.0,0.0,0.0,0.0,0.0,0.2881662,0.0,0.0,0.2440942,0.0,0.0,0.0,0.0,0.0,0.2856138,0.4288586,0.0
IST1,0.7528135,0.0,0.0,0.0,0.0,0.7316094,0.0,0.0,0.2811833,0.434575,0.0,0.9560369,0.0,0.0,0.0,0.5756754,0.720529,0.0,0.4303203,1.00423,0.670528,0.0,0.0,0.0,0.0,0.3426178,0.0,0.0,0.0,0.0,0.0,0.2440942,0.3259146,0.0,0.6597094,0.0,0.0,0.5075144,0.4288586,0.0
EDF1,2.046116,1.735315,1.305719,0.0,2.132383,0.4989881,2.164142,0.0,0.832381,1.314136,0.0,1.497305,0.0,0.0,1.504139,1.735187,1.652896,1.654434,1.56114,1.00423,1.412115,0.0,1.752494,2.129113,2.15095,1.703826,2.207963,0.0,1.467826,2.119384,1.152786,1.462694,1.307543,0.0,1.887885,1.270543,2.263144,1.459959,2.004994,2.124558
VKORC1,0.7528135,0.0,0.0,0.0,2.132383,0.4989881,0.0,0.0,0.2811833,1.156009,0.0,0.5881662,0.0,0.0,0.4595615,0.0,0.0,0.0,0.9605947,0.0,0.3904427,0.0,0.4251929,0.0,0.0,0.5973302,2.207963,0.0,0.2881662,0.0,0.5436807,0.6039846,0.0,0.0,0.0,1.270543,0.0,0.0,0.9580128,0.0
ASAP1,0.0,0.0,0.0,0.0,0.0,0.3586314,0.0,0.0,0.5004072,0.434575,0.0,0.0,0.0,0.0,0.0,0.0,0.0,0.0,0.4303203,1.00423,0.0,0.0,0.0,0.0,0.0,0.0,0.0,0.0,0.2881662,0.0,0.5436807,0.0,0.0,0.0,0.0,0.0,0.0,0.0,0.4288586,0.0
SSR2,0.0,0.0,1.30571904818115,0.0,0.0,0.920199913083911,0.0,0.0,0.964502459939233,0.0,0.0,0.956036883657622,1.78182890102545,0.0,0.77323251890491,1.20447081230436,0.949060125061916,0.0,1.14771993103919,0.0,0.982723071529652,0.0,0.425192925235114,0.0,0.0,1.62655118416406,0.0,0.0,1.0999028411146,0.0,1.35823905100875,0.977870164120139,0.571315155840473,0.0,0.659709414932617,0.0,2.90287816213688,0.285613819387722,1.14486451649646,0.0
C4orf48,1.47451,2.336158,0.0,2.324013,2.132383,1.670287,1.579713,0.0,1.36667,1.450639,0.0,1.435735,0.0,3.002949,1.112459,1.587531,1.749172,1.654434,1.852776,1.495061,1.147198,0.0,1.92114,2.129113,2.15095,1.842483,2.207963,1.772846,0.9820392,0.0,1.358239,1.076793,1.726966,0.0,1.053775,2.941251,0.0,1.198171,0.9580128,0.0
MYC,1.47451,0.0,0.0,0.0,0.0,1.078804,0.0,0.0,1.519876,0.7365003,0.0,1.299904,0.0,0.0,0.4595615,0.0,0.720529,1.654434,1.305288,0.0,0.8890857,0.0,0.0,0.0,0.0,1.112894,0.0,0.0,0.6941153,0.0,1.801106,1.076793,0.7682042,0.0,0.0,0.0,0.0,0.6890064,1.302238,0.0
PAIP2,0.0,0.0,0.0,2.324013,0.0,0.3586314,1.579713,0.0,0.6801071,0.7365003,0.0,0.8477858,0.0,1.998993,1.112459,0.0,0.9490601,0.0,0.7302021,0.0,0.670528,0.0,0.7225949,0.0,0.0,0.3426178,0.0,0.0,0.5116002,0.0,1.031702,0.4401429,0.0,0.0,0.0,0.0,0.0,0.6890064,0.4288586,0.0
ACTN4,1.47451,0.0,1.305719,0.0,0.0,1.785196,1.579713,1.509859,1.185669,1.450639,0.0,1.965513,0.0,0.0,1.681823,1.414232,1.749172,2.247097,1.764688,1.82284,1.288403,0.0,1.995873,3.14511,0.0,1.542801,2.84458,0.0,0.9820392,0.0,2.23075,1.24938,1.579591,0.0,1.335709,1.270543,0.0,2.072184,1.849248,2.124558
C18orf32,0.0,0.0,0.0,0.0,0.0,0.1953074,0.0,0.0,0.6801071,0.0,0.0,0.2365686,0.0,0.0,0.6286456,0.9387027,0.0,0.0,0.4303203,0.0,0.2141572,0.0,0.0,0.0,0.0,0.3426178,0.0,0.0,0.2881662,0.0,0.0,0.0,0.3259146,0.0,0.0,0.0,0.0,0.5075144,0.0,0.0
HLA-DRB1,0.0,0.0,0.0,0.0,0.0,0.0,0.0,0.0,0.0,0.0,0.0,0.0,0.0,0.0,0.0,0.0,0.0,0.0,0.0,0.0,0.0,0.0,0.0,0.0,0.0,0.0,0.0,0.0,0.0,0.0,0.0,0.0,0.0,0.0,0.0,0.0,0.0,0.0,0.0,0.0
PEX16,1.703267,0.0,0.0,2.324013,0.0,0.1953074,0.0,1.509859,0.0,0.434575,0.0,0.5881662,0.0,0.0,0.2559513,1.414232,0.4238027,1.654434,0.0,0.0,0.8890857,0.0,0.0,0.0,0.0,0.3426178,0.0,0.0,0.0,0.0,0.7340501,0.0,0.5713152,0.0,0.0,1.270543,0.0,0.2856138,0.4288586,0.0
EPRS,0.0,0.0,0.0,0.0,0.0,0.498988084905914,0.0,0.0,0.500407230924453,0.434574976876293,0.0,0.726377712518601,0.0,0.0,0.459561497928911,0.0,0.423802731942376,0.0,0.430320344076267,0.0,0.214157195780163,0.0,1.13768625351892,0.0,0.0,0.0,0.0,0.0,0.288166224818977,0.0,0.543680687584582,0.440142916680324,0.571315155840473,0.0,0.0,0.0,0.0,0.285613819387722,0.728035357566666,0.0
MEG3,0.0,0.0,0.0,0.0,0.0,0.0,0.0,0.0,0.0,0.0,0.0,0.0,0.0,0.0,0.0,0.0,0.0,0.0,0.0,0.0,0.0,0.0,0.0,0.0,0.0,0.0,0.0,0.0,0.0,0.0,0.0,0.0,0.0,0.0,0.0,0.0,0.0,0.0,0.0,0.0
MRPS25,0.0,0.0,1.305719,0.0,0.0,0.6220476,1.579713,0.0,0.832381,0.434575,0.0,0.427741,0.0,0.0,0.7732325,0.0,0.9490601,0.0,0.4303203,0.0,0.5402594,0.0,0.4251929,0.0,0.0,0.9687014,0.0,0.0,0.6941153,0.0,0.5436807,1.166806,1.197487,0.0,0.0,1.812473,0.0,0.0,1.144865,0.0
CREG1,0.0,0.0,0.0,0.0,0.0,0.19530736080636,0.0,0.0,0.281183307794552,0.434574976876293,0.0,0.236568564456008,0.0,0.0,0.0,0.0,0.0,0.0,0.0,0.0,0.214157195780163,0.0,0.0,0.0,0.0,0.342617793464935,0.0,0.0,0.0,0.0,0.308342635064697,0.0,0.0,0.0,0.659709414932617,0.0,0.0,0.0,0.0,0.0
DNAJB11,0.0,0.0,0.0,2.324013,0.0,0.8303439,0.0,0.0,0.2811833,1.156009,0.0,0.5881662,0.0,0.0,0.4595615,0.9387027,0.720529,2.247097,0.9605947,1.00423,0.3904427,0.0,0.4251929,0.0,0.0,0.3426178,0.0,0.0,0.2881662,0.0,0.7340501,0.868076,0.3259146,0.0,0.6597094,0.0,0.0,0.6890064,0.0,0.0
ATL3,0.0,0.0,0.0,0.0,0.0,0.0,0.0,0.0,0.0,0.434575,0.0,0.427741,0.0,0.0,0.0,0.0,0.0,0.0,0.0,0.0,0.3904427,2.256228,0.0,0.0,0.0,0.3426178,0.0,0.0,0.8484042,0.0,0.3083426,0.0,0.0,0.0,0.0,0.0,0.0,0.2856138,0.0,0.0
KLF9,0.0,0.0,0.0,0.0,0.0,0.0,0.0,0.0,0.0,0.0,0.0,0.0,0.0,0.0,0.0,0.0,0.0,0.0,0.0,0.0,0.0,0.0,0.0,0.0,0.0,0.0,0.0,0.0,0.0,0.0,0.0,0.0,0.0,0.0,1.053775,0.0,0.0,0.0,0.0,0.0
TMED4,0.0,0.0,0.0,0.0,0.0,0.6220476,0.0,0.0,0.2811833,1.156009,0.0,0.5881662,0.0,0.0,0.4595615,0.0,0.720529,0.0,0.7302021,0.0,0.5402594,0.0,0.7225949,0.0,0.0,0.0,0.0,0.0,0.2881662,0.0,0.8939098,0.0,0.0,0.0,0.6597094,0.0,0.0,0.5075144,0.4288586,0.0
MDM4,0.0,0.0,0.0,0.0,0.0,0.0,0.0,0.0,0.0,0.736500260492154,0.0,0.0,0.0,0.0,0.628645606109281,0.0,0.949060125061916,0.0,0.430320344076267,0.0,0.540259444832807,0.0,0.0,0.0,0.0,0.342617793464935,0.0,0.0,0.288166224818977,0.0,0.0,0.0,0.0,0.0,0.659709414932617,0.0,0.0,0.0,0.0,0.0
TMEM205,1.47451,0.0,0.0,0.0,0.0,0.6220476,0.0,0.0,0.5004072,0.434575,0.0,0.0,0.0,0.0,0.2559513,0.5756754,1.291654,0.0,0.9605947,0.0,0.0,0.0,1.29457,0.0,0.0,0.3426178,0.0,0.0,0.2881662,2.119384,0.7340501,0.4401429,0.0,1.900357,0.6597094,0.0,0.0,0.2856138,0.7280354,0.0
ERGIC1,0.0,0.0,0.0,0.0,0.0,0.3586314,0.0,0.0,0.2811833,0.0,0.0,0.2365686,0.0,0.0,0.2559513,0.0,0.0,0.0,0.0,0.0,0.5402594,0.0,0.0,0.0,0.0,0.0,0.0,0.0,0.0,0.0,0.3083426,0.0,0.3259146,0.0,0.0,0.0,0.0,0.2856138,0.0,0.0
EIF5A,1.703267,0.0,0.0,2.324013,0.0,1.585621,2.530572,0.0,1.519876,1.677928,0.0,1.71149,0.0,0.0,2.215644,0.9387027,1.652896,2.616692,0.9605947,1.00423,1.352171,2.256228,2.887943,2.129113,2.15095,1.703826,2.207963,0.0,1.541966,0.0,1.801106,1.957587,1.406679,0.0,0.6597094,3.06816,0.0,1.093087,1.302238,2.756103
NDUFB11,0.7528135,1.735315,1.305719,0.0,0.0,1.62885,1.579713,2.085944,1.652699,1.677928,0.0,1.299904,0.0,1.998993,2.003798,1.863819,1.427091,1.654434,1.933729,0.0,1.220291,0.0,2.13042,2.760947,0.0,1.542801,0.0,1.772846,1.793372,2.7506,1.447038,1.325654,1.579591,0.0,2.020171,1.812473,0.0,0.9756506,1.76122,2.756103
FAM3C,0.0,0.0,1.305719,0.0,0.0,0.3586314,0.0,0.0,0.5004072,0.434575,0.0,0.8477858,0.0,0.0,0.0,0.0,0.0,0.0,0.0,0.0,0.0,0.0,0.4251929,2.129113,0.0,0.0,0.0,0.0,0.0,0.0,0.5436807,0.0,0.3259146,0.0,0.0,0.0,0.0,0.9756506,0.0,0.0
CCDC167,0.0,0.0,0.0,0.0,0.0,0.0,0.0,0.0,0.2811833,0.434575,0.0,0.2365686,0.0,0.0,0.2559513,0.0,0.0,0.0,0.0,0.0,0.0,0.0,0.0,0.0,0.0,0.3426178,0.0,0.0,0.5116002,0.0,0.0,0.0,0.3259146,0.0,0.0,0.0,2.263144,0.2856138,0.0,0.0
SEPT11,0.7528135,0.0,0.0,0.0,0.0,0.0,0.0,0.0,0.832381,0.0,0.0,0.7263777,0.0,0.0,0.4595615,0.0,0.0,0.0,0.0,0.0,0.2141572,0.0,0.9515253,0.0,0.0,0.0,0.0,0.0,0.5116002,0.0,0.3083426,1.076793,0.3259146,0.0,0.6597094,0.0,0.0,0.6890064,0.7280354,0.0
MRPL51,1.177402,1.735315,0.0,0.0,0.0,0.9201999,1.579713,1.509859,0.5004072,1.450639,0.0,0.7263777,0.0,0.0,1.504139,0.9387027,1.546354,1.654434,1.305288,0.0,1.352171,0.0,0.7225949,0.0,0.0,1.350774,0.0,0.0,0.2881662,0.0,1.358239,1.740448,0.3259146,0.0,1.053775,0.0,0.0,0.8425641,0.7280354,3.140161
TUG1,0.7528135,0.0,0.0,0.0,0.0,0.3586314,0.0,0.0,0.5004072,0.0,0.0,0.2365686,0.0,0.0,0.6286456,0.9387027,0.4238027,0.0,0.0,1.00423,0.3904427,2.256228,0.0,0.0,0.0,0.0,0.0,0.0,0.0,0.0,0.3083426,0.2440942,0.0,0.0,0.0,0.0,0.0,0.2856138,0.0,0.0
CNBP,0.0,0.0,1.853275,0.0,0.0,0.3586314,0.0,1.509859,1.36667,1.450639,0.0,1.555303,1.781829,0.0,1.204028,1.204471,0.9490601,0.0,1.305288,0.0,0.785766,0.0,1.137686,0.0,0.0,0.9687014,0.0,0.0,1.610986,0.0,1.152786,1.166806,1.073802,0.0,0.6597094,1.270543,0.0,0.9756506,0.7280354,0.0
SARAF,0.7528135,0.0,0.0,0.0,0.0,0.1953074,1.579713,1.509859,0.6801071,0.434575,0.0,0.427741,0.0,0.0,0.2559513,0.0,0.720529,0.0,0.7302021,0.0,0.2141572,0.0,0.7225949,0.0,2.784148,0.3426178,0.0,0.0,0.6941153,0.0,0.0,0.2440942,0.7682042,0.0,0.0,1.270543,0.0,1.293254,0.9580128,0.0
FGL2,0.0,0.0,0.0,0.0,0.0,0.0,0.0,0.0,0.0,0.0,0.0,0.0,0.0,0.0,0.0,0.0,0.0,0.0,0.0,0.0,0.0,0.0,0.0,0.0,0.0,0.0,0.0,0.0,0.0,0.0,0.0,0.0,0.0,0.0,0.0,0.0,0.0,0.0,0.0,0.0
NUDT5,0.7528135,0.0,1.853275,0.0,0.0,0.4989881,0.0,1.509859,0.2811833,0.434575,0.0,1.224378,0.0,0.0,1.566941,0.5756754,0.9490601,0.0,0.9605947,0.0,0.2141572,0.0,0.9515253,0.0,2.15095,0.9687014,0.0,0.0,0.6941153,2.119384,1.358239,0.7447231,0.7682042,0.0,0.6597094,0.0,0.0,0.6890064,0.7280354,0.0
ATP6V0D1,0.0,0.0,1.853275,0.0,0.0,0.4989881,0.0,0.0,0.832381,1.774742,0.0,1.142679,0.0,0.0,0.0,0.0,0.4238027,0.0,0.0,0.0,0.670528,0.0,1.549518,0.0,0.0,0.3426178,0.0,0.0,0.8484042,0.0,0.5436807,0.7447231,0.3259146,0.0,0.6597094,1.270543,0.0,0.5075144,0.0,0.0
GULP1,0.7528135,0.0,0.0,0.0,0.0,0.0,0.0,0.0,0.0,0.0,0.0,0.0,0.0,0.0,0.0,0.0,0.0,0.0,0.0,0.0,0.0,2.256228,0.0,0.0,0.0,0.0,0.0,0.0,0.0,0.0,0.0,0.0,0.0,0.0,0.0,0.0,0.0,0.0,0.0,0.0
NDUFV2,1.177402,0.0,0.0,0.0,0.0,0.9201999,0.0,0.0,1.280259,0.9680934,0.0,1.142679,1.781829,1.998993,1.011651,1.204471,1.134957,0.0,0.9605947,0.0,0.8890857,0.0,1.995873,2.129113,0.0,0.8001572,0.0,0.0,1.467826,0.0,0.8939098,0.7447231,0.9326318,0.0,0.0,0.0,0.0,0.9756506,0.7280354,2.124558
GRN,1.703267,0.0,0.0,0.0,2.132383,0.4989881,1.579713,0.0,0.2811833,1.450639,0.0,1.053706,1.781829,0.0,0.0,1.204471,0.9490601,0.0,0.9605947,1.00423,0.670528,2.256228,0.4251929,3.14511,0.0,0.5973302,0.0,0.0,0.8484042,0.0,0.8939098,0.4401429,0.0,1.900357,0.6597094,0.0,0.0,1.293254,0.7280354,0.0
SNRPD3,0.0,0.0,1.305719,0.0,0.0,0.3586314,0.0,0.0,0.2811833,0.7365003,0.0,0.5881662,0.0,0.0,0.6286456,0.5756754,0.4238027,0.0,0.4303203,0.0,0.5402594,0.0,0.4251929,0.0,0.0,1.112894,0.0,0.0,0.5116002,0.0,0.5436807,0.6039846,0.5713152,0.0,0.0,0.0,0.0,0.6890064,0.9580128,0.0
TMEM160,0.7528135,0.0,1.305719,0.0,0.0,0.4989881,0.0,0.0,0.5004072,0.9680934,0.0,0.427741,0.0,0.0,0.7732325,0.0,0.720529,1.654434,0.4303203,0.0,0.0,0.0,0.0,0.0,0.0,0.8001572,0.0,0.0,0.5116002,0.0,0.0,0.4401429,0.5713152,0.0,0.0,0.0,0.0,0.2856138,0.4288586,0.0
FYB,0.0,0.0,0.0,0.0,0.0,0.0,0.0,0.0,0.0,0.0,0.0,0.0,0.0,0.0,0.0,0.0,0.0,0.0,0.0,0.0,0.0,0.0,0.0,0.0,0.0,0.0,0.0,0.0,0.0,0.0,0.0,0.0,0.0,0.0,0.0,0.0,0.0,0.0,0.0,0.0
RAB5B,0.0,0.0,0.0,0.0,0.0,0.3586314,0.0,0.0,0.6801071,0.7365003,0.0,0.0,0.0,0.0,0.0,0.0,0.0,0.0,0.4303203,0.0,0.3904427,0.0,0.0,0.0,0.0,0.3426178,0.0,0.0,0.5116002,0.0,0.3083426,0.2440942,0.0,0.0,0.6597094,0.0,0.0,0.2856138,0.0,0.0
NDUFB4,1.703267,0.0,0.0,2.324013,2.132383,1.391178,0.0,1.509859,1.769931,1.450639,0.0,1.370124,0.0,0.0,1.681823,1.735187,1.749172,2.616692,1.933729,0.0,1.352171,0.0,1.549518,0.0,0.0,1.703826,2.207963,0.0,1.736195,0.0,1.739619,1.396519,1.579591,0.0,1.887885,0.0,0.0,1.293254,2.13972,2.756103
PRKAR1A,0.7528135,0.0,1.305719,0.0,0.0,0.3586314,0.0,0.0,0.832381,0.434575,0.0,0.5881662,0.0,0.0,0.4595615,0.0,1.134957,0.0,0.9605947,0.0,0.2141572,0.0,0.4251929,2.129113,0.0,0.8001572,0.0,0.0,0.6941153,0.0,0.5436807,0.2440942,0.5713152,0.0,0.6597094,0.0,0.0,0.6890064,0.0,0.0
RTN3,0.0,0.0,1.853275,0.0,2.132383,0.4989881,1.579713,0.0,1.280259,1.570727,2.267787,1.370124,0.0,0.0,1.112459,0.0,0.9490601,1.654434,0.7302021,0.0,0.3904427,0.0,1.137686,0.0,0.0,1.238891,0.0,0.0,0.6941153,2.119384,1.152786,0.7447231,0.7682042,1.900357,1.053775,2.420471,0.0,1.198171,1.144865,0.0
COX5A,0.7528135,0.0,1.853275,2.324013,0.0,1.710075,1.579713,0.0,1.769931,1.677928,0.0,1.299904,0.0,1.998993,1.92188,1.204471,1.749172,2.616692,1.441374,0.0,2.007955,0.0,1.430147,0.0,0.0,2.072759,0.0,0.0,2.270419,0.0,1.85903,2.229362,1.406679,0.0,1.735392,1.270543,0.0,1.093087,2.004994,2.124558
APOE,0.0,0.0,0.0,0.0,0.0,0.0,0.0,0.0,0.0,0.0,0.0,0.0,0.0,0.0,0.0,0.0,0.0,0.0,0.0,0.0,0.2141572,0.0,0.0,0.0,0.0,0.0,0.0,0.0,0.0,0.0,0.0,0.0,0.0,0.0,0.0,0.0,0.0,0.0,0.0,0.0
C12orf57,0.0,0.0,0.0,0.0,0.0,0.7316094,0.0,0.0,0.0,0.9680934,0.0,0.5881662,0.0,0.0,1.287912,0.0,0.9490601,0.0,1.305288,0.0,0.670528,0.0,0.4251929,0.0,0.0,1.238891,0.0,0.0,1.467826,0.0,1.26078,0.7447231,0.9326318,0.0,0.0,0.0,0.0,0.2856138,0.9580128,0.0
ACTA2,0.0,0.0,0.0,0.0,0.0,0.0,0.0,0.0,0.0,0.0,0.0,0.0,1.781829,0.0,0.0,0.5756754,0.0,0.0,0.0,0.0,0.0,0.0,0.0,0.0,0.0,0.0,0.0,0.0,0.0,0.0,0.0,0.0,0.0,0.0,0.6597094,0.0,0.0,0.0,0.0,0.0
UNC50,0.7528135,0.0,0.0,0.0,0.0,0.1953074,0.0,2.085944,0.0,0.0,0.0,0.2365686,0.0,0.0,0.6286456,0.0,0.4238027,0.0,0.9605947,0.0,0.2141572,2.256228,0.0,0.0,0.0,0.3426178,0.0,0.0,0.0,0.0,0.3083426,0.4401429,0.9326318,0.0,0.6597094,0.0,0.0,0.0,0.0,0.0
NEXN,0.0,0.0,0.0,0.0,0.0,0.0,0.0,0.0,0.0,0.0,0.0,0.0,0.0,0.0,0.0,0.0,0.0,0.0,0.0,0.0,0.0,0.0,0.0,0.0,0.0,0.0,0.0,0.0,0.0,0.0,0.0,0.0,0.0,0.0,0.0,0.0,0.0,0.0,0.0,0.0
SPCS2,1.889313,0.0,1.305719,0.0,0.0,1.215663,2.530572,0.0,1.280259,0.7365003,0.0,1.497305,0.0,0.0,1.504139,1.414232,1.427091,0.0,1.305288,0.0,1.468667,0.0,1.430147,0.0,0.0,1.542801,2.207963,0.0,1.610986,2.119384,1.801106,1.325654,1.073802,0.0,1.335709,0.0,2.263144,1.093087,0.4288586,0.0
AKR7A2,0.0,1.73531514495429,0.0,0.0,0.0,0.0,0.0,0.0,0.281183307794552,0.0,0.0,0.0,0.0,0.0,0.459561497928911,0.0,0.0,0.0,0.730202140329799,0.0,0.390442669323526,0.0,0.0,0.0,0.0,0.342617793464935,0.0,0.0,0.511600155079749,0.0,0.0,0.0,0.325914603309185,0.0,0.0,0.0,0.0,0.0,0.0,0.0
C11orf31,1.47451,1.735315,1.305719,0.0,0.0,1.149573,2.164142,2.449131,1.713032,0.9680934,0.0,1.299904,0.0,0.0,1.626031,1.587531,0.720529,2.247097,1.14772,0.0,0.670528,0.0,1.995873,2.129113,2.15095,1.626551,0.0,0.0,0.9820392,2.119384,1.528591,1.462694,1.406679,0.0,1.053775,1.270543,0.0,0.6890064,1.93015,2.756103
HOPX,0.0,0.0,0.0,0.0,0.0,0.0,0.0,0.0,0.0,0.0,0.0,0.0,0.0,0.0,0.0,0.0,0.0,0.0,0.0,0.0,0.0,0.0,0.0,0.0,0.0,0.0,0.0,0.0,0.0,0.0,0.0,0.0,0.0,0.0,0.0,0.0,0.0,0.0,0.0,0.0
SF3B5,0.7528135,2.336158,1.853275,0.0,0.0,1.336027,0.0,0.0,1.823766,1.156009,0.0,1.71149,0.0,0.0,1.784857,0.5756754,2.187893,2.247097,1.764688,0.0,1.147198,2.256228,0.7225949,0.0,2.15095,1.905211,0.0,0.0,1.675549,2.119384,2.191171,1.833034,1.579591,0.0,1.887885,2.420471,2.263144,1.380077,2.074624,0.0
DNAJC21,0.0,0.0,0.0,0.0,0.0,0.3586314,0.0,0.0,0.0,0.0,0.0,0.427741,0.0,0.0,0.4595615,0.0,0.4238027,0.0,0.4303203,0.0,0.2141572,0.0,0.4251929,0.0,2.15095,0.3426178,0.0,0.0,0.2881662,0.0,0.0,0.0,0.3259146,0.0,0.0,0.0,0.0,0.5075144,0.4288586,0.0
AASDHPPT,0.0,0.0,0.0,0.0,0.0,0.3586314,0.0,0.0,0.2811833,0.0,0.0,0.0,0.0,0.0,0.4595615,0.0,0.4238027,0.0,0.9605947,0.0,0.3904427,0.0,0.0,0.0,0.0,0.0,0.0,0.0,0.0,0.0,0.0,0.2440942,0.7682042,0.0,0.0,0.0,0.0,0.5075144,0.0,0.0
G0S2,0.0,0.0,0.0,0.0,2.132383105178,0.35863144475461,0.0,0.0,0.281183307794552,0.0,0.0,0.236568564456008,0.0,0.0,0.255951251736804,0.575675428952768,0.0,0.0,0.430320344076267,0.0,0.390442669323526,0.0,0.0,0.0,0.0,0.0,0.0,0.0,0.0,0.0,0.0,0.440142916680324,0.571315155840473,0.0,0.0,0.0,0.0,0.0,0.0,0.0
ZRANB2,0.0,0.0,1.30571904818115,0.0,0.0,0.35863144475461,0.0,0.0,0.281183307794552,0.0,0.0,0.427741035801588,0.0,0.0,0.459561497928911,0.0,0.423802731942376,0.0,0.430320344076267,0.0,0.540259444832807,0.0,0.0,0.0,0.0,0.597330170802566,0.0,0.0,0.288166224818977,0.0,0.308342635064697,0.603984607695277,0.768204184291367,0.0,0.0,0.0,0.0,0.285613819387722,0.728035357566666,0.0
DDX42,0.7528135,0.0,0.0,0.0,0.0,0.3586314,0.0,0.0,0.2811833,0.0,0.0,0.427741,0.0,0.0,0.2559513,0.0,0.720529,0.0,0.0,0.0,0.2141572,0.0,0.0,0.0,0.0,0.5973302,0.0,0.0,0.0,0.0,0.0,0.2440942,0.0,0.0,0.0,0.0,0.0,0.5075144,0.4288586,0.0
ARSA,0.0,0.0,0.0,0.0,0.0,0.0,0.0,0.0,0.0,0.0,0.0,0.0,0.0,0.0,0.2559513,0.5756754,0.4238027,0.0,0.0,0.0,0.2141572,0.0,0.0,0.0,0.0,0.0,0.0,0.0,0.0,0.0,0.3083426,0.2440942,0.0,0.0,0.0,0.0,0.0,0.2856138,0.0,0.0
STK17A,0.0,0.0,0.0,0.0,2.132383,0.1953074,0.0,0.0,0.2811833,0.0,0.0,0.2365686,0.0,0.0,0.2559513,0.0,0.0,0.0,0.0,0.0,0.2141572,0.0,0.0,0.0,0.0,0.0,0.0,0.0,0.2881662,0.0,0.3083426,0.2440942,0.0,0.0,0.0,0.0,0.0,0.6890064,0.0,0.0
SLC35A3,0.0,0.0,0.0,2.32401285607585,0.0,0.0,0.0,0.0,0.281183307794552,0.0,0.0,0.0,0.0,0.0,0.255951251736804,0.0,0.0,0.0,0.0,1.00423000666566,0.540259444832807,0.0,0.951525293242092,0.0,0.0,0.0,0.0,0.0,0.288166224818977,0.0,0.734050073281415,0.603984607695277,0.0,0.0,0.659709414932617,0.0,0.0,0.285613819387722,0.428858606762342,0.0
PPP1CA,0.0,0.0,1.305719,0.0,2.132383,1.277655,1.579713,1.509859,1.185669,2.088895,0.0,1.887794,0.0,1.998993,2.003798,0.9387027,1.836988,0.0,1.441374,1.00423,1.468667,0.0,2.191462,0.0,3.168805,1.542801,2.207963,0.0,1.099903,0.0,2.191171,1.787812,0.5713152,0.0,0.6597094,1.270543,2.263144,1.53393,1.849248,0.0
IQGAP1,0.7528135,0.0,0.0,0.0,0.0,1.277655,0.0,1.509859,0.832381,1.156009,0.0,1.555303,0.0,0.0,0.6286456,0.9387027,0.720529,0.0,0.9605947,1.00423,0.3904427,0.0,0.7225949,0.0,0.0,0.9687014,0.0,0.0,0.2881662,0.0,0.8939098,0.6039846,0.9326318,0.0,0.6597094,1.270543,0.0,1.198171,0.4288586,0.0
HAGH,0.0,0.0,0.0,0.0,0.0,0.0,0.0,0.0,0.6801071,0.0,0.0,0.427741,0.0,0.0,0.4595615,0.9387027,0.4238027,0.0,0.0,0.0,0.2141572,0.0,0.4251929,0.0,0.0,0.5973302,0.0,0.0,0.0,0.0,0.5436807,0.0,0.0,0.0,0.0,0.0,0.0,0.2856138,0.0,0.0
SRP9,0.752813520601271,0.0,1.85327519926764,2.32401285607585,2.132383105178,1.21566332656132,2.16414212624539,0.0,1.4462043955801,1.15600855634195,0.0,1.14267872072041,0.0,0.0,1.73466625450279,0.0,1.54635354425568,0.0,1.85277625535371,0.0,0.982723071529652,0.0,0.951525293242092,0.0,2.15094959722266,1.4513894860695,0.0,0.0,1.30069077698035,2.75059964045907,1.52859068204721,1.78781206834478,1.406679297344,2.89396786284092,1.73539209036673,1.27054347247737,2.26314385595782,0.507514362462335,1.66468930515663,2.12455791305678
CH17-189H20.1,0.752813520601271,0.0,0.0,0.0,0.0,0.35863144475461,0.0,0.0,0.281183307794552,0.0,0.0,0.0,0.0,0.0,0.255951251736804,0.0,0.0,0.0,0.0,0.0,0.0,0.0,0.0,0.0,0.0,0.800157201332063,0.0,0.0,0.0,0.0,0.308342635064697,0.0,0.0,0.0,0.0,0.0,0.0,0.507514362462335,0.728035357566666,0.0
PSMA2,0.7528135,1.735315,2.205085,2.324013,2.132383,1.585621,2.164142,0.0,1.87485,1.677928,0.0,1.610121,0.0,2.622001,1.437127,0.5756754,2.061899,1.654434,1.14772,0.0,0.8890857,0.0,1.752494,0.0,0.0,1.238891,2.84458,0.0,1.793372,2.7506,1.801106,1.690729,0.9326318,0.0,0.0,1.270543,0.0,0.6890064,1.438181,0.0
PALLD,0.0,0.0,0.0,0.0,0.0,0.0,0.0,0.0,0.0,0.0,0.0,0.0,0.0,0.0,0.0,0.0,0.0,0.0,0.0,0.0,0.0,0.0,0.0,0.0,0.0,0.0,0.0,0.0,0.0,0.0,0.0,0.0,0.0,0.0,0.0,0.0,0.0,0.2856138,0.0,0.0
UBE2V2,0.0,0.0,0.0,0.0,0.0,0.4989881,0.0,0.0,1.081188,0.7365003,0.0,0.7263777,0.0,0.0,1.204028,0.5756754,0.4238027,0.0,0.0,0.0,0.3904427,0.0,0.7225949,0.0,0.0,0.5973302,0.0,0.0,0.5116002,2.119384,0.5436807,0.6039846,0.9326318,0.0,0.6597094,0.0,0.0,0.5075144,0.9580128,2.124558
NET1,0.0,0.0,1.305719,0.0,0.0,0.6220476,0.0,2.449131,0.6801071,1.450639,2.267787,0.427741,0.0,0.0,0.0,0.0,0.4238027,0.0,1.305288,0.0,0.2141572,0.0,0.4251929,0.0,0.0,0.8001572,0.0,0.0,0.6941153,0.0,0.8939098,0.7447231,0.7682042,0.0,0.0,1.270543,0.0,1.093087,0.7280354,0.0
SH3KBP1,0.0,0.0,0.0,0.0,0.0,0.1953074,0.0,0.0,0.0,0.0,0.0,0.2365686,0.0,0.0,0.0,0.0,0.4238027,0.0,0.0,0.0,0.3904427,0.0,0.4251929,0.0,0.0,0.0,0.0,0.0,0.2881662,0.0,0.0,0.2440942,0.0,0.0,0.0,0.0,0.0,0.0,0.0,0.0
HDAC7,0.0,0.0,0.0,0.0,0.0,0.0,0.0,0.0,0.0,0.0,0.0,0.427741,0.0,0.0,0.0,0.0,0.4238027,0.0,0.0,0.0,0.5402594,0.0,0.0,0.0,0.0,0.0,0.0,0.0,0.0,0.0,0.0,0.0,0.0,0.0,0.0,0.0,0.0,0.2856138,0.4288586,0.0
C6orf48,0.0,1.735315,0.0,2.324013,0.0,0.7316094,0.0,0.0,0.832381,0.9680934,0.0,0.2365686,0.0,0.0,0.4595615,0.9387027,0.0,0.0,0.4303203,0.0,0.5402594,0.0,0.4251929,0.0,0.0,0.0,0.0,0.0,0.6941153,0.0,0.3083426,0.7447231,1.496868,0.0,1.053775,0.0,0.0,0.2856138,0.7280354,0.0
RPL36,4.569045,5.013716,3.654929,4.714913,4.723168,4.158569,4.307003,3.374468,4.051736,3.995298,4.65297,3.55998,3.033165,4.695811,4.017211,4.147356,3.984828,4.229486,4.198787,2.069292,4.370628,3.560706,3.948722,4.098656,4.342898,4.071023,4.054913,5.305248,4.264588,3.411281,3.970445,3.847871,4.220121,5.003244,4.15251,4.588898,5.103834,3.067861,3.691171,4.09357
EIF3A,0.0,0.0,1.305719,0.0,0.0,0.8303439,0.0,0.0,1.519876,0.9680934,0.0,1.224378,0.0,0.0,1.204028,0.5756754,0.9490601,0.0,1.764688,1.82284,0.3904427,0.0,0.0,0.0,0.0,0.9687014,0.0,0.0,0.9820392,0.0,0.8939098,1.076793,0.7682042,0.0,0.0,0.0,0.0,0.5075144,1.557835,0.0
DHRS4L2,0.0,0.0,0.0,0.0,0.0,0.1953074,1.579713,0.0,0.0,0.0,0.0,0.0,0.0,0.0,0.2559513,0.0,0.4238027,0.0,0.4303203,0.0,0.2141572,0.0,0.0,0.0,0.0,0.3426178,0.0,0.0,0.2881662,0.0,0.0,0.0,0.3259146,0.0,0.0,0.0,0.0,0.0,0.0,0.0
EIF4A2,1.177402,1.735315,2.205085,0.0,0.0,1.443447,0.0,1.509859,1.081188,1.570727,0.0,1.555303,0.0,0.0,1.204028,0.9387027,0.4238027,0.0,1.668084,1.00423,1.522192,0.0,0.7225949,0.0,2.15095,1.238891,0.0,0.0,1.793372,2.119384,1.26078,1.076793,1.913897,0.0,1.335709,1.270543,0.0,1.093087,1.144865,2.756103
EIF5B,0.0,0.0,0.0,0.0,0.0,0.9201999,1.579713,3.374468,1.185669,0.7365003,2.267787,1.370124,0.0,2.622001,1.566941,1.735187,1.917711,1.654434,0.0,0.0,0.5402594,2.256228,0.9515253,0.0,0.0,1.112894,0.0,1.772846,1.099903,0.0,1.152786,1.325654,1.307543,0.0,1.335709,1.812473,2.263144,1.093087,1.302238,0.0
POSTN,0.0,0.0,0.0,0.0,0.0,0.0,0.0,0.0,0.0,0.0,2.267787,0.0,0.0,0.0,0.2559513,0.0,0.0,0.0,0.0,0.0,0.0,0.0,0.0,0.0,0.0,0.0,0.0,0.0,0.0,0.0,0.0,0.0,0.0,0.0,0.0,0.0,0.0,0.0,0.0,0.0
NDUFB3,0.0,0.0,0.0,2.324013,0.0,0.4989881,0.0,0.0,1.446204,1.677928,0.0,0.8477858,0.0,1.998993,1.011651,0.9387027,0.9490601,0.0,0.4303203,0.0,0.3904427,0.0,0.4251929,0.0,2.784148,0.9687014,0.0,0.0,1.205328,2.119384,1.358239,1.24938,0.5713152,1.900357,0.6597094,0.0,2.263144,0.6890064,1.144865,2.124558
ARID5A,0.0,0.0,0.0,0.0,0.0,0.1953074,0.0,0.0,0.0,0.0,0.0,0.0,0.0,0.0,0.0,1.204471,0.0,0.0,0.0,0.0,0.3904427,0.0,0.0,0.0,0.0,0.0,0.0,0.0,0.2881662,0.0,0.3083426,0.2440942,0.0,0.0,0.0,0.0,0.0,0.0,0.0,0.0
MGEA5,0.0,0.0,1.305719,0.0,0.0,0.3586314,0.0,0.0,0.0,0.434575,0.0,0.427741,0.0,0.0,0.7732325,0.0,0.720529,0.0,0.4303203,1.00423,0.3904427,0.0,0.0,0.0,0.0,0.3426178,0.0,0.0,0.0,0.0,0.7340501,0.7447231,0.3259146,0.0,0.0,0.0,0.0,0.8425641,0.0,0.0
MRFAP1,0.0,0.0,0.0,0.0,0.0,0.7316094,0.0,0.0,0.0,0.434575,0.0,1.053706,0.0,0.0,1.204028,0.0,0.720529,0.0,0.0,1.00423,0.5402594,0.0,0.7225949,0.0,0.0,0.9687014,0.0,0.0,0.2881662,0.0,0.7340501,0.7447231,0.3259146,0.0,0.6597094,0.0,0.0,0.5075144,0.4288586,0.0
LTBP4,0.0,0.0,0.0,0.0,0.0,0.6220476,0.0,0.0,0.0,0.0,0.0,0.0,0.0,0.0,0.6286456,0.0,0.0,0.0,0.0,1.00423,0.2141572,0.0,0.0,0.0,0.0,0.5973302,0.0,0.0,0.0,0.0,0.0,0.2440942,0.0,0.0,0.0,0.0,0.0,0.6890064,0.4288586,0.0
ASNA1,1.177402,0.0,0.0,0.0,0.0,0.7316094,1.579713,0.0,0.2811833,0.434575,0.0,0.7263777,0.0,0.0,0.6286456,0.5756754,0.9490601,0.0,0.7302021,0.0,0.5402594,0.0,1.29457,0.0,0.0,0.3426178,0.0,0.0,0.2881662,0.0,0.8939098,0.2440942,0.3259146,0.0,0.0,0.0,0.0,0.0,0.0,0.0
TAF7,0.0,0.0,1.305719,0.0,0.0,0.3586314,0.0,1.509859,0.5004072,1.314136,0.0,1.142679,0.0,0.0,1.011651,1.204471,0.0,0.0,0.4303203,1.00423,0.785766,0.0,0.0,0.0,0.0,0.8001572,2.207963,0.0,0.6941153,0.0,0.7340501,0.6039846,1.496868,0.0,1.053775,0.0,0.0,1.093087,0.4288586,0.0
A1BG,0.0,0.0,0.0,0.0,0.0,0.0,0.0,0.0,0.0,0.0,0.0,0.0,0.0,0.0,0.0,0.0,0.0,0.0,0.0,0.0,0.0,0.0,0.0,0.0,0.0,0.0,0.0,0.0,0.0,0.0,0.0,0.0,0.0,0.0,0.0,0.0,0.0,0.0,0.0,0.0
SLIT3,0.0,0.0,0.0,0.0,0.0,0.0,0.0,0.0,0.0,0.0,0.0,0.0,0.0,0.0,0.0,0.0,0.0,0.0,0.0,0.0,0.0,0.0,0.0,0.0,0.0,0.0,0.0,0.0,0.0,0.0,0.0,0.0,0.0,0.0,0.0,0.0,0.0,0.0,0.0,0.0
EIF3G,1.703267,0.0,1.305719,0.0,0.0,1.078804,0.0,1.509859,0.9645025,1.156009,0.0,1.370124,1.781829,0.0,1.3653,1.204471,1.427091,1.654434,1.305288,0.0,1.147198,0.0,1.430147,0.0,0.0,1.350774,0.0,0.0,1.099903,0.0,1.358239,0.6039846,0.9326318,0.0,1.053775,0.0,2.263144,0.6890064,0.7280354,0.0
NME3,1.703267,0.0,0.0,0.0,0.0,0.7316094,0.0,0.0,0.5004072,0.0,0.0,0.5881662,0.0,0.0,0.2559513,1.204471,0.0,0.0,0.7302021,0.0,0.2141572,0.0,0.4251929,0.0,0.0,0.3426178,0.0,0.0,0.2881662,0.0,0.3083426,0.0,0.5713152,0.0,0.0,0.0,0.0,0.2856138,0.4288586,0.0
STK38L,0.7528135,0.0,0.0,0.0,0.0,0.1953074,0.0,0.0,0.2811833,0.0,0.0,0.7263777,0.0,0.0,0.0,0.0,0.0,0.0,0.9605947,0.0,0.3904427,0.0,0.0,0.0,0.0,0.3426178,0.0,0.0,0.6941153,0.0,0.0,0.2440942,0.3259146,0.0,0.0,0.0,0.0,0.2856138,0.4288586,0.0
TYMP,0.0,0.0,0.0,0.0,0.0,0.0,0.0,0.0,0.2811833,0.434575,0.0,0.0,0.0,0.0,0.2559513,0.0,0.0,0.0,0.0,0.0,0.0,0.0,0.9515253,0.0,0.0,0.0,0.0,0.0,0.2881662,0.0,0.0,0.0,0.3259146,0.0,0.0,0.0,0.0,1.198171,0.4288586,0.0
SNX17,1.177402,0.0,0.0,0.0,0.0,0.1953074,1.579713,0.0,0.0,0.434575,0.0,0.427741,0.0,0.0,0.0,0.5756754,0.0,0.0,0.0,0.0,0.0,0.0,0.0,0.0,0.0,0.3426178,0.0,0.0,0.5116002,0.0,0.5436807,0.4401429,0.0,0.0,0.6597094,0.0,0.0,0.2856138,0.7280354,0.0
BHLHE40,0.7528135,0.0,0.0,0.0,0.0,0.3586314,0.0,0.0,0.6801071,0.9680934,0.0,0.2365686,0.0,0.0,0.0,0.5756754,0.0,0.0,0.0,1.00423,0.8890857,2.256228,0.0,0.0,0.0,0.0,0.0,0.0,0.5116002,0.0,0.3083426,0.6039846,0.7682042,0.0,0.6597094,0.0,0.0,0.5075144,0.4288586,0.0
APOLD1,0.0,0.0,1.853275,0.0,0.0,1.215663,0.0,0.0,1.081188,0.7365003,0.0,1.224378,2.387057,0.0,1.112459,2.172854,1.427091,0.0,0.4303203,1.00423,1.147198,0.0,0.0,0.0,0.0,0.9687014,0.0,0.0,0.2881662,0.0,1.031702,0.6039846,0.9326318,0.0,0.0,0.0,0.0,0.6890064,2.074624,0.0
MT-ND6,0.0,0.0,0.0,0.0,0.0,0.6220476,0.0,2.085944,0.5004072,0.0,0.0,0.427741,0.0,0.0,0.0,0.0,0.4238027,0.0,0.9605947,1.00423,0.3904427,0.0,0.0,0.0,0.0,0.8001572,0.0,1.772846,0.5116002,0.0,0.5436807,1.166806,0.0,0.0,0.6597094,1.270543,0.0,0.2856138,0.9580128,0.0
ILF3-AS1,0.0,0.0,0.0,0.0,0.0,0.3586314,0.0,0.0,0.6801071,0.434575,0.0,0.2365686,0.0,0.0,0.2559513,0.0,0.720529,0.0,0.7302021,0.0,0.3904427,0.0,0.0,0.0,0.0,0.0,0.0,0.0,0.0,0.0,0.3083426,0.4401429,0.5713152,0.0,0.0,0.0,0.0,0.6890064,0.7280354,0.0
MYO1B,0.0,0.0,0.0,0.0,0.0,0.6220476,0.0,0.0,0.5004072,0.0,0.0,0.7263777,0.0,0.0,0.4595615,0.0,0.0,0.0,0.0,0.0,0.2141572,0.0,0.0,0.0,0.0,0.0,0.0,0.0,0.5116002,0.0,0.5436807,0.2440942,0.0,0.0,0.0,0.0,0.0,0.6890064,0.4288586,0.0
GNAQ,0.0,0.0,0.0,0.0,0.0,0.1953074,0.0,0.0,0.2811833,0.0,0.0,0.5881662,0.0,0.0,0.0,0.0,0.0,0.0,0.4303203,0.0,0.0,0.0,0.0,0.0,0.0,0.3426178,0.0,0.0,0.0,0.0,0.0,0.0,0.5713152,0.0,0.6597094,0.0,0.0,0.6890064,0.7280354,0.0
PRR13,0.0,0.0,0.0,2.324013,2.132383,1.277655,1.579713,1.509859,1.280259,0.9680934,0.0,0.8477858,0.0,0.0,1.784857,0.9387027,1.546354,0.0,1.305288,0.0,1.468667,0.0,1.92114,0.0,0.0,1.703826,2.207963,0.0,1.205328,0.0,1.26078,1.396519,1.579591,2.515805,0.6597094,0.0,0.0,1.198171,1.302238,2.124558
ZNHIT1,2.046116,2.336158,1.305719,0.0,0.0,0.9201999,2.164142,0.0,1.36667,1.570727,0.0,0.8477858,0.0,0.0,1.734666,1.204471,1.546354,0.0,1.305288,1.00423,0.9827231,0.0,0.4251929,2.129113,0.0,1.542801,0.0,0.0,1.300691,0.0,1.739619,0.868076,1.073802,1.900357,0.6597094,0.0,0.0,0.2856138,1.438181,0.0
GLTSCR2,1.47451,0.0,2.205085,0.0,0.0,0.8303439,0.0,0.0,1.36667,0.434575,0.0,0.2365686,0.0,2.622001,1.287912,0.0,0.9490601,1.654434,1.14772,0.0,1.068338,0.0,0.9515253,0.0,0.0,1.626551,0.0,0.0,1.467826,0.0,0.7340501,1.076793,1.073802,0.0,1.053775,0.0,0.0,0.5075144,0.7280354,0.0
YWHAH,1.177402,0.0,0.0,2.324013,0.0,0.4989881,0.0,0.0,0.2811833,0.434575,0.0,1.053706,0.0,1.998993,1.011651,0.0,1.427091,0.0,0.0,1.00423,0.3904427,0.0,1.29457,0.0,0.0,0.3426178,0.0,0.0,0.8484042,0.0,0.7340501,0.868076,0.3259146,0.0,1.053775,1.270543,0.0,1.198171,1.302238,0.0
AP2S1,0.7528135,0.0,0.0,0.0,0.0,0.7316094,1.579713,0.0,0.5004072,0.9680934,0.0,0.427741,1.781829,0.0,1.504139,0.5756754,1.427091,1.654434,0.7302021,0.0,0.670528,0.0,1.137686,0.0,0.0,0.3426178,0.0,0.0,0.2881662,0.0,0.5436807,0.7447231,0.0,0.0,0.0,0.0,0.0,0.0,0.0,0.0
SEC61B,0.7528135,0.0,1.305719,0.0,0.0,0.8303439,0.0,0.0,1.446204,1.570727,0.0,0.9560369,0.0,0.0,1.437127,0.5756754,1.917711,0.0,1.56114,1.495061,1.288403,0.0,1.430147,0.0,0.0,1.238891,2.84458,0.0,1.610986,0.0,0.8939098,1.24938,1.073802,0.0,1.335709,1.270543,0.0,1.380077,0.7280354,0.0
RCAN1,0.0,0.0,0.0,0.0,0.0,0.3586314,0.0,0.0,0.0,0.0,0.0,0.0,0.0,0.0,0.2559513,0.0,0.4238027,0.0,0.0,0.0,0.3904427,0.0,0.0,0.0,0.0,0.0,0.0,0.0,0.0,0.0,0.3083426,0.2440942,0.0,0.0,0.0,0.0,0.0,0.5075144,0.0,0.0
FRMD4A,0.0,0.0,0.0,0.0,0.0,0.0,0.0,0.0,0.0,0.0,0.0,0.0,0.0,0.0,0.0,0.0,0.0,0.0,0.0,0.0,0.3904427,0.0,0.0,0.0,0.0,0.0,0.0,0.0,0.2881662,0.0,0.0,0.0,0.0,0.0,0.0,0.0,0.0,0.0,0.0,0.0
VOPP1,0.0,0.0,0.0,0.0,0.0,0.1953074,0.0,0.0,0.0,0.0,0.0,0.9560369,0.0,0.0,0.2559513,0.0,0.0,0.0,0.0,0.0,0.0,0.0,0.0,0.0,0.0,0.0,0.0,0.0,0.2881662,0.0,0.0,0.0,0.0,0.0,0.0,0.0,0.0,0.0,0.4288586,0.0
RSRC1,0.7528135,1.735315,0.0,0.0,0.0,0.6220476,0.0,0.0,0.2811833,1.156009,0.0,0.427741,0.0,0.0,0.0,0.5756754,0.720529,1.654434,0.0,0.0,0.670528,0.0,0.0,0.0,0.0,0.8001572,0.0,0.0,0.5116002,0.0,0.7340501,0.6039846,0.3259146,0.0,0.6597094,0.0,0.0,0.5075144,0.4288586,2.124558
H2AFZ,1.177402,1.735315,2.205085,0.0,0.0,0.9201999,0.0,1.509859,2.460868,2.154119,0.0,1.927408,0.0,1.998993,2.605845,1.587531,2.245397,2.616692,0.9605947,1.00423,0.0,0.0,1.430147,2.129113,0.0,2.072759,0.0,0.0,0.8484042,0.0,2.14996,2.442839,0.7682042,0.0,1.555387,2.420471,2.902878,0.6890064,2.46045,0.0
FNBP1,0.0,0.0,1.305719,0.0,0.0,0.3586314,0.0,0.0,0.0,0.0,0.0,0.0,0.0,0.0,0.0,0.0,0.0,0.0,0.0,0.0,0.2141572,0.0,0.0,0.0,0.0,0.0,2.207963,0.0,0.0,0.0,0.0,0.2440942,0.3259146,0.0,0.0,0.0,0.0,0.0,0.0,0.0
TMEM123,1.47451,0.0,0.0,0.0,0.0,0.7316094,1.579713,2.449131,1.280259,0.7365003,2.267787,1.497305,0.0,0.0,1.504139,0.5756754,0.720529,1.654434,1.764688,1.00423,1.147198,0.0,1.137686,2.129113,0.0,1.350774,0.0,0.0,1.205328,0.0,1.031702,1.076793,1.197487,1.900357,1.735392,1.270543,2.263144,0.5075144,1.438181,0.0
SEC14L1,0.0,0.0,0.0,0.0,0.0,0.0,0.0,0.0,0.0,0.0,0.0,0.2365686,0.0,0.0,0.0,0.0,0.0,0.0,0.0,0.0,0.0,0.0,0.0,0.0,0.0,0.0,0.0,0.0,0.0,0.0,0.0,0.0,0.0,0.0,0.0,1.270543,0.0,0.0,0.0,0.0
TMEM256,0.0,0.0,1.853275,0.0,0.0,1.443447,2.164142,0.0,0.2811833,0.9680934,2.267787,0.5881662,0.0,0.0,0.7732325,1.414232,0.4238027,0.0,0.0,0.0,0.8890857,0.0,0.4251929,0.0,0.0,0.9687014,0.0,0.0,0.5116002,2.119384,0.3083426,0.7447231,0.3259146,0.0,1.555387,0.0,0.0,0.8425641,1.302238,0.0
PLS3,0.0,0.0,1.305719,0.0,2.132383,0.3586314,0.0,0.0,1.081188,0.0,0.0,1.053706,0.0,0.0,0.0,0.5756754,0.4238027,0.0,0.0,0.0,0.3904427,0.0,0.9515253,2.129113,0.0,0.5973302,0.0,0.0,0.0,0.0,0.5436807,0.7447231,0.0,0.0,0.0,0.0,0.0,0.5075144,0.7280354,0.0
UGCG,0.0,0.0,0.0,0.0,0.0,0.1953074,0.0,0.0,0.0,0.7365003,0.0,0.0,0.0,0.0,0.0,0.0,0.0,0.0,0.0,0.0,0.3904427,0.0,0.0,0.0,0.0,0.0,0.0,0.0,0.0,0.0,0.0,0.0,0.5713152,0.0,0.0,0.0,0.0,0.0,0.4288586,0.0
KLC1,0.0,0.0,0.0,0.0,0.0,0.3586314,0.0,0.0,0.2811833,0.0,0.0,0.2365686,0.0,0.0,0.0,0.0,0.0,0.0,0.0,0.0,0.2141572,0.0,0.0,0.0,0.0,0.0,0.0,0.0,0.0,0.0,0.3083426,0.2440942,0.0,0.0,0.0,0.0,0.0,0.2856138,0.0,0.0
PSMC3,1.177402,0.0,0.0,0.0,2.132383,0.3586314,0.0,0.0,0.6801071,1.314136,0.0,0.5881662,0.0,0.0,1.504139,0.5756754,1.652896,1.654434,0.9605947,0.0,0.670528,0.0,0.9515253,2.129113,0.0,1.703826,2.207963,0.0,0.5116002,2.119384,1.031702,1.076793,0.7682042,0.0,0.6597094,1.270543,2.263144,0.8425641,1.144865,2.756103
GPR183,0.0,0.0,0.0,0.0,0.0,0.0,0.0,0.0,0.0,0.0,0.0,0.2365686,0.0,0.0,0.0,0.0,0.0,0.0,0.0,0.0,0.0,0.0,0.0,0.0,0.0,0.0,0.0,0.0,0.0,0.0,0.0,0.2440942,0.0,0.0,0.0,0.0,0.0,0.0,0.0,0.0
PPP1CB,0.0,0.0,1.853275,0.0,0.0,0.9201999,1.579713,0.0,1.081188,0.9680934,0.0,0.7263777,0.0,1.998993,0.8995306,0.5756754,0.9490601,0.0,0.7302021,0.0,0.5402594,0.0,1.137686,0.0,0.0,0.3426178,0.0,0.0,0.0,0.0,1.031702,1.24938,1.197487,0.0,1.053775,1.812473,0.0,0.9756506,0.4288586,0.0
SEPT2,0.7528135,0.0,0.0,0.0,0.0,0.7316094,0.0,0.0,0.6801071,0.7365003,0.0,0.7263777,0.0,0.0,0.6286456,0.9387027,0.0,0.0,1.305288,1.00423,0.670528,0.0,0.4251929,0.0,0.0,0.5973302,0.0,1.772846,0.5116002,0.0,0.3083426,0.868076,0.0,0.0,0.6597094,0.0,0.0,0.2856138,0.4288586,0.0
PPP1R2,0.0,0.0,0.0,0.0,0.0,0.3586314,0.0,0.0,0.6801071,0.434575,0.0,0.5881662,0.0,0.0,0.2559513,0.0,0.4238027,0.0,0.7302021,0.0,0.2141572,0.0,0.4251929,0.0,0.0,0.3426178,0.0,0.0,0.6941153,0.0,0.3083426,0.4401429,0.7682042,0.0,1.335709,0.0,0.0,0.9756506,0.7280354,0.0
LHFP,0.0,0.0,0.0,0.0,0.0,0.1953074,0.0,0.0,0.0,0.0,0.0,0.0,0.0,0.0,0.0,0.0,0.0,0.0,0.0,0.0,0.0,0.0,0.0,0.0,0.0,0.0,0.0,1.772846,0.0,0.0,0.0,0.0,0.0,0.0,0.0,0.0,0.0,0.0,0.0,0.0
RPL13A,4.431999,4.949621,4.26196,3.355145,4.322137,4.055691,3.677203,3.374468,4.112002,3.377722,4.65297,3.604515,2.387057,3.670963,3.761277,3.517198,3.965004,4.025201,4.114605,1.82284,4.206965,3.560706,3.567913,2.760947,4.122999,4.042742,4.186275,5.058808,4.050784,4.087791,3.724506,3.882633,4.214442,4.45811,3.783612,3.797003,4.561698,2.882536,3.755821,3.416965
CYCS,0.0,0.0,1.305719,0.0,2.132383,1.215663,2.164142,0.0,2.056509,2.019118,0.0,1.497305,0.0,3.278144,2.246967,0.5756754,1.652896,2.247097,1.441374,1.00423,1.522192,0.0,2.191462,3.14511,0.0,2.019968,2.84458,0.0,2.081135,3.134538,2.268823,2.135886,0.9326318,1.900357,2.336242,2.420471,0.0,0.9756506,1.557835,0.0
BAD,0.7528135,0.0,0.0,0.0,0.0,0.0,0.0,1.509859,0.0,0.434575,0.0,0.2365686,0.0,0.0,0.4595615,0.0,0.0,0.0,0.0,0.0,0.5402594,0.0,1.137686,0.0,0.0,0.3426178,0.0,0.0,0.2881662,0.0,0.0,0.4401429,0.5713152,0.0,0.0,0.0,0.0,0.0,0.4288586,0.0
CYBRD1,0.0,0.0,0.0,0.0,0.0,0.0,0.0,0.0,0.0,0.0,0.0,0.0,0.0,0.0,0.0,0.0,0.0,0.0,0.0,0.0,0.0,0.0,0.0,0.0,0.0,0.0,0.0,0.0,0.0,0.0,0.0,0.0,0.0,0.0,0.0,0.0,0.0,0.0,0.0,0.0
NTMT1,1.177402,0.0,0.0,0.0,0.0,0.6220476,0.0,0.0,0.6801071,0.434575,0.0,0.9560369,0.0,1.998993,0.4595615,0.9387027,0.4238027,1.654434,0.4303203,1.00423,0.2141572,0.0,0.4251929,2.129113,0.0,0.8001572,0.0,0.0,0.2881662,0.0,0.7340501,0.2440942,1.073802,0.0,0.0,0.0,0.0,0.2856138,0.4288586,0.0
PHF3,0.7528135,0.0,0.0,0.0,0.0,0.4989881,0.0,0.0,0.2811833,0.7365003,0.0,0.7263777,0.0,0.0,0.0,0.0,0.0,1.654434,0.0,0.0,0.2141572,0.0,0.0,0.0,0.0,0.5973302,0.0,0.0,0.0,0.0,0.0,0.0,0.3259146,0.0,0.6597094,0.0,0.0,0.2856138,0.7280354,0.0
SFRP2,0.0,0.0,0.0,0.0,0.0,0.0,0.0,0.0,0.0,0.0,0.0,0.0,0.0,0.0,0.0,0.0,0.0,0.0,0.0,0.0,0.0,0.0,0.0,0.0,0.0,0.0,0.0,0.0,0.0,0.0,0.0,0.0,0.0,0.0,0.0,0.0,0.0,0.0,0.0,0.0
NR4A1,0.0,0.0,0.0,0.0,0.0,0.6220476,0.0,0.0,0.9645025,0.0,0.0,0.427741,0.0,0.0,0.2559513,0.5756754,0.0,0.0,0.4303203,1.495061,0.5402594,0.0,0.0,0.0,0.0,0.0,0.0,0.0,0.0,0.0,0.3083426,0.2440942,0.0,0.0,0.0,0.0,0.0,0.2856138,0.0,0.0
EEA1,1.47451,0.0,0.0,0.0,0.0,0.4989881,0.0,0.0,0.0,0.434575,0.0,0.427741,0.0,0.0,0.6286456,0.5756754,0.4238027,0.0,0.4303203,0.0,0.2141572,0.0,0.4251929,2.129113,0.0,0.3426178,0.0,0.0,0.2881662,0.0,0.7340501,0.2440942,0.9326318,0.0,0.6597094,0.0,0.0,0.2856138,0.0,0.0
AXL,0.0,0.0,0.0,0.0,0.0,0.0,0.0,0.0,0.0,0.0,0.0,0.0,0.0,0.0,0.0,0.0,0.0,0.0,0.0,0.0,0.0,0.0,0.0,0.0,0.0,0.0,0.0,0.0,0.0,0.0,0.0,0.0,0.0,0.0,0.0,0.0,0.0,0.0,0.0,0.0
FKBP9,0.7528135,0.0,0.0,0.0,0.0,0.0,0.0,0.0,0.5004072,0.0,0.0,0.5881662,0.0,0.0,0.0,0.0,0.0,0.0,0.0,0.0,0.3904427,0.0,0.4251929,0.0,0.0,0.5973302,0.0,0.0,0.0,0.0,0.0,0.2440942,0.0,0.0,0.6597094,1.270543,0.0,0.6890064,0.0,0.0
MRPS5,0.0,0.0,0.0,0.0,0.0,0.1953074,0.0,0.0,0.6801071,1.156009,0.0,0.2365686,0.0,0.0,0.4595615,0.0,0.4238027,1.654434,0.4303203,1.00423,0.670528,0.0,0.0,0.0,0.0,1.238891,0.0,0.0,0.2881662,0.0,0.5436807,0.2440942,0.0,0.0,0.6597094,0.0,0.0,0.2856138,0.4288586,2.756103
CLMP,0.0,0.0,0.0,0.0,0.0,0.0,0.0,0.0,0.0,0.0,0.0,0.0,0.0,0.0,0.0,0.0,0.0,0.0,0.0,0.0,0.0,0.0,0.0,0.0,0.0,0.0,0.0,0.0,0.0,0.0,0.0,0.0,0.0,0.0,0.0,0.0,0.0,0.0,0.0,0.0
FOXO3,0.0,0.0,0.0,0.0,0.0,0.4989881,0.0,1.509859,0.2811833,0.434575,0.0,0.8477858,0.0,0.0,0.2559513,0.0,0.0,0.0,0.4303203,1.495061,0.785766,0.0,0.0,0.0,0.0,0.0,0.0,0.0,0.5116002,0.0,0.0,0.2440942,0.3259146,0.0,0.0,1.270543,0.0,0.0,0.4288586,0.0
PTTG1IP,0.0,0.0,1.305719,2.324013,0.0,0.4989881,1.579713,0.0,0.0,1.156009,0.0,0.427741,0.0,1.998993,0.0,0.5756754,1.134957,0.0,0.0,0.0,0.0,0.0,1.137686,2.129113,0.0,0.5973302,0.0,0.0,0.6941153,0.0,0.3083426,0.2440942,0.5713152,0.0,1.335709,0.0,0.0,1.093087,0.4288586,0.0
NEDD8,0.0,0.0,0.0,2.966982,0.0,0.6220476,1.579713,0.0,0.9645025,1.570727,0.0,0.427741,1.781829,0.0,1.437127,0.5756754,1.291654,1.654434,1.14772,0.0,0.670528,0.0,0.9515253,0.0,2.784148,1.350774,2.207963,0.0,0.8484042,2.119384,1.152786,0.9778702,0.3259146,0.0,0.6597094,1.270543,0.0,1.380077,0.9580128,2.124558
TSPAN31,0.0,0.0,0.0,0.0,0.0,0.3586314,0.0,0.0,0.2811833,0.434575,0.0,0.2365686,0.0,0.0,0.2559513,0.0,0.4238027,0.0,0.4303203,0.0,0.2141572,0.0,0.4251929,0.0,0.0,0.5973302,0.0,0.0,0.2881662,0.0,0.0,0.0,0.0,0.0,0.0,0.0,0.0,0.0,0.4288586,0.0
CAMLG,0.0,0.0,0.0,0.0,0.0,0.8303439,0.0,1.509859,1.185669,0.7365003,0.0,0.7263777,0.0,2.622001,0.0,0.0,1.134957,0.0,1.305288,0.0,0.9827231,0.0,0.4251929,0.0,2.15095,0.8001572,0.0,0.0,0.2881662,0.0,0.5436807,0.7447231,0.9326318,0.0,0.0,0.0,0.0,1.093087,0.4288586,0.0
WBSCR22,0.0,0.0,1.305719,0.0,0.0,0.9201999,1.579713,0.0,0.9645025,0.7365003,0.0,0.427741,0.0,0.0,0.2559513,0.0,0.720529,0.0,1.14772,0.0,0.670528,0.0,1.430147,0.0,2.15095,0.0,0.0,0.0,0.5116002,0.0,0.7340501,1.166806,0.5713152,0.0,1.053775,1.812473,0.0,0.0,0.9580128,0.0
ARL6IP5,0.0,0.0,0.0,2.324013,0.0,0.0,0.0,0.0,0.2811833,1.450639,0.0,1.224378,0.0,0.0,0.2559513,0.5756754,0.4238027,0.0,1.14772,0.0,0.0,2.256228,1.656147,0.0,0.0,0.0,0.0,0.0,0.2881662,0.0,0.3083426,0.2440942,0.3259146,0.0,1.335709,0.0,0.0,1.602804,0.4288586,0.0
C19orf43,1.889313,1.735315,0.0,0.0,0.0,1.391178,0.0,0.0,1.446204,1.450639,0.0,1.142679,0.0,1.998993,1.566941,1.863819,1.427091,0.0,1.14772,1.00423,1.147198,0.0,1.137686,0.0,0.0,1.350774,2.207963,0.0,1.541966,0.0,1.801106,0.7447231,1.307543,0.0,0.6597094,0.0,0.0,1.293254,1.438181,0.0
DDB1,0.7528135,0.0,0.0,0.0,0.0,0.6220476,0.0,1.509859,0.2811833,0.9680934,2.267787,0.427741,1.781829,0.0,0.6286456,0.0,0.0,0.0,0.0,0.0,0.5402594,0.0,0.0,0.0,0.0,0.5973302,0.0,0.0,0.5116002,0.0,0.3083426,0.2440942,0.3259146,0.0,0.6597094,0.0,0.0,0.2856138,0.9580128,0.0
RPL17,2.407547,1.735315,2.670813,2.966982,0.0,1.74834,2.164142,2.085944,1.446204,1.450639,0.0,1.224378,1.781829,0.0,1.832648,1.863819,1.427091,1.654434,1.764688,1.00423,1.621346,2.256228,1.656147,0.0,0.0,1.703826,2.207963,2.751286,1.467826,0.0,1.447038,1.462694,1.579591,1.900357,1.053775,1.812473,0.0,0.6890064,1.664689,2.124558
HYAL2,0.7528135,0.0,0.0,0.0,0.0,0.4989881,0.0,0.0,0.2811833,0.434575,0.0,0.427741,0.0,0.0,0.0,0.5756754,0.4238027,0.0,0.0,0.0,0.2141572,0.0,0.0,0.0,0.0,0.3426178,0.0,0.0,0.0,0.0,0.3083426,0.2440942,0.3259146,0.0,0.6597094,0.0,0.0,0.5075144,0.4288586,0.0
ARL6IP1,0.0,0.0,1.305719,0.0,0.0,1.002643,0.0,0.0,1.280259,2.563005,0.0,0.9560369,0.0,0.0,1.011651,0.5756754,1.917711,0.0,0.9605947,1.00423,1.147198,0.0,0.9515253,2.129113,3.840701,0.9687014,0.0,0.0,0.6941153,0.0,0.7340501,1.52476,1.197487,1.900357,1.555387,1.270543,0.0,1.198171,2.13972,0.0
NOL7,0.0,0.0,0.0,0.0,0.0,0.3586314,0.0,0.0,0.6801071,0.7365003,0.0,0.7263777,0.0,0.0,1.437127,0.0,0.720529,1.654434,0.9605947,0.0,0.2141572,0.0,1.137686,0.0,2.15095,0.9687014,2.207963,1.772846,0.0,2.119384,0.8939098,1.076793,0.0,0.0,0.6597094,0.0,0.0,0.2856138,0.7280354,0.0
ILK,0.0,0.0,0.0,0.0,0.0,0.4989881,1.579713,0.0,0.2811833,0.434575,0.0,0.5881662,0.0,0.0,0.7732325,0.9387027,0.720529,1.654434,0.0,0.0,0.3904427,0.0,1.430147,0.0,0.0,0.0,0.0,0.0,0.0,0.0,0.7340501,0.4401429,0.0,0.0,0.6597094,0.0,0.0,0.9756506,0.0,0.0
DNAJC4,0.0,0.0,0.0,0.0,0.0,0.3586314,0.0,0.0,0.0,0.0,0.0,0.0,0.0,0.0,0.0,0.0,0.720529,0.0,0.0,0.0,0.3904427,0.0,0.0,0.0,0.0,0.3426178,0.0,0.0,0.0,0.0,0.0,0.0,0.0,0.0,0.0,0.0,0.0,0.0,0.0,0.0
CLTC,1.889313,0.0,0.0,2.324013,0.0,1.149573,0.0,0.0,0.832381,0.7365003,0.0,1.370124,0.0,0.0,0.6286456,0.0,0.9490601,1.654434,0.4303203,0.0,0.670528,0.0,1.137686,2.129113,0.0,0.3426178,0.0,0.0,0.6941153,0.0,1.26078,0.7447231,0.3259146,0.0,0.0,0.0,0.0,1.198171,0.7280354,0.0
ATP6V1G1,0.7528135,0.0,0.0,0.0,2.132383,0.7316094,0.0,1.509859,0.9645025,1.944105,0.0,1.435735,0.0,1.998993,0.6286456,0.9387027,1.427091,0.0,1.305288,0.0,0.670528,0.0,1.430147,0.0,0.0,0.0,0.0,0.0,0.6941153,0.0,0.5436807,1.583197,0.9326318,0.0,1.053775,1.270543,0.0,0.0,0.9580128,0.0
TUBB,0.7528135,0.0,0.0,0.0,0.0,0.4989881,0.0,0.0,0.6801071,0.9680934,0.0,1.555303,1.781829,0.0,1.112459,0.0,0.720529,0.0,0.0,0.0,0.785766,0.0,0.4251929,0.0,2.15095,0.3426178,0.0,0.0,0.9820392,0.0,0.0,1.166806,0.0,0.0,0.6597094,2.161985,0.0,0.9756506,0.9580128,0.0
SSBP3,0.0,0.0,0.0,0.0,0.0,0.35863144475461,0.0,0.0,0.281183307794552,0.736500260492154,0.0,0.236568564456008,0.0,0.0,0.459561497928911,0.0,0.423802731942376,0.0,0.0,0.0,0.0,0.0,0.0,0.0,0.0,0.0,0.0,0.0,0.0,0.0,0.0,0.603984607695277,0.325914603309185,0.0,0.0,0.0,0.0,0.285613819387722,0.428858606762342,0.0
CLEC11A,0.7528135,0.0,0.0,0.0,0.0,0.0,0.0,0.0,0.2811833,0.0,0.0,0.0,1.781829,0.0,0.4595615,0.0,0.0,0.0,0.4303203,0.0,0.3904427,0.0,0.0,0.0,0.0,0.5973302,0.0,0.0,0.2881662,0.0,0.0,0.2440942,0.3259146,0.0,0.0,0.0,0.0,0.0,0.0,0.0
NDUFC1,1.177402,0.0,0.0,0.0,0.0,1.149573,1.579713,2.449131,1.185669,1.450639,0.0,1.435735,0.0,0.0,1.626031,0.9387027,1.652896,0.0,1.305288,1.00423,0.785766,0.0,0.9515253,0.0,0.0,1.350774,0.0,0.0,0.9820392,0.0,1.152786,0.9778702,1.073802,1.900357,1.555387,0.0,0.0,0.6890064,1.557835,2.124558
PARL,0.0,1.735315,0.0,0.0,0.0,0.1953074,0.0,0.0,0.2811833,0.0,0.0,0.5881662,0.0,0.0,0.4595615,0.0,0.4238027,0.0,0.4303203,0.0,0.2141572,0.0,0.0,0.0,0.0,0.0,0.0,0.0,0.2881662,0.0,0.0,0.4401429,0.3259146,0.0,0.0,0.0,0.0,0.2856138,0.4288586,0.0
PCM1,0.7528135,0.0,0.0,0.0,0.0,0.0,0.0,0.0,0.0,0.0,0.0,0.0,0.0,0.0,0.0,0.0,0.0,0.0,0.0,0.0,0.0,0.0,0.0,0.0,0.0,0.3426178,2.207963,0.0,0.0,0.0,0.0,0.0,0.0,0.0,0.0,0.0,0.0,0.2856138,0.0,0.0
MYO9A,0.7528135,0.0,0.0,0.0,0.0,0.4989881,0.0,0.0,0.0,0.0,0.0,0.0,0.0,0.0,0.4595615,0.0,0.0,0.0,0.4303203,0.0,0.2141572,0.0,0.0,0.0,0.0,0.0,0.0,0.0,0.2881662,0.0,0.3083426,0.0,0.0,0.0,0.0,0.0,0.0,0.0,0.4288586,0.0
MAP3K7,0.0,0.0,0.0,0.0,0.0,0.0,0.0,0.0,0.0,0.0,0.0,0.2365686,0.0,0.0,0.4595615,0.0,0.0,0.0,0.0,0.0,0.0,0.0,0.0,0.0,0.0,0.0,0.0,0.0,0.0,0.0,0.3083426,0.0,0.0,0.0,0.0,0.0,0.0,0.2856138,0.0,0.0
FUS,0.0,0.0,0.0,0.0,0.0,0.7316094,1.579713,0.0,1.081188,1.677928,0.0,0.5881662,1.781829,0.0,0.8995306,1.414232,0.9490601,0.0,1.14772,0.0,0.785766,0.0,0.9515253,0.0,0.0,1.112894,2.207963,0.0,1.541966,0.0,0.8939098,1.166806,0.9326318,0.0,0.6597094,1.270543,0.0,1.093087,1.557835,0.0
GTF2A2,0.0,0.0,0.0,2.324013,0.0,0.0,0.0,0.0,0.5004072,0.7365003,0.0,0.2365686,0.0,0.0,0.4595615,0.5756754,0.4238027,1.654434,0.4303203,0.0,0.3904427,0.0,0.0,0.0,0.0,0.0,0.0,0.0,0.5116002,0.0,0.3083426,0.2440942,0.5713152,0.0,1.053775,0.0,0.0,0.2856138,0.9580128,0.0
FAM198B,0.0,0.0,0.0,0.0,0.0,0.3586314,0.0,0.0,0.2811833,0.0,0.0,0.2365686,0.0,0.0,0.0,0.0,0.0,0.0,0.0,0.0,0.0,0.0,0.0,0.0,0.0,0.0,0.0,0.0,0.0,0.0,0.0,0.0,0.0,0.0,0.0,0.0,0.0,0.0,0.0,0.0
CSNK1E,0.0,0.0,0.0,0.0,0.0,0.1953074,0.0,0.0,0.2811833,0.0,0.0,0.0,0.0,0.0,0.0,0.0,0.4238027,0.0,0.0,1.00423,0.3904427,0.0,0.0,2.129113,0.0,0.0,0.0,0.0,0.2881662,0.0,0.5436807,0.4401429,0.3259146,0.0,0.6597094,0.0,0.0,0.5075144,0.0,0.0
LUM,0.0,0.0,0.0,0.0,0.0,0.1953074,0.0,0.0,0.0,0.0,0.0,0.2365686,0.0,0.0,0.0,0.0,0.0,0.0,0.0,0.0,0.0,0.0,0.0,0.0,0.0,0.0,0.0,0.0,0.0,0.0,0.0,0.0,0.0,0.0,0.0,0.0,0.0,0.0,0.0,0.0
RAMP2,0.0,0.0,0.0,0.0,0.0,0.0,0.0,0.0,0.0,0.0,0.0,0.0,0.0,0.0,0.0,0.0,0.0,0.0,0.0,0.0,0.0,0.0,0.0,0.0,2.15095,0.0,0.0,0.0,0.0,0.0,0.0,0.0,0.0,0.0,0.0,0.0,0.0,0.0,0.0,0.0
RPS6KA3,0.0,0.0,0.0,0.0,0.0,0.0,0.0,0.0,0.5004072,0.0,0.0,0.9560369,0.0,0.0,0.4595615,0.5756754,0.4238027,0.0,0.7302021,0.0,0.3904427,0.0,0.4251929,0.0,0.0,0.3426178,0.0,0.0,0.2881662,0.0,0.5436807,0.6039846,0.5713152,0.0,1.053775,0.0,0.0,0.5075144,0.7280354,0.0
YPEL5,0.0,0.0,0.0,0.0,0.0,0.0,0.0,0.0,0.2811833,0.7365003,0.0,0.2365686,0.0,0.0,0.0,0.0,0.4238027,0.0,0.0,0.0,0.2141572,0.0,0.0,0.0,0.0,0.0,0.0,0.0,0.0,0.0,0.0,0.0,0.3259146,0.0,0.0,0.0,0.0,0.0,0.0,0.0
C1orf43,0.0,0.0,0.0,0.0,0.0,0.830343877764507,0.0,0.0,1.08118750612672,0.736500260492154,0.0,0.588166176048884,0.0,0.0,0.899530579449916,0.938702703072172,0.423802731942376,0.0,0.730202140329799,0.0,0.540259444832807,0.0,0.722594854998228,0.0,0.0,0.800157201332063,0.0,0.0,1.20532784069538,0.0,1.03170169895901,1.07679330903439,0.932631789018124,0.0,0.0,0.0,0.0,0.689006387893914,0.428858606762342,0.0
UBE2D3,0.7528135,0.0,0.0,0.0,0.0,0.8303439,0.0,2.924798,0.2811833,0.7365003,0.0,0.9560369,0.0,0.0,1.204028,0.5756754,0.9490601,0.0,0.7302021,1.00423,0.3904427,0.0,1.137686,0.0,0.0,0.8001572,0.0,0.0,0.6941153,0.0,1.152786,0.868076,0.7682042,0.0,0.6597094,0.0,0.0,0.8425641,0.4288586,0.0
