cell,KUL28-T_AAACCTGTCAGCAACT,KUL28-T_AACTGGTCAGCCTTTC,KUL28-T_AATCCAGAGTGGGCTA,KUL28-T_AATCCAGGTTTGGCGC,KUL28-T_ACCCACTTCCGCTGTT,KUL28-T_ACGGCCACACGGTTTA,KUL28-T_ACTGAACCATGGTCAT,KUL28-T_ACTGAACGTTTCGCTC,KUL28-T_ACTTACTTCCACTGGG,KUL28-T_ACTTGTTAGACGACGT,KUL28-T_ACTTGTTAGTTCGATC,KUL28-T_AGACGTTAGGATGGAA,KUL28-T_AGAGCGAGTGATGTGG,KUL28-T_AGCCTAAGTCATATGC,KUL28-T_AGCGTCGTCACAGGCC,KUL28-T_AGGTCATCACACATGT,KUL28-T_AGGTCATCAGCGAACA,KUL28-T_AGGTCCGCAACACCTA,KUL28-T_AGTAGTCCAAGTAATG,KUL28-T_ATCCACCCACGGACAA,KUL28-T_ATTGGTGTCGCTTGTC,KUL28-T_CACAAACAGACTAAGT,KUL28-T_CACATTTAGGCTCTTA,KUL28-T_CACCTTGTCCAAACAC,KUL28-T_CAGCCGACATCTCCCA,KUL28-T_CAGCCGATCCTCATTA,KUL28-T_CAGCTAACATGACGGA,KUL28-T_CAGTAACTCAGCCTAA,KUL28-T_CAGTCCTTCTTAACCT,KUL28-T_CCACGGAAGCGCCTCA,KUL28-T_CCACTACTCCGTTGTC,KUL28-T_CCACTACTCGTCCGTT,KUL28-T_CCGTACTCACATGGGA,KUL28-T_CGATGTAAGGTGCAAC,KUL28-T_CGGAGCTGTTCGTCTC,KUL28-T_CGTAGGCGTCGAATCT,KUL28-T_CGTTAGATCGCATGAT,KUL28-T_CTAATGGCATGTAAGA,KUL28-T_CTAATGGGTTGGTTTG,KUL28-T_CTACGTCGTCCCGACA,KUL28-T_CTGCGGAGTCAATACC,KUL28-T_GAACCTAAGGGTATCG,KUL28-T_GATCGTAGTCTAAACC,KUL28-T_GCATGTATCCAAAGTC,KUL28-T_GGATGTTCAATACGCT,KUL28-T_GGATGTTTCTGACCTC,KUL28-T_GGCCGATCAGATCTGT,KUL28-T_GGCGTGTAGTTGAGAT,KUL28-T_GGGACCTAGTACATGA,KUL28-T_GGTGCGTCAGTACACT,KUL28-T_GGTGTTATCACTTCAT,KUL28-T_GTACTCCGTGACAAAT,KUL28-T_GTGGGTCGTCTTTCAT,KUL28-T_GTGTGCGAGCGATAGC,KUL28-T_GTTTCTAGTTATTCTC,KUL28-T_TACGGGCGTCAACTGT,KUL28-T_TACTTGTGTTCGGGCT,KUL28-T_TAGCCGGCATACTACG,KUL28-T_TAGTTGGGTATAAACG,KUL28-T_TCAACGAGTGCACGAA,KUL28-T_TCTCATAGTTCGGCAC,KUL28-T_TCTGGAAAGGAACTGC,KUL28-T_TGCGGGTCAGCCTATA,KUL28-T_TGCTACCCATTCCTCG,KUL28-T_TGTTCCGGTTCACGGC,KUL28-T_TTAGGCAGTTCGGGCT,KUL28-T_TTGTAGGCAGTCGTGC
IGHA1,0.0,0.0,0.0,0.0,0.0,0.0,0.0,0.0,0.0,0.0,0.0,0.0,0.0,0.0,0.0,0.0,0.0,0.0,0.0,0.0,0.0,0.0,0.0,0.0,0.0,0.0,0.0,0.0,0.0,0.0,0.0,0.0,0.0,0.0,0.0,0.0,0.0,0.0,0.0,0.0,0.0,0.0,0.0,0.0,0.0,0.0,0.0,0.0,0.0,0.0,0.0,0.0,0.0,0.0,0.0,0.0,0.0,0.0,0.0,0.0,0.0,0.0,0.0,0.0,0.0,0.0,0.0
CD79A,0.0,0.0,0.0,0.0,0.0,0.0,0.0,0.0,0.0,0.0,0.0,0.0,0.0,0.0,0.0,0.0,0.0,0.0,0.0,0.0,0.0,0.0,0.0,0.0,0.0,0.0,0.0,0.0,0.0,0.0,0.0,0.0,0.0,0.0,0.0,0.0,0.0,0.0,0.0,0.0,0.0,0.0,0.0,0.0,0.0,0.0,0.0,0.0,0.0,0.0,0.0,0.0,0.0,0.0,0.0,0.0,0.0,0.0,0.0,0.0,0.0,0.0,0.0,0.0,0.0,0.0,0.0
JCHAIN,0.0,0.0,0.0,0.0,0.0,0.0,0.0,0.0,0.0,0.0,0.0,0.0,0.0,0.0,0.0,0.0,0.0,0.0,0.0,0.0,0.0,0.0,0.0,0.0,0.0,0.0,0.0,0.0,0.0,0.0,0.0,0.0,0.0,0.0,0.0,0.0,0.0,0.0,0.0,0.0,0.0,0.0,0.0,0.0,0.0,0.0,0.0,0.0,0.0,0.0,0.0,0.0,0.0,0.0,0.0,0.0,0.0,0.0,0.0,0.0,0.0,0.0,0.0,0.0,0.0,0.0,0.0
IGKC,0.0,0.0,1.720847,0.0,0.0,0.0,0.0,0.0,0.0,0.0,2.047976,0.0,0.0,0.0,0.0,0.0,0.0,0.0,0.0,0.0,0.0,0.0,0.0,0.0,0.0,0.0,0.0,0.0,0.0,0.0,0.0,0.0,0.0,0.0,0.0,0.0,0.0,0.0,0.0,0.0,0.0,0.0,0.0,0.0,0.0,0.0,0.0,0.0,0.0,0.0,0.0,0.0,0.0,0.0,0.0,0.0,0.0,0.0,0.0,0.0,0.0,0.0,0.0,0.0,0.0,0.0,0.0
S100A6,3.21534976866905,0.0,3.17581405913164,0.0,3.33752324299727,3.37129519025999,2.69287596471807,2.91434821331261,3.07947066531151,2.90532370541378,3.54849527227303,3.54261149410068,0.0,3.92207136108167,3.62158311488446,0.0,0.0,2.36056424053068,0.0,2.77988441721128,0.0,3.13104128236255,1.97616779134565,1.66581905683477,2.2254489746005,3.23788614470766,3.64036522589665,2.35882780460746,2.74308805784308,2.94795108529198,3.38336434369995,3.38957325346575,0.0,2.93773767990245,2.20868396862704,0.0,2.7176223462617,3.38588892208523,2.27951397209273,2.33911673496303,2.70516164150896,2.91958562893608,2.91270062418399,2.25088926712533,0.0,2.3852642856713,0.0,2.0785670335349,0.0,0.0,3.60742166969832,2.2291402508381,2.63271985032604,2.09588898999699,0.0,3.38336434369995,2.82347862965621,2.75610317393711,2.98970407117115,2.1336948960358,2.70537872834044,2.79923666372267,2.23582745870222,0.0,2.23062151051123,1.98803833847065,0.0
DERL3,0.0,0.0,0.0,0.0,0.0,0.0,0.0,0.0,0.0,0.0,0.0,0.0,0.0,0.0,0.0,0.0,0.0,0.0,0.0,0.0,0.0,0.0,0.0,0.0,0.0,0.0,0.0,0.0,0.0,0.0,0.0,0.0,0.0,0.0,0.0,0.0,0.0,0.0,0.0,0.0,0.0,0.0,0.0,0.0,0.0,0.0,0.0,0.0,0.0,0.0,0.0,0.0,0.0,0.0,0.0,0.0,0.0,0.0,0.0,0.0,0.0,0.0,0.0,0.0,0.0,0.0,0.0
AL928768.3,0.0,0.0,0.0,0.0,0.0,0.0,0.0,0.0,0.0,0.0,0.0,0.0,0.0,0.0,0.0,0.0,0.0,0.0,0.0,0.0,0.0,0.0,0.0,0.0,0.0,0.0,0.0,0.0,0.0,0.0,0.0,0.0,0.0,0.0,0.0,0.0,0.0,0.0,0.0,0.0,0.0,0.0,0.0,0.0,0.0,0.0,0.0,0.0,0.0,0.0,0.0,0.0,0.0,0.0,0.0,0.0,0.0,0.0,0.0,0.0,0.0,0.0,0.0,0.0,0.0,0.0,0.0
MZB1,0.0,2.202934,0.0,0.0,0.0,0.0,0.0,0.0,0.0,0.0,0.0,0.0,0.0,0.0,0.0,0.0,0.0,0.0,0.0,0.0,0.0,0.0,0.0,0.0,0.0,0.0,0.0,0.0,0.0,0.0,0.0,0.0,0.0,0.0,0.0,0.0,0.0,0.0,0.0,0.0,0.0,0.0,0.0,0.0,0.0,0.0,0.0,0.0,0.0,0.0,0.0,0.0,0.0,0.0,0.0,0.0,0.0,2.124558,0.0,0.0,1.732244,0.0,0.0,0.0,0.0,0.0,0.0
IGHA2,0.0,0.0,0.0,0.0,0.0,0.0,0.0,0.0,0.0,0.0,0.0,0.0,0.0,0.0,0.0,0.0,0.0,0.0,0.0,0.0,0.0,0.0,0.0,0.0,0.0,0.0,0.0,0.0,0.0,0.0,0.0,0.0,0.0,0.0,0.0,0.0,0.0,0.0,0.0,0.0,0.0,0.0,0.0,0.0,0.0,0.0,0.0,0.0,0.0,0.0,0.0,0.0,0.0,0.0,0.0,0.0,0.0,0.0,0.0,0.0,0.0,0.0,0.0,0.0,0.0,0.0,0.0
FTH1,3.390959,2.839257,2.692448,3.325383,0.0,3.371295,3.351594,2.274021,3.079471,3.292377,2.047976,3.264529,2.369301,3.703866,1.713724,4.560322,2.144269,3.394199,2.365796,3.441517,2.107231,2.747177,2.977829,3.286162,2.225449,3.237886,2.329854,2.358828,2.743088,3.614525,3.383364,3.389573,2.751972,2.29622,2.845343,4.229724,3.771215,2.352779,3.307465,3.371295,4.259628,4.548733,0.0,2.250889,3.959532,0.0,2.560346,4.441664,2.793098,0.0,2.561633,2.22914,4.362708,2.725585,3.481882,3.10693,2.823479,2.124558,2.609079,2.765818,3.86143,3.461483,2.235827,4.268613,4.211315,2.9909,2.304297
IFITM3,0.0,0.0,0.0,0.0,2.30755,0.0,0.0,3.797554,0.0,0.0,0.0,0.0,0.0,0.0,2.954825,0.0,0.0,2.360564,0.0,2.146934,2.107231,0.0,0.0,0.0,0.0,0.0,0.0,0.0,0.0,0.0,0.0,0.0,0.0,0.0,0.0,0.0,0.0,0.0,0.0,0.0,0.0,0.0,0.0,0.0,0.0,0.0,0.0,0.0,0.0,0.0,0.0,0.0,0.0,0.0,0.0,0.0,0.0,0.0,0.0,0.0,0.0,0.0,0.0,0.0,0.0,0.0,0.0
SSR4,2.357528,0.0,2.692448,0.0,0.0,0.0,0.0,2.274021,0.0,0.0,0.0,2.239567,0.0,0.0,1.713724,0.0,0.0,0.0,0.0,2.146934,2.107231,2.747177,0.0,1.665819,2.225449,1.962901,2.329854,2.358828,0.0,0.0,2.094015,0.0,0.0,0.0,0.0,0.0,2.088418,0.0,2.279514,0.0,2.076734,0.0,0.0,0.0,0.0,0.0,1.941637,2.078567,2.159381,2.008989,1.606564,2.22914,3.289264,1.518711,0.0,0.0,0.0,0.0,1.986951,2.133695,2.33279,2.165166,0.0,0.0,0.0,0.0,0.0
TNFRSF17,0.0,0.0,0.0,0.0,0.0,0.0,0.0,0.0,0.0,0.0,0.0,0.0,0.0,0.0,0.0,0.0,0.0,0.0,0.0,0.0,0.0,0.0,0.0,0.0,0.0,0.0,0.0,0.0,0.0,0.0,0.0,0.0,0.0,0.0,0.0,0.0,0.0,0.0,0.0,0.0,0.0,0.0,0.0,0.0,0.0,0.0,0.0,0.0,0.0,0.0,0.0,0.0,0.0,0.0,0.0,0.0,0.0,0.0,0.0,0.0,0.0,0.0,0.0,0.0,0.0,0.0,0.0
TMSB10,4.145849,4.04936,3.500283,3.604035,2.949665,3.868288,2.065222,3.301568,3.079471,3.292377,4.007652,3.542611,4.0799,3.035048,3.839364,3.128253,2.144269,3.673454,4.076097,3.164451,2.737665,3.407745,4.404223,3.111292,2.225449,3.630183,4.635125,3.889629,2.743088,3.832268,4.059399,4.285423,2.120674,3.821721,3.726142,5.048181,3.100831,4.061967,3.307465,2.982857,2.705162,3.981564,3.974422,3.276712,3.630659,3.031286,4.105968,3.911044,3.569419,3.682224,4.571155,2.22914,3.504923,3.385429,4.028232,3.383364,4.032887,3.140161,2.609079,3.643623,4.191873,2.799237,3.755863,2.713668,4.327449,3.265942,3.334038
MYL6,3.002192,2.202934,2.692448,0.0,3.337523,0.0,2.692876,0.0,2.068839,1.671058,2.674451,2.877991,2.369301,3.035048,2.684356,2.113604,0.0,0.0,0.0,3.164451,2.737665,2.116168,1.976168,1.665819,0.0,0.0,0.0,2.358828,2.743088,2.947951,2.094015,2.099651,0.0,0.0,2.845343,2.367547,2.088418,2.352779,0.0,2.339117,3.088088,2.540741,2.912701,0.0,0.0,3.420536,0.0,0.0,3.177942,2.63272,0.0,0.0,2.63272,3.256724,2.819021,0.0,0.0,2.756103,0.0,3.643623,3.189102,2.799237,0.0,2.713668,2.230622,1.988038,2.946241
ITM2B,0.0,0.0,2.692448,0.0,0.0,0.0,2.065222,0.0,2.068839,2.635721,0.0,3.264529,2.369301,0.0,3.167496,0.0,2.777053,2.360564,2.365796,2.146934,3.614349,2.116168,0.0,0.0,2.863073,1.962901,0.0,0.0,0.0,2.305922,2.094015,2.099651,0.0,0.0,0.0,0.0,2.088418,2.352779,0.0,2.339117,0.0,2.540741,0.0,0.0,2.121967,0.0,2.560346,2.078567,2.159381,0.0,2.194031,0.0,2.008989,0.0,2.183826,0.0,0.0,0.0,0.0,0.0,1.732244,2.799237,2.235827,0.0,2.230622,0.0,0.0
CST3,0.0,0.0,0.0,0.0,0.0,0.0,0.0,0.0,0.0,0.0,0.0,0.0,0.0,0.0,0.0,0.0,0.0,0.0,0.0,0.0,0.0,0.0,0.0,0.0,0.0,0.0,0.0,0.0,0.0,2.305922,0.0,0.0,0.0,0.0,0.0,0.0,0.0,0.0,0.0,0.0,0.0,0.0,0.0,0.0,0.0,0.0,1.941637,0.0,0.0,0.0,0.0,0.0,0.0,0.0,0.0,0.0,0.0,0.0,0.0,0.0,0.0,0.0,0.0,0.0,0.0,0.0,0.0
HSP90AB1,2.357528,2.202934,2.692448,0.0,2.30755,0.0,0.0,0.0,0.0,0.0,0.0,0.0,0.0,2.388854,1.713724,2.113604,0.0,0.0,0.0,2.146934,0.0,0.0,1.976168,2.899222,2.225449,1.962901,2.329854,3.003556,0.0,0.0,3.10693,2.099651,2.120674,0.0,0.0,0.0,0.0,2.997206,2.279514,0.0,2.076734,0.0,2.272458,0.0,0.0,0.0,0.0,0.0,0.0,0.0,1.606564,0.0,2.63272,0.0,0.0,0.0,0.0,0.0,2.609079,2.133695,1.732244,0.0,0.0,0.0,0.0,2.9909,0.0
HSPB1,1.754819,0.0,0.0,0.0,0.0,0.0,0.0,2.274021,0.0,0.0,2.047976,0.0,0.0,2.388854,0.0,0.0,0.0,2.360564,0.0,0.0,2.107231,0.0,0.0,0.0,0.0,0.0,0.0,0.0,0.0,0.0,3.383364,0.0,0.0,0.0,0.0,0.0,2.717622,0.0,2.279514,0.0,0.0,0.0,0.0,0.0,0.0,0.0,0.0,0.0,0.0,0.0,0.0,0.0,2.008989,0.0,0.0,0.0,0.0,0.0,1.986951,0.0,1.732244,2.165166,0.0,0.0,0.0,2.610246,0.0
CD69,0.0,0.0,3.84786,0.0,0.0,2.339117,0.0,3.301568,2.696737,0.0,3.056667,2.239567,0.0,0.0,0.0,2.113604,2.777053,3.394199,2.365796,4.118527,2.107231,2.747177,0.0,2.629729,2.863073,2.963201,3.361393,0.0,0.0,2.305922,2.094015,2.099651,2.751972,0.0,2.845343,0.0,3.377196,0.0,2.279514,3.371295,2.076734,3.735566,0.0,0.0,0.0,2.385264,1.941637,2.707117,2.159381,3.013932,3.0411,4.895374,2.008989,1.518711,2.183826,2.723587,4.164201,0.0,3.807837,2.133695,0.0,3.461483,0.0,0.0,0.0,0.0,0.0
LGALS1,0.0,0.0,0.0,0.0,2.949665,2.339117,0.0,0.0,0.0,0.0,0.0,2.239567,0.0,0.0,0.0,0.0,0.0,0.0,2.365796,3.658237,0.0,2.116168,0.0,0.0,0.0,0.0,3.640365,3.003556,0.0,2.947951,0.0,2.099651,0.0,2.937738,0.0,0.0,2.088418,0.0,2.279514,0.0,2.076734,0.0,3.29989,0.0,2.121967,0.0,0.0,0.0,1.575444,0.0,2.829832,2.866975,0.0,0.0,3.204398,2.723587,0.0,0.0,2.609079,0.0,1.732244,0.0,0.0,0.0,0.0,0.0,0.0
EVI2B,0.0,0.0,0.0,0.0,0.0,0.0,2.065222,0.0,0.0,2.265462,0.0,0.0,0.0,0.0,0.0,0.0,0.0,0.0,0.0,0.0,0.0,0.0,0.0,0.0,0.0,0.0,0.0,0.0,0.0,0.0,0.0,0.0,2.120674,0.0,0.0,0.0,0.0,0.0,2.920139,0.0,0.0,0.0,0.0,2.250889,0.0,0.0,0.0,2.078567,0.0,0.0,0.0,0.0,0.0,0.0,0.0,2.094015,2.188033,0.0,0.0,0.0,0.0,2.165166,0.0,0.0,0.0,0.0,0.0
CD48,0.0,0.0,1.72084710114249,0.0,0.0,2.33911673496303,0.0,0.0,2.06883920025034,1.6710576703515,0.0,0.0,2.36930147343163,0.0,0.0,0.0,0.0,0.0,0.0,0.0,2.10723100359207,0.0,0.0,0.0,0.0,0.0,0.0,0.0,0.0,0.0,0.0,0.0,2.12067431022148,0.0,0.0,0.0,0.0,0.0,0.0,0.0,0.0,1.92345057614994,0.0,0.0,0.0,0.0,1.94163663827793,0.0,0.0,2.63271985032604,1.60656411784832,0.0,0.0,1.51871065293527,2.18382640423796,0.0,0.0,0.0,0.0,0.0,0.0,0.0,0.0,0.0,2.23062151051123,0.0,2.30429688223136
VIM,0.0,0.0,0.0,0.0,0.0,0.0,0.0,0.0,2.068839,1.671058,0.0,2.239567,0.0,2.388854,2.312454,0.0,0.0,3.394199,0.0,2.146934,0.0,0.0,0.0,0.0,2.863073,0.0,0.0,0.0,0.0,0.0,2.094015,2.099651,0.0,0.0,2.208684,0.0,2.088418,2.352779,2.279514,0.0,0.0,0.0,2.912701,0.0,2.121967,2.385264,2.560346,2.078567,1.575444,2.63272,2.194031,2.22914,0.0,0.0,3.204398,2.094015,2.188033,2.124558,0.0,2.133695,2.33279,2.165166,2.235827,2.084709,3.254897,1.988038,0.0
ACTB,4.619373,4.180709,4.178221,3.604035,0.0,0.0,3.075521,2.274021,3.079471,2.905324,4.321137,3.759951,3.900954,0.0,3.167496,2.744449,2.144269,0.0,4.22782,4.432534,4.626502,3.407745,3.252704,2.899222,3.249324,1.962901,5.067012,0.0,3.126863,2.947951,3.10693,3.605949,2.751972,4.000387,2.845343,3.401649,2.717622,3.665073,3.585953,3.371295,2.705162,4.085057,3.974422,2.889947,3.414119,3.031286,3.214088,2.707117,2.793098,3.504923,4.286915,4.325812,2.63272,3.779543,3.877045,3.777454,4.032887,3.962419,4.416579,0.0,4.040239,2.799237,2.874041,3.58937,3.254897,4.417823,4.160755
CYTIP,1.754819,0.0,0.0,0.0,0.0,0.0,2.065222,2.274021,2.068839,0.0,0.0,0.0,0.0,0.0,0.0,0.0,0.0,0.0,0.0,0.0,2.107231,0.0,0.0,0.0,0.0,0.0,0.0,0.0,0.0,0.0,0.0,0.0,2.120674,0.0,0.0,0.0,0.0,0.0,0.0,0.0,0.0,0.0,0.0,0.0,0.0,0.0,0.0,0.0,0.0,2.008989,0.0,0.0,0.0,0.0,0.0,2.094015,0.0,0.0,0.0,0.0,0.0,0.0,0.0,0.0,0.0,1.988038,0.0
IGFBP7,0.0,0.0,0.0,0.0,0.0,0.0,0.0,0.0,0.0,0.0,0.0,0.0,0.0,0.0,3.167496,0.0,0.0,0.0,0.0,0.0,0.0,0.0,0.0,0.0,0.0,0.0,0.0,0.0,0.0,0.0,0.0,0.0,0.0,0.0,0.0,0.0,0.0,0.0,0.0,0.0,0.0,0.0,0.0,0.0,0.0,0.0,0.0,0.0,0.0,0.0,0.0,0.0,0.0,0.0,0.0,0.0,0.0,0.0,0.0,2.133695,0.0,0.0,0.0,0.0,0.0,0.0,0.0
S100A11,1.75481895374561,0.0,2.32027983928059,0.0,0.0,2.33911673496303,3.35159421491937,2.27402056526025,2.06883920025034,0.0,2.04797595982601,2.87799118332661,3.01454642036821,3.03504818400374,2.31245433874836,3.12825333063389,0.0,2.36056424053068,0.0,0.0,3.39791647550574,2.11616756792241,0.0,0.0,0.0,0.0,0.0,2.35882780460746,0.0,0.0,0.0,0.0,2.12067431022148,2.29621992739132,0.0,0.0,0.0,2.35277882971183,2.92013871803569,0.0,3.08808814761517,0.0,2.27245780891882,2.25088926712533,2.12196671391844,2.3852642856713,1.94163663827793,2.70711736521367,1.5754438385365,0.0,2.19403096184742,2.86697506219861,2.00898929169822,2.09588898999699,0.0,2.09401455295064,2.18803317369721,2.12455791305678,0.0,2.1336948960358,2.33278973108476,3.18420769592232,2.23582745870222,0.0,0.0,0.0,0.0
RGS1,1.75481895374561,3.50273417106679,2.69244800991692,2.29621992739132,3.61628443363438,0.0,0.0,2.91434821331261,0.0,2.63572090390671,3.54849527227303,2.87799118332661,0.0,0.0,0.0,3.12825333063389,2.14426850086851,0.0,0.0,2.14693417019908,3.61434898276001,0.0,3.25270362201136,2.62972916222918,0.0,0.0,0.0,0.0,3.4035202630783,2.30592188645848,4.17526287877334,3.38957325346575,2.7519723009537,0.0,4.05570930704437,3.40164860157505,3.59348794144066,3.8830830411626,2.27951397209273,0.0,2.0767337617138,2.91958562893608,2.27245780891882,0.0,3.41411868418827,2.3852642856713,2.93971456093017,0.0,3.00392020161428,2.00898929169822,0.0,0.0,2.00898929169822,0.0,2.81902142480016,3.10692981312063,2.18803317369721,2.12455791305678,3.48020358391264,2.1336948960358,2.97620834171365,0.0,0.0,3.58937033022457,3.53288599213482,0.0,4.16075520270859
LAPTM4A,0.0,0.0,1.720847,0.0,0.0,2.339117,0.0,2.274021,0.0,1.671058,0.0,0.0,0.0,0.0,0.0,0.0,0.0,0.0,0.0,0.0,0.0,0.0,0.0,0.0,0.0,0.0,2.329854,0.0,0.0,0.0,2.094015,0.0,0.0,0.0,0.0,0.0,0.0,0.0,0.0,0.0,0.0,0.0,0.0,0.0,0.0,0.0,0.0,0.0,1.575444,0.0,0.0,0.0,0.0,1.518711,0.0,0.0,0.0,0.0,0.0,0.0,1.732244,0.0,0.0,0.0,0.0,1.988038,0.0
CD74,2.357528,0.0,0.0,0.0,0.0,0.0,0.0,0.0,2.068839,1.671058,0.0,2.877991,0.0,0.0,0.0,0.0,0.0,0.0,0.0,0.0,0.0,0.0,2.597497,0.0,0.0,1.962901,0.0,2.358828,2.112325,0.0,2.723587,0.0,0.0,0.0,0.0,0.0,2.088418,3.385889,0.0,2.339117,2.705162,0.0,2.272458,0.0,0.0,2.385264,0.0,0.0,1.575444,0.0,0.0,0.0,0.0,0.0,0.0,0.0,0.0,0.0,3.264731,2.133695,1.732244,0.0,0.0,0.0,2.230622,2.9909,0.0
DSTN,0.0,0.0,0.0,0.0,0.0,0.0,0.0,0.0,0.0,1.671058,0.0,0.0,0.0,0.0,0.0,2.113604,0.0,0.0,2.365796,0.0,0.0,0.0,0.0,0.0,0.0,0.0,0.0,0.0,0.0,0.0,0.0,0.0,0.0,0.0,0.0,0.0,2.088418,2.352779,0.0,0.0,0.0,0.0,0.0,0.0,0.0,0.0,0.0,0.0,0.0,0.0,0.0,2.22914,0.0,0.0,0.0,0.0,2.188033,0.0,1.986951,0.0,1.732244,0.0,0.0,0.0,0.0,0.0,2.304297
ISG20,0.0,0.0,1.720847,0.0,0.0,2.339117,0.0,0.0,2.068839,0.0,2.047976,2.239567,0.0,0.0,0.0,0.0,0.0,0.0,0.0,0.0,2.107231,0.0,1.976168,1.665819,0.0,0.0,0.0,2.358828,0.0,0.0,0.0,2.099651,2.120674,2.29622,2.845343,0.0,0.0,0.0,2.279514,0.0,2.076734,0.0,0.0,0.0,0.0,0.0,1.941637,2.078567,2.793098,0.0,0.0,0.0,2.008989,1.518711,2.819021,0.0,0.0,2.124558,0.0,0.0,0.0,0.0,0.0,0.0,2.86854,0.0,2.304297
S100A10,1.75481895374561,2.2029337810686,1.72084710114249,0.0,0.0,0.0,0.0,2.27402056526025,0.0,0.0,0.0,0.0,2.36930147343163,2.38885361988142,2.95482497057251,2.11360385508445,0.0,0.0,0.0,2.14693417019908,0.0,2.11616756792241,1.97616779134565,1.66581905683477,0.0,0.0,2.32985368712411,0.0,0.0,2.30592188645848,0.0,2.09965141229548,0.0,0.0,0.0,0.0,0.0,0.0,2.27951397209273,2.33911673496303,0.0,0.0,0.0,0.0,0.0,0.0,0.0,0.0,1.5754438385365,0.0,0.0,0.0,2.00898929169822,0.0,0.0,0.0,2.82347862965621,2.12455791305678,0.0,0.0,0.0,2.1651660828208,2.23582745870222,2.71366819340643,0.0,0.0,0.0
FAM46C,0.0,2.2029337810686,0.0,0.0,2.30755012237667,0.0,0.0,0.0,0.0,0.0,0.0,0.0,0.0,2.38885361988142,0.0,0.0,0.0,0.0,0.0,0.0,0.0,0.0,0.0,1.66581905683477,0.0,0.0,0.0,2.35882780460746,2.11232513354973,0.0,0.0,0.0,0.0,2.29621992739132,0.0,0.0,0.0,0.0,0.0,2.33911673496303,0.0,0.0,0.0,0.0,0.0,2.3852642856713,0.0,0.0,0.0,0.0,0.0,0.0,2.63271985032604,0.0,0.0,0.0,0.0,0.0,0.0,0.0,0.0,0.0,0.0,0.0,0.0,0.0,0.0
SPARC,0.0,0.0,0.0,0.0,0.0,0.0,2.065222,0.0,0.0,0.0,0.0,0.0,0.0,0.0,2.312454,0.0,0.0,0.0,0.0,0.0,2.107231,0.0,0.0,0.0,0.0,0.0,0.0,0.0,0.0,0.0,0.0,0.0,0.0,0.0,0.0,0.0,0.0,0.0,0.0,0.0,0.0,0.0,0.0,0.0,0.0,0.0,0.0,2.078567,0.0,0.0,0.0,0.0,0.0,0.0,0.0,0.0,0.0,0.0,0.0,0.0,0.0,0.0,0.0,0.0,0.0,0.0,0.0
CD63,1.754819,0.0,0.0,0.0,0.0,0.0,0.0,0.0,0.0,0.0,0.0,0.0,0.0,0.0,2.312454,0.0,0.0,0.0,0.0,0.0,0.0,0.0,0.0,0.0,0.0,0.0,0.0,0.0,0.0,0.0,0.0,0.0,0.0,0.0,0.0,0.0,0.0,2.352779,2.279514,0.0,0.0,1.923451,0.0,0.0,0.0,0.0,0.0,0.0,0.0,0.0,0.0,2.22914,0.0,1.518711,0.0,0.0,0.0,0.0,0.0,0.0,1.732244,0.0,0.0,0.0,0.0,0.0,0.0
CCL5,1.754819,0.0,0.0,3.325383,0.0,0.0,3.567707,3.301568,0.0,0.0,0.0,0.0,0.0,3.035048,0.0,3.621406,0.0,0.0,4.076097,4.518555,0.0,0.0,0.0,0.0,0.0,0.0,0.0,0.0,0.0,0.0,0.0,0.0,0.0,2.29622,0.0,0.0,0.0,0.0,0.0,2.339117,2.076734,0.0,3.29989,2.889947,0.0,3.420536,0.0,0.0,0.0,2.008989,0.0,3.926936,3.289264,0.0,0.0,3.599698,3.208945,0.0,0.0,0.0,0.0,0.0,2.874041,0.0,0.0,0.0,0.0
POLR2L,3.21535,0.0,2.32028,2.29622,0.0,2.339117,2.692876,2.914348,2.696737,1.671058,2.047976,0.0,0.0,2.388854,2.312454,0.0,0.0,0.0,0.0,3.164451,2.107231,0.0,1.976168,0.0,0.0,2.583235,2.329854,3.003556,0.0,2.305922,0.0,0.0,0.0,0.0,2.845343,0.0,0.0,0.0,2.279514,2.339117,0.0,0.0,2.912701,2.250889,0.0,0.0,0.0,2.078567,0.0,2.008989,2.194031,2.22914,0.0,0.0,0.0,2.094015,0.0,2.124558,2.609079,0.0,2.33279,0.0,2.235827,2.084709,2.86854,2.610246,2.946241
SPARCL1,0.0,0.0,0.0,0.0,0.0,0.0,0.0,0.0,0.0,0.0,0.0,2.239567,0.0,0.0,2.312454,0.0,0.0,0.0,0.0,0.0,0.0,0.0,0.0,0.0,0.0,0.0,0.0,0.0,0.0,0.0,0.0,0.0,0.0,0.0,0.0,0.0,0.0,0.0,0.0,0.0,0.0,0.0,0.0,0.0,0.0,0.0,0.0,0.0,0.0,0.0,0.0,0.0,0.0,0.0,0.0,0.0,0.0,0.0,0.0,0.0,0.0,0.0,0.0,0.0,0.0,0.0,0.0
CYBA,0.0,0.0,0.0,3.325383,2.949665,2.982857,0.0,0.0,2.068839,1.671058,3.056667,2.239567,2.369301,2.388854,2.684356,2.744449,2.777053,0.0,0.0,2.146934,2.107231,0.0,0.0,1.665819,2.863073,1.962901,4.18867,0.0,0.0,2.947951,3.10693,2.729593,2.120674,2.29622,0.0,0.0,0.0,0.0,2.920139,3.868288,2.705162,1.923451,3.29989,2.250889,2.121967,2.385264,0.0,2.078567,2.793098,2.008989,2.194031,3.531275,2.008989,3.108972,3.204398,0.0,2.188033,2.124558,0.0,2.133695,2.705379,0.0,2.235827,3.096788,0.0,2.610246,2.946241
SEC11C,0.0,0.0,0.0,0.0,0.0,0.0,0.0,0.0,0.0,0.0,0.0,0.0,0.0,0.0,1.713724,0.0,0.0,0.0,0.0,0.0,0.0,0.0,0.0,0.0,0.0,0.0,0.0,0.0,0.0,0.0,0.0,2.099651,0.0,0.0,0.0,0.0,0.0,0.0,0.0,0.0,0.0,0.0,0.0,0.0,0.0,0.0,0.0,0.0,0.0,0.0,0.0,0.0,0.0,0.0,0.0,0.0,0.0,0.0,1.986951,0.0,0.0,0.0,0.0,0.0,0.0,0.0,2.304297
IGLC2,0.0,0.0,0.0,0.0,0.0,0.0,0.0,0.0,0.0,0.0,0.0,0.0,0.0,0.0,0.0,0.0,0.0,0.0,0.0,0.0,0.0,0.0,0.0,0.0,0.0,0.0,0.0,0.0,0.0,0.0,0.0,0.0,0.0,0.0,0.0,0.0,0.0,0.0,0.0,0.0,0.0,0.0,0.0,0.0,0.0,0.0,0.0,0.0,0.0,0.0,0.0,0.0,0.0,0.0,0.0,0.0,0.0,0.0,0.0,0.0,0.0,0.0,0.0,0.0,0.0,0.0,0.0
FOS,0.0,2.839257,4.105291,0.0,2.30755,4.047121,4.932609,4.573704,3.35559,2.265462,4.007652,2.239567,0.0,0.0,4.018095,4.197235,3.438595,4.07042,3.010868,4.234501,2.107231,3.624244,0.0,4.111858,2.225449,4.309986,2.329854,3.392346,0.0,0.0,2.723587,2.099651,2.751972,0.0,3.231246,3.401649,3.377196,2.352779,2.279514,0.0,0.0,3.193687,0.0,2.250889,2.121967,0.0,1.941637,3.582547,3.928438,3.504923,4.4391,3.531275,4.44177,3.499443,0.0,4.611591,3.703479,2.756103,3.807837,2.133695,2.33279,3.67833,5.305796,3.096788,3.254897,2.9909,0.0
RHOA,1.754819,0.0,0.0,2.937738,2.30755,0.0,0.0,2.274021,2.068839,1.671058,2.047976,0.0,0.0,2.388854,0.0,0.0,0.0,0.0,0.0,2.146934,2.107231,0.0,0.0,0.0,0.0,0.0,0.0,0.0,2.112325,0.0,2.094015,2.099651,0.0,0.0,0.0,0.0,2.088418,0.0,0.0,2.339117,0.0,2.540741,2.272458,0.0,2.121967,2.385264,0.0,0.0,0.0,0.0,1.606564,0.0,2.008989,0.0,2.819021,0.0,0.0,2.124558,0.0,0.0,0.0,2.165166,0.0,0.0,0.0,0.0,0.0
SPINK2,0.0,0.0,0.0,0.0,0.0,0.0,0.0,0.0,0.0,0.0,0.0,0.0,0.0,0.0,0.0,0.0,0.0,0.0,0.0,0.0,0.0,0.0,0.0,0.0,0.0,0.0,0.0,0.0,0.0,0.0,0.0,0.0,0.0,0.0,0.0,0.0,0.0,0.0,0.0,0.0,0.0,0.0,0.0,0.0,0.0,0.0,0.0,0.0,0.0,0.0,0.0,0.0,0.0,0.0,0.0,0.0,0.0,0.0,0.0,0.0,0.0,0.0,0.0,0.0,0.0,0.0,0.0
NEAT1,2.357528,2.839257,3.351151,3.604035,2.949665,0.0,3.567707,2.274021,2.068839,2.635721,2.674451,3.938384,2.369301,0.0,3.167496,2.744449,2.144269,3.673454,2.365796,4.234501,2.737665,2.116168,3.468083,1.665819,2.863073,1.962901,2.973122,4.351933,3.61999,2.947951,3.10693,2.729593,4.30902,0.0,2.845343,3.012705,0.0,2.997206,3.982138,2.339117,3.58051,2.919586,2.272458,2.889947,3.137345,2.385264,2.939715,0.0,3.764955,3.013932,0.0,3.748548,2.008989,2.459503,2.183826,2.094015,2.188033,4.09357,2.989704,3.150085,2.33279,0.0,2.235827,2.713668,3.750168,0.0,2.304297
RHOB,0.0,0.0,0.0,0.0,0.0,0.0,0.0,2.914348,0.0,0.0,0.0,0.0,2.369301,0.0,1.713724,0.0,0.0,0.0,0.0,2.146934,0.0,0.0,0.0,0.0,0.0,0.0,0.0,0.0,0.0,0.0,0.0,2.099651,0.0,0.0,0.0,0.0,0.0,0.0,0.0,0.0,0.0,0.0,0.0,0.0,0.0,0.0,0.0,0.0,0.0,0.0,0.0,0.0,0.0,0.0,0.0,0.0,0.0,0.0,0.0,0.0,0.0,0.0,2.235827,0.0,0.0,0.0,0.0
S100A4,3.21534976866905,3.71983652476176,3.50028308890293,0.0,2.30755012237667,2.98285686282472,2.06522247083326,3.3015680942621,3.57173159013729,0.0,3.54849527227303,4.33733460529132,0.0,0.0,2.31245433874836,0.0,2.77705312026539,3.6734539892874,3.67908258638818,0.0,3.79217135767989,2.74717732949102,1.97616779134565,2.89922231810757,3.52725874644022,3.63018266988631,3.85824640364317,3.00355599440811,3.12686252994284,2.94795108529198,3.77745396227664,4.28542263830706,3.13594070145768,2.93773767990245,3.23124631958246,3.0127054000116,3.10083108594646,0.0,2.27951397209273,2.98285686282472,3.08808814761517,1.92345057614994,3.97442150990308,2.88994685880331,2.75334710580621,3.42053581027297,1.94163663827793,0.0,3.00392020161428,3.96359450514141,3.88830022928951,2.86697506219861,3.01393233132909,3.49944277313916,3.69885709228956,2.7235872368112,3.48647637127768,3.4169653128676,4.33754161735937,3.15008503911947,5.09905176382802,3.46148304504618,2.23582745870222,3.58937033022457,2.23062151051123,2.99090020199846,3.61276836726394
CD27,0.0,0.0,0.0,0.0,0.0,0.0,2.065222,0.0,0.0,0.0,0.0,0.0,0.0,0.0,0.0,0.0,0.0,0.0,0.0,0.0,2.107231,0.0,0.0,0.0,0.0,0.0,0.0,0.0,0.0,2.305922,2.723587,0.0,0.0,0.0,0.0,3.401649,0.0,0.0,0.0,2.982857,0.0,2.540741,2.272458,0.0,0.0,0.0,0.0,0.0,0.0,0.0,0.0,0.0,0.0,1.518711,0.0,2.094015,0.0,2.756103,0.0,0.0,0.0,0.0,0.0,0.0,2.230622,1.988038,0.0
CALD1,0.0,0.0,0.0,0.0,0.0,0.0,0.0,0.0,0.0,0.0,0.0,0.0,0.0,0.0,0.0,0.0,0.0,0.0,0.0,0.0,0.0,0.0,0.0,0.0,0.0,0.0,0.0,0.0,0.0,0.0,0.0,0.0,0.0,0.0,0.0,0.0,0.0,0.0,0.0,0.0,0.0,0.0,0.0,0.0,0.0,0.0,0.0,0.0,0.0,0.0,0.0,0.0,0.0,0.0,0.0,0.0,0.0,0.0,0.0,0.0,0.0,0.0,2.235827,0.0,0.0,0.0,0.0
APP,0.0,0.0,0.0,0.0,0.0,0.0,0.0,0.0,0.0,0.0,0.0,0.0,0.0,0.0,1.713724,0.0,0.0,0.0,0.0,0.0,0.0,0.0,0.0,0.0,0.0,0.0,0.0,0.0,0.0,0.0,2.094015,0.0,0.0,0.0,0.0,0.0,0.0,0.0,0.0,0.0,0.0,0.0,0.0,0.0,0.0,0.0,0.0,0.0,0.0,0.0,0.0,0.0,0.0,0.0,0.0,0.0,0.0,0.0,0.0,0.0,1.732244,0.0,0.0,0.0,0.0,0.0,0.0
CTGF,0.0,0.0,0.0,0.0,0.0,0.0,0.0,0.0,0.0,0.0,0.0,0.0,2.369301,0.0,0.0,0.0,0.0,0.0,0.0,0.0,0.0,0.0,0.0,0.0,0.0,0.0,0.0,0.0,0.0,0.0,0.0,0.0,0.0,0.0,0.0,0.0,0.0,0.0,0.0,0.0,0.0,0.0,0.0,0.0,0.0,0.0,0.0,0.0,0.0,0.0,0.0,0.0,0.0,0.0,0.0,0.0,0.0,0.0,1.986951,0.0,0.0,0.0,0.0,0.0,0.0,0.0,0.0
HSP90AA1,2.357528,2.202934,2.692448,0.0,0.0,2.982857,0.0,2.914348,2.068839,2.265462,0.0,2.239567,2.369301,0.0,2.312454,2.113604,4.59477,2.360564,0.0,2.146934,0.0,0.0,0.0,0.0,3.249324,1.962901,2.973122,0.0,2.743088,2.305922,0.0,3.113069,2.751972,2.29622,0.0,2.367547,0.0,0.0,0.0,0.0,0.0,2.540741,2.912701,2.250889,0.0,0.0,2.560346,0.0,1.575444,2.008989,0.0,2.22914,2.63272,1.518711,2.183826,2.723587,0.0,2.756103,1.986951,2.765818,2.705379,0.0,2.235827,0.0,0.0,1.988038,2.946241
DDX5,3.002192,3.22504,1.720847,3.325383,0.0,2.339117,3.351594,2.914348,3.571732,2.635721,3.332518,2.239567,2.369301,3.035048,1.713724,2.113604,2.777053,2.360564,0.0,0.0,3.12132,2.116168,3.252704,1.665819,0.0,2.583235,2.329854,2.358828,2.112325,0.0,2.723587,2.729593,2.751972,2.29622,0.0,2.367547,2.717622,3.385889,2.279514,2.339117,2.705162,2.540741,2.272458,2.250889,2.753347,3.031286,0.0,0.0,2.793098,2.008989,1.606564,0.0,3.013932,2.095889,2.819021,2.723587,2.188033,3.416965,0.0,2.133695,2.705379,2.165166,2.874041,2.713668,2.86854,0.0,0.0
EGR1,1.754819,0.0,0.0,0.0,3.337523,0.0,0.0,2.274021,0.0,0.0,0.0,0.0,0.0,0.0,0.0,0.0,0.0,0.0,0.0,3.164451,0.0,0.0,0.0,0.0,0.0,0.0,0.0,0.0,0.0,0.0,0.0,0.0,0.0,0.0,0.0,0.0,0.0,0.0,0.0,0.0,2.076734,2.540741,0.0,0.0,0.0,0.0,0.0,0.0,1.575444,0.0,0.0,0.0,0.0,0.0,0.0,0.0,0.0,0.0,0.0,0.0,0.0,0.0,2.235827,2.084709,0.0,0.0,0.0
PPIA,0.0,2.839257,0.0,2.29622,0.0,0.0,0.0,0.0,0.0,1.671058,2.047976,0.0,0.0,2.388854,2.312454,0.0,0.0,0.0,0.0,0.0,2.107231,2.747177,1.976168,2.259678,0.0,0.0,2.329854,0.0,2.112325,2.305922,0.0,2.099651,0.0,0.0,0.0,0.0,0.0,0.0,2.279514,0.0,0.0,0.0,0.0,2.250889,3.137345,0.0,0.0,0.0,1.575444,3.013932,2.194031,0.0,2.008989,1.518711,2.183826,0.0,0.0,2.124558,0.0,2.765818,0.0,3.184208,2.235827,2.084709,0.0,1.988038,2.304297
ACTG1,1.754819,0.0,0.0,0.0,0.0,0.0,2.065222,0.0,2.068839,1.671058,2.047976,0.0,2.369301,2.388854,1.713724,2.113604,0.0,0.0,0.0,2.146934,2.107231,0.0,2.597497,1.665819,2.863073,0.0,2.973122,2.358828,2.112325,2.947951,2.723587,0.0,2.120674,2.29622,0.0,0.0,0.0,0.0,2.279514,3.868288,0.0,1.923451,0.0,0.0,0.0,3.420536,0.0,0.0,2.159381,0.0,2.561633,3.253301,0.0,3.256724,2.183826,2.723587,0.0,0.0,3.264731,2.133695,2.33279,3.184208,0.0,2.084709,0.0,2.9909,2.304297
FCRL5,0.0,0.0,0.0,0.0,0.0,0.0,0.0,0.0,0.0,0.0,0.0,0.0,0.0,0.0,0.0,0.0,0.0,0.0,0.0,0.0,0.0,0.0,0.0,0.0,0.0,0.0,0.0,0.0,0.0,0.0,0.0,0.0,0.0,0.0,0.0,0.0,0.0,0.0,0.0,0.0,0.0,0.0,0.0,0.0,0.0,0.0,0.0,0.0,0.0,0.0,0.0,0.0,0.0,0.0,0.0,0.0,0.0,0.0,0.0,0.0,0.0,0.0,0.0,0.0,0.0,0.0,0.0
CNN3,0.0,0.0,0.0,0.0,0.0,0.0,0.0,2.27402056526025,0.0,0.0,0.0,0.0,0.0,0.0,0.0,0.0,0.0,0.0,0.0,0.0,0.0,0.0,0.0,0.0,0.0,0.0,0.0,0.0,0.0,0.0,0.0,0.0,0.0,0.0,0.0,0.0,0.0,0.0,0.0,0.0,0.0,0.0,0.0,0.0,0.0,0.0,0.0,0.0,0.0,0.0,0.0,0.0,0.0,0.0,0.0,0.0,0.0,0.0,0.0,0.0,0.0,0.0,0.0,0.0,0.0,0.0,0.0
ITGB1,0.0,0.0,0.0,0.0,0.0,0.0,0.0,0.0,0.0,1.671058,0.0,0.0,0.0,0.0,1.713724,0.0,0.0,2.360564,0.0,0.0,0.0,2.116168,0.0,0.0,0.0,0.0,0.0,0.0,0.0,0.0,0.0,0.0,0.0,2.29622,2.208684,2.367547,0.0,0.0,0.0,0.0,0.0,2.540741,0.0,0.0,0.0,0.0,0.0,2.707117,0.0,0.0,0.0,0.0,0.0,0.0,0.0,2.094015,0.0,0.0,0.0,0.0,1.732244,0.0,0.0,0.0,0.0,0.0,2.304297
MT-CO3,4.067124,4.66032,4.309835,4.503863,4.412167,4.446745,3.745314,4.881103,4.031139,4.935691,4.912978,4.337335,4.583939,4.785923,4.923535,4.395168,4.335432,5.211351,4.674487,4.234501,4.388006,4.939398,3.795608,4.30312,4.68536,4.388994,3.640365,3.889629,4.881391,5.040635,5.059956,5.341072,5.21721,4.598166,3.726142,3.899057,3.593488,3.385889,5.267768,4.731493,4.784422,4.818144,4.373604,4.634283,4.206599,4.695753,4.364524,4.99622,4.24838,5.007182,4.286915,4.524075,4.079265,3.930426,4.275582,4.860695,4.478407,4.572642,3.807837,5.148996,4.118927,4.691574,4.333204,4.79346,4.0799,5.533579,4.846074
ANXA2,0.0,0.0,0.0,0.0,0.0,0.0,0.0,0.0,0.0,0.0,0.0,0.0,0.0,0.0,1.713724,0.0,0.0,0.0,0.0,0.0,0.0,0.0,0.0,0.0,0.0,0.0,0.0,0.0,0.0,0.0,0.0,0.0,0.0,2.29622,0.0,0.0,0.0,2.352779,0.0,2.339117,0.0,0.0,2.272458,2.250889,0.0,0.0,0.0,2.078567,0.0,0.0,0.0,0.0,0.0,0.0,0.0,0.0,0.0,0.0,1.986951,0.0,0.0,0.0,0.0,0.0,0.0,0.0,0.0
TMSB4X,4.751671,4.494985,5.140509,5.372855,4.164312,4.198772,4.647327,3.797554,3.571732,4.419298,5.440575,4.337335,4.479712,4.785923,4.702208,4.882835,4.668156,3.891507,4.840105,5.394531,4.980236,4.829014,5.328344,4.24334,4.425761,4.863827,5.489712,4.572497,4.299656,4.916335,4.743879,4.920734,4.568276,5.776772,5.355156,4.915566,4.452784,4.345336,4.951245,5.73747,4.784422,4.608735,5.693427,5.036506,4.206599,5.00347,4.739988,4.662449,4.400488,5.237599,5.464482,5.256,4.44177,4.776507,4.473722,5.263575,5.02016,3.633525,4.621951,5.058576,4.841347,3.67833,4.902809,4.733353,5.299994,5.025384,5.038842
JUNB,1.754819,2.202934,1.720847,0.0,2.30755,2.982857,3.745314,3.301568,3.35559,1.671058,3.056667,0.0,0.0,0.0,2.312454,2.744449,0.0,3.005378,2.365796,3.441517,2.107231,2.747177,0.0,2.259678,0.0,1.962901,0.0,0.0,3.40352,0.0,0.0,3.113069,2.120674,0.0,3.509002,2.367547,2.717622,2.352779,2.279514,2.339117,0.0,1.923451,2.272458,0.0,3.808555,0.0,2.560346,2.078567,3.177942,2.008989,0.0,2.866975,0.0,2.095889,0.0,0.0,2.823479,0.0,3.264731,0.0,0.0,0.0,3.538547,4.164807,0.0,1.988038,0.0
POU2AF1,0.0,0.0,0.0,0.0,0.0,0.0,0.0,0.0,0.0,0.0,0.0,0.0,0.0,0.0,0.0,0.0,0.0,0.0,0.0,0.0,0.0,0.0,0.0,0.0,0.0,0.0,0.0,0.0,0.0,0.0,0.0,0.0,0.0,0.0,0.0,0.0,0.0,0.0,0.0,0.0,0.0,0.0,0.0,0.0,0.0,0.0,0.0,0.0,0.0,0.0,0.0,0.0,0.0,0.0,0.0,0.0,0.0,0.0,0.0,0.0,0.0,0.0,0.0,0.0,0.0,0.0,0.0
TXN,0.0,2.202934,0.0,0.0,0.0,0.0,0.0,0.0,0.0,0.0,0.0,0.0,0.0,0.0,0.0,0.0,0.0,0.0,0.0,0.0,0.0,0.0,0.0,0.0,0.0,0.0,0.0,0.0,0.0,0.0,0.0,2.729593,0.0,2.29622,0.0,0.0,0.0,0.0,0.0,2.339117,0.0,0.0,0.0,0.0,0.0,0.0,0.0,0.0,0.0,0.0,1.606564,0.0,0.0,1.518711,0.0,2.723587,0.0,2.124558,0.0,0.0,1.732244,0.0,2.235827,0.0,0.0,0.0,0.0
CALM2,2.357528,2.839257,1.720847,0.0,2.30755,2.339117,2.692876,0.0,0.0,0.0,0.0,2.239567,0.0,3.035048,0.0,0.0,2.144269,0.0,0.0,0.0,0.0,2.116168,1.976168,0.0,2.225449,0.0,0.0,0.0,0.0,0.0,2.094015,0.0,0.0,0.0,2.208684,2.367547,2.088418,2.997206,3.307465,2.339117,4.04001,3.408593,0.0,2.250889,0.0,0.0,0.0,2.078567,1.575444,0.0,1.606564,0.0,0.0,0.0,2.819021,2.094015,0.0,0.0,0.0,2.133695,2.976208,0.0,0.0,3.096788,2.86854,0.0,0.0
TSC22D3,0.0,3.89811,2.32028,0.0,2.949665,2.339117,3.745314,2.914348,2.068839,3.117461,0.0,3.264529,2.369301,0.0,2.684356,3.404926,0.0,2.360564,2.365796,2.146934,0.0,3.407745,3.468083,2.259678,0.0,3.780539,3.858246,2.358828,2.743088,3.832268,2.723587,2.099651,0.0,2.29622,0.0,0.0,2.717622,2.997206,2.279514,2.982857,3.088088,3.408593,2.272458,2.250889,3.414119,0.0,2.560346,3.090088,1.575444,0.0,3.0411,3.253301,2.008989,2.095889,3.204398,3.599698,3.486476,0.0,1.986951,3.150085,2.976208,2.799237,3.260504,3.373107,0.0,1.988038,3.334038
EID1,1.754819,2.202934,0.0,0.0,0.0,0.0,2.065222,0.0,0.0,0.0,0.0,0.0,0.0,0.0,0.0,0.0,0.0,0.0,0.0,0.0,0.0,0.0,0.0,0.0,0.0,0.0,0.0,0.0,2.112325,0.0,0.0,0.0,0.0,0.0,2.208684,2.367547,0.0,2.352779,0.0,0.0,0.0,0.0,0.0,0.0,0.0,0.0,0.0,2.078567,0.0,2.63272,0.0,0.0,0.0,0.0,0.0,0.0,0.0,0.0,0.0,0.0,1.732244,2.165166,0.0,2.084709,0.0,2.610246,0.0
ATP5I,2.357528,2.839257,0.0,0.0,2.30755,0.0,2.065222,0.0,2.068839,0.0,0.0,0.0,0.0,0.0,1.713724,0.0,0.0,2.360564,0.0,0.0,2.107231,2.116168,0.0,1.665819,2.225449,0.0,2.329854,0.0,0.0,0.0,2.094015,2.729593,2.120674,0.0,0.0,0.0,0.0,0.0,0.0,0.0,0.0,1.923451,0.0,2.889947,0.0,0.0,0.0,0.0,0.0,2.008989,2.829832,0.0,0.0,0.0,0.0,2.723587,0.0,2.124558,0.0,0.0,1.732244,0.0,2.235827,2.084709,0.0,1.988038,2.946241
MT2A,3.540287,0.0,0.0,0.0,0.0,0.0,2.065222,0.0,3.571732,1.671058,3.056667,2.239567,0.0,0.0,1.713724,0.0,0.0,0.0,2.365796,0.0,3.12132,0.0,2.597497,0.0,0.0,0.0,0.0,0.0,2.112325,0.0,3.10693,0.0,2.120674,0.0,2.208684,2.367547,2.088418,0.0,0.0,2.339117,0.0,0.0,0.0,2.889947,3.137345,2.385264,0.0,2.707117,2.793098,2.008989,1.606564,2.22914,2.008989,2.725585,0.0,0.0,2.188033,0.0,3.264731,2.765818,0.0,0.0,0.0,0.0,2.230622,2.610246,3.334038
COX7A2,1.754819,0.0,1.720847,0.0,2.30755,0.0,0.0,0.0,2.068839,0.0,0.0,0.0,0.0,0.0,0.0,0.0,2.144269,0.0,0.0,0.0,0.0,0.0,2.597497,1.665819,0.0,0.0,0.0,0.0,0.0,0.0,2.094015,2.099651,0.0,0.0,0.0,0.0,0.0,0.0,2.279514,2.339117,0.0,1.923451,2.912701,0.0,2.121967,0.0,0.0,0.0,1.575444,2.63272,1.606564,0.0,2.008989,2.459503,0.0,2.094015,0.0,0.0,0.0,2.133695,1.732244,2.799237,0.0,0.0,2.86854,1.988038,0.0
YWHAE,0.0,0.0,0.0,0.0,0.0,0.0,0.0,0.0,0.0,1.671058,0.0,0.0,0.0,0.0,0.0,0.0,0.0,0.0,0.0,0.0,0.0,0.0,1.976168,0.0,2.225449,0.0,0.0,0.0,2.112325,0.0,0.0,0.0,0.0,0.0,0.0,0.0,2.088418,2.352779,0.0,0.0,0.0,0.0,0.0,0.0,0.0,0.0,0.0,2.078567,0.0,0.0,0.0,0.0,0.0,0.0,0.0,0.0,0.0,0.0,0.0,0.0,1.732244,0.0,0.0,2.084709,0.0,0.0,2.304297
MALAT1,6.54998,7.359498,6.058659,6.286357,6.913265,6.66982,6.50585,7.170151,7.052643,6.268661,6.763054,6.099491,6.315947,7.393117,6.391911,6.765136,7.267387,6.657178,6.832645,6.958108,6.489986,6.238225,6.648551,6.44149,7.155345,6.476534,6.901313,7.165573,7.14325,6.245923,6.370979,6.048875,7.081334,6.535407,6.384473,6.770108,6.657928,5.866597,6.807392,6.760682,6.811451,6.750285,6.697527,6.902796,6.79128,7.068657,6.488774,6.106026,6.975765,6.223668,5.8165,6.547527,5.675074,5.265701,6.765989,6.370979,6.440141,6.858173,6.248135,6.8128,5.922292,5.602347,7.043621,6.812841,6.308413,6.017565,6.39046
SRGN,3.002192,3.22504,2.963056,2.937738,0.0,2.339117,2.065222,2.274021,3.079471,2.265462,3.056667,2.239567,0.0,3.424359,2.684356,2.113604,2.777053,0.0,2.365796,3.164451,3.792171,0.0,0.0,1.665819,0.0,2.963201,3.640365,0.0,3.126863,3.335779,2.094015,2.729593,0.0,2.937738,0.0,2.367547,3.100831,2.997206,3.585953,2.982857,3.364308,4.343532,2.912701,0.0,2.121967,0.0,2.560346,2.078567,3.00392,3.013932,2.194031,3.253301,3.013932,2.095889,0.0,2.723587,2.823479,2.756103,1.986951,3.426997,3.364532,0.0,0.0,2.084709,2.230622,0.0,0.0
ADIRF,0.0,0.0,0.0,0.0,0.0,0.0,0.0,2.914348,0.0,0.0,0.0,0.0,0.0,0.0,2.312454,0.0,0.0,0.0,0.0,0.0,0.0,0.0,0.0,0.0,0.0,0.0,0.0,0.0,0.0,0.0,0.0,0.0,0.0,0.0,0.0,0.0,0.0,0.0,0.0,0.0,0.0,0.0,0.0,0.0,0.0,0.0,0.0,0.0,0.0,0.0,0.0,0.0,0.0,0.0,0.0,0.0,0.0,0.0,0.0,0.0,0.0,0.0,0.0,0.0,0.0,0.0,0.0
GSN,0.0,0.0,0.0,0.0,0.0,0.0,0.0,0.0,0.0,0.0,0.0,0.0,0.0,0.0,2.312454,0.0,0.0,0.0,0.0,0.0,0.0,0.0,0.0,0.0,0.0,0.0,0.0,0.0,0.0,0.0,0.0,0.0,0.0,0.0,0.0,0.0,0.0,0.0,0.0,0.0,0.0,0.0,0.0,0.0,0.0,0.0,0.0,0.0,0.0,0.0,0.0,0.0,0.0,0.0,0.0,0.0,0.0,0.0,0.0,0.0,0.0,0.0,0.0,0.0,0.0,0.0,0.0
WBP5,0.0,0.0,0.0,0.0,0.0,0.0,0.0,0.0,0.0,0.0,0.0,0.0,0.0,0.0,0.0,0.0,0.0,0.0,0.0,0.0,0.0,0.0,0.0,0.0,0.0,0.0,0.0,0.0,0.0,2.305922,0.0,0.0,0.0,0.0,0.0,0.0,0.0,0.0,0.0,0.0,0.0,0.0,0.0,0.0,0.0,0.0,0.0,0.0,0.0,0.0,0.0,0.0,0.0,0.0,0.0,0.0,0.0,0.0,0.0,0.0,0.0,0.0,0.0,0.0,0.0,0.0,0.0
NFKBIA,0.0,3.719837,2.32028,2.29622,2.30755,3.650354,3.351594,3.797554,2.696737,3.117461,2.047976,0.0,3.014546,0.0,2.684356,2.113604,2.144269,0.0,2.365796,3.836253,3.397916,2.747177,2.597497,1.665819,2.863073,3.780539,0.0,2.358828,2.112325,0.0,0.0,3.389573,3.135941,0.0,2.208684,0.0,0.0,0.0,0.0,0.0,0.0,3.193687,0.0,0.0,0.0,2.385264,1.941637,0.0,3.671959,2.008989,1.606564,3.748548,3.289264,0.0,3.204398,0.0,2.188033,2.756103,3.264731,4.103769,2.705379,2.165166,0.0,2.084709,0.0,3.265942,0.0
CD53,0.0,0.0,1.72084710114249,2.29621992739132,0.0,0.0,2.06522247083326,0.0,0.0,0.0,0.0,0.0,0.0,0.0,0.0,0.0,2.14426850086851,2.36056424053068,0.0,0.0,2.73766512164114,0.0,1.97616779134565,2.25967848759913,0.0,0.0,0.0,0.0,0.0,0.0,0.0,0.0,2.12067431022148,0.0,0.0,0.0,2.08841810464014,0.0,0.0,2.33911673496303,2.0767337617138,1.92345057614994,0.0,2.25088926712533,0.0,0.0,0.0,0.0,1.5754438385365,0.0,1.60656411784832,0.0,2.00898929169822,1.51871065293527,0.0,0.0,0.0,0.0,0.0,0.0,0.0,0.0,0.0,0.0,0.0,0.0,0.0
FKBP1A,1.754819,0.0,0.0,0.0,0.0,0.0,0.0,2.274021,0.0,1.671058,0.0,0.0,0.0,0.0,2.684356,0.0,0.0,0.0,0.0,0.0,2.107231,0.0,0.0,0.0,0.0,0.0,0.0,0.0,0.0,0.0,0.0,0.0,0.0,0.0,0.0,2.367547,2.088418,0.0,0.0,0.0,0.0,0.0,0.0,0.0,0.0,0.0,0.0,2.078567,0.0,0.0,1.606564,0.0,0.0,2.095889,2.183826,0.0,0.0,2.124558,0.0,0.0,2.33279,0.0,0.0,2.084709,0.0,2.610246,0.0
MGP,0.0,0.0,0.0,0.0,0.0,0.0,0.0,0.0,0.0,0.0,0.0,0.0,0.0,0.0,0.0,0.0,0.0,0.0,0.0,0.0,0.0,0.0,1.976168,0.0,0.0,0.0,0.0,0.0,0.0,0.0,0.0,0.0,0.0,0.0,0.0,0.0,0.0,0.0,2.279514,0.0,0.0,0.0,0.0,0.0,0.0,0.0,0.0,0.0,0.0,0.0,0.0,0.0,0.0,0.0,0.0,0.0,0.0,0.0,0.0,0.0,0.0,0.0,0.0,0.0,0.0,0.0,0.0
FKBP11,0.0,0.0,0.0,0.0,0.0,0.0,0.0,0.0,0.0,0.0,0.0,0.0,0.0,0.0,1.713724,0.0,0.0,0.0,0.0,2.146934,0.0,0.0,0.0,0.0,0.0,0.0,0.0,0.0,0.0,0.0,0.0,0.0,0.0,2.29622,0.0,0.0,0.0,0.0,0.0,0.0,0.0,0.0,0.0,0.0,0.0,0.0,0.0,0.0,0.0,2.008989,0.0,0.0,2.63272,0.0,0.0,2.723587,2.188033,0.0,0.0,0.0,0.0,2.165166,0.0,0.0,0.0,0.0,0.0
RAC2,0.0,0.0,0.0,0.0,0.0,0.0,0.0,0.0,0.0,0.0,0.0,0.0,0.0,0.0,0.0,0.0,0.0,0.0,0.0,0.0,2.107231,0.0,0.0,0.0,2.225449,0.0,3.361393,0.0,0.0,0.0,0.0,0.0,0.0,0.0,0.0,0.0,0.0,2.997206,2.279514,0.0,2.705162,1.923451,0.0,0.0,2.753347,2.385264,0.0,0.0,0.0,2.008989,2.194031,2.22914,2.008989,0.0,0.0,2.723587,2.188033,0.0,0.0,0.0,0.0,0.0,0.0,0.0,0.0,0.0,2.304297
DYNLL1,0.0,0.0,0.0,2.29622,2.949665,0.0,0.0,0.0,0.0,0.0,0.0,0.0,0.0,0.0,0.0,0.0,0.0,0.0,0.0,2.146934,0.0,0.0,1.976168,0.0,0.0,0.0,0.0,0.0,0.0,2.305922,0.0,2.729593,0.0,0.0,0.0,0.0,2.088418,0.0,2.920139,0.0,0.0,0.0,2.272458,0.0,0.0,0.0,0.0,0.0,0.0,0.0,1.606564,0.0,0.0,0.0,0.0,0.0,0.0,0.0,0.0,0.0,1.732244,0.0,0.0,0.0,0.0,1.988038,0.0
H3F3A,3.67018596759122,2.2029337810686,2.69244800991692,0.0,2.30755012237667,2.33911673496303,2.06522247083326,2.91434821331261,3.07947066531151,1.6710576703515,2.04797595982601,3.759950701194,2.36930147343163,0.0,2.95482497057251,2.11360385508445,0.0,2.36056424053068,0.0,2.14693417019908,2.10723100359207,0.0,0.0,1.66581905683477,2.86307345046612,2.58323515477029,2.32985368712411,0.0,2.74308805784308,2.30592188645848,3.10692981312063,2.72959298432882,2.12067431022148,0.0,2.84534274510818,0.0,2.08841810464014,2.35277882971183,0.0,2.33911673496303,3.36430751591787,2.91958562893608,0.0,2.25088926712533,2.75334710580621,2.3852642856713,2.56034635738958,0.0,1.5754438385365,2.63271985032604,2.56163270669221,2.2291402508381,0.0,2.45950349000182,3.69885709228956,0.0,2.18803317369721,2.12455791305678,1.98695148479768,2.1336948960358,2.97620834171365,0.0,2.23582745870222,3.37310698435427,2.23062151051123,2.99090020199846,0.0
GSTP1,0.0,0.0,0.0,0.0,0.0,0.0,0.0,0.0,0.0,0.0,0.0,0.0,0.0,3.035048,1.713724,0.0,0.0,0.0,0.0,2.146934,0.0,0.0,0.0,1.665819,0.0,0.0,2.329854,0.0,2.112325,0.0,0.0,0.0,0.0,0.0,0.0,0.0,0.0,0.0,2.279514,0.0,2.076734,0.0,0.0,0.0,0.0,0.0,0.0,0.0,0.0,0.0,1.606564,0.0,0.0,0.0,0.0,0.0,0.0,0.0,1.986951,2.133695,0.0,0.0,0.0,0.0,0.0,0.0,0.0
IL32,3.670186,4.04936,1.720847,2.29622,4.012748,0.0,2.065222,2.274021,3.35559,4.118208,3.726011,4.441387,2.369301,3.035048,2.312454,2.113604,4.335432,2.360564,0.0,0.0,4.293937,0.0,3.645195,0.0,2.225449,2.583235,0.0,4.351933,4.0799,3.335779,4.175263,4.37948,3.62923,2.937738,3.509002,3.680966,3.100831,4.061967,0.0,3.650354,0.0,3.735566,3.29989,3.276712,3.137345,0.0,2.560346,0.0,4.132382,3.682224,2.829832,2.866975,3.013932,1.518711,4.379551,0.0,3.703479,4.895191,4.416579,3.426997,4.191873,3.461483,2.874041,4.903813,3.928563,2.9909,4.0092
CD59,0.0,0.0,0.0,0.0,0.0,2.339117,0.0,2.274021,0.0,0.0,2.047976,0.0,0.0,0.0,2.312454,0.0,0.0,0.0,0.0,0.0,0.0,0.0,0.0,0.0,0.0,0.0,0.0,0.0,0.0,0.0,0.0,0.0,0.0,0.0,0.0,0.0,0.0,0.0,0.0,0.0,0.0,0.0,0.0,0.0,0.0,0.0,0.0,0.0,0.0,0.0,1.606564,0.0,0.0,0.0,0.0,0.0,0.0,0.0,0.0,2.133695,0.0,0.0,0.0,0.0,0.0,0.0,0.0
LMNA,0.0,0.0,0.0,0.0,0.0,0.0,0.0,0.0,0.0,0.0,0.0,0.0,0.0,0.0,0.0,0.0,0.0,0.0,0.0,0.0,0.0,0.0,0.0,0.0,0.0,1.96290084905076,0.0,0.0,0.0,0.0,0.0,0.0,0.0,0.0,0.0,0.0,0.0,0.0,0.0,0.0,0.0,0.0,0.0,0.0,0.0,0.0,0.0,0.0,0.0,0.0,0.0,0.0,0.0,0.0,0.0,0.0,0.0,0.0,1.98695148479768,0.0,1.73224424421223,0.0,0.0,0.0,0.0,0.0,0.0
SKP1,1.754819,2.202934,0.0,2.29622,0.0,0.0,0.0,0.0,0.0,2.265462,0.0,0.0,2.369301,2.388854,0.0,0.0,0.0,3.005378,0.0,0.0,2.737665,2.116168,0.0,1.665819,0.0,0.0,0.0,0.0,2.743088,0.0,2.723587,2.729593,3.412699,2.29622,0.0,0.0,0.0,0.0,0.0,0.0,2.076734,0.0,0.0,2.250889,0.0,2.385264,1.941637,2.707117,2.159381,0.0,2.561633,0.0,2.008989,1.518711,2.819021,0.0,0.0,2.124558,0.0,0.0,2.705379,2.165166,0.0,2.713668,0.0,2.610246,0.0
TIMP1,1.754819,0.0,0.0,0.0,0.0,2.339117,0.0,0.0,2.068839,0.0,0.0,0.0,0.0,0.0,1.713724,0.0,0.0,0.0,0.0,0.0,0.0,0.0,1.976168,0.0,0.0,0.0,0.0,2.358828,0.0,0.0,0.0,2.099651,0.0,2.29622,0.0,0.0,0.0,0.0,0.0,0.0,2.076734,0.0,0.0,0.0,0.0,0.0,0.0,0.0,0.0,0.0,1.606564,2.22914,0.0,0.0,0.0,0.0,0.0,0.0,0.0,0.0,0.0,0.0,0.0,0.0,0.0,0.0,0.0
PSAP,0.0,0.0,0.0,0.0,0.0,2.339117,2.065222,0.0,0.0,0.0,0.0,0.0,0.0,0.0,1.713724,0.0,2.144269,2.360564,0.0,2.146934,0.0,0.0,0.0,0.0,0.0,0.0,0.0,0.0,0.0,0.0,2.094015,0.0,0.0,0.0,0.0,0.0,0.0,0.0,0.0,0.0,0.0,0.0,0.0,0.0,0.0,2.385264,0.0,0.0,0.0,0.0,0.0,2.22914,0.0,0.0,0.0,0.0,0.0,0.0,0.0,0.0,0.0,0.0,0.0,0.0,0.0,0.0,0.0
SRP14,3.002192,2.839257,1.720847,0.0,0.0,0.0,0.0,0.0,2.696737,1.671058,0.0,0.0,0.0,2.388854,0.0,2.113604,2.777053,2.360564,3.010868,0.0,2.737665,0.0,2.977829,0.0,2.863073,0.0,2.329854,0.0,2.112325,0.0,2.094015,2.099651,2.120674,3.604035,2.208684,0.0,2.088418,0.0,0.0,2.982857,2.705162,1.923451,2.272458,2.250889,0.0,0.0,0.0,0.0,0.0,0.0,2.829832,0.0,0.0,1.518711,2.183826,0.0,0.0,0.0,2.989704,0.0,1.732244,0.0,0.0,2.084709,2.86854,1.988038,0.0
ANKRD28,0.0,0.0,0.0,0.0,0.0,0.0,0.0,0.0,0.0,0.0,0.0,0.0,0.0,0.0,0.0,0.0,0.0,0.0,0.0,0.0,0.0,0.0,0.0,0.0,2.225449,0.0,0.0,0.0,0.0,0.0,0.0,0.0,0.0,2.29622,0.0,0.0,2.088418,0.0,2.920139,0.0,2.076734,2.540741,0.0,2.250889,0.0,0.0,0.0,0.0,0.0,0.0,0.0,2.22914,0.0,2.095889,0.0,0.0,0.0,0.0,0.0,0.0,0.0,3.184208,0.0,0.0,0.0,0.0,0.0
COL4A1,0.0,0.0,0.0,0.0,0.0,0.0,0.0,0.0,0.0,0.0,0.0,0.0,0.0,0.0,0.0,0.0,0.0,0.0,0.0,0.0,0.0,0.0,0.0,0.0,0.0,0.0,0.0,0.0,0.0,0.0,0.0,0.0,0.0,0.0,0.0,0.0,0.0,0.0,0.0,0.0,0.0,0.0,0.0,0.0,0.0,0.0,0.0,0.0,0.0,0.0,0.0,0.0,0.0,0.0,0.0,0.0,0.0,0.0,0.0,0.0,0.0,0.0,0.0,0.0,0.0,0.0,0.0
HMGB1,0.0,2.202934,2.32028,2.937738,2.30755,0.0,3.075521,0.0,2.696737,0.0,2.047976,0.0,3.014546,2.388854,1.713724,2.744449,2.144269,0.0,2.365796,0.0,2.737665,3.131041,0.0,2.259678,0.0,1.962901,0.0,0.0,2.112325,2.947951,3.383364,3.113069,2.120674,2.937738,0.0,2.367547,2.088418,0.0,2.920139,0.0,3.088088,0.0,0.0,2.889947,0.0,3.420536,1.941637,3.090088,2.525621,2.63272,2.194031,0.0,0.0,0.0,3.204398,0.0,2.188033,2.124558,0.0,2.133695,1.732244,0.0,2.235827,2.713668,2.230622,2.610246,0.0
TSPO,1.754819,0.0,0.0,0.0,0.0,0.0,0.0,0.0,2.068839,1.671058,0.0,0.0,0.0,0.0,1.713724,2.113604,0.0,0.0,0.0,0.0,2.107231,0.0,0.0,0.0,0.0,1.962901,0.0,0.0,2.112325,2.305922,0.0,0.0,0.0,2.29622,0.0,0.0,0.0,0.0,0.0,2.339117,0.0,0.0,0.0,0.0,2.121967,0.0,0.0,0.0,1.575444,0.0,1.606564,0.0,0.0,1.518711,0.0,0.0,0.0,0.0,0.0,0.0,2.33279,0.0,0.0,0.0,0.0,0.0,0.0
MEF2C,0.0,0.0,0.0,0.0,0.0,0.0,0.0,0.0,0.0,0.0,0.0,0.0,0.0,0.0,0.0,0.0,0.0,0.0,0.0,0.0,0.0,0.0,0.0,0.0,0.0,0.0,0.0,0.0,0.0,0.0,0.0,0.0,0.0,0.0,0.0,0.0,0.0,0.0,0.0,0.0,0.0,0.0,0.0,0.0,0.0,0.0,0.0,0.0,0.0,0.0,0.0,0.0,0.0,0.0,0.0,0.0,0.0,0.0,0.0,0.0,0.0,0.0,0.0,0.0,0.0,0.0,0.0
COL6A2,0.0,0.0,0.0,0.0,0.0,0.0,0.0,0.0,0.0,0.0,0.0,0.0,0.0,0.0,0.0,0.0,0.0,0.0,0.0,0.0,0.0,0.0,0.0,0.0,0.0,0.0,0.0,0.0,0.0,0.0,0.0,0.0,0.0,0.0,0.0,0.0,0.0,2.352779,0.0,0.0,0.0,0.0,0.0,0.0,0.0,0.0,0.0,0.0,0.0,0.0,0.0,0.0,2.008989,0.0,0.0,0.0,0.0,0.0,0.0,0.0,0.0,0.0,0.0,0.0,0.0,0.0,0.0
GADD45GIP1,0.0,0.0,0.0,2.29622,2.30755,2.339117,0.0,0.0,0.0,1.671058,0.0,0.0,0.0,0.0,1.713724,0.0,0.0,0.0,0.0,0.0,0.0,0.0,0.0,0.0,0.0,1.962901,0.0,2.358828,0.0,0.0,0.0,0.0,0.0,2.29622,0.0,0.0,0.0,0.0,0.0,0.0,0.0,0.0,0.0,0.0,0.0,0.0,1.941637,0.0,2.159381,0.0,0.0,2.22914,0.0,0.0,0.0,0.0,0.0,0.0,1.986951,0.0,0.0,0.0,0.0,0.0,0.0,1.988038,0.0
ICAM3,0.0,0.0,0.0,0.0,2.30755,0.0,0.0,0.0,0.0,0.0,0.0,0.0,0.0,0.0,0.0,0.0,0.0,0.0,2.365796,0.0,0.0,2.116168,0.0,0.0,0.0,0.0,0.0,0.0,0.0,0.0,2.094015,0.0,0.0,0.0,0.0,0.0,0.0,0.0,0.0,0.0,0.0,0.0,0.0,0.0,0.0,0.0,0.0,0.0,0.0,0.0,0.0,0.0,0.0,0.0,0.0,0.0,0.0,0.0,0.0,0.0,0.0,0.0,0.0,0.0,0.0,0.0,0.0
CFL1,2.730933,0.0,2.692448,2.29622,2.949665,2.339117,0.0,2.274021,0.0,0.0,3.548495,0.0,0.0,0.0,0.0,0.0,2.144269,3.005378,0.0,0.0,2.737665,0.0,2.977829,1.665819,2.225449,2.583235,3.640365,2.358828,0.0,0.0,0.0,2.099651,2.120674,2.937738,0.0,2.367547,0.0,0.0,2.279514,2.339117,0.0,1.923451,3.29989,2.889947,2.121967,2.385264,2.560346,0.0,2.159381,2.008989,2.194031,2.866975,3.013932,2.459503,0.0,3.10693,3.208945,3.140161,1.986951,0.0,2.705379,0.0,2.235827,0.0,2.86854,2.9909,2.946241
UQCRQ,2.357528,0.0,0.0,0.0,0.0,0.0,0.0,0.0,0.0,2.265462,2.674451,2.877991,0.0,2.388854,1.713724,2.113604,0.0,0.0,0.0,0.0,0.0,2.116168,0.0,2.259678,0.0,0.0,0.0,0.0,0.0,0.0,0.0,0.0,0.0,2.29622,0.0,0.0,0.0,0.0,0.0,2.339117,2.076734,1.923451,2.912701,0.0,0.0,2.385264,1.941637,2.078567,0.0,3.289264,0.0,0.0,0.0,1.518711,0.0,0.0,0.0,0.0,0.0,2.765818,0.0,0.0,0.0,2.084709,0.0,0.0,2.304297
SPRY1,1.754819,0.0,1.720847,0.0,0.0,0.0,0.0,2.274021,0.0,0.0,0.0,0.0,0.0,0.0,3.342775,0.0,0.0,0.0,0.0,0.0,0.0,2.116168,0.0,0.0,0.0,0.0,0.0,0.0,0.0,0.0,0.0,0.0,0.0,0.0,0.0,0.0,0.0,0.0,0.0,0.0,0.0,0.0,0.0,0.0,0.0,0.0,0.0,0.0,0.0,2.008989,0.0,0.0,0.0,0.0,0.0,0.0,0.0,0.0,0.0,0.0,1.732244,2.165166,0.0,0.0,0.0,0.0,0.0
COX5B,1.754819,0.0,0.0,2.29622,2.30755,0.0,0.0,2.274021,0.0,0.0,2.047976,0.0,0.0,0.0,2.312454,0.0,0.0,0.0,0.0,0.0,2.737665,2.116168,0.0,0.0,0.0,0.0,0.0,0.0,2.112325,0.0,0.0,0.0,2.120674,0.0,0.0,0.0,0.0,2.352779,0.0,0.0,0.0,1.923451,0.0,0.0,2.753347,0.0,2.560346,0.0,0.0,2.008989,1.606564,0.0,2.008989,0.0,2.183826,0.0,0.0,0.0,0.0,2.133695,1.732244,0.0,2.235827,2.084709,2.230622,0.0,2.946241
RPS21,3.390959,2.202934,3.500283,2.29622,0.0,2.982857,3.351594,2.914348,2.068839,0.0,3.056667,2.239567,2.369301,3.035048,2.954825,2.113604,3.438595,3.005378,3.897164,2.146934,3.12132,3.80211,3.252704,3.679083,3.249324,3.237886,2.329854,3.671585,3.61999,2.947951,2.094015,3.389573,2.120674,2.937738,3.726142,3.680966,2.088418,0.0,2.279514,2.982857,2.705162,2.540741,3.578308,3.554911,3.137345,3.031286,3.606065,2.707117,3.455152,3.289264,2.561633,2.22914,2.008989,3.601777,2.819021,3.383364,2.823479,3.140161,3.657378,2.765818,3.189102,3.461483,2.874041,3.767079,3.254897,2.610246,2.946241
POMP,2.357528,2.202934,0.0,0.0,2.949665,0.0,2.065222,0.0,2.068839,0.0,0.0,2.877991,0.0,2.388854,2.684356,0.0,0.0,0.0,0.0,2.146934,0.0,0.0,0.0,0.0,2.225449,0.0,0.0,3.003556,0.0,0.0,2.723587,0.0,2.120674,0.0,0.0,0.0,2.088418,0.0,2.279514,2.339117,0.0,1.923451,2.272458,0.0,0.0,0.0,0.0,0.0,1.575444,0.0,2.194031,0.0,2.008989,0.0,0.0,0.0,0.0,0.0,2.609079,2.133695,1.732244,0.0,0.0,0.0,0.0,1.988038,2.304297
TPD52,0.0,0.0,0.0,0.0,0.0,0.0,0.0,0.0,0.0,1.671058,0.0,0.0,0.0,0.0,0.0,0.0,0.0,0.0,0.0,3.164451,0.0,0.0,1.976168,0.0,0.0,0.0,0.0,0.0,0.0,0.0,0.0,0.0,0.0,0.0,0.0,0.0,0.0,0.0,0.0,0.0,0.0,0.0,0.0,0.0,0.0,0.0,0.0,0.0,0.0,0.0,0.0,2.22914,0.0,0.0,0.0,0.0,0.0,0.0,0.0,0.0,0.0,2.165166,0.0,0.0,0.0,0.0,0.0
COX6B1,2.357528,2.202934,0.0,0.0,2.30755,2.339117,0.0,2.274021,0.0,1.671058,2.047976,2.239567,0.0,0.0,1.713724,0.0,2.144269,0.0,3.010868,0.0,0.0,2.116168,0.0,0.0,0.0,1.962901,2.973122,2.358828,2.112325,3.614525,0.0,0.0,0.0,0.0,2.208684,0.0,0.0,0.0,0.0,2.982857,0.0,2.540741,2.272458,2.889947,2.121967,0.0,2.560346,0.0,1.575444,2.63272,0.0,2.22914,0.0,0.0,0.0,0.0,2.823479,2.756103,2.989704,2.765818,1.732244,0.0,2.235827,2.084709,2.230622,0.0,2.304297
NDUFA4,0.0,2.202934,0.0,0.0,0.0,2.339117,0.0,0.0,0.0,2.265462,2.047976,0.0,2.369301,0.0,1.713724,0.0,0.0,0.0,0.0,0.0,2.737665,0.0,0.0,0.0,0.0,0.0,0.0,0.0,0.0,0.0,0.0,0.0,2.120674,0.0,2.845343,2.367547,0.0,0.0,0.0,0.0,0.0,1.923451,2.272458,0.0,0.0,2.385264,2.560346,0.0,3.00392,3.013932,1.606564,0.0,2.008989,2.095889,3.204398,2.094015,0.0,2.756103,2.609079,0.0,2.705379,2.165166,0.0,2.084709,0.0,1.988038,2.304297
NPC2,0.0,0.0,0.0,0.0,0.0,0.0,0.0,0.0,0.0,0.0,0.0,0.0,0.0,0.0,0.0,0.0,0.0,0.0,0.0,0.0,0.0,0.0,0.0,0.0,0.0,0.0,0.0,0.0,0.0,0.0,0.0,0.0,0.0,0.0,0.0,0.0,0.0,2.352779,2.279514,0.0,0.0,0.0,2.272458,0.0,0.0,0.0,0.0,2.078567,1.575444,0.0,1.606564,0.0,0.0,0.0,0.0,0.0,0.0,0.0,0.0,0.0,0.0,2.165166,2.874041,0.0,0.0,0.0,0.0
S100A13,0.0,0.0,0.0,0.0,0.0,0.0,0.0,0.0,0.0,0.0,0.0,0.0,0.0,0.0,1.71372414789283,0.0,0.0,0.0,0.0,0.0,0.0,0.0,0.0,0.0,0.0,0.0,0.0,0.0,0.0,0.0,0.0,0.0,0.0,0.0,0.0,0.0,0.0,0.0,0.0,0.0,0.0,1.92345057614994,0.0,0.0,0.0,0.0,0.0,0.0,0.0,0.0,0.0,0.0,0.0,0.0,0.0,0.0,0.0,0.0,0.0,0.0,0.0,0.0,0.0,0.0,0.0,0.0,0.0
RPL38,2.730933,2.202934,3.744866,2.937738,2.949665,3.650354,3.567707,2.274021,2.068839,1.671058,2.674451,2.877991,3.014546,4.25287,3.839364,2.744449,2.144269,2.360564,2.365796,3.164451,3.12132,2.747177,2.597497,3.434955,4.519983,4.026771,0.0,4.068535,2.743088,2.305922,2.723587,0.0,3.62923,3.604035,3.231246,3.680966,3.377196,3.665073,4.133622,3.868288,2.076734,0.0,2.912701,2.889947,3.137345,3.918197,4.105968,2.707117,3.326122,2.63272,3.215426,3.748548,3.832773,3.694605,2.183826,3.383364,2.823479,2.756103,2.609079,2.133695,1.732244,3.67833,2.874041,3.096788,3.254897,0.0,3.334038
CD99,0.0,0.0,0.0,0.0,2.30755,0.0,2.692876,0.0,0.0,0.0,0.0,0.0,0.0,0.0,0.0,0.0,0.0,0.0,0.0,0.0,0.0,2.116168,0.0,0.0,0.0,0.0,0.0,0.0,2.112325,2.305922,0.0,2.099651,0.0,3.325383,0.0,0.0,0.0,2.352779,0.0,0.0,0.0,1.923451,0.0,0.0,0.0,0.0,0.0,2.078567,1.575444,2.008989,0.0,0.0,0.0,0.0,0.0,0.0,0.0,2.124558,0.0,0.0,0.0,0.0,0.0,0.0,0.0,0.0,0.0
ACTN1,0.0,0.0,0.0,0.0,0.0,0.0,0.0,0.0,0.0,0.0,0.0,0.0,0.0,0.0,0.0,0.0,0.0,0.0,0.0,0.0,0.0,0.0,0.0,0.0,0.0,0.0,0.0,0.0,0.0,0.0,0.0,0.0,0.0,0.0,0.0,0.0,0.0,0.0,0.0,0.0,0.0,0.0,0.0,0.0,0.0,0.0,0.0,0.0,0.0,0.0,0.0,0.0,0.0,0.0,0.0,0.0,0.0,0.0,0.0,0.0,0.0,0.0,0.0,0.0,0.0,0.0,0.0
PTRF,0.0,0.0,0.0,0.0,0.0,0.0,0.0,0.0,0.0,0.0,0.0,0.0,0.0,0.0,2.312454,0.0,0.0,0.0,0.0,0.0,0.0,0.0,0.0,0.0,0.0,0.0,0.0,0.0,0.0,0.0,0.0,2.099651,0.0,0.0,0.0,0.0,0.0,0.0,0.0,0.0,0.0,0.0,0.0,0.0,0.0,0.0,0.0,0.0,0.0,0.0,0.0,0.0,0.0,0.0,0.0,0.0,0.0,0.0,0.0,0.0,0.0,0.0,0.0,0.0,0.0,0.0,0.0
TCEB2,1.754819,0.0,1.720847,0.0,2.30755,0.0,0.0,0.0,2.068839,1.671058,2.047976,2.239567,2.369301,3.035048,2.312454,2.113604,3.16156,0.0,0.0,3.164451,2.107231,2.747177,0.0,0.0,2.225449,2.963201,0.0,0.0,0.0,2.947951,3.10693,2.099651,0.0,2.937738,2.208684,0.0,0.0,2.997206,2.279514,2.339117,0.0,2.919586,0.0,2.889947,3.137345,0.0,0.0,0.0,1.575444,2.008989,2.194031,0.0,2.63272,1.518711,0.0,0.0,2.188033,2.124558,1.986951,0.0,2.705379,0.0,0.0,0.0,3.532886,2.610246,0.0
PPDPF,2.730933,0.0,1.720847,2.29622,2.30755,0.0,3.351594,0.0,0.0,1.671058,2.047976,2.239567,0.0,0.0,1.713724,2.113604,2.777053,2.360564,0.0,0.0,2.107231,0.0,2.597497,0.0,0.0,0.0,2.329854,2.358828,0.0,0.0,0.0,0.0,0.0,2.29622,0.0,0.0,2.717622,3.385889,2.920139,2.339117,0.0,0.0,2.272458,0.0,2.753347,0.0,1.941637,0.0,2.159381,2.008989,0.0,3.253301,2.63272,1.518711,2.183826,2.094015,2.823479,0.0,2.609079,0.0,2.705379,2.165166,2.235827,0.0,2.230622,0.0,0.0
CD7,0.0,0.0,1.720847,2.29622,0.0,2.339117,0.0,0.0,2.068839,0.0,0.0,0.0,0.0,0.0,1.713724,0.0,0.0,0.0,0.0,2.779884,0.0,0.0,0.0,0.0,0.0,0.0,2.973122,0.0,0.0,0.0,2.094015,0.0,2.751972,0.0,0.0,3.012705,2.088418,0.0,2.279514,0.0,0.0,2.540741,0.0,0.0,0.0,2.385264,0.0,0.0,0.0,0.0,0.0,0.0,2.008989,2.095889,0.0,0.0,2.188033,0.0,0.0,3.150085,1.732244,2.165166,2.235827,0.0,0.0,3.809068,0.0
RPS4Y1,1.754819,0.0,2.32028,0.0,0.0,2.339117,0.0,0.0,2.068839,2.265462,0.0,2.239567,0.0,0.0,1.713724,0.0,2.777053,3.005378,0.0,0.0,0.0,0.0,1.976168,2.629729,2.863073,0.0,2.329854,3.392346,2.112325,0.0,0.0,0.0,2.120674,2.937738,2.208684,0.0,2.717622,0.0,0.0,0.0,0.0,0.0,2.912701,2.250889,0.0,0.0,0.0,2.078567,2.793098,2.63272,2.561633,0.0,0.0,3.108972,2.183826,2.723587,2.188033,0.0,0.0,0.0,1.732244,0.0,0.0,2.713668,2.230622,1.988038,0.0
ANXA1,0.0,0.0,2.692448,2.29622,0.0,0.0,2.065222,2.274021,0.0,0.0,0.0,0.0,0.0,2.388854,0.0,3.621406,0.0,3.394199,0.0,0.0,0.0,0.0,0.0,1.665819,0.0,2.583235,0.0,0.0,0.0,0.0,0.0,0.0,0.0,0.0,0.0,0.0,0.0,0.0,2.279514,0.0,0.0,0.0,2.272458,0.0,0.0,2.385264,0.0,0.0,1.575444,0.0,0.0,0.0,2.63272,0.0,0.0,2.723587,0.0,0.0,0.0,0.0,0.0,3.67833,3.260504,0.0,0.0,0.0,0.0
KLRD1,0.0,0.0,0.0,2.937738,0.0,0.0,2.065222,0.0,0.0,0.0,0.0,0.0,2.369301,0.0,2.684356,0.0,0.0,0.0,3.010868,2.146934,0.0,0.0,0.0,0.0,0.0,0.0,3.640365,0.0,0.0,0.0,0.0,0.0,0.0,0.0,0.0,0.0,0.0,0.0,0.0,0.0,0.0,0.0,0.0,2.250889,0.0,2.385264,0.0,0.0,0.0,0.0,0.0,3.253301,2.008989,0.0,0.0,0.0,2.823479,0.0,0.0,0.0,0.0,0.0,0.0,0.0,0.0,0.0,0.0
COL1A2,0.0,0.0,0.0,0.0,0.0,0.0,0.0,0.0,0.0,0.0,0.0,0.0,0.0,0.0,0.0,0.0,0.0,0.0,0.0,0.0,0.0,0.0,0.0,0.0,0.0,0.0,0.0,0.0,0.0,0.0,0.0,0.0,0.0,0.0,0.0,0.0,0.0,0.0,0.0,0.0,0.0,0.0,0.0,0.0,0.0,0.0,0.0,0.0,0.0,0.0,0.0,0.0,0.0,0.0,0.0,0.0,0.0,0.0,0.0,0.0,0.0,0.0,0.0,0.0,0.0,0.0,0.0
IGLC3,0.0,0.0,0.0,0.0,0.0,0.0,0.0,0.0,0.0,0.0,0.0,0.0,0.0,0.0,0.0,0.0,0.0,0.0,0.0,0.0,0.0,0.0,0.0,0.0,0.0,0.0,0.0,0.0,0.0,0.0,0.0,0.0,0.0,0.0,0.0,0.0,0.0,0.0,0.0,0.0,0.0,0.0,0.0,0.0,0.0,0.0,0.0,0.0,0.0,0.0,0.0,0.0,0.0,0.0,0.0,0.0,0.0,0.0,0.0,0.0,0.0,0.0,0.0,0.0,0.0,0.0,0.0
CXCL8,2.730933,2.202934,2.32028,3.821721,2.30755,2.339117,2.692876,0.0,2.068839,0.0,0.0,2.239567,3.014546,2.388854,0.0,2.113604,2.777053,0.0,2.365796,0.0,4.818929,2.116168,0.0,2.259678,2.863073,0.0,2.973122,2.358828,0.0,3.335779,3.383364,2.099651,3.135941,0.0,0.0,0.0,3.771215,3.665073,2.279514,0.0,7.616631,2.919586,2.272458,0.0,3.414119,3.031286,2.560346,0.0,1.575444,2.63272,1.606564,2.22914,2.63272,1.518711,0.0,0.0,2.188033,2.756103,1.986951,2.765818,2.33279,2.799237,0.0,3.096788,3.254897,1.988038,2.304297
TNFRSF18,1.75481895374561,2.83925737038806,0.0,0.0,0.0,2.33911673496303,0.0,0.0,0.0,2.63572090390671,2.67445128820618,0.0,0.0,0.0,0.0,0.0,0.0,0.0,0.0,0.0,2.73766512164114,0.0,1.97616779134565,0.0,0.0,0.0,0.0,0.0,0.0,0.0,2.09401455295064,2.09965141229548,0.0,0.0,0.0,0.0,0.0,0.0,0.0,0.0,0.0,0.0,0.0,0.0,2.12196671391844,0.0,0.0,0.0,0.0,0.0,0.0,0.0,0.0,0.0,0.0,0.0,0.0,0.0,1.98695148479768,2.1336948960358,2.70537872834044,0.0,0.0,2.0847093326147,0.0,2.61024584010847,2.30429688223136
MYL12B,1.754819,2.202934,0.0,0.0,0.0,0.0,0.0,0.0,2.696737,0.0,0.0,0.0,0.0,2.388854,1.713724,2.113604,0.0,0.0,0.0,0.0,2.737665,2.116168,1.976168,0.0,2.225449,0.0,2.329854,0.0,0.0,2.305922,2.094015,2.099651,0.0,0.0,0.0,2.367547,0.0,0.0,0.0,2.982857,2.076734,2.540741,2.272458,0.0,0.0,2.385264,0.0,0.0,2.525621,0.0,2.194031,0.0,0.0,2.095889,2.183826,2.094015,0.0,2.124558,0.0,0.0,1.732244,2.165166,0.0,0.0,0.0,2.610246,0.0
SUMO2,2.357528,3.22504,2.32028,2.29622,2.949665,0.0,0.0,0.0,0.0,0.0,2.047976,3.264529,0.0,0.0,1.713724,0.0,2.777053,0.0,0.0,0.0,2.737665,2.116168,1.976168,1.665819,2.225449,1.962901,0.0,3.003556,2.112325,0.0,2.094015,0.0,2.120674,0.0,3.231246,2.367547,2.717622,0.0,2.279514,2.982857,0.0,2.919586,0.0,0.0,3.414119,0.0,0.0,0.0,2.525621,2.63272,1.606564,0.0,0.0,0.0,0.0,2.723587,0.0,2.756103,2.609079,2.765818,2.33279,2.165166,2.235827,3.373107,2.230622,2.9909,0.0
ARHGDIB,0.0,0.0,0.0,0.0,0.0,0.0,0.0,0.0,2.068839,1.671058,0.0,0.0,0.0,0.0,0.0,3.404926,0.0,0.0,0.0,0.0,0.0,0.0,0.0,0.0,0.0,0.0,2.329854,0.0,2.112325,0.0,0.0,0.0,2.751972,2.937738,0.0,0.0,0.0,0.0,0.0,2.339117,0.0,2.540741,0.0,0.0,0.0,3.031286,0.0,0.0,1.575444,0.0,1.606564,2.866975,0.0,1.518711,0.0,0.0,2.188033,2.124558,0.0,2.133695,1.732244,0.0,0.0,0.0,2.86854,2.9909,2.304297
MYL12A,2.357528,3.22504,2.963056,0.0,2.30755,0.0,0.0,3.301568,2.068839,0.0,0.0,2.239567,0.0,0.0,1.713724,0.0,0.0,2.360564,0.0,0.0,2.107231,0.0,0.0,0.0,0.0,1.962901,3.640365,2.358828,2.112325,0.0,0.0,3.389573,2.120674,2.29622,0.0,0.0,0.0,0.0,2.279514,3.371295,2.705162,3.193687,2.272458,2.250889,2.121967,0.0,0.0,0.0,0.0,2.63272,3.215426,3.748548,2.008989,1.518711,3.204398,0.0,3.486476,2.124558,2.609079,0.0,0.0,2.165166,2.874041,3.096788,0.0,0.0,0.0
YBX3,0.0,0.0,0.0,0.0,0.0,0.0,0.0,0.0,0.0,0.0,0.0,0.0,0.0,0.0,0.0,0.0,0.0,0.0,0.0,0.0,0.0,0.0,0.0,0.0,0.0,0.0,0.0,0.0,0.0,0.0,0.0,0.0,0.0,0.0,0.0,0.0,0.0,0.0,0.0,0.0,0.0,1.923451,0.0,0.0,0.0,0.0,0.0,0.0,0.0,0.0,0.0,0.0,0.0,0.0,0.0,0.0,0.0,0.0,0.0,0.0,0.0,2.165166,0.0,0.0,0.0,0.0,0.0
ZFP36,1.754819,0.0,2.32028,0.0,0.0,0.0,0.0,2.914348,2.068839,2.905324,2.674451,2.239567,0.0,2.388854,3.736391,2.113604,0.0,2.360564,2.365796,3.441517,2.107231,2.116168,1.976168,0.0,2.225449,1.962901,0.0,2.358828,0.0,0.0,0.0,0.0,0.0,2.29622,0.0,0.0,2.088418,0.0,2.279514,2.982857,2.705162,2.540741,2.272458,0.0,0.0,0.0,1.941637,2.078567,0.0,0.0,0.0,0.0,3.013932,0.0,0.0,3.383364,0.0,0.0,0.0,0.0,2.33279,2.165166,0.0,0.0,0.0,1.988038,2.304297
MCL1,0.0,2.2029337810686,2.32027983928059,2.29621992739132,0.0,2.33911673496303,2.06522247083326,0.0,2.06883920025034,3.11746069191616,2.04797595982601,0.0,2.36930147343163,0.0,1.71372414789283,2.11360385508445,0.0,0.0,0.0,2.14693417019908,2.10723100359207,0.0,0.0,1.66581905683477,0.0,0.0,3.36139270087774,0.0,0.0,0.0,0.0,0.0,2.12067431022148,0.0,0.0,2.367546638764,2.08841810464014,0.0,0.0,0.0,2.0767337617138,1.92345057614994,0.0,0.0,0.0,0.0,1.94163663827793,0.0,1.5754438385365,0.0,2.82983155083299,2.86697506219861,3.01393233132909,0.0,0.0,2.09401455295064,2.18803317369721,2.12455791305678,0.0,0.0,0.0,2.1651660828208,2.23582745870222,0.0,0.0,0.0,2.30429688223136
TMBIM4,0.0,2.202934,0.0,0.0,2.30755,0.0,0.0,0.0,0.0,0.0,0.0,0.0,0.0,0.0,2.684356,0.0,0.0,0.0,0.0,0.0,0.0,0.0,0.0,0.0,0.0,0.0,0.0,2.358828,0.0,0.0,0.0,2.099651,0.0,0.0,0.0,0.0,0.0,0.0,0.0,0.0,2.076734,0.0,0.0,0.0,0.0,0.0,1.941637,0.0,1.575444,0.0,0.0,2.22914,0.0,1.518711,0.0,0.0,0.0,2.124558,0.0,0.0,0.0,0.0,0.0,0.0,2.230622,1.988038,0.0
UBL5,2.357528,0.0,1.720847,2.29622,2.30755,0.0,2.065222,0.0,2.068839,0.0,0.0,0.0,0.0,2.388854,1.713724,0.0,2.144269,0.0,0.0,2.146934,0.0,0.0,0.0,0.0,2.225449,1.962901,0.0,0.0,0.0,0.0,0.0,2.099651,2.120674,0.0,2.208684,0.0,0.0,0.0,2.279514,0.0,2.076734,1.923451,0.0,0.0,2.121967,0.0,0.0,2.078567,1.575444,0.0,0.0,0.0,2.008989,0.0,0.0,0.0,2.188033,2.756103,0.0,2.133695,1.732244,0.0,2.235827,0.0,2.230622,1.988038,2.304297
COL4A2,0.0,0.0,0.0,0.0,0.0,0.0,0.0,0.0,0.0,0.0,0.0,2.239567,0.0,0.0,0.0,0.0,0.0,0.0,0.0,0.0,0.0,0.0,0.0,0.0,0.0,0.0,0.0,0.0,0.0,0.0,0.0,0.0,0.0,0.0,0.0,0.0,0.0,0.0,0.0,0.0,0.0,0.0,0.0,0.0,0.0,0.0,0.0,0.0,0.0,0.0,0.0,0.0,0.0,0.0,0.0,0.0,0.0,0.0,0.0,0.0,0.0,0.0,0.0,0.0,0.0,0.0,0.0
MYL9,0.0,0.0,0.0,0.0,0.0,0.0,0.0,0.0,0.0,0.0,0.0,0.0,0.0,0.0,0.0,0.0,0.0,0.0,0.0,0.0,0.0,0.0,0.0,0.0,0.0,0.0,0.0,0.0,0.0,0.0,0.0,0.0,0.0,0.0,0.0,0.0,0.0,0.0,0.0,0.0,0.0,0.0,0.0,0.0,0.0,0.0,0.0,0.0,0.0,0.0,0.0,0.0,0.0,0.0,0.0,0.0,0.0,0.0,0.0,0.0,0.0,0.0,0.0,0.0,0.0,0.0,0.0
MORF4L1,0.0,0.0,1.720847,0.0,0.0,2.339117,0.0,0.0,2.068839,0.0,2.047976,0.0,0.0,0.0,2.312454,2.744449,2.144269,0.0,0.0,0.0,0.0,0.0,0.0,1.665819,2.225449,1.962901,0.0,0.0,0.0,2.305922,0.0,0.0,0.0,2.29622,0.0,2.367547,0.0,0.0,0.0,0.0,0.0,0.0,0.0,2.250889,0.0,2.385264,0.0,0.0,1.575444,0.0,1.606564,0.0,2.008989,0.0,2.183826,0.0,0.0,2.124558,1.986951,2.133695,0.0,0.0,0.0,0.0,0.0,1.988038,0.0
SERF2,1.754819,2.839257,2.32028,0.0,0.0,2.982857,2.065222,0.0,3.571732,2.265462,2.047976,2.877991,3.682854,3.035048,2.312454,2.113604,3.16156,2.360564,2.365796,3.164451,0.0,2.116168,0.0,1.665819,2.863073,2.583235,2.973122,2.358828,0.0,0.0,2.094015,2.729593,0.0,3.821721,3.231246,0.0,2.088418,0.0,2.920139,2.982857,2.705162,1.923451,2.912701,0.0,2.121967,3.031286,2.560346,0.0,2.159381,3.013932,0.0,2.22914,0.0,2.93554,3.204398,2.723587,0.0,3.633525,0.0,2.133695,3.364532,0.0,2.235827,2.084709,2.230622,2.610246,0.0
RPL28,4.218825,3.719837,4.932154,4.000387,4.295899,4.047121,4.340652,4.375324,3.749358,3.685376,4.123414,4.089748,3.900954,4.101087,4.361097,4.395168,3.833299,3.891507,4.58011,3.987317,3.12132,4.200106,4.325198,4.897766,4.074201,4.710963,4.037044,4.832474,4.195802,4.294116,3.928331,4.065715,4.403107,3.821721,3.904442,4.582022,4.272789,4.565883,4.381369,4.198772,3.58051,2.540741,4.658129,4.102201,4.404557,3.700011,4.19978,4.355722,3.928438,4.362708,4.286915,3.531275,4.079265,4.613707,4.028232,4.059399,3.703479,2.756103,4.054206,3.643623,4.040239,3.184208,3.93428,3.58937,4.327449,3.809068,3.612768
MT-CO1,4.939423,5.182534,4.827594,5.413492,4.516314,4.330425,4.5057,5.536678,5.234962,5.544199,5.410853,4.842918,4.583939,5.388258,5.184219,5.248226,4.736522,5.523539,5.407206,5.073486,4.875638,5.038799,4.477457,4.463608,4.82723,4.954128,5.006781,4.832474,5.034458,5.341227,5.334677,5.610227,4.995421,4.969708,4.740157,5.16525,4.36683,4.74647,5.812138,5.016969,4.894768,4.950665,5.213672,5.40223,4.99688,4.782003,4.686406,4.896848,4.877623,4.916847,4.485083,5.211785,4.963034,4.577707,4.780831,5.368418,5.210066,5.403019,4.891541,5.881674,4.765018,5.448811,5.305796,5.215471,4.525717,5.694258,4.846074
EVL,0.0,0.0,0.0,0.0,0.0,0.0,0.0,2.274021,0.0,0.0,0.0,0.0,0.0,0.0,1.713724,0.0,0.0,0.0,2.365796,2.146934,0.0,2.116168,2.977829,1.665819,0.0,1.962901,0.0,0.0,0.0,0.0,0.0,0.0,2.120674,2.29622,0.0,0.0,0.0,2.997206,0.0,0.0,0.0,0.0,0.0,0.0,0.0,0.0,0.0,2.078567,1.575444,2.008989,1.606564,2.22914,2.008989,0.0,0.0,0.0,2.188033,0.0,0.0,0.0,0.0,0.0,2.235827,0.0,2.230622,0.0,0.0
WSB1,0.0,0.0,0.0,0.0,0.0,0.0,0.0,2.274021,2.068839,0.0,0.0,0.0,0.0,0.0,1.713724,0.0,0.0,0.0,0.0,0.0,2.107231,0.0,1.976168,0.0,0.0,0.0,0.0,0.0,2.112325,0.0,0.0,0.0,0.0,0.0,0.0,0.0,2.088418,0.0,0.0,0.0,0.0,2.540741,0.0,0.0,2.121967,0.0,0.0,0.0,2.159381,0.0,0.0,0.0,0.0,0.0,2.183826,0.0,2.188033,0.0,2.609079,0.0,1.732244,0.0,0.0,2.084709,0.0,0.0,0.0
PCBP2,1.754819,0.0,1.720847,0.0,0.0,2.339117,0.0,2.274021,0.0,2.265462,0.0,2.239567,0.0,0.0,0.0,0.0,0.0,0.0,0.0,0.0,0.0,2.747177,0.0,1.665819,0.0,0.0,0.0,2.358828,0.0,0.0,0.0,2.099651,0.0,0.0,2.208684,0.0,2.088418,0.0,2.279514,0.0,0.0,1.923451,0.0,0.0,2.121967,0.0,1.941637,0.0,1.575444,2.008989,0.0,2.22914,0.0,0.0,0.0,0.0,0.0,0.0,0.0,2.133695,1.732244,0.0,0.0,2.084709,2.230622,1.988038,2.304297
HLA-A,3.21535,3.22504,1.720847,2.937738,2.30755,2.339117,2.065222,2.274021,3.35559,3.881475,3.056667,3.542611,0.0,0.0,0.0,3.128253,2.777053,3.005378,0.0,3.164451,2.107231,2.116168,3.252704,1.665819,0.0,2.583235,3.640365,2.358828,2.112325,3.335779,3.10693,3.605949,3.62923,3.604035,2.208684,3.401649,2.088418,2.352779,2.279514,3.650354,2.705162,3.193687,2.912701,2.889947,2.121967,3.918197,2.939715,3.090088,2.159381,2.008989,1.606564,3.531275,3.013932,2.459503,3.698857,3.10693,3.486476,3.962419,3.264731,4.103769,4.118927,0.0,2.874041,3.373107,2.230622,4.15907,2.946241
PTPRC,2.73093319654561,2.83925737038806,0.0,2.29621992739132,3.33752324299727,0.0,2.06522247083326,2.27402056526025,2.06883920025034,3.29237665493943,2.67445128820618,0.0,2.36930147343163,2.38885361988142,0.0,3.4049264704207,0.0,3.00537849705492,3.67908258638818,0.0,3.39791647550574,2.11616756792241,3.6451950957532,1.66581905683477,0.0,1.96290084905076,0.0,0.0,2.11232513354973,2.30592188645848,2.09401455295064,3.11306949192439,0.0,2.93773767990245,2.84534274510818,2.367546638764,0.0,2.35277882971183,2.27951397209273,2.33911673496303,0.0,1.92345057614994,2.27245780891882,2.88994685880331,3.41411868418827,0.0,1.94163663827793,2.70711736521367,3.00392020161428,2.63271985032604,2.19403096184742,0.0,0.0,0.0,0.0,0.0,2.18803317369721,2.12455791305678,0.0,0.0,2.33278973108476,2.1651660828208,0.0,3.09678776121431,2.23062151051123,2.99090020199846,0.0
TMA7,2.730933,2.202934,2.692448,2.29622,2.30755,2.339117,2.065222,0.0,2.696737,1.671058,0.0,3.264529,2.369301,2.388854,2.684356,0.0,0.0,0.0,0.0,3.164451,2.107231,2.116168,1.976168,1.665819,2.225449,2.583235,2.329854,2.358828,0.0,3.335779,0.0,2.099651,0.0,3.325383,0.0,0.0,0.0,2.352779,0.0,0.0,2.076734,3.193687,2.272458,2.889947,3.137345,2.385264,3.429161,0.0,2.525621,2.63272,1.606564,2.866975,2.008989,2.459503,3.204398,2.723587,2.823479,2.124558,2.609079,3.150085,2.705379,2.165166,2.874041,2.084709,0.0,1.988038,2.304297
GNG7,0.0,0.0,0.0,0.0,0.0,0.0,0.0,0.0,0.0,0.0,0.0,0.0,0.0,0.0,0.0,0.0,0.0,0.0,0.0,0.0,0.0,0.0,0.0,0.0,0.0,0.0,0.0,0.0,0.0,0.0,0.0,0.0,0.0,0.0,0.0,0.0,0.0,0.0,0.0,0.0,0.0,0.0,0.0,0.0,0.0,0.0,0.0,0.0,0.0,0.0,0.0,0.0,0.0,0.0,0.0,0.0,0.0,0.0,0.0,0.0,0.0,0.0,0.0,0.0,0.0,0.0,0.0
ANXA5,1.754819,0.0,0.0,0.0,0.0,0.0,0.0,0.0,0.0,0.0,0.0,0.0,0.0,0.0,0.0,0.0,0.0,0.0,0.0,2.146934,0.0,0.0,0.0,0.0,0.0,0.0,0.0,0.0,0.0,2.305922,0.0,0.0,0.0,0.0,0.0,0.0,0.0,2.352779,0.0,0.0,0.0,1.923451,2.272458,0.0,0.0,0.0,0.0,0.0,0.0,0.0,1.606564,0.0,0.0,0.0,2.183826,0.0,0.0,0.0,0.0,0.0,1.732244,0.0,0.0,0.0,0.0,0.0,0.0
TMEM230,0.0,0.0,0.0,0.0,0.0,0.0,2.065222,0.0,0.0,0.0,2.047976,0.0,2.369301,0.0,1.713724,0.0,0.0,0.0,0.0,0.0,0.0,0.0,0.0,1.665819,0.0,0.0,2.329854,0.0,2.112325,0.0,0.0,0.0,0.0,0.0,2.208684,2.367547,0.0,2.352779,0.0,0.0,0.0,0.0,0.0,0.0,2.121967,0.0,0.0,0.0,0.0,0.0,0.0,0.0,0.0,0.0,0.0,0.0,0.0,0.0,0.0,0.0,1.732244,0.0,0.0,2.084709,0.0,0.0,2.304297
CLIC4,0.0,0.0,0.0,0.0,0.0,0.0,0.0,0.0,0.0,1.6710576703515,0.0,0.0,0.0,0.0,0.0,0.0,0.0,0.0,0.0,0.0,0.0,0.0,0.0,0.0,0.0,0.0,0.0,0.0,0.0,0.0,0.0,0.0,0.0,0.0,0.0,0.0,0.0,0.0,0.0,0.0,0.0,0.0,0.0,0.0,0.0,0.0,0.0,0.0,0.0,0.0,0.0,0.0,0.0,0.0,0.0,0.0,2.18803317369721,0.0,0.0,0.0,0.0,0.0,0.0,0.0,0.0,0.0,0.0
PSMB1,0.0,2.202934,0.0,0.0,0.0,0.0,0.0,0.0,0.0,1.671058,0.0,0.0,0.0,2.388854,0.0,0.0,0.0,0.0,0.0,0.0,0.0,0.0,1.976168,0.0,0.0,0.0,0.0,0.0,0.0,0.0,0.0,0.0,0.0,2.29622,0.0,0.0,0.0,0.0,2.279514,0.0,2.705162,2.540741,0.0,2.250889,0.0,2.385264,0.0,2.078567,0.0,0.0,0.0,0.0,2.008989,1.518711,0.0,0.0,0.0,0.0,0.0,0.0,0.0,0.0,0.0,0.0,0.0,2.610246,0.0
TPM4,0.0,0.0,0.0,0.0,0.0,0.0,0.0,0.0,2.068839,0.0,2.047976,0.0,0.0,0.0,0.0,0.0,0.0,0.0,0.0,2.146934,0.0,0.0,2.597497,0.0,0.0,0.0,0.0,0.0,0.0,2.305922,0.0,0.0,0.0,0.0,0.0,0.0,0.0,0.0,0.0,0.0,0.0,0.0,2.272458,0.0,0.0,0.0,0.0,0.0,1.575444,0.0,0.0,0.0,0.0,0.0,0.0,2.094015,0.0,2.124558,0.0,0.0,0.0,0.0,0.0,0.0,0.0,0.0,0.0
PPIC,0.0,0.0,0.0,0.0,0.0,0.0,0.0,0.0,0.0,0.0,0.0,0.0,0.0,0.0,0.0,0.0,0.0,0.0,0.0,0.0,0.0,0.0,0.0,0.0,0.0,0.0,0.0,0.0,0.0,0.0,0.0,0.0,0.0,0.0,0.0,0.0,0.0,0.0,0.0,0.0,0.0,0.0,0.0,0.0,0.0,0.0,0.0,0.0,0.0,0.0,0.0,0.0,0.0,0.0,0.0,0.0,0.0,0.0,0.0,0.0,0.0,0.0,0.0,0.0,0.0,0.0,0.0
HSPG2,0.0,0.0,0.0,0.0,0.0,0.0,2.06522247083326,0.0,0.0,0.0,0.0,0.0,0.0,0.0,3.34277498890591,0.0,0.0,0.0,2.36579551251775,0.0,0.0,0.0,0.0,0.0,0.0,0.0,0.0,0.0,0.0,0.0,0.0,0.0,0.0,0.0,0.0,0.0,0.0,0.0,0.0,0.0,0.0,0.0,0.0,0.0,0.0,0.0,0.0,0.0,0.0,0.0,0.0,0.0,0.0,0.0,0.0,0.0,0.0,0.0,0.0,0.0,0.0,0.0,0.0,0.0,0.0,0.0,0.0
TFPI,0.0,0.0,0.0,0.0,0.0,0.0,0.0,0.0,0.0,0.0,0.0,0.0,0.0,0.0,0.0,0.0,0.0,0.0,0.0,0.0,0.0,0.0,0.0,0.0,0.0,0.0,0.0,0.0,0.0,0.0,0.0,0.0,0.0,0.0,0.0,0.0,0.0,0.0,0.0,0.0,0.0,0.0,0.0,0.0,0.0,0.0,0.0,0.0,0.0,0.0,0.0,0.0,0.0,0.0,0.0,0.0,0.0,0.0,0.0,0.0,0.0,0.0,0.0,0.0,0.0,0.0,0.0
CXCR4,1.754819,2.202934,0.0,0.0,2.30755,2.339117,0.0,2.274021,0.0,3.292377,3.056667,0.0,0.0,3.035048,2.312454,2.744449,0.0,3.394199,3.010868,3.164451,3.12132,2.116168,2.597497,1.665819,0.0,3.630183,2.973122,3.392346,0.0,2.305922,2.723587,3.113069,2.751972,0.0,2.208684,2.367547,2.088418,3.665073,2.920139,0.0,2.076734,3.981564,2.272458,2.250889,0.0,0.0,1.941637,0.0,2.793098,3.289264,3.0411,3.531275,3.682224,1.518711,3.698857,2.723587,2.188033,3.416965,3.657378,0.0,0.0,3.184208,2.235827,4.164807,3.254897,2.610246,2.304297
EMB,0.0,0.0,1.720847,2.29622,0.0,0.0,0.0,0.0,0.0,1.671058,0.0,0.0,2.369301,0.0,1.713724,0.0,0.0,0.0,2.365796,0.0,0.0,2.116168,0.0,0.0,2.225449,0.0,0.0,0.0,0.0,0.0,0.0,0.0,0.0,2.29622,0.0,2.367547,0.0,2.352779,2.279514,0.0,2.076734,0.0,0.0,2.250889,0.0,2.385264,0.0,0.0,0.0,2.63272,1.606564,0.0,3.013932,2.459503,0.0,2.723587,2.188033,0.0,0.0,0.0,0.0,0.0,2.235827,0.0,0.0,0.0,0.0
NCF1,0.0,2.202934,0.0,0.0,0.0,0.0,0.0,0.0,0.0,0.0,0.0,0.0,0.0,0.0,0.0,0.0,0.0,0.0,0.0,0.0,0.0,0.0,0.0,0.0,0.0,0.0,0.0,0.0,0.0,0.0,0.0,0.0,0.0,0.0,0.0,0.0,2.088418,0.0,0.0,0.0,0.0,0.0,0.0,0.0,0.0,0.0,0.0,0.0,1.575444,0.0,1.606564,0.0,0.0,2.095889,2.819021,2.094015,0.0,0.0,0.0,0.0,0.0,0.0,3.260504,0.0,0.0,0.0,0.0
SELM,1.754819,0.0,0.0,2.29622,0.0,0.0,0.0,0.0,0.0,0.0,2.047976,0.0,0.0,0.0,1.713724,0.0,0.0,0.0,0.0,0.0,0.0,0.0,0.0,1.665819,0.0,0.0,0.0,0.0,0.0,0.0,0.0,0.0,0.0,0.0,0.0,0.0,0.0,0.0,0.0,0.0,0.0,0.0,0.0,0.0,0.0,0.0,1.941637,0.0,0.0,0.0,0.0,2.22914,0.0,0.0,2.183826,0.0,0.0,0.0,1.986951,0.0,0.0,0.0,0.0,0.0,0.0,0.0,0.0
MZT2B,0.0,0.0,0.0,0.0,0.0,0.0,0.0,0.0,0.0,0.0,0.0,0.0,2.369301,0.0,0.0,2.113604,0.0,0.0,0.0,0.0,0.0,0.0,0.0,0.0,0.0,0.0,0.0,0.0,0.0,0.0,2.094015,0.0,0.0,0.0,0.0,0.0,0.0,0.0,0.0,0.0,0.0,0.0,0.0,0.0,0.0,0.0,0.0,0.0,1.575444,0.0,0.0,0.0,0.0,0.0,2.183826,0.0,2.188033,0.0,1.986951,0.0,0.0,0.0,2.235827,2.084709,0.0,1.988038,0.0
DNAJB9,0.0,0.0,0.0,0.0,0.0,0.0,0.0,0.0,0.0,0.0,0.0,0.0,0.0,0.0,0.0,0.0,0.0,0.0,0.0,0.0,0.0,0.0,0.0,0.0,0.0,1.962901,0.0,0.0,0.0,0.0,0.0,0.0,0.0,0.0,0.0,0.0,0.0,0.0,0.0,0.0,0.0,0.0,2.272458,0.0,0.0,0.0,0.0,0.0,0.0,2.008989,0.0,0.0,0.0,1.518711,0.0,0.0,0.0,0.0,0.0,0.0,0.0,0.0,0.0,0.0,0.0,0.0,0.0
COL6A1,0.0,0.0,0.0,0.0,0.0,0.0,0.0,0.0,0.0,0.0,0.0,0.0,0.0,0.0,0.0,0.0,0.0,0.0,0.0,0.0,0.0,0.0,0.0,0.0,0.0,0.0,0.0,0.0,0.0,0.0,0.0,0.0,0.0,0.0,0.0,0.0,0.0,0.0,0.0,0.0,0.0,0.0,0.0,0.0,0.0,0.0,0.0,0.0,0.0,0.0,0.0,0.0,0.0,0.0,0.0,0.0,0.0,0.0,0.0,0.0,0.0,0.0,0.0,0.0,0.0,0.0,0.0
TPM1,0.0,0.0,0.0,0.0,0.0,0.0,0.0,0.0,0.0,0.0,0.0,0.0,0.0,0.0,0.0,0.0,0.0,0.0,0.0,2.146934,0.0,0.0,0.0,0.0,0.0,0.0,0.0,0.0,0.0,0.0,0.0,0.0,0.0,0.0,0.0,0.0,0.0,0.0,0.0,0.0,0.0,0.0,0.0,0.0,0.0,0.0,0.0,0.0,0.0,0.0,0.0,0.0,0.0,0.0,0.0,0.0,0.0,0.0,0.0,0.0,0.0,0.0,0.0,0.0,0.0,0.0,0.0
CYR61,0.0,0.0,0.0,0.0,0.0,0.0,0.0,0.0,0.0,0.0,0.0,0.0,0.0,0.0,0.0,0.0,0.0,0.0,0.0,0.0,0.0,0.0,0.0,0.0,0.0,1.96290084905076,0.0,0.0,0.0,0.0,0.0,0.0,0.0,0.0,0.0,0.0,0.0,0.0,0.0,0.0,0.0,0.0,0.0,0.0,0.0,0.0,0.0,0.0,0.0,0.0,0.0,0.0,0.0,0.0,0.0,0.0,0.0,0.0,0.0,0.0,0.0,0.0,0.0,0.0,0.0,0.0,0.0
HNRNPA2B1,2.357528,2.202934,1.720847,0.0,2.30755,0.0,0.0,2.914348,0.0,1.671058,0.0,0.0,0.0,2.388854,0.0,2.113604,0.0,0.0,0.0,0.0,2.107231,0.0,0.0,0.0,0.0,0.0,2.329854,2.358828,3.126863,0.0,2.723587,2.099651,2.120674,0.0,2.208684,2.367547,0.0,0.0,2.279514,0.0,0.0,2.919586,2.272458,0.0,2.753347,0.0,0.0,0.0,1.575444,0.0,2.194031,0.0,0.0,0.0,2.819021,0.0,0.0,2.124558,0.0,0.0,1.732244,0.0,0.0,2.084709,2.86854,2.610246,0.0
HLA-DPA1,0.0,0.0,0.0,0.0,0.0,0.0,0.0,0.0,0.0,1.671058,0.0,0.0,0.0,0.0,0.0,0.0,0.0,0.0,2.365796,0.0,0.0,0.0,0.0,0.0,0.0,0.0,0.0,0.0,2.112325,0.0,0.0,0.0,0.0,0.0,0.0,2.367547,0.0,0.0,0.0,0.0,0.0,0.0,0.0,0.0,2.121967,0.0,0.0,0.0,1.575444,0.0,0.0,2.22914,0.0,0.0,0.0,0.0,0.0,0.0,0.0,2.133695,0.0,0.0,0.0,0.0,0.0,0.0,2.304297
RPS27,4.66544478734558,4.58106556474813,5.05646793599127,5.49012240955855,4.51631424581798,5.460868863463,5.62214605815614,5.00537299819155,5.19742663748812,4.04535144136163,4.75175493801097,5.0239246738807,5.53314433811188,5.3419551948648,4.81898188667037,5.39062582457041,4.97106325070824,5.44382924883448,4.98215107515837,4.33841154872141,5.0749208930783,5.48842483600953,5.09123815465073,5.50342013528916,4.95145024940904,5.59945048831491,4.18867039309371,5.59545175124526,4.93505933979596,4.5145257082809,5.05995630079299,4.46544692481323,5.13429975297691,5.23998652621139,5.23316925932647,5.36488175975226,4.95893992380029,4.8258444685208,5.12197788143163,5.18777317955653,4.94568667104478,4.48489940035152,5.34652300084317,5.69832154158884,4.71144798837774,5.51160580929975,5.50442103782703,5.70943082829458,5.19930140200555,5.30394706779269,4.82474900137746,4.9555584115175,5.42473954266081,5.50970016173127,4.90500623116082,5.40105701300423,5.25239778140931,4.83847271869066,5.5809260182506,4.10376886448061,4.68237678923651,4.88411045628089,5.49418158749582,4.85015791357363,5.34061601114751,4.62319825576225,5.20038834126276
IGFBP4,0.0,0.0,0.0,0.0,0.0,0.0,0.0,0.0,0.0,0.0,0.0,0.0,0.0,0.0,0.0,0.0,0.0,0.0,0.0,0.0,0.0,0.0,0.0,0.0,0.0,0.0,0.0,0.0,0.0,0.0,0.0,0.0,0.0,0.0,0.0,0.0,0.0,0.0,0.0,2.339117,0.0,0.0,0.0,0.0,0.0,0.0,0.0,0.0,0.0,0.0,0.0,0.0,0.0,0.0,2.183826,0.0,0.0,0.0,0.0,0.0,0.0,0.0,0.0,0.0,0.0,0.0,0.0
SH3BGRL3,1.75481895374561,2.2029337810686,2.32027983928059,2.93773767990245,2.30755012237667,0.0,2.06522247083326,0.0,0.0,1.6710576703515,3.05666665395977,2.23956666872002,2.36930147343163,2.38885361988142,2.68435648283867,0.0,2.77705312026539,2.36056424053068,0.0,2.77988441721128,3.12132035171177,2.11616756792241,1.97616779134565,1.66581905683477,0.0,1.96290084905076,2.32985368712411,2.35882780460746,0.0,3.33577922051775,2.09401455295064,0.0,0.0,3.82172081873282,2.20868396862704,0.0,2.7176223462617,0.0,0.0,0.0,3.08808814761517,1.92345057614994,2.91270062418399,0.0,3.13734535905958,3.42053581027297,2.56034635738958,2.0785670335349,2.79309849241251,0.0,1.60656411784832,3.74854761437455,0.0,2.45950349000182,0.0,2.09401455295064,0.0,2.12455791305678,1.98695148479768,2.1336948960358,1.73224424421223,2.1651660828208,0.0,0.0,2.23062151051123,2.99090020199846,0.0
JUND,1.754819,2.202934,0.0,0.0,3.616284,0.0,0.0,2.274021,0.0,2.265462,0.0,2.877991,2.369301,3.035048,1.713724,2.113604,2.777053,2.360564,2.365796,0.0,0.0,0.0,2.977829,2.259678,0.0,1.962901,0.0,2.358828,2.743088,0.0,2.094015,0.0,2.120674,0.0,0.0,3.012705,0.0,2.352779,0.0,0.0,0.0,1.923451,2.272458,0.0,2.121967,0.0,0.0,0.0,1.575444,0.0,0.0,0.0,2.008989,0.0,0.0,2.723587,2.188033,2.124558,1.986951,0.0,2.33279,0.0,0.0,0.0,0.0,1.988038,2.304297
ARGLU1,0.0,0.0,0.0,2.29622,2.30755,2.339117,0.0,0.0,2.068839,0.0,0.0,0.0,0.0,0.0,0.0,0.0,3.16156,0.0,0.0,2.146934,2.107231,0.0,1.976168,0.0,0.0,0.0,2.329854,0.0,0.0,2.305922,2.094015,0.0,0.0,2.29622,2.208684,0.0,0.0,0.0,2.279514,0.0,0.0,0.0,0.0,2.250889,2.121967,0.0,0.0,0.0,0.0,2.008989,0.0,0.0,0.0,1.518711,2.183826,0.0,0.0,0.0,0.0,2.133695,1.732244,0.0,0.0,2.084709,0.0,0.0,0.0
ATP5E,3.21535,3.22504,2.32028,2.937738,2.30755,0.0,0.0,2.914348,2.068839,2.905324,3.548495,2.239567,3.682854,0.0,1.713724,0.0,0.0,2.360564,3.399781,2.779884,0.0,3.624244,2.597497,2.899222,2.225449,0.0,3.640365,3.889629,2.743088,0.0,0.0,2.099651,2.751972,3.604035,2.845343,3.401649,2.088418,2.997206,0.0,3.650354,3.58051,3.408593,4.57198,2.889947,3.959532,3.031286,2.560346,2.707117,2.525621,2.63272,2.561633,0.0,3.013932,2.725585,3.204398,3.383364,3.486476,3.416965,2.609079,0.0,3.86143,2.165166,2.235827,0.0,3.532886,3.265942,2.304297
AAK1,2.730933,2.202934,0.0,0.0,2.949665,0.0,0.0,2.274021,2.068839,1.671058,0.0,0.0,0.0,0.0,0.0,2.744449,2.144269,0.0,0.0,0.0,2.107231,2.116168,1.976168,0.0,0.0,1.962901,2.329854,2.358828,3.126863,2.305922,0.0,2.099651,2.120674,2.29622,0.0,0.0,0.0,2.997206,0.0,0.0,0.0,0.0,0.0,0.0,2.753347,0.0,1.941637,0.0,0.0,2.008989,0.0,0.0,0.0,0.0,3.481882,0.0,0.0,2.124558,0.0,2.133695,1.732244,0.0,0.0,0.0,2.230622,0.0,2.304297
YBX1,1.75481895374561,2.2029337810686,0.0,0.0,0.0,2.33911673496303,0.0,0.0,0.0,1.6710576703515,0.0,0.0,0.0,0.0,1.71372414789283,0.0,0.0,2.36056424053068,0.0,0.0,0.0,0.0,1.97616779134565,0.0,0.0,1.96290084905076,0.0,0.0,0.0,2.30592188645848,2.09401455295064,2.09965141229548,0.0,0.0,2.20868396862704,2.367546638764,0.0,0.0,0.0,0.0,0.0,0.0,2.27245780891882,2.25088926712533,0.0,0.0,0.0,0.0,0.0,0.0,1.60656411784832,2.2291402508381,0.0,1.51871065293527,2.18382640423796,0.0,0.0,0.0,2.60907903815974,0.0,1.73224424421223,0.0,0.0,0.0,2.86854049623893,1.98803833847065,0.0
UBE2J1,0.0,0.0,1.720847,0.0,2.30755,0.0,0.0,0.0,0.0,1.671058,0.0,0.0,0.0,0.0,1.713724,0.0,0.0,0.0,0.0,2.146934,0.0,0.0,0.0,0.0,0.0,0.0,0.0,2.358828,0.0,0.0,0.0,0.0,0.0,0.0,0.0,0.0,0.0,0.0,0.0,0.0,0.0,1.923451,0.0,0.0,0.0,0.0,0.0,0.0,0.0,0.0,1.606564,0.0,0.0,1.518711,0.0,0.0,0.0,0.0,0.0,0.0,0.0,0.0,2.235827,0.0,0.0,0.0,0.0
MANF,0.0,0.0,0.0,0.0,0.0,0.0,0.0,0.0,0.0,0.0,0.0,0.0,0.0,0.0,0.0,0.0,0.0,0.0,0.0,0.0,0.0,2.747177,0.0,0.0,0.0,1.962901,0.0,0.0,0.0,0.0,0.0,0.0,0.0,0.0,0.0,0.0,0.0,0.0,0.0,0.0,0.0,0.0,0.0,0.0,0.0,0.0,0.0,0.0,0.0,0.0,0.0,0.0,0.0,0.0,0.0,0.0,0.0,0.0,0.0,0.0,0.0,0.0,0.0,0.0,0.0,0.0,0.0
COX6A1,2.357528,2.202934,1.720847,0.0,0.0,0.0,0.0,0.0,2.068839,0.0,2.047976,2.239567,0.0,0.0,1.713724,2.113604,0.0,0.0,0.0,2.146934,0.0,0.0,0.0,0.0,0.0,0.0,0.0,0.0,0.0,0.0,2.094015,0.0,2.751972,2.29622,0.0,0.0,0.0,2.352779,2.279514,0.0,2.705162,1.923451,0.0,2.250889,0.0,0.0,1.941637,0.0,1.575444,0.0,0.0,0.0,0.0,1.518711,2.183826,0.0,0.0,2.124558,1.986951,0.0,1.732244,0.0,0.0,0.0,0.0,1.988038,0.0
HNMT,0.0,0.0,0.0,0.0,0.0,0.0,0.0,0.0,0.0,0.0,0.0,0.0,0.0,0.0,0.0,0.0,0.0,0.0,0.0,0.0,0.0,0.0,0.0,0.0,0.0,0.0,0.0,0.0,0.0,0.0,0.0,0.0,0.0,0.0,0.0,0.0,0.0,0.0,0.0,0.0,0.0,0.0,0.0,0.0,0.0,0.0,0.0,0.0,0.0,0.0,0.0,0.0,0.0,0.0,0.0,0.0,0.0,0.0,0.0,0.0,0.0,0.0,0.0,0.0,0.0,0.0,0.0
USMG5,1.754819,2.202934,1.720847,2.29622,0.0,0.0,0.0,0.0,0.0,2.265462,2.047976,0.0,2.369301,2.388854,1.713724,0.0,0.0,0.0,3.399781,2.146934,0.0,0.0,0.0,0.0,0.0,0.0,2.329854,0.0,0.0,0.0,0.0,2.099651,2.120674,0.0,0.0,0.0,0.0,0.0,2.920139,0.0,2.076734,1.923451,0.0,0.0,0.0,0.0,1.941637,0.0,0.0,0.0,0.0,2.22914,0.0,2.095889,2.183826,0.0,0.0,2.124558,2.609079,0.0,2.33279,2.165166,2.235827,2.084709,0.0,1.988038,0.0
YWHAB,0.0,2.839257,0.0,2.29622,0.0,0.0,0.0,0.0,2.068839,0.0,0.0,3.542611,2.369301,0.0,0.0,2.113604,0.0,0.0,0.0,0.0,2.107231,0.0,1.976168,2.629729,0.0,0.0,2.329854,0.0,2.743088,2.305922,2.094015,0.0,2.120674,0.0,2.208684,2.367547,0.0,0.0,0.0,0.0,2.076734,2.540741,2.272458,0.0,0.0,2.385264,0.0,2.707117,0.0,2.008989,0.0,2.22914,0.0,2.095889,0.0,0.0,0.0,0.0,0.0,0.0,2.705379,2.165166,0.0,2.713668,0.0,0.0,0.0
RPL8,3.002192,2.202934,3.351151,0.0,0.0,2.982857,2.692876,2.914348,3.749358,2.905324,3.726011,4.221184,3.682854,3.424359,2.684356,2.744449,2.777053,3.394199,4.076097,2.779884,2.737665,3.624244,3.252704,3.111292,2.863073,3.780539,2.329854,4.351933,0.0,0.0,3.10693,3.934631,3.62923,2.937738,3.509002,0.0,3.100831,2.352779,3.585953,3.650354,2.076734,2.919586,2.272458,3.554911,3.414119,2.385264,3.606065,3.366331,3.455152,3.504923,3.363826,2.866975,3.682224,3.499443,0.0,3.383364,3.208945,3.416965,3.480204,3.426997,2.976208,3.67833,3.260504,3.096788,4.0799,1.988038,2.304297
NUCKS1,0.0,0.0,1.72084710114249,0.0,0.0,0.0,0.0,0.0,0.0,0.0,2.04797595982601,0.0,0.0,0.0,0.0,0.0,0.0,2.36056424053068,0.0,0.0,2.10723100359207,0.0,0.0,0.0,0.0,0.0,0.0,0.0,2.74308805784308,0.0,0.0,0.0,2.12067431022148,0.0,2.20868396862704,0.0,0.0,2.35277882971183,0.0,0.0,0.0,0.0,0.0,0.0,0.0,0.0,0.0,0.0,0.0,2.63271985032604,1.60656411784832,0.0,2.00898929169822,0.0,2.18382640423796,0.0,0.0,0.0,0.0,2.1336948960358,0.0,0.0,2.23582745870222,0.0,0.0,1.98803833847065,0.0
RDX,0.0,2.202934,0.0,0.0,0.0,0.0,0.0,0.0,0.0,1.671058,2.047976,0.0,0.0,2.388854,1.713724,0.0,0.0,0.0,0.0,0.0,0.0,0.0,0.0,0.0,0.0,0.0,0.0,0.0,0.0,2.305922,0.0,0.0,0.0,0.0,0.0,0.0,0.0,0.0,0.0,0.0,0.0,0.0,0.0,0.0,0.0,0.0,0.0,0.0,0.0,0.0,0.0,0.0,0.0,1.518711,0.0,0.0,0.0,0.0,2.609079,0.0,1.732244,0.0,0.0,0.0,0.0,0.0,0.0
COX6C,1.754819,0.0,2.692448,0.0,0.0,0.0,2.065222,0.0,0.0,0.0,2.047976,0.0,2.369301,0.0,0.0,0.0,0.0,0.0,0.0,2.146934,0.0,0.0,1.976168,2.259678,0.0,0.0,0.0,2.358828,0.0,0.0,0.0,2.099651,0.0,2.29622,0.0,0.0,2.088418,0.0,2.279514,0.0,2.705162,0.0,0.0,0.0,0.0,2.385264,0.0,2.078567,0.0,0.0,0.0,0.0,0.0,2.095889,2.819021,0.0,0.0,2.124558,1.986951,0.0,2.705379,2.799237,0.0,0.0,2.230622,0.0,0.0
GUK1,0.0,0.0,0.0,2.29621992739132,0.0,0.0,0.0,0.0,0.0,1.6710576703515,0.0,2.23956666872002,0.0,0.0,1.71372414789283,0.0,2.14426850086851,0.0,0.0,0.0,0.0,2.11616756792241,1.97616779134565,0.0,0.0,0.0,2.32985368712411,0.0,0.0,2.30592188645848,0.0,0.0,0.0,0.0,0.0,0.0,0.0,0.0,0.0,2.33911673496303,0.0,0.0,2.27245780891882,0.0,2.12196671391844,0.0,0.0,0.0,2.15938105093959,0.0,1.60656411784832,0.0,0.0,0.0,0.0,2.09401455295064,2.82347862965621,0.0,0.0,0.0,0.0,2.1651660828208,0.0,0.0,2.23062151051123,0.0,2.30429688223136
LINC01480,0.0,0.0,0.0,0.0,0.0,0.0,0.0,0.0,0.0,0.0,0.0,0.0,0.0,0.0,0.0,0.0,0.0,0.0,0.0,0.0,0.0,0.0,0.0,0.0,0.0,0.0,0.0,0.0,0.0,0.0,0.0,0.0,0.0,0.0,0.0,0.0,0.0,2.352779,0.0,0.0,0.0,0.0,0.0,0.0,0.0,0.0,0.0,0.0,0.0,0.0,0.0,2.22914,0.0,0.0,0.0,0.0,0.0,0.0,0.0,0.0,0.0,0.0,0.0,0.0,0.0,0.0,0.0
CCNI,2.730933,0.0,2.32028,0.0,2.949665,0.0,0.0,0.0,3.35559,1.671058,2.047976,0.0,0.0,2.388854,0.0,2.113604,0.0,0.0,0.0,3.164451,2.107231,0.0,1.976168,0.0,2.225449,1.962901,0.0,0.0,2.112325,2.947951,2.723587,2.099651,0.0,0.0,2.208684,2.367547,2.088418,0.0,2.279514,0.0,0.0,0.0,0.0,0.0,0.0,0.0,1.941637,2.078567,3.00392,0.0,1.606564,0.0,0.0,2.095889,0.0,2.094015,2.188033,2.124558,0.0,2.133695,0.0,3.184208,0.0,0.0,2.86854,0.0,2.304297
A2M,0.0,0.0,0.0,0.0,0.0,0.0,0.0,0.0,0.0,1.671058,0.0,0.0,0.0,0.0,0.0,0.0,0.0,0.0,0.0,0.0,0.0,0.0,0.0,0.0,0.0,0.0,0.0,0.0,0.0,0.0,0.0,0.0,0.0,0.0,0.0,0.0,0.0,0.0,0.0,0.0,0.0,0.0,0.0,0.0,0.0,0.0,0.0,0.0,0.0,0.0,0.0,0.0,0.0,0.0,0.0,0.0,0.0,0.0,0.0,0.0,0.0,0.0,0.0,0.0,0.0,0.0,0.0
DBI,1.754819,0.0,1.720847,0.0,0.0,0.0,0.0,0.0,2.068839,1.671058,0.0,2.239567,0.0,0.0,0.0,0.0,0.0,0.0,0.0,2.146934,2.107231,0.0,0.0,0.0,0.0,0.0,2.329854,0.0,0.0,2.305922,0.0,0.0,0.0,2.29622,2.208684,0.0,2.088418,0.0,0.0,2.982857,2.076734,0.0,0.0,2.250889,0.0,0.0,0.0,0.0,1.575444,0.0,1.606564,0.0,0.0,0.0,0.0,0.0,0.0,2.124558,1.986951,0.0,2.33279,0.0,0.0,0.0,2.86854,0.0,2.304297
PLAC9,0.0,0.0,0.0,0.0,0.0,0.0,0.0,0.0,0.0,0.0,0.0,0.0,0.0,0.0,0.0,0.0,0.0,0.0,0.0,0.0,0.0,0.0,0.0,0.0,0.0,0.0,0.0,0.0,0.0,0.0,0.0,0.0,0.0,0.0,0.0,0.0,0.0,0.0,0.0,0.0,0.0,0.0,0.0,0.0,0.0,0.0,0.0,0.0,0.0,0.0,0.0,0.0,0.0,0.0,0.0,0.0,0.0,0.0,0.0,0.0,0.0,0.0,0.0,0.0,0.0,0.0,0.0
ERH,3.002192,2.202934,1.720847,0.0,0.0,2.339117,0.0,2.274021,0.0,1.671058,0.0,0.0,0.0,0.0,0.0,0.0,0.0,0.0,0.0,0.0,2.107231,0.0,2.597497,1.665819,0.0,0.0,2.329854,2.358828,2.112325,2.305922,0.0,0.0,0.0,2.29622,0.0,3.012705,0.0,2.997206,0.0,0.0,0.0,0.0,0.0,0.0,0.0,0.0,0.0,2.078567,1.575444,2.008989,1.606564,0.0,0.0,1.518711,0.0,0.0,0.0,2.756103,1.986951,2.133695,1.732244,0.0,0.0,0.0,0.0,0.0,0.0
SPINT2,0.0,0.0,0.0,0.0,0.0,0.0,0.0,0.0,0.0,0.0,0.0,0.0,0.0,0.0,0.0,0.0,0.0,0.0,0.0,0.0,0.0,0.0,0.0,0.0,0.0,0.0,0.0,0.0,0.0,0.0,0.0,0.0,0.0,0.0,2.208684,0.0,0.0,0.0,0.0,0.0,2.076734,0.0,0.0,0.0,0.0,0.0,0.0,0.0,0.0,0.0,0.0,0.0,0.0,0.0,0.0,0.0,0.0,0.0,0.0,0.0,0.0,0.0,0.0,0.0,0.0,0.0,0.0
ST13,1.754819,0.0,0.0,0.0,0.0,2.339117,2.065222,0.0,0.0,0.0,0.0,0.0,0.0,2.388854,0.0,0.0,0.0,0.0,0.0,0.0,0.0,0.0,0.0,0.0,0.0,0.0,0.0,2.358828,2.112325,2.305922,0.0,0.0,0.0,0.0,0.0,0.0,2.088418,0.0,0.0,0.0,0.0,0.0,0.0,0.0,0.0,0.0,0.0,0.0,0.0,2.008989,0.0,0.0,0.0,0.0,0.0,2.094015,0.0,0.0,1.986951,2.133695,0.0,0.0,0.0,0.0,0.0,0.0,0.0
CORO1A,0.0,0.0,0.0,0.0,0.0,0.0,2.065222,0.0,2.068839,1.671058,0.0,0.0,0.0,3.035048,1.713724,0.0,0.0,0.0,0.0,0.0,0.0,0.0,2.597497,0.0,0.0,0.0,0.0,0.0,0.0,0.0,0.0,3.113069,2.120674,0.0,0.0,3.012705,0.0,0.0,2.920139,0.0,2.076734,0.0,2.912701,0.0,0.0,0.0,1.941637,2.078567,0.0,0.0,1.606564,0.0,0.0,3.108972,2.183826,2.094015,2.188033,0.0,1.986951,0.0,2.976208,2.165166,2.235827,0.0,2.86854,0.0,0.0
EMP3,3.002192,0.0,1.720847,0.0,0.0,2.339117,0.0,0.0,2.068839,0.0,0.0,2.239567,0.0,0.0,0.0,0.0,0.0,0.0,2.365796,2.779884,0.0,0.0,1.976168,0.0,2.225449,0.0,2.329854,0.0,0.0,0.0,0.0,0.0,0.0,0.0,0.0,0.0,0.0,0.0,2.279514,2.339117,0.0,0.0,2.272458,2.250889,2.121967,0.0,1.941637,0.0,0.0,0.0,0.0,0.0,2.008989,1.518711,0.0,2.094015,0.0,2.124558,1.986951,0.0,1.732244,0.0,0.0,2.713668,0.0,1.988038,0.0
VAMP8,1.754819,0.0,0.0,0.0,2.30755,0.0,0.0,2.274021,2.068839,0.0,2.047976,0.0,3.014546,0.0,2.312454,0.0,0.0,0.0,0.0,2.146934,2.107231,0.0,0.0,0.0,2.225449,0.0,0.0,0.0,2.112325,0.0,2.094015,0.0,0.0,0.0,2.208684,0.0,0.0,0.0,0.0,0.0,0.0,0.0,2.912701,2.250889,0.0,0.0,0.0,0.0,0.0,2.008989,1.606564,0.0,0.0,0.0,0.0,0.0,2.188033,0.0,1.986951,0.0,2.33279,0.0,0.0,0.0,0.0,0.0,0.0
VAMP2,0.0,2.202934,1.720847,2.29622,2.30755,0.0,2.692876,2.914348,0.0,1.671058,0.0,2.239567,0.0,0.0,1.713724,0.0,0.0,0.0,0.0,2.146934,0.0,2.116168,0.0,1.665819,0.0,0.0,0.0,0.0,0.0,0.0,0.0,0.0,2.751972,2.29622,2.208684,0.0,2.088418,2.352779,0.0,2.339117,2.076734,1.923451,2.272458,0.0,0.0,0.0,0.0,0.0,2.525621,0.0,0.0,2.22914,2.008989,1.518711,0.0,0.0,0.0,2.124558,0.0,0.0,0.0,2.165166,0.0,2.084709,2.230622,1.988038,0.0
GAPDH,3.21535,2.202934,3.175814,3.325383,3.337523,0.0,0.0,0.0,2.696737,2.265462,2.674451,3.264529,0.0,2.388854,2.954825,0.0,0.0,0.0,0.0,0.0,0.0,2.116168,3.252704,2.259678,2.225449,1.962901,2.973122,0.0,2.743088,2.305922,2.723587,2.099651,2.120674,3.604035,2.208684,2.367547,2.088418,2.352779,0.0,2.339117,2.076734,0.0,2.912701,2.250889,2.121967,2.385264,1.941637,0.0,2.525621,2.63272,0.0,2.22914,0.0,1.518711,0.0,2.723587,2.188033,2.756103,3.264731,0.0,4.191873,0.0,0.0,2.084709,0.0,2.9909,2.304297
TPI1,2.357528,0.0,0.0,0.0,0.0,0.0,0.0,0.0,2.068839,1.671058,0.0,0.0,2.369301,0.0,0.0,0.0,0.0,0.0,0.0,0.0,3.12132,0.0,0.0,0.0,2.225449,1.962901,0.0,0.0,0.0,2.305922,0.0,0.0,0.0,0.0,0.0,0.0,0.0,2.352779,0.0,0.0,0.0,0.0,0.0,2.250889,0.0,0.0,0.0,0.0,2.525621,0.0,1.606564,0.0,0.0,0.0,0.0,0.0,0.0,0.0,0.0,0.0,1.732244,0.0,0.0,0.0,0.0,0.0,2.946241
SEC11A,0.0,0.0,0.0,0.0,0.0,0.0,0.0,0.0,0.0,1.671058,0.0,2.239567,2.369301,0.0,1.713724,0.0,2.144269,0.0,0.0,0.0,0.0,0.0,0.0,0.0,0.0,0.0,0.0,0.0,2.112325,0.0,0.0,0.0,0.0,0.0,0.0,0.0,2.088418,0.0,2.279514,0.0,0.0,0.0,0.0,0.0,0.0,0.0,0.0,0.0,0.0,0.0,0.0,2.22914,0.0,1.518711,0.0,0.0,0.0,0.0,0.0,2.133695,0.0,0.0,0.0,0.0,2.230622,0.0,0.0
NDUFS5,0.0,0.0,1.72084710114249,0.0,2.30755012237667,0.0,2.06522247083326,2.27402056526025,0.0,2.26546235027253,0.0,0.0,0.0,2.38885361988142,0.0,0.0,0.0,0.0,0.0,0.0,0.0,0.0,0.0,0.0,0.0,1.96290084905076,0.0,0.0,0.0,0.0,2.09401455295064,0.0,2.7519723009537,2.29621992739132,0.0,0.0,0.0,0.0,0.0,0.0,0.0,1.92345057614994,0.0,2.25088926712533,0.0,2.3852642856713,2.56034635738958,2.0785670335349,0.0,2.00898929169822,2.56163270669221,0.0,0.0,0.0,0.0,0.0,2.18803317369721,0.0,0.0,0.0,2.70537872834044,0.0,0.0,2.0847093326147,0.0,0.0,0.0
EIF3L,0.0,0.0,1.720847,0.0,2.30755,0.0,0.0,2.274021,0.0,0.0,0.0,2.239567,0.0,0.0,1.713724,0.0,0.0,0.0,0.0,0.0,0.0,0.0,0.0,2.629729,0.0,0.0,0.0,0.0,2.112325,2.305922,0.0,0.0,0.0,0.0,0.0,0.0,0.0,0.0,0.0,0.0,0.0,0.0,0.0,0.0,0.0,0.0,1.941637,0.0,2.159381,0.0,1.606564,0.0,2.008989,0.0,0.0,0.0,0.0,0.0,0.0,0.0,0.0,0.0,0.0,0.0,0.0,1.988038,0.0
HERPUD1,1.754819,0.0,0.0,0.0,0.0,0.0,0.0,0.0,0.0,1.671058,0.0,0.0,0.0,0.0,0.0,0.0,0.0,0.0,2.365796,0.0,0.0,0.0,0.0,1.665819,0.0,0.0,2.329854,0.0,0.0,0.0,0.0,0.0,0.0,0.0,0.0,2.367547,0.0,2.352779,0.0,0.0,0.0,0.0,2.272458,0.0,0.0,0.0,0.0,0.0,0.0,0.0,0.0,0.0,2.63272,0.0,0.0,0.0,0.0,0.0,0.0,0.0,0.0,0.0,2.235827,0.0,0.0,0.0,0.0
NFIB,0.0,0.0,0.0,0.0,0.0,0.0,0.0,0.0,0.0,0.0,0.0,0.0,0.0,0.0,1.713724,0.0,0.0,0.0,0.0,0.0,0.0,0.0,0.0,0.0,0.0,0.0,0.0,0.0,0.0,0.0,0.0,0.0,0.0,0.0,0.0,0.0,0.0,0.0,0.0,0.0,0.0,0.0,0.0,0.0,0.0,0.0,0.0,0.0,0.0,0.0,0.0,0.0,0.0,0.0,0.0,0.0,0.0,0.0,0.0,0.0,0.0,0.0,0.0,0.0,0.0,0.0,0.0
CD9,0.0,0.0,0.0,0.0,0.0,0.0,0.0,0.0,0.0,0.0,0.0,0.0,0.0,0.0,2.684356,0.0,0.0,0.0,0.0,0.0,0.0,0.0,0.0,0.0,0.0,0.0,0.0,0.0,0.0,2.305922,0.0,0.0,0.0,0.0,0.0,0.0,0.0,0.0,0.0,0.0,0.0,0.0,0.0,0.0,0.0,0.0,0.0,0.0,0.0,0.0,0.0,0.0,0.0,0.0,0.0,0.0,0.0,0.0,0.0,0.0,0.0,0.0,0.0,0.0,0.0,0.0,0.0
PRDM1,3.002192,2.202934,0.0,0.0,0.0,0.0,0.0,0.0,2.068839,1.671058,0.0,0.0,0.0,2.388854,1.713724,0.0,0.0,0.0,0.0,2.146934,2.737665,2.116168,2.597497,0.0,2.863073,0.0,0.0,2.358828,2.112325,0.0,0.0,0.0,2.120674,2.29622,2.845343,2.367547,2.088418,0.0,0.0,2.339117,0.0,0.0,2.272458,0.0,2.753347,2.385264,0.0,0.0,2.525621,0.0,2.194031,0.0,2.63272,0.0,0.0,2.094015,2.188033,0.0,3.264731,2.133695,0.0,0.0,0.0,0.0,2.86854,3.481424,0.0
FN1,0.0,0.0,0.0,0.0,0.0,0.0,0.0,0.0,0.0,0.0,0.0,0.0,0.0,0.0,0.0,0.0,0.0,0.0,0.0,0.0,0.0,0.0,0.0,0.0,0.0,0.0,0.0,0.0,0.0,0.0,0.0,0.0,0.0,0.0,0.0,0.0,0.0,0.0,0.0,0.0,0.0,0.0,0.0,0.0,0.0,0.0,0.0,0.0,0.0,0.0,0.0,0.0,0.0,0.0,0.0,0.0,0.0,0.0,0.0,0.0,0.0,0.0,0.0,0.0,0.0,0.0,0.0
NDUFA1,2.357528,2.202934,2.32028,0.0,0.0,0.0,0.0,0.0,2.696737,1.671058,0.0,2.877991,2.369301,0.0,0.0,0.0,0.0,0.0,0.0,0.0,0.0,0.0,0.0,0.0,0.0,0.0,0.0,2.358828,0.0,0.0,0.0,2.099651,0.0,0.0,0.0,0.0,2.717622,0.0,0.0,0.0,2.705162,1.923451,0.0,0.0,0.0,2.385264,0.0,0.0,1.575444,0.0,2.561633,0.0,0.0,1.518711,0.0,0.0,0.0,2.124558,0.0,2.133695,2.33279,0.0,0.0,0.0,2.230622,0.0,2.304297
RPS12,4.067124,2.839257,4.751273,3.325383,2.30755,4.047121,4.579019,3.797554,4.031139,3.292377,4.486145,3.759951,4.363345,4.605269,4.361097,4.765998,3.655296,4.353826,4.22782,3.441517,4.074201,4.768889,3.926327,4.929282,4.519983,4.654333,4.037044,4.351933,3.61999,3.614525,3.383364,3.605949,3.807119,4.000387,3.509002,4.361434,4.73755,3.883083,4.665919,4.550933,2.705162,4.085057,3.578308,4.713579,4.090676,3.700011,4.437723,4.843195,4.192062,4.362708,4.485083,4.429849,4.647199,4.967403,3.481882,4.279085,4.564472,2.124558,4.489824,3.972593,4.040239,4.618172,4.333204,3.917921,4.431489,4.15907,3.830502
RHOH,0.0,0.0,0.0,0.0,0.0,0.0,0.0,0.0,0.0,1.671058,0.0,0.0,0.0,0.0,0.0,2.113604,0.0,0.0,0.0,0.0,0.0,0.0,0.0,1.665819,0.0,0.0,0.0,0.0,0.0,0.0,0.0,0.0,0.0,0.0,0.0,0.0,0.0,0.0,0.0,0.0,0.0,0.0,0.0,0.0,2.121967,0.0,0.0,0.0,0.0,0.0,0.0,0.0,0.0,0.0,0.0,0.0,0.0,2.124558,1.986951,0.0,0.0,0.0,0.0,0.0,2.230622,0.0,0.0
RPL13,3.785135,4.04936,4.479561,4.598166,4.164312,5.134016,4.579019,4.573704,4.344739,4.249703,4.321137,3.542611,4.479712,4.384622,4.470978,4.633683,5.02201,4.668767,4.359526,3.164451,4.293937,4.885728,4.779844,5.222894,4.425761,4.710963,3.361393,4.666867,4.195802,4.77436,4.538247,4.465447,4.489098,3.604035,4.872596,4.582022,5.053612,4.825844,3.585953,5.077204,4.353653,3.735566,4.57198,4.634283,5.045348,4.0972,4.790844,5.282209,3.850033,4.916847,4.485083,4.429849,4.44177,4.745998,4.473722,4.611591,4.032887,4.49346,5.024133,4.103769,4.259858,4.759956,4.531485,4.601077,4.957206,4.055444,4.292335
HCST,2.357528,0.0,0.0,2.29622,0.0,0.0,2.692876,0.0,2.696737,0.0,2.047976,0.0,2.369301,2.388854,2.312454,2.113604,0.0,0.0,2.365796,2.779884,2.107231,0.0,2.977829,0.0,0.0,0.0,3.640365,0.0,2.112325,2.305922,2.094015,2.099651,0.0,3.821721,0.0,3.012705,0.0,0.0,2.279514,2.339117,0.0,0.0,3.29989,0.0,2.753347,0.0,1.941637,0.0,2.159381,3.504923,0.0,2.866975,2.008989,2.095889,0.0,3.10693,2.823479,0.0,2.989704,0.0,1.732244,0.0,2.874041,2.084709,0.0,2.610246,0.0
MARCKS,0.0,0.0,0.0,0.0,0.0,0.0,0.0,0.0,0.0,0.0,0.0,0.0,0.0,0.0,1.713724,0.0,0.0,0.0,0.0,0.0,0.0,0.0,0.0,0.0,0.0,0.0,0.0,0.0,0.0,0.0,0.0,0.0,0.0,0.0,0.0,0.0,0.0,0.0,0.0,0.0,0.0,0.0,0.0,0.0,0.0,0.0,0.0,0.0,0.0,0.0,0.0,0.0,0.0,0.0,0.0,0.0,0.0,0.0,0.0,0.0,0.0,0.0,0.0,0.0,0.0,0.0,0.0
BTF3,2.730933,0.0,1.720847,0.0,2.949665,2.339117,2.065222,0.0,3.079471,2.905324,2.674451,2.239567,0.0,3.035048,0.0,0.0,0.0,2.360564,0.0,0.0,0.0,0.0,2.597497,2.259678,0.0,1.962901,0.0,2.358828,2.112325,0.0,2.094015,2.099651,0.0,0.0,0.0,0.0,0.0,0.0,2.279514,0.0,2.076734,1.923451,2.272458,2.250889,2.121967,2.385264,1.941637,0.0,0.0,0.0,2.194031,2.22914,0.0,2.725585,0.0,0.0,0.0,0.0,0.0,2.133695,0.0,3.461483,2.874041,2.084709,0.0,2.9909,2.304297
RPL30,2.730933,2.202934,3.175814,2.29622,2.30755,0.0,3.567707,2.274021,3.35559,2.905324,3.548495,3.264529,4.67832,0.0,2.684356,2.744449,2.777053,2.360564,3.010868,3.164451,3.397916,4.303966,2.597497,3.56445,3.527259,3.630183,2.329854,2.358828,3.61999,2.947951,2.723587,2.729593,4.089232,4.151919,3.726142,3.401649,3.771215,2.997206,2.920139,3.868288,2.076734,2.540741,3.578308,2.250889,2.753347,3.700011,2.939715,3.582547,3.326122,3.289264,3.8883,2.866975,3.504923,3.601777,0.0,3.383364,3.486476,0.0,3.807837,2.765818,3.189102,4.254824,3.260504,3.373107,2.86854,2.9909,2.946241
FOSB,0.0,0.0,1.720847,0.0,0.0,0.0,0.0,2.274021,0.0,0.0,0.0,0.0,0.0,0.0,2.312454,0.0,0.0,0.0,2.365796,2.146934,0.0,2.747177,0.0,0.0,0.0,2.963201,2.329854,2.358828,0.0,0.0,0.0,2.099651,0.0,0.0,2.208684,0.0,0.0,0.0,0.0,0.0,0.0,2.540741,2.272458,0.0,0.0,0.0,0.0,2.078567,2.525621,2.008989,1.606564,2.22914,2.63272,2.459503,0.0,0.0,0.0,0.0,2.609079,2.765818,2.33279,2.799237,3.538547,0.0,0.0,0.0,0.0
PEBP1,0.0,0.0,1.720847,0.0,0.0,0.0,2.065222,0.0,2.068839,2.265462,0.0,0.0,0.0,0.0,0.0,0.0,0.0,2.360564,0.0,2.146934,2.107231,0.0,0.0,0.0,0.0,0.0,0.0,0.0,0.0,0.0,0.0,2.099651,0.0,2.29622,0.0,0.0,0.0,0.0,0.0,0.0,0.0,0.0,0.0,0.0,0.0,0.0,0.0,2.078567,0.0,0.0,1.606564,0.0,0.0,2.095889,0.0,2.094015,0.0,0.0,0.0,0.0,1.732244,2.165166,0.0,0.0,0.0,1.988038,0.0
TIMP3,0.0,0.0,0.0,0.0,0.0,0.0,0.0,0.0,0.0,0.0,0.0,0.0,0.0,0.0,1.713724,0.0,0.0,0.0,0.0,0.0,0.0,0.0,0.0,0.0,0.0,0.0,0.0,0.0,0.0,0.0,0.0,0.0,0.0,0.0,0.0,0.0,0.0,0.0,0.0,0.0,0.0,0.0,0.0,0.0,0.0,0.0,0.0,0.0,0.0,0.0,0.0,0.0,0.0,0.0,0.0,0.0,0.0,0.0,0.0,0.0,0.0,0.0,0.0,0.0,0.0,0.0,0.0
NDUFB1,2.357528,0.0,1.720847,0.0,0.0,2.339117,2.065222,0.0,0.0,0.0,0.0,0.0,2.369301,0.0,2.312454,0.0,0.0,0.0,0.0,0.0,0.0,0.0,0.0,0.0,0.0,0.0,0.0,3.003556,2.112325,0.0,2.723587,2.729593,2.120674,0.0,0.0,0.0,0.0,2.997206,0.0,0.0,0.0,1.923451,0.0,0.0,2.753347,0.0,1.941637,2.707117,2.525621,0.0,2.829832,2.22914,0.0,0.0,0.0,0.0,0.0,0.0,1.986951,2.133695,2.33279,2.165166,0.0,0.0,2.230622,1.988038,0.0
NNMT,0.0,0.0,0.0,0.0,0.0,0.0,0.0,0.0,0.0,0.0,0.0,0.0,0.0,0.0,0.0,0.0,0.0,0.0,0.0,0.0,0.0,0.0,0.0,0.0,0.0,0.0,0.0,0.0,0.0,0.0,0.0,0.0,0.0,0.0,0.0,0.0,0.0,0.0,0.0,0.0,0.0,0.0,0.0,0.0,0.0,0.0,0.0,0.0,0.0,0.0,0.0,0.0,0.0,0.0,0.0,0.0,0.0,0.0,0.0,0.0,0.0,0.0,0.0,0.0,0.0,0.0,0.0
GPX4,1.754819,0.0,0.0,0.0,0.0,0.0,0.0,0.0,0.0,2.265462,2.047976,0.0,0.0,0.0,1.713724,0.0,2.144269,0.0,0.0,2.779884,2.107231,0.0,0.0,0.0,0.0,1.962901,0.0,3.003556,2.112325,2.305922,0.0,0.0,0.0,0.0,0.0,2.367547,0.0,0.0,0.0,0.0,0.0,0.0,0.0,2.250889,2.121967,0.0,0.0,0.0,2.159381,0.0,1.606564,2.22914,0.0,1.518711,0.0,0.0,0.0,2.124558,1.986951,2.133695,1.732244,0.0,2.235827,0.0,0.0,0.0,2.946241
SEPW1,1.754819,2.202934,0.0,0.0,0.0,0.0,0.0,0.0,0.0,0.0,0.0,0.0,0.0,0.0,2.684356,2.113604,0.0,0.0,0.0,2.146934,0.0,0.0,0.0,0.0,0.0,0.0,0.0,2.358828,0.0,0.0,2.094015,0.0,0.0,0.0,0.0,0.0,0.0,0.0,0.0,0.0,0.0,0.0,0.0,0.0,0.0,0.0,0.0,0.0,0.0,2.008989,2.194031,0.0,0.0,1.518711,0.0,2.094015,0.0,0.0,0.0,0.0,0.0,2.165166,0.0,0.0,0.0,2.610246,0.0
KDELR2,0.0,0.0,0.0,0.0,0.0,2.339117,0.0,0.0,2.068839,0.0,0.0,2.239567,0.0,0.0,0.0,0.0,0.0,0.0,0.0,0.0,0.0,0.0,0.0,0.0,0.0,1.962901,0.0,2.358828,0.0,0.0,0.0,0.0,2.120674,0.0,2.208684,0.0,0.0,0.0,2.279514,0.0,0.0,0.0,0.0,0.0,0.0,0.0,0.0,0.0,0.0,2.63272,0.0,0.0,2.008989,1.518711,0.0,0.0,0.0,2.124558,0.0,0.0,0.0,0.0,0.0,0.0,0.0,0.0,0.0
LSM5,0.0,0.0,1.720847,0.0,0.0,2.339117,0.0,0.0,0.0,0.0,2.047976,0.0,0.0,0.0,1.713724,0.0,0.0,0.0,0.0,0.0,2.107231,0.0,0.0,0.0,0.0,1.962901,2.329854,0.0,0.0,2.305922,2.094015,0.0,0.0,0.0,0.0,0.0,0.0,2.352779,0.0,0.0,0.0,0.0,0.0,0.0,0.0,0.0,0.0,0.0,0.0,0.0,2.194031,0.0,2.008989,0.0,0.0,0.0,0.0,0.0,0.0,0.0,0.0,0.0,0.0,0.0,2.230622,0.0,0.0
NFIC,0.0,0.0,0.0,0.0,0.0,0.0,0.0,0.0,0.0,0.0,0.0,0.0,0.0,0.0,0.0,0.0,0.0,0.0,0.0,0.0,0.0,0.0,0.0,0.0,0.0,0.0,0.0,0.0,0.0,0.0,0.0,0.0,0.0,2.29622,0.0,0.0,0.0,0.0,2.279514,0.0,0.0,0.0,0.0,0.0,0.0,0.0,0.0,0.0,0.0,0.0,0.0,0.0,0.0,0.0,0.0,0.0,0.0,0.0,0.0,2.133695,0.0,0.0,0.0,0.0,0.0,0.0,0.0
SBDS,0.0,2.202934,0.0,0.0,0.0,0.0,0.0,0.0,2.068839,1.671058,0.0,0.0,0.0,0.0,1.713724,0.0,0.0,0.0,0.0,0.0,0.0,0.0,0.0,0.0,0.0,0.0,0.0,0.0,0.0,0.0,0.0,0.0,0.0,0.0,0.0,0.0,0.0,0.0,2.279514,0.0,0.0,0.0,0.0,0.0,0.0,0.0,0.0,0.0,0.0,2.008989,0.0,0.0,0.0,0.0,0.0,0.0,2.188033,0.0,0.0,0.0,0.0,0.0,0.0,0.0,0.0,0.0,0.0
EIF4A1,0.0,0.0,0.0,2.29622,0.0,2.339117,0.0,0.0,0.0,0.0,2.047976,0.0,0.0,0.0,0.0,0.0,2.144269,0.0,2.365796,2.146934,0.0,0.0,0.0,0.0,0.0,0.0,2.329854,0.0,0.0,0.0,0.0,2.099651,2.120674,0.0,0.0,0.0,0.0,0.0,0.0,0.0,0.0,0.0,0.0,0.0,0.0,0.0,0.0,0.0,0.0,0.0,0.0,0.0,0.0,0.0,0.0,0.0,0.0,0.0,0.0,0.0,0.0,0.0,0.0,0.0,0.0,0.0,0.0
CD3D,3.002192,0.0,2.32028,3.604035,0.0,0.0,2.065222,2.274021,2.696737,2.905324,2.047976,3.264529,0.0,0.0,0.0,2.113604,2.144269,0.0,0.0,0.0,0.0,2.116168,1.976168,0.0,2.225449,0.0,0.0,2.358828,2.112325,2.947951,0.0,3.113069,0.0,0.0,0.0,2.367547,2.717622,2.352779,2.279514,2.339117,0.0,3.408593,3.29989,0.0,3.414119,3.031286,0.0,0.0,2.159381,2.008989,2.194031,2.22914,0.0,2.459503,2.819021,3.10693,2.188033,0.0,2.609079,2.133695,2.705379,0.0,2.235827,2.084709,0.0,1.988038,0.0
SEPP1,0.0,0.0,0.0,0.0,0.0,0.0,0.0,0.0,0.0,0.0,0.0,0.0,0.0,0.0,1.713724,0.0,0.0,0.0,0.0,0.0,0.0,0.0,0.0,0.0,0.0,0.0,0.0,0.0,0.0,0.0,0.0,0.0,0.0,0.0,0.0,0.0,0.0,0.0,0.0,0.0,0.0,0.0,0.0,0.0,0.0,0.0,0.0,0.0,0.0,0.0,0.0,0.0,0.0,0.0,0.0,0.0,0.0,0.0,0.0,0.0,0.0,0.0,0.0,0.0,0.0,0.0,0.0
SDCBP,0.0,0.0,0.0,0.0,2.30755,0.0,2.065222,0.0,0.0,0.0,0.0,0.0,0.0,0.0,1.713724,2.113604,0.0,0.0,0.0,2.146934,0.0,2.116168,0.0,0.0,0.0,0.0,0.0,0.0,2.112325,0.0,2.094015,2.099651,0.0,0.0,0.0,0.0,2.088418,0.0,0.0,0.0,0.0,0.0,2.272458,0.0,0.0,0.0,0.0,0.0,0.0,2.008989,0.0,0.0,0.0,1.518711,0.0,0.0,0.0,0.0,0.0,0.0,1.732244,0.0,2.235827,0.0,0.0,0.0,0.0
RTN4,1.754819,0.0,0.0,2.29622,0.0,2.339117,0.0,0.0,0.0,1.671058,0.0,0.0,0.0,0.0,0.0,0.0,0.0,0.0,2.365796,0.0,0.0,0.0,0.0,0.0,0.0,0.0,0.0,0.0,3.126863,0.0,0.0,0.0,0.0,0.0,2.208684,0.0,0.0,0.0,2.279514,0.0,0.0,2.540741,0.0,0.0,0.0,0.0,2.560346,0.0,1.575444,2.008989,0.0,2.22914,0.0,0.0,0.0,0.0,0.0,2.124558,0.0,0.0,0.0,0.0,0.0,0.0,0.0,0.0,0.0
RPLP2,3.540287,3.719837,4.369669,3.821721,3.616284,4.330425,4.426577,3.301568,4.031139,3.441204,4.321137,3.938384,4.363345,4.501019,3.932717,4.30109,3.655296,4.353826,3.897164,3.441517,3.397916,4.084196,3.795608,4.30312,4.758809,4.026771,2.973122,4.351933,3.126863,3.832268,3.928331,3.783734,3.958091,4.503863,4.187073,3.899057,4.36683,4.345336,3.307465,4.198772,3.90899,1.923451,4.373604,4.102201,4.404557,3.700011,4.790844,4.726397,3.764955,4.515036,4.485083,4.610182,4.44177,4.776507,4.275582,4.914354,4.384231,4.09357,4.15783,3.821575,3.86143,4.452911,4.531485,3.096788,3.532886,3.481424,4.160755
ITGA6,0.0,0.0,0.0,0.0,0.0,0.0,0.0,0.0,2.068839,1.671058,0.0,0.0,0.0,0.0,1.713724,0.0,0.0,0.0,0.0,0.0,0.0,0.0,0.0,0.0,0.0,0.0,0.0,0.0,0.0,0.0,0.0,0.0,0.0,0.0,0.0,0.0,0.0,0.0,0.0,0.0,0.0,0.0,0.0,0.0,0.0,0.0,0.0,0.0,0.0,0.0,1.606564,0.0,0.0,0.0,0.0,0.0,0.0,0.0,0.0,0.0,0.0,0.0,0.0,0.0,0.0,0.0,0.0
BTG1,0.0,3.502734,2.963056,3.325383,2.949665,2.339117,2.065222,3.797554,2.068839,2.635721,2.047976,0.0,2.369301,0.0,2.312454,0.0,2.777053,3.394199,3.897164,2.146934,2.107231,3.407745,3.252704,3.781915,3.744508,3.237886,3.361393,3.392346,3.40352,0.0,2.094015,2.729593,2.120674,0.0,3.509002,3.401649,2.088418,3.385889,2.920139,2.982857,3.364308,2.540741,2.272458,2.250889,2.753347,0.0,2.560346,2.078567,3.177942,3.013932,1.606564,2.22914,3.682224,0.0,2.819021,3.599698,0.0,3.811433,2.609079,2.765818,2.705379,2.165166,2.235827,3.096788,2.86854,2.610246,2.304297
DDOST,0.0,0.0,0.0,0.0,0.0,0.0,0.0,0.0,0.0,0.0,0.0,0.0,0.0,0.0,0.0,0.0,0.0,0.0,0.0,0.0,0.0,0.0,0.0,0.0,0.0,0.0,0.0,0.0,0.0,0.0,0.0,0.0,0.0,0.0,0.0,0.0,0.0,0.0,0.0,0.0,0.0,0.0,0.0,0.0,0.0,0.0,0.0,0.0,0.0,0.0,0.0,0.0,0.0,0.0,0.0,0.0,0.0,0.0,0.0,0.0,0.0,0.0,0.0,0.0,0.0,0.0,2.30429688223136
COL3A1,0.0,0.0,0.0,0.0,0.0,0.0,0.0,0.0,2.068839,0.0,0.0,0.0,0.0,0.0,0.0,0.0,0.0,0.0,0.0,0.0,0.0,0.0,0.0,0.0,0.0,0.0,0.0,0.0,0.0,0.0,0.0,0.0,0.0,0.0,0.0,0.0,0.0,0.0,0.0,0.0,0.0,0.0,0.0,0.0,0.0,0.0,0.0,0.0,0.0,0.0,0.0,0.0,0.0,0.0,0.0,0.0,0.0,2.124558,0.0,0.0,0.0,0.0,0.0,0.0,0.0,0.0,0.0
IL2RG,0.0,0.0,0.0,0.0,0.0,2.339117,0.0,2.274021,2.068839,2.635721,0.0,0.0,2.369301,0.0,1.713724,0.0,2.144269,2.360564,0.0,0.0,2.107231,0.0,0.0,0.0,0.0,0.0,0.0,0.0,0.0,0.0,0.0,0.0,0.0,2.937738,0.0,3.012705,0.0,0.0,0.0,0.0,2.076734,1.923451,0.0,0.0,2.121967,0.0,0.0,2.078567,1.575444,0.0,0.0,2.22914,2.008989,1.518711,0.0,0.0,0.0,2.124558,0.0,2.133695,0.0,0.0,0.0,0.0,2.230622,1.988038,0.0
SON,0.0,2.839257,1.720847,0.0,0.0,0.0,2.065222,0.0,2.696737,0.0,2.047976,2.877991,0.0,0.0,0.0,2.113604,0.0,0.0,2.365796,0.0,2.107231,0.0,0.0,1.665819,2.863073,0.0,2.329854,0.0,2.743088,2.305922,2.094015,2.099651,0.0,2.29622,0.0,0.0,0.0,0.0,0.0,2.339117,2.076734,1.923451,0.0,2.250889,0.0,0.0,0.0,0.0,2.525621,0.0,0.0,2.22914,2.008989,1.518711,3.204398,2.094015,2.188033,0.0,1.986951,2.133695,2.33279,0.0,0.0,0.0,2.230622,2.610246,0.0
DPYSL2,0.0,0.0,0.0,0.0,0.0,0.0,0.0,0.0,0.0,0.0,0.0,0.0,0.0,2.388854,0.0,0.0,0.0,0.0,0.0,0.0,0.0,0.0,0.0,0.0,0.0,0.0,0.0,0.0,0.0,0.0,2.094015,2.099651,0.0,0.0,0.0,0.0,0.0,0.0,0.0,0.0,0.0,0.0,0.0,0.0,0.0,0.0,0.0,0.0,0.0,0.0,0.0,0.0,0.0,0.0,0.0,0.0,0.0,2.124558,0.0,0.0,0.0,0.0,0.0,0.0,2.230622,1.988038,0.0
NUPR1,0.0,0.0,0.0,0.0,0.0,0.0,0.0,0.0,0.0,0.0,0.0,0.0,0.0,0.0,0.0,0.0,0.0,0.0,0.0,0.0,2.107231,0.0,0.0,0.0,0.0,0.0,0.0,0.0,0.0,0.0,0.0,0.0,0.0,0.0,0.0,0.0,0.0,0.0,0.0,0.0,0.0,0.0,0.0,0.0,0.0,0.0,0.0,0.0,0.0,0.0,0.0,0.0,0.0,0.0,0.0,0.0,0.0,0.0,0.0,0.0,0.0,0.0,0.0,0.0,0.0,0.0,0.0
IFI27,0.0,0.0,0.0,0.0,0.0,0.0,0.0,0.0,0.0,0.0,0.0,0.0,0.0,0.0,2.684356,0.0,0.0,0.0,0.0,0.0,0.0,0.0,0.0,0.0,0.0,0.0,0.0,0.0,0.0,0.0,0.0,0.0,0.0,0.0,0.0,0.0,0.0,0.0,0.0,0.0,0.0,0.0,0.0,0.0,0.0,0.0,0.0,0.0,0.0,0.0,0.0,0.0,0.0,0.0,0.0,0.0,0.0,0.0,0.0,0.0,0.0,0.0,2.235827,0.0,0.0,0.0,0.0
RARRES2,0.0,0.0,0.0,0.0,0.0,0.0,0.0,0.0,0.0,0.0,0.0,0.0,0.0,0.0,0.0,0.0,0.0,0.0,0.0,0.0,0.0,2.116168,0.0,0.0,0.0,0.0,0.0,0.0,0.0,0.0,0.0,0.0,0.0,0.0,0.0,0.0,0.0,0.0,0.0,0.0,0.0,0.0,0.0,0.0,0.0,0.0,0.0,0.0,0.0,0.0,0.0,0.0,0.0,0.0,0.0,0.0,0.0,0.0,0.0,0.0,0.0,0.0,0.0,0.0,0.0,0.0,0.0
COX8A,1.754819,0.0,0.0,0.0,0.0,0.0,0.0,0.0,0.0,1.671058,2.047976,0.0,0.0,2.388854,0.0,0.0,0.0,0.0,0.0,0.0,3.12132,0.0,1.976168,1.665819,0.0,0.0,0.0,0.0,2.112325,2.305922,2.094015,2.099651,0.0,3.325383,2.208684,0.0,0.0,0.0,0.0,2.339117,0.0,1.923451,0.0,0.0,0.0,0.0,1.941637,0.0,1.575444,0.0,2.194031,0.0,0.0,1.518711,2.183826,0.0,0.0,2.756103,2.989704,0.0,2.705379,0.0,0.0,0.0,0.0,2.610246,2.304297
IER3,0.0,0.0,0.0,0.0,0.0,0.0,2.692876,0.0,0.0,0.0,0.0,0.0,0.0,0.0,0.0,0.0,0.0,0.0,0.0,0.0,0.0,0.0,0.0,0.0,0.0,0.0,0.0,0.0,0.0,0.0,0.0,0.0,0.0,2.29622,0.0,0.0,0.0,0.0,0.0,0.0,3.088088,1.923451,0.0,0.0,0.0,0.0,0.0,0.0,0.0,0.0,0.0,0.0,0.0,0.0,0.0,0.0,0.0,0.0,0.0,0.0,0.0,0.0,0.0,0.0,0.0,0.0,0.0
RPS15,3.540287,3.22504,4.105291,4.000387,4.164312,4.446745,3.351594,3.580001,4.583117,3.441204,3.876714,4.337335,4.479712,3.035048,4.096753,4.08133,4.335432,4.222129,3.399781,2.779884,4.190093,4.303966,4.404223,4.179758,4.205604,4.309986,4.320304,3.889629,3.797838,2.947951,3.928331,2.099651,4.30902,3.821721,4.407174,3.899057,3.771215,3.385889,3.585953,4.446745,3.364308,3.408593,3.578308,3.772321,3.959532,3.918197,4.105968,4.157899,4.24838,4.362708,4.485083,4.325812,4.276854,4.230627,4.275582,4.175263,3.881686,4.49346,3.480204,3.821575,3.86143,4.138814,3.260504,3.373107,4.211315,3.481424,4.0092
C4orf3,0.0,0.0,1.720847,0.0,2.30755,2.339117,0.0,0.0,0.0,0.0,0.0,0.0,0.0,0.0,0.0,0.0,0.0,2.360564,0.0,2.146934,0.0,0.0,0.0,0.0,0.0,0.0,0.0,0.0,2.112325,0.0,0.0,2.099651,0.0,0.0,0.0,0.0,0.0,0.0,0.0,0.0,2.076734,2.540741,0.0,0.0,0.0,0.0,0.0,2.078567,1.575444,0.0,0.0,0.0,0.0,0.0,2.183826,0.0,0.0,2.756103,0.0,0.0,0.0,2.799237,0.0,0.0,2.86854,1.988038,0.0
GPX1,1.754819,0.0,0.0,0.0,0.0,0.0,0.0,0.0,0.0,2.265462,2.047976,2.877991,0.0,0.0,0.0,0.0,0.0,0.0,2.365796,0.0,0.0,0.0,1.976168,1.665819,0.0,0.0,0.0,0.0,2.743088,0.0,2.094015,0.0,0.0,0.0,2.208684,2.367547,2.088418,0.0,0.0,0.0,0.0,2.540741,0.0,0.0,0.0,0.0,0.0,0.0,1.575444,0.0,0.0,0.0,2.008989,0.0,0.0,0.0,0.0,0.0,2.609079,0.0,2.33279,0.0,0.0,0.0,2.230622,0.0,0.0
PSMA7,2.357528,0.0,1.720847,2.29622,2.30755,0.0,2.065222,0.0,0.0,1.671058,2.047976,0.0,0.0,0.0,0.0,2.113604,0.0,2.360564,0.0,2.779884,2.737665,0.0,1.976168,0.0,0.0,0.0,0.0,0.0,0.0,2.305922,0.0,2.099651,2.120674,0.0,0.0,0.0,0.0,2.352779,0.0,0.0,2.076734,1.923451,0.0,0.0,0.0,0.0,1.941637,0.0,2.525621,2.008989,2.561633,0.0,0.0,0.0,2.183826,2.094015,0.0,0.0,2.989704,0.0,2.33279,0.0,2.235827,0.0,0.0,2.610246,0.0
GABARAPL2,1.754819,2.202934,0.0,0.0,0.0,0.0,2.065222,2.274021,0.0,1.671058,0.0,0.0,0.0,0.0,1.713724,0.0,0.0,0.0,0.0,0.0,2.107231,0.0,0.0,0.0,0.0,0.0,0.0,0.0,2.743088,0.0,2.094015,0.0,0.0,0.0,2.208684,0.0,0.0,0.0,0.0,0.0,0.0,1.923451,0.0,0.0,2.121967,0.0,0.0,0.0,0.0,0.0,1.606564,0.0,0.0,0.0,0.0,0.0,2.188033,0.0,1.986951,0.0,1.732244,2.165166,0.0,0.0,0.0,0.0,0.0
RPSA,1.754819,2.839257,2.692448,2.29622,0.0,3.371295,2.692876,3.301568,3.079471,1.671058,0.0,2.877991,3.014546,3.035048,3.167496,2.744449,3.16156,0.0,3.010868,3.441517,0.0,2.747177,2.597497,3.111292,3.249324,2.963201,2.329854,3.003556,3.126863,2.305922,2.094015,2.099651,0.0,3.325383,2.208684,0.0,3.593488,0.0,2.920139,2.339117,2.076734,0.0,3.29989,0.0,2.753347,3.031286,2.560346,3.582547,1.575444,2.63272,3.363826,0.0,3.504923,3.385429,3.204398,0.0,2.188033,2.124558,3.657378,0.0,2.976208,3.184208,2.235827,2.084709,2.86854,2.9909,2.304297
GNG5,0.0,0.0,0.0,0.0,0.0,0.0,2.06522247083326,0.0,0.0,1.6710576703515,0.0,0.0,0.0,2.38885361988142,0.0,0.0,0.0,0.0,0.0,0.0,0.0,0.0,0.0,0.0,0.0,0.0,2.32985368712411,0.0,0.0,0.0,0.0,0.0,0.0,0.0,0.0,0.0,0.0,0.0,0.0,0.0,0.0,0.0,2.27245780891882,0.0,0.0,0.0,0.0,0.0,0.0,0.0,0.0,0.0,0.0,0.0,0.0,0.0,0.0,0.0,0.0,0.0,1.73224424421223,0.0,0.0,0.0,2.23062151051123,1.98803833847065,0.0
UQCR11,2.357528,2.202934,0.0,3.325383,0.0,0.0,0.0,0.0,0.0,1.671058,2.047976,0.0,3.014546,0.0,2.312454,2.113604,2.144269,0.0,2.365796,2.779884,2.737665,2.116168,1.976168,0.0,2.863073,3.237886,0.0,0.0,0.0,0.0,0.0,2.099651,0.0,2.937738,2.208684,2.367547,0.0,0.0,2.279514,2.339117,2.076734,1.923451,2.272458,2.889947,0.0,0.0,0.0,0.0,0.0,0.0,2.194031,0.0,2.008989,1.518711,2.183826,2.094015,2.188033,2.756103,1.986951,2.765818,1.732244,0.0,0.0,2.084709,2.230622,2.610246,0.0
CD37,0.0,0.0,1.720847,0.0,0.0,0.0,0.0,0.0,0.0,1.671058,0.0,2.239567,3.40352,2.388854,0.0,0.0,0.0,2.360564,2.365796,0.0,2.107231,0.0,0.0,0.0,0.0,0.0,0.0,0.0,2.112325,0.0,0.0,0.0,0.0,0.0,0.0,2.367547,0.0,2.997206,0.0,0.0,2.076734,0.0,0.0,0.0,2.121967,0.0,1.941637,0.0,1.575444,0.0,0.0,0.0,0.0,1.518711,2.183826,2.094015,0.0,2.124558,0.0,0.0,0.0,0.0,0.0,0.0,0.0,1.988038,0.0
CEBPD,0.0,0.0,0.0,0.0,0.0,0.0,0.0,0.0,0.0,0.0,0.0,0.0,0.0,0.0,0.0,0.0,0.0,0.0,0.0,0.0,0.0,0.0,0.0,0.0,0.0,0.0,0.0,0.0,0.0,0.0,0.0,0.0,0.0,0.0,0.0,0.0,0.0,0.0,0.0,0.0,0.0,0.0,0.0,0.0,0.0,0.0,0.0,0.0,0.0,0.0,0.0,0.0,0.0,0.0,0.0,0.0,0.0,0.0,0.0,0.0,0.0,0.0,0.0,0.0,0.0,0.0,0.0
ERGIC2,0.0,0.0,0.0,0.0,0.0,0.0,0.0,0.0,0.0,1.671058,0.0,0.0,0.0,0.0,0.0,0.0,0.0,0.0,0.0,0.0,0.0,2.116168,0.0,0.0,0.0,1.962901,0.0,0.0,0.0,0.0,2.094015,2.099651,0.0,0.0,0.0,0.0,0.0,0.0,0.0,0.0,0.0,0.0,0.0,0.0,0.0,0.0,0.0,0.0,0.0,0.0,1.606564,0.0,2.008989,0.0,2.183826,0.0,0.0,0.0,0.0,0.0,0.0,0.0,0.0,0.0,0.0,0.0,0.0
ATP5G3,0.0,0.0,0.0,2.29622,0.0,0.0,0.0,0.0,0.0,0.0,0.0,0.0,0.0,0.0,1.713724,0.0,0.0,0.0,0.0,2.146934,0.0,0.0,0.0,0.0,0.0,0.0,0.0,0.0,0.0,0.0,2.723587,0.0,0.0,2.29622,0.0,0.0,0.0,0.0,0.0,0.0,0.0,0.0,0.0,0.0,0.0,0.0,0.0,0.0,0.0,0.0,2.194031,0.0,2.008989,0.0,0.0,2.094015,0.0,0.0,0.0,2.133695,1.732244,0.0,0.0,2.084709,0.0,0.0,0.0
MYADM,0.0,0.0,0.0,0.0,0.0,0.0,0.0,0.0,0.0,0.0,2.674451,0.0,0.0,0.0,0.0,0.0,0.0,0.0,0.0,0.0,0.0,0.0,1.976168,0.0,0.0,0.0,0.0,0.0,0.0,0.0,0.0,0.0,0.0,0.0,0.0,0.0,0.0,0.0,0.0,0.0,0.0,1.923451,0.0,0.0,0.0,0.0,0.0,0.0,0.0,0.0,0.0,0.0,0.0,0.0,0.0,0.0,2.188033,0.0,0.0,0.0,1.732244,0.0,0.0,0.0,0.0,0.0,0.0
ISG15,0.0,2.83925737038806,0.0,0.0,0.0,0.0,0.0,2.27402056526025,0.0,0.0,0.0,0.0,0.0,0.0,1.71372414789283,0.0,0.0,0.0,0.0,0.0,0.0,0.0,0.0,0.0,0.0,0.0,0.0,0.0,2.11232513354973,0.0,0.0,0.0,0.0,2.93773767990245,0.0,0.0,0.0,0.0,0.0,0.0,0.0,0.0,0.0,0.0,0.0,0.0,0.0,0.0,0.0,0.0,0.0,0.0,0.0,0.0,0.0,2.09401455295064,2.82347862965621,0.0,0.0,2.1336948960358,1.73224424421223,2.1651660828208,0.0,0.0,2.23062151051123,1.98803833847065,2.30429688223136
CALM1,2.357528,2.202934,1.720847,0.0,0.0,0.0,0.0,0.0,0.0,0.0,0.0,2.239567,0.0,2.388854,1.713724,0.0,0.0,2.360564,3.010868,2.146934,0.0,2.116168,0.0,1.665819,0.0,0.0,2.973122,0.0,0.0,0.0,0.0,0.0,0.0,2.937738,0.0,2.367547,2.088418,0.0,0.0,0.0,0.0,0.0,2.272458,0.0,2.121967,3.031286,0.0,2.078567,1.575444,0.0,3.0411,2.22914,2.63272,0.0,2.183826,3.10693,0.0,0.0,0.0,0.0,0.0,2.165166,0.0,2.084709,0.0,0.0,2.304297
UBB,2.357528,2.202934,0.0,0.0,2.30755,0.0,2.065222,0.0,2.068839,0.0,2.047976,0.0,3.014546,2.388854,2.684356,0.0,2.144269,0.0,0.0,0.0,2.107231,0.0,0.0,0.0,2.225449,1.962901,2.973122,0.0,0.0,2.305922,2.723587,2.729593,3.135941,2.937738,0.0,0.0,2.088418,2.352779,2.279514,0.0,0.0,0.0,2.272458,0.0,0.0,2.385264,1.941637,2.078567,1.575444,0.0,0.0,0.0,2.63272,2.095889,0.0,0.0,0.0,2.124558,2.989704,0.0,2.33279,2.165166,0.0,2.084709,2.230622,0.0,2.304297
PTMA,3.002192,0.0,4.105291,3.325383,2.949665,4.047121,4.027072,2.274021,4.344739,3.292377,4.007652,3.759951,4.0799,4.501019,4.30127,4.08133,3.438595,3.005378,3.399781,3.658237,3.943096,4.398047,3.468083,3.56445,3.527259,3.630183,2.329854,2.358828,3.40352,3.335779,3.599698,3.113069,3.958091,4.151919,2.845343,3.680966,4.053125,4.461678,2.279514,3.371295,3.58051,3.193687,2.912701,2.889947,4.090676,3.031286,3.756329,3.911044,3.569419,4.182932,3.8883,4.429849,3.289264,2.725585,3.698857,3.777454,3.208945,3.633525,4.15783,3.972593,4.191873,2.799237,0.0,4.164807,3.928563,4.892791,3.612768
ACAP1,1.754819,0.0,0.0,2.29622,0.0,2.339117,2.065222,2.274021,0.0,0.0,0.0,0.0,2.369301,0.0,0.0,2.113604,0.0,0.0,0.0,0.0,0.0,0.0,0.0,0.0,0.0,0.0,0.0,0.0,0.0,2.305922,0.0,0.0,0.0,0.0,0.0,0.0,2.088418,0.0,2.279514,2.339117,0.0,0.0,0.0,2.250889,2.121967,2.385264,0.0,0.0,1.575444,2.008989,2.194031,0.0,0.0,1.518711,0.0,0.0,2.188033,0.0,0.0,0.0,0.0,0.0,2.235827,0.0,0.0,0.0,0.0
PDK4,0.0,0.0,0.0,0.0,0.0,0.0,0.0,0.0,0.0,0.0,0.0,0.0,0.0,0.0,0.0,0.0,0.0,0.0,0.0,0.0,0.0,0.0,0.0,0.0,0.0,0.0,0.0,0.0,0.0,0.0,0.0,0.0,0.0,0.0,0.0,0.0,0.0,0.0,0.0,0.0,0.0,0.0,0.0,0.0,0.0,0.0,0.0,0.0,0.0,0.0,0.0,0.0,0.0,0.0,0.0,0.0,0.0,0.0,0.0,0.0,0.0,0.0,0.0,0.0,0.0,0.0,0.0
NDUFA11,1.754819,2.202934,0.0,0.0,2.30755,0.0,0.0,2.274021,2.068839,1.671058,0.0,0.0,2.369301,0.0,1.713724,0.0,2.144269,0.0,0.0,0.0,0.0,0.0,0.0,0.0,0.0,1.962901,2.973122,3.003556,2.743088,0.0,2.094015,0.0,0.0,0.0,0.0,2.367547,0.0,0.0,0.0,0.0,0.0,1.923451,0.0,0.0,0.0,2.385264,0.0,0.0,1.575444,2.008989,2.561633,2.22914,0.0,0.0,2.183826,0.0,0.0,0.0,1.986951,0.0,0.0,0.0,0.0,0.0,0.0,0.0,0.0
TOMM7,0.0,0.0,0.0,0.0,0.0,2.339117,2.065222,0.0,3.079471,0.0,2.674451,0.0,2.369301,2.388854,0.0,2.113604,3.16156,0.0,0.0,0.0,2.107231,2.747177,2.597497,2.259678,2.863073,2.963201,0.0,3.003556,0.0,2.305922,2.094015,2.729593,2.120674,2.29622,2.208684,2.367547,2.717622,2.997206,0.0,0.0,3.088088,0.0,3.29989,3.554911,2.753347,0.0,2.560346,0.0,1.575444,2.63272,3.215426,0.0,2.008989,2.725585,0.0,2.723587,2.188033,2.124558,2.989704,0.0,2.705379,0.0,3.260504,0.0,2.230622,2.9909,0.0
PTGES3,0.0,2.202934,0.0,0.0,0.0,0.0,2.065222,0.0,0.0,0.0,0.0,0.0,0.0,0.0,1.713724,0.0,0.0,0.0,2.365796,0.0,2.107231,0.0,0.0,0.0,0.0,1.962901,2.329854,0.0,0.0,0.0,2.094015,2.099651,0.0,0.0,0.0,0.0,0.0,2.352779,0.0,2.339117,0.0,1.923451,0.0,0.0,0.0,0.0,0.0,0.0,0.0,2.008989,0.0,0.0,0.0,0.0,0.0,2.094015,0.0,0.0,0.0,0.0,2.33279,0.0,0.0,0.0,0.0,2.610246,0.0
SOCS3,0.0,0.0,0.0,0.0,0.0,0.0,0.0,2.274021,0.0,0.0,0.0,0.0,0.0,0.0,0.0,0.0,2.144269,2.360564,0.0,0.0,0.0,0.0,0.0,1.665819,0.0,0.0,0.0,2.358828,0.0,0.0,0.0,0.0,0.0,0.0,0.0,0.0,0.0,0.0,0.0,2.339117,2.705162,0.0,0.0,0.0,0.0,0.0,0.0,0.0,0.0,0.0,0.0,0.0,0.0,0.0,0.0,0.0,0.0,0.0,0.0,0.0,0.0,0.0,0.0,0.0,0.0,0.0,0.0
TCF4,0.0,0.0,0.0,0.0,0.0,0.0,0.0,0.0,0.0,0.0,0.0,0.0,0.0,0.0,2.312454,0.0,0.0,0.0,3.010868,0.0,0.0,0.0,0.0,0.0,0.0,0.0,0.0,0.0,0.0,0.0,0.0,0.0,0.0,0.0,0.0,0.0,0.0,0.0,0.0,0.0,0.0,0.0,0.0,0.0,0.0,0.0,0.0,0.0,0.0,0.0,0.0,0.0,0.0,0.0,0.0,0.0,0.0,0.0,0.0,0.0,0.0,0.0,0.0,0.0,0.0,0.0,0.0
HSD17B10,0.0,0.0,0.0,0.0,0.0,0.0,0.0,0.0,0.0,0.0,0.0,0.0,0.0,0.0,0.0,0.0,0.0,0.0,0.0,0.0,0.0,2.116168,1.976168,0.0,0.0,0.0,0.0,0.0,0.0,0.0,2.723587,0.0,0.0,0.0,0.0,0.0,0.0,0.0,0.0,0.0,0.0,0.0,2.272458,0.0,0.0,0.0,0.0,0.0,0.0,2.008989,0.0,2.22914,0.0,0.0,0.0,0.0,0.0,0.0,0.0,0.0,0.0,0.0,2.235827,0.0,0.0,0.0,0.0
TAOK3,1.754819,0.0,2.692448,0.0,2.949665,2.339117,0.0,0.0,0.0,0.0,0.0,2.239567,0.0,0.0,0.0,0.0,0.0,0.0,0.0,0.0,0.0,0.0,1.976168,0.0,0.0,0.0,0.0,0.0,2.112325,0.0,0.0,0.0,2.120674,0.0,0.0,0.0,0.0,0.0,0.0,0.0,0.0,0.0,0.0,2.250889,0.0,0.0,0.0,0.0,0.0,0.0,0.0,0.0,0.0,0.0,0.0,0.0,0.0,2.124558,2.609079,0.0,0.0,0.0,0.0,0.0,0.0,0.0,0.0
DUSP1,0.0,0.0,2.32028,0.0,2.949665,0.0,3.567707,2.274021,2.068839,1.671058,2.047976,0.0,0.0,0.0,2.312454,2.744449,2.144269,3.394199,0.0,3.441517,0.0,2.116168,0.0,1.665819,2.863073,1.962901,0.0,3.392346,3.126863,0.0,0.0,2.729593,2.120674,0.0,2.208684,0.0,2.717622,2.352779,2.279514,0.0,0.0,2.540741,0.0,0.0,0.0,0.0,0.0,0.0,2.525621,2.008989,1.606564,2.866975,2.63272,0.0,0.0,2.723587,2.188033,3.140161,1.986951,0.0,2.976208,3.184208,2.235827,0.0,0.0,1.988038,2.304297
MIF,0.0,0.0,0.0,0.0,0.0,0.0,0.0,0.0,0.0,0.0,0.0,2.239567,0.0,2.388854,0.0,0.0,0.0,0.0,0.0,0.0,2.107231,0.0,0.0,1.665819,0.0,0.0,0.0,0.0,2.112325,0.0,0.0,2.099651,0.0,2.29622,0.0,0.0,0.0,0.0,0.0,0.0,0.0,0.0,2.272458,0.0,0.0,0.0,1.941637,0.0,0.0,2.008989,2.194031,2.22914,0.0,0.0,0.0,0.0,0.0,0.0,0.0,0.0,2.33279,2.165166,0.0,0.0,0.0,2.610246,0.0
FCGRT,0.0,0.0,0.0,0.0,0.0,0.0,0.0,0.0,0.0,0.0,0.0,0.0,0.0,0.0,0.0,0.0,0.0,0.0,0.0,0.0,0.0,0.0,0.0,0.0,0.0,0.0,0.0,0.0,0.0,0.0,0.0,0.0,0.0,0.0,0.0,0.0,0.0,0.0,0.0,0.0,0.0,0.0,0.0,0.0,0.0,0.0,0.0,0.0,0.0,0.0,0.0,0.0,0.0,0.0,0.0,0.0,0.0,0.0,0.0,0.0,0.0,0.0,0.0,0.0,0.0,0.0,0.0
NDUFS6,2.357528,2.202934,1.720847,0.0,0.0,0.0,0.0,0.0,0.0,1.671058,2.047976,0.0,0.0,0.0,0.0,0.0,2.144269,0.0,0.0,2.146934,2.107231,0.0,0.0,0.0,0.0,1.962901,0.0,0.0,0.0,0.0,0.0,0.0,0.0,0.0,0.0,0.0,0.0,0.0,2.279514,0.0,0.0,0.0,2.272458,0.0,2.121967,2.385264,0.0,0.0,0.0,0.0,0.0,0.0,0.0,0.0,2.183826,0.0,0.0,0.0,0.0,2.765818,0.0,0.0,0.0,0.0,0.0,0.0,0.0
RAN,1.754819,0.0,1.720847,0.0,0.0,2.339117,0.0,0.0,0.0,1.671058,0.0,2.239567,0.0,0.0,0.0,0.0,0.0,3.005378,0.0,0.0,0.0,0.0,0.0,0.0,0.0,0.0,2.329854,0.0,0.0,2.305922,0.0,0.0,0.0,0.0,0.0,0.0,0.0,2.352779,0.0,0.0,0.0,0.0,2.272458,0.0,0.0,0.0,0.0,2.078567,1.575444,0.0,1.606564,0.0,0.0,0.0,0.0,0.0,0.0,0.0,0.0,0.0,0.0,0.0,0.0,2.084709,0.0,0.0,2.304297
MYH9,0.0,0.0,0.0,0.0,0.0,0.0,0.0,0.0,0.0,1.671058,2.674451,0.0,0.0,2.388854,1.713724,2.744449,0.0,0.0,0.0,2.146934,0.0,0.0,0.0,0.0,2.863073,1.962901,0.0,0.0,0.0,0.0,0.0,0.0,0.0,0.0,0.0,0.0,0.0,2.352779,0.0,0.0,0.0,0.0,0.0,0.0,2.121967,0.0,1.941637,0.0,0.0,0.0,0.0,0.0,0.0,0.0,0.0,0.0,0.0,0.0,0.0,2.133695,0.0,0.0,0.0,2.084709,0.0,0.0,0.0
FTL,2.730933,2.202934,2.32028,2.29622,3.337523,2.982857,3.351594,3.301568,2.068839,3.788225,4.007652,3.938384,3.014546,4.101087,3.342775,2.113604,3.655296,3.005378,3.399781,3.658237,3.792171,3.407745,1.976168,0.0,2.225449,2.583235,3.361393,3.003556,2.743088,3.614525,3.10693,2.099651,2.120674,3.325383,3.231246,4.077996,3.593488,4.061967,2.279514,2.339117,5.837555,4.343532,0.0,3.276712,3.414119,3.031286,3.606065,3.090088,2.525621,3.013932,2.194031,2.866975,3.013932,2.725585,3.204398,3.777454,2.188033,0.0,2.609079,2.765818,3.364532,3.184208,3.260504,3.58937,3.532886,2.610246,2.304297
CD52,2.35752786531355,0.0,2.69244800991692,3.32538313578801,0.0,2.98285686282472,3.07552065772667,3.79755400150397,3.57173159013729,0.0,3.72601064870463,0.0,3.01454642036821,0.0,0.0,0.0,0.0,0.0,3.01086811188981,0.0,2.73766512164114,3.13104128236255,3.25270362201136,2.25967848759913,2.2254489746005,2.96320149510349,0.0,3.00355599440811,3.12686252994284,3.33577922051775,0.0,3.38957325346575,2.12067431022148,4.50386261177935,2.84534274510818,0.0,0.0,0.0,3.30746490399945,2.98285686282472,3.36430751591787,0.0,3.79585094299778,0.0,3.13734535905958,2.3852642856713,2.93971456093017,0.0,2.15938105093959,2.63271985032604,2.82983155083299,3.253301285714,0.0,2.45950349000182,2.81902142480016,3.77745396227664,3.48647637127768,2.12455791305678,0.0,2.1336948960358,2.70537872834044,0.0,2.87404123565476,2.0847093326147,2.23062151051123,0.0,2.30429688223136
MT-ND3,2.730933,4.04936,3.94123,4.969708,4.295899,3.868288,4.579019,4.479425,3.749358,4.469989,4.007652,4.535626,2.369301,4.25287,3.621583,3.79926,3.833299,5.632326,3.897164,4.234501,2.737665,4.563207,3.645195,3.111292,3.527259,3.780539,3.640365,3.392346,4.299656,4.514526,3.928331,4.920734,4.709993,4.000387,4.055709,3.899057,3.377196,3.883083,4.579762,3.868288,4.353653,3.981564,3.974422,4.453903,4.090676,2.385264,4.28554,4.042069,3.326122,4.182932,3.363826,3.748548,3.682224,3.499443,4.028232,3.777454,4.478407,4.09357,2.989704,4.323605,2.976208,3.67833,3.93428,3.767079,3.532886,4.055444,2.304297
MT-ATP6,3.540287,4.581066,3.630034,4.684338,4.516314,2.982857,4.647327,3.301568,4.344739,4.837994,3.056667,3.264529,2.369301,4.605269,4.417546,4.30109,4.231526,5.443829,4.475888,3.441517,3.12132,3.624244,3.926327,3.56445,4.321729,3.780539,3.640365,3.392346,3.61999,4.514526,4.679921,5.232425,4.205152,2.937738,0.0,4.077996,3.593488,3.385889,4.133622,4.330425,4.04001,4.608735,3.974422,4.787046,3.959532,3.420536,4.105968,4.261694,3.177942,3.504923,3.710066,4.20968,3.963595,3.998109,4.028232,4.279085,4.478407,4.09357,3.480204,4.219716,4.259858,4.538951,4.696882,4.36265,3.532886,4.15907,3.830502
RPS26,1.754819,0.0,2.32028,2.29622,2.949665,0.0,0.0,0.0,2.696737,2.905324,3.056667,0.0,3.014546,0.0,1.713724,2.113604,0.0,0.0,0.0,3.164451,0.0,2.116168,1.976168,0.0,0.0,0.0,2.329854,0.0,2.743088,0.0,2.723587,0.0,2.751972,2.29622,0.0,2.367547,0.0,2.997206,0.0,0.0,2.076734,0.0,3.29989,2.250889,0.0,0.0,0.0,0.0,2.793098,0.0,0.0,0.0,2.008989,2.095889,0.0,2.094015,2.188033,0.0,0.0,2.133695,3.189102,0.0,2.235827,2.084709,2.86854,3.265942,0.0
SNX3,2.357528,0.0,2.32028,0.0,0.0,0.0,2.065222,0.0,0.0,0.0,2.047976,0.0,0.0,0.0,0.0,2.113604,0.0,0.0,0.0,0.0,0.0,0.0,0.0,0.0,0.0,0.0,2.329854,0.0,0.0,0.0,0.0,0.0,0.0,2.29622,2.208684,0.0,0.0,0.0,2.279514,0.0,0.0,1.923451,0.0,0.0,0.0,0.0,0.0,2.078567,1.575444,0.0,1.606564,2.22914,0.0,2.095889,2.819021,0.0,0.0,0.0,0.0,0.0,2.33279,0.0,2.235827,2.084709,0.0,1.988038,0.0
LGALS3BP,1.754819,0.0,0.0,0.0,0.0,0.0,0.0,0.0,0.0,0.0,0.0,0.0,0.0,0.0,0.0,0.0,0.0,0.0,0.0,0.0,0.0,0.0,0.0,0.0,0.0,0.0,0.0,0.0,0.0,0.0,0.0,0.0,0.0,0.0,0.0,0.0,0.0,0.0,0.0,0.0,0.0,0.0,0.0,0.0,0.0,0.0,0.0,0.0,0.0,0.0,0.0,0.0,0.0,0.0,0.0,0.0,0.0,0.0,0.0,0.0,0.0,0.0,0.0,0.0,0.0,0.0,0.0
PMP22,0.0,0.0,0.0,0.0,0.0,0.0,0.0,0.0,0.0,0.0,0.0,0.0,0.0,0.0,0.0,0.0,0.0,0.0,0.0,0.0,0.0,0.0,0.0,0.0,0.0,0.0,0.0,0.0,0.0,0.0,0.0,0.0,0.0,0.0,0.0,0.0,0.0,2.352779,0.0,0.0,0.0,0.0,0.0,0.0,0.0,0.0,0.0,0.0,0.0,0.0,0.0,0.0,0.0,0.0,0.0,0.0,0.0,0.0,0.0,0.0,0.0,0.0,0.0,0.0,0.0,0.0,0.0
SRSF5,1.754819,0.0,0.0,2.29622,2.949665,3.371295,0.0,0.0,0.0,1.671058,2.047976,0.0,3.014546,0.0,1.713724,0.0,0.0,0.0,0.0,2.146934,0.0,0.0,0.0,0.0,2.225449,1.962901,2.973122,0.0,0.0,0.0,0.0,0.0,2.751972,0.0,0.0,3.401649,2.088418,0.0,0.0,0.0,2.076734,0.0,0.0,2.250889,0.0,0.0,1.941637,0.0,1.575444,0.0,0.0,0.0,2.63272,0.0,2.183826,2.094015,0.0,0.0,1.986951,2.133695,0.0,0.0,0.0,3.096788,0.0,1.988038,0.0
SPTBN1,0.0,0.0,0.0,0.0,0.0,0.0,2.065222,0.0,0.0,0.0,0.0,0.0,0.0,0.0,0.0,0.0,0.0,0.0,0.0,0.0,0.0,0.0,0.0,0.0,0.0,0.0,0.0,0.0,0.0,0.0,0.0,0.0,0.0,0.0,0.0,0.0,0.0,0.0,0.0,0.0,0.0,0.0,0.0,0.0,0.0,0.0,0.0,0.0,0.0,0.0,0.0,0.0,0.0,0.0,0.0,0.0,0.0,0.0,0.0,0.0,1.732244,0.0,0.0,0.0,0.0,1.988038,0.0
ZFP36L1,1.754819,3.22504,2.32028,0.0,2.30755,0.0,2.065222,2.274021,2.068839,0.0,2.047976,0.0,0.0,0.0,0.0,2.113604,0.0,0.0,0.0,0.0,2.107231,0.0,0.0,0.0,0.0,0.0,0.0,0.0,2.112325,2.947951,2.094015,0.0,0.0,0.0,0.0,0.0,0.0,0.0,0.0,0.0,0.0,1.923451,2.272458,2.250889,0.0,2.385264,0.0,0.0,1.575444,0.0,0.0,2.22914,0.0,0.0,0.0,2.094015,0.0,2.124558,1.986951,3.426997,0.0,0.0,0.0,2.084709,2.86854,0.0,0.0
PERP,0.0,0.0,0.0,0.0,0.0,0.0,2.065222,0.0,0.0,0.0,0.0,0.0,0.0,0.0,0.0,0.0,0.0,0.0,0.0,0.0,0.0,0.0,0.0,0.0,0.0,0.0,0.0,0.0,0.0,0.0,0.0,0.0,0.0,0.0,0.0,0.0,0.0,0.0,0.0,0.0,0.0,0.0,0.0,2.250889,0.0,0.0,0.0,0.0,1.575444,0.0,0.0,0.0,0.0,0.0,0.0,2.094015,0.0,0.0,0.0,0.0,0.0,0.0,0.0,0.0,0.0,0.0,0.0
ALDOA,0.0,0.0,0.0,0.0,0.0,0.0,0.0,0.0,0.0,0.0,0.0,0.0,0.0,0.0,0.0,0.0,0.0,0.0,0.0,2.146934,2.107231,2.116168,0.0,0.0,0.0,0.0,0.0,0.0,0.0,2.305922,2.723587,2.729593,0.0,0.0,0.0,0.0,2.088418,0.0,0.0,2.339117,0.0,0.0,0.0,2.250889,2.121967,0.0,0.0,0.0,2.793098,2.008989,0.0,2.22914,2.008989,0.0,0.0,2.094015,0.0,2.124558,2.989704,0.0,0.0,0.0,0.0,0.0,0.0,0.0,0.0
RPL27,2.730933,0.0,3.500283,2.937738,0.0,3.650354,0.0,2.914348,3.079471,3.117461,3.332518,2.877991,4.0799,2.388854,2.954825,2.744449,0.0,3.005378,2.365796,3.836253,2.107231,2.116168,3.926327,3.434955,3.249324,3.237886,2.973122,3.392346,2.743088,2.305922,3.10693,0.0,0.0,4.000387,2.208684,3.401649,2.088418,3.385889,2.920139,2.339117,3.088088,0.0,3.29989,2.889947,3.630659,3.420536,3.429161,3.090088,3.455152,3.013932,3.0411,2.866975,3.013932,2.095889,2.183826,2.723587,0.0,3.140161,3.264731,3.426997,2.976208,0.0,3.538547,0.0,0.0,1.988038,2.946241
PRDX5,2.357528,0.0,0.0,0.0,0.0,0.0,0.0,0.0,0.0,0.0,2.047976,0.0,0.0,0.0,0.0,0.0,0.0,0.0,0.0,0.0,0.0,0.0,0.0,0.0,0.0,0.0,2.329854,0.0,0.0,2.305922,0.0,2.099651,2.751972,0.0,0.0,0.0,0.0,0.0,0.0,0.0,0.0,1.923451,2.272458,2.250889,0.0,2.385264,0.0,0.0,0.0,0.0,0.0,0.0,0.0,1.518711,0.0,2.094015,2.823479,2.124558,0.0,0.0,0.0,0.0,0.0,0.0,0.0,1.988038,0.0
FSTL1,0.0,0.0,0.0,0.0,0.0,0.0,0.0,0.0,0.0,0.0,0.0,0.0,0.0,0.0,0.0,0.0,0.0,0.0,0.0,0.0,0.0,0.0,0.0,0.0,0.0,0.0,0.0,0.0,0.0,0.0,0.0,0.0,0.0,0.0,0.0,0.0,0.0,0.0,0.0,0.0,0.0,0.0,0.0,0.0,0.0,0.0,0.0,0.0,0.0,0.0,0.0,0.0,0.0,0.0,0.0,0.0,0.0,0.0,0.0,0.0,0.0,0.0,0.0,0.0,0.0,0.0,0.0
TBCA,2.357528,0.0,1.720847,0.0,0.0,0.0,2.065222,0.0,0.0,0.0,0.0,0.0,0.0,0.0,0.0,0.0,0.0,0.0,0.0,0.0,2.107231,2.116168,0.0,0.0,2.225449,0.0,0.0,0.0,0.0,0.0,2.094015,0.0,2.120674,0.0,0.0,0.0,2.088418,0.0,0.0,0.0,2.076734,0.0,0.0,0.0,0.0,0.0,0.0,0.0,0.0,0.0,1.606564,0.0,0.0,2.095889,2.183826,0.0,0.0,0.0,1.986951,0.0,0.0,0.0,0.0,0.0,2.230622,1.988038,0.0
TXNDC11,0.0,0.0,0.0,0.0,0.0,0.0,0.0,0.0,0.0,0.0,0.0,0.0,0.0,0.0,0.0,0.0,0.0,0.0,0.0,0.0,0.0,0.0,0.0,0.0,0.0,0.0,0.0,0.0,0.0,0.0,0.0,0.0,0.0,0.0,0.0,0.0,0.0,0.0,0.0,0.0,0.0,0.0,0.0,0.0,2.121967,0.0,0.0,0.0,0.0,0.0,0.0,0.0,0.0,0.0,0.0,0.0,0.0,0.0,0.0,0.0,0.0,0.0,0.0,0.0,0.0,0.0,0.0
DNAJC1,0.0,0.0,0.0,0.0,0.0,0.0,0.0,0.0,0.0,0.0,0.0,0.0,0.0,0.0,0.0,0.0,0.0,0.0,0.0,0.0,0.0,0.0,0.0,0.0,0.0,0.0,0.0,0.0,0.0,0.0,0.0,0.0,0.0,0.0,0.0,0.0,0.0,0.0,0.0,0.0,0.0,0.0,0.0,0.0,0.0,0.0,0.0,0.0,1.575444,0.0,0.0,0.0,0.0,0.0,0.0,0.0,0.0,0.0,0.0,0.0,0.0,0.0,0.0,0.0,0.0,0.0,0.0
RPLP1,4.520327,2.202934,5.459808,4.598166,2.949665,4.645283,5.113729,4.812652,4.146948,3.685376,4.123414,4.535626,4.764556,4.605269,4.237634,4.197235,3.833299,4.353826,4.076097,3.658237,3.792171,5.212115,4.545692,5.634255,5.251884,5.479297,4.18867,3.889629,4.393731,4.410381,3.928331,3.934631,4.205152,4.76367,4.303167,4.676402,5.140091,4.213656,4.818724,4.731493,3.364308,3.735566,4.879374,4.713579,4.310469,5.00347,4.686406,4.843195,3.850033,4.707259,5.464482,4.831334,4.583299,5.06208,4.159535,4.279085,4.78553,4.209499,4.891541,4.503715,4.978478,4.759956,4.617599,3.917921,4.0799,4.491069,4.607053
CHCHD2,2.730933,0.0,0.0,2.29622,0.0,0.0,0.0,0.0,2.068839,1.671058,2.047976,0.0,0.0,0.0,1.713724,0.0,0.0,0.0,0.0,0.0,2.107231,0.0,2.597497,2.259678,0.0,0.0,2.329854,2.358828,0.0,0.0,2.094015,2.099651,0.0,0.0,2.208684,0.0,0.0,0.0,0.0,0.0,0.0,0.0,0.0,0.0,2.121967,2.385264,0.0,0.0,1.575444,0.0,1.606564,2.22914,0.0,1.518711,2.183826,2.094015,0.0,0.0,0.0,2.133695,1.732244,0.0,0.0,0.0,0.0,0.0,0.0
NGFRAP1,0.0,0.0,0.0,0.0,0.0,0.0,0.0,0.0,0.0,0.0,0.0,0.0,0.0,0.0,0.0,0.0,0.0,0.0,2.365796,0.0,0.0,0.0,0.0,0.0,0.0,0.0,0.0,0.0,0.0,0.0,0.0,0.0,0.0,0.0,0.0,0.0,0.0,0.0,0.0,0.0,0.0,0.0,0.0,0.0,0.0,0.0,0.0,0.0,0.0,0.0,0.0,0.0,0.0,0.0,0.0,0.0,2.188033,0.0,0.0,0.0,0.0,2.165166,0.0,0.0,0.0,0.0,0.0
ROMO1,0.0,0.0,0.0,0.0,2.30755,0.0,0.0,0.0,0.0,0.0,0.0,2.877991,0.0,0.0,0.0,0.0,0.0,0.0,0.0,0.0,0.0,2.116168,0.0,0.0,0.0,0.0,0.0,2.358828,2.112325,0.0,0.0,2.099651,0.0,0.0,0.0,0.0,0.0,0.0,0.0,2.339117,0.0,0.0,2.272458,0.0,0.0,2.385264,0.0,0.0,1.575444,0.0,0.0,0.0,2.008989,1.518711,0.0,0.0,0.0,0.0,0.0,0.0,0.0,0.0,0.0,0.0,2.230622,0.0,2.304297
RPL11,4.06712424787973,2.2029337810686,3.94122975383301,3.60403487245526,4.29589927653236,3.8682875237126,3.56770741781386,3.97613096309319,3.74935761658478,3.57072393976955,3.72601064870463,4.5356258681393,3.01454642036821,2.38885361988142,3.49186448870265,4.19723478029745,3.65529617416055,3.6734539892874,4.0760967101922,2.77988441721128,4.07420083629597,3.40774524063329,4.04191665211841,4.46360761014607,2.86307345046612,4.30998553927515,3.36139270087774,3.67158517253952,3.94878093887476,3.83226782040276,3.59969814120897,2.72959298432882,3.62922991617639,3.32538313578801,4.30316670913936,3.89905730118125,4.53193007780169,2.35277882971183,3.58595262181841,3.65035390696187,2.0767337617138,3.19368688807733,3.97442150990308,4.23366312753476,4.09067631904755,4.09720044086806,3.8869347922101,4.26169446111609,3.76495463530889,3.83277296822967,3.60742166969832,2.2291402508381,4.07926478663323,4.41914992866791,2.81902142480016,4.05939939339777,3.48647637127768,3.63352486560802,3.93858956140705,3.82157514767648,2.33278973108476,4.25482437710101,2.87404123565476,2.71366819340643,3.53288599213482,3.26594217688465,3.33403845801954
SAT1,0.0,2.839257,0.0,0.0,2.949665,0.0,0.0,0.0,0.0,0.0,2.047976,0.0,0.0,0.0,0.0,2.113604,3.16156,0.0,0.0,0.0,2.107231,0.0,2.597497,0.0,0.0,0.0,0.0,3.392346,3.40352,0.0,2.723587,3.783734,2.751972,0.0,0.0,3.012705,2.088418,0.0,0.0,0.0,3.758177,3.408593,0.0,0.0,2.121967,2.385264,1.941637,2.078567,3.177942,0.0,0.0,0.0,2.63272,1.518711,2.183826,0.0,2.188033,2.756103,2.609079,2.765818,1.732244,0.0,0.0,4.36265,2.230622,0.0,0.0
ARHGEF12,1.754819,0.0,0.0,0.0,0.0,0.0,0.0,0.0,0.0,0.0,0.0,0.0,0.0,0.0,0.0,0.0,0.0,0.0,0.0,0.0,0.0,0.0,0.0,0.0,0.0,0.0,0.0,0.0,0.0,0.0,0.0,0.0,0.0,0.0,0.0,0.0,0.0,0.0,0.0,0.0,0.0,0.0,0.0,0.0,0.0,0.0,0.0,0.0,1.575444,0.0,0.0,0.0,0.0,0.0,0.0,0.0,0.0,0.0,0.0,2.133695,0.0,0.0,0.0,0.0,0.0,0.0,2.304297
CRIP2,0.0,0.0,0.0,0.0,0.0,0.0,0.0,0.0,0.0,0.0,0.0,0.0,0.0,0.0,0.0,0.0,0.0,0.0,0.0,0.0,0.0,0.0,0.0,0.0,0.0,0.0,0.0,0.0,0.0,0.0,0.0,0.0,0.0,0.0,0.0,0.0,0.0,0.0,0.0,0.0,0.0,0.0,0.0,0.0,0.0,0.0,0.0,0.0,0.0,0.0,0.0,0.0,0.0,0.0,0.0,0.0,0.0,0.0,1.986951,0.0,0.0,0.0,0.0,0.0,0.0,0.0,0.0
EPAS1,0.0,0.0,0.0,0.0,0.0,0.0,0.0,0.0,0.0,1.671058,0.0,0.0,0.0,0.0,0.0,0.0,2.144269,0.0,0.0,0.0,0.0,0.0,0.0,0.0,0.0,0.0,0.0,0.0,0.0,0.0,0.0,0.0,0.0,0.0,0.0,0.0,0.0,0.0,0.0,0.0,0.0,0.0,0.0,0.0,0.0,0.0,0.0,0.0,0.0,0.0,0.0,0.0,0.0,0.0,0.0,0.0,0.0,0.0,0.0,0.0,0.0,0.0,0.0,0.0,0.0,0.0,0.0
RPL3,3.670186,3.502734,3.630034,2.937738,3.616284,4.731493,3.896084,3.301568,3.749358,3.441204,2.674451,3.759951,4.363345,4.101087,3.839364,4.197235,3.438595,3.394199,3.010868,0.0,3.12132,3.80211,3.252704,4.55787,3.527259,4.130347,2.329854,3.392346,3.61999,3.614525,3.777454,3.605949,3.412699,3.604035,4.187073,3.680966,4.36683,3.385889,3.307465,2.339117,2.705162,2.919586,3.578308,2.889947,3.959532,2.385264,4.002437,4.59413,3.671959,3.289264,4.170849,3.926936,4.276854,4.177368,2.183826,4.538247,3.486476,3.962419,4.15783,3.150085,3.189102,3.856432,3.93428,3.767079,3.928563,3.481424,3.334038
ITGB7,0.0,0.0,0.0,0.0,0.0,2.339117,0.0,0.0,0.0,0.0,0.0,0.0,0.0,0.0,0.0,0.0,0.0,0.0,0.0,0.0,0.0,0.0,0.0,1.665819,0.0,0.0,0.0,0.0,0.0,0.0,0.0,0.0,0.0,0.0,0.0,0.0,0.0,0.0,0.0,0.0,0.0,0.0,0.0,0.0,0.0,0.0,0.0,0.0,0.0,0.0,0.0,0.0,0.0,1.518711,0.0,0.0,0.0,0.0,0.0,0.0,0.0,0.0,0.0,0.0,0.0,0.0,0.0
IFITM2,0.0,0.0,0.0,2.937738,2.30755,0.0,0.0,0.0,2.696737,0.0,0.0,0.0,3.40352,0.0,0.0,2.113604,0.0,2.360564,0.0,3.836253,0.0,0.0,0.0,1.665819,0.0,0.0,2.329854,0.0,0.0,0.0,2.094015,2.099651,0.0,2.29622,0.0,0.0,2.717622,0.0,2.279514,0.0,2.076734,2.540741,2.912701,0.0,0.0,0.0,0.0,0.0,1.575444,0.0,1.606564,2.22914,2.008989,2.459503,0.0,0.0,2.188033,2.124558,0.0,2.133695,0.0,0.0,2.235827,2.084709,0.0,1.988038,2.304297
COMMD6,0.0,0.0,1.720847,0.0,0.0,0.0,0.0,0.0,2.696737,1.671058,0.0,2.239567,2.369301,0.0,2.312454,0.0,0.0,0.0,2.365796,3.164451,2.107231,2.116168,0.0,1.665819,2.225449,0.0,0.0,3.003556,0.0,0.0,0.0,0.0,0.0,2.29622,2.208684,3.012705,2.088418,0.0,2.279514,0.0,0.0,0.0,2.272458,0.0,2.753347,0.0,2.560346,0.0,0.0,2.008989,2.194031,2.22914,0.0,2.095889,2.183826,0.0,2.188033,0.0,0.0,0.0,1.732244,2.799237,0.0,0.0,2.230622,1.988038,0.0
LSM7,1.754819,0.0,0.0,0.0,0.0,0.0,0.0,0.0,0.0,0.0,2.047976,2.239567,0.0,0.0,0.0,0.0,0.0,0.0,2.365796,2.146934,0.0,0.0,0.0,1.665819,0.0,0.0,2.329854,0.0,0.0,0.0,2.094015,0.0,0.0,0.0,0.0,2.367547,0.0,0.0,0.0,0.0,0.0,0.0,0.0,0.0,0.0,0.0,1.941637,0.0,0.0,0.0,1.606564,0.0,0.0,0.0,0.0,0.0,0.0,0.0,0.0,2.133695,0.0,2.165166,0.0,0.0,0.0,0.0,0.0
RPS27L,0.0,0.0,0.0,2.29622,0.0,0.0,0.0,0.0,0.0,2.635721,2.047976,0.0,2.369301,2.388854,1.713724,0.0,2.144269,2.360564,2.365796,0.0,2.107231,0.0,0.0,0.0,0.0,0.0,0.0,3.003556,0.0,2.305922,2.094015,0.0,3.135941,0.0,0.0,0.0,0.0,2.997206,0.0,0.0,0.0,0.0,0.0,0.0,2.121967,0.0,0.0,0.0,1.575444,0.0,2.194031,0.0,2.008989,0.0,2.183826,2.094015,2.823479,0.0,0.0,2.765818,1.732244,0.0,0.0,2.084709,3.254897,1.988038,0.0
LAMC1,0.0,0.0,0.0,0.0,0.0,0.0,0.0,0.0,0.0,0.0,0.0,0.0,0.0,0.0,0.0,0.0,0.0,0.0,0.0,0.0,0.0,0.0,0.0,0.0,0.0,0.0,0.0,0.0,0.0,0.0,0.0,0.0,0.0,0.0,0.0,0.0,0.0,0.0,0.0,0.0,0.0,0.0,0.0,0.0,0.0,0.0,0.0,0.0,0.0,0.0,0.0,0.0,0.0,0.0,0.0,0.0,0.0,0.0,0.0,0.0,0.0,0.0,0.0,0.0,0.0,0.0,0.0
SPATS2L,0.0,0.0,0.0,0.0,0.0,0.0,0.0,0.0,0.0,1.671058,0.0,0.0,0.0,0.0,0.0,0.0,0.0,0.0,0.0,0.0,0.0,0.0,0.0,0.0,0.0,0.0,0.0,0.0,0.0,0.0,0.0,0.0,0.0,0.0,0.0,0.0,0.0,0.0,0.0,0.0,0.0,0.0,0.0,0.0,0.0,2.385264,0.0,0.0,0.0,0.0,0.0,0.0,0.0,0.0,0.0,0.0,0.0,2.124558,0.0,0.0,0.0,0.0,0.0,0.0,0.0,0.0,0.0
OPTN,0.0,0.0,0.0,0.0,0.0,0.0,0.0,0.0,0.0,0.0,0.0,2.239567,0.0,0.0,0.0,0.0,0.0,2.360564,0.0,0.0,2.107231,0.0,0.0,0.0,0.0,0.0,0.0,0.0,0.0,0.0,0.0,0.0,0.0,0.0,0.0,0.0,0.0,0.0,0.0,0.0,0.0,0.0,0.0,0.0,0.0,0.0,0.0,0.0,1.575444,0.0,0.0,0.0,0.0,0.0,0.0,0.0,0.0,0.0,0.0,0.0,0.0,0.0,0.0,2.084709,0.0,0.0,0.0
SRSF3,0.0,0.0,0.0,0.0,2.949665,0.0,0.0,0.0,0.0,0.0,0.0,2.239567,0.0,2.388854,0.0,2.113604,0.0,0.0,0.0,0.0,0.0,0.0,2.977829,1.665819,2.225449,0.0,2.329854,0.0,0.0,0.0,2.094015,0.0,0.0,0.0,2.208684,0.0,0.0,2.352779,0.0,0.0,2.076734,1.923451,0.0,2.250889,0.0,0.0,0.0,0.0,0.0,2.008989,0.0,2.866975,0.0,2.095889,2.819021,2.094015,0.0,0.0,0.0,0.0,1.732244,0.0,0.0,0.0,2.230622,0.0,0.0
PSMD8,0.0,0.0,0.0,0.0,0.0,0.0,0.0,0.0,0.0,0.0,2.047976,0.0,0.0,0.0,0.0,0.0,0.0,0.0,0.0,0.0,0.0,0.0,2.597497,0.0,0.0,0.0,2.329854,0.0,2.112325,0.0,2.094015,0.0,0.0,0.0,2.208684,0.0,0.0,0.0,0.0,0.0,0.0,0.0,0.0,0.0,0.0,0.0,0.0,0.0,1.575444,0.0,0.0,0.0,0.0,0.0,0.0,0.0,0.0,0.0,1.986951,0.0,0.0,0.0,0.0,0.0,0.0,2.9909,2.304297
PRKCDBP,2.357528,0.0,0.0,0.0,0.0,0.0,0.0,0.0,0.0,0.0,0.0,0.0,0.0,0.0,2.312454,0.0,0.0,0.0,0.0,0.0,0.0,0.0,0.0,0.0,0.0,0.0,0.0,0.0,0.0,0.0,0.0,0.0,0.0,0.0,0.0,0.0,0.0,0.0,0.0,0.0,0.0,0.0,0.0,0.0,0.0,0.0,0.0,0.0,0.0,0.0,0.0,0.0,0.0,0.0,0.0,0.0,0.0,0.0,0.0,0.0,1.732244,0.0,0.0,0.0,0.0,0.0,0.0
TCEAL4,0.0,0.0,0.0,0.0,0.0,0.0,0.0,0.0,0.0,0.0,0.0,0.0,0.0,0.0,1.713724,0.0,0.0,0.0,0.0,0.0,0.0,0.0,0.0,0.0,0.0,0.0,0.0,0.0,0.0,0.0,0.0,0.0,0.0,0.0,0.0,0.0,0.0,0.0,0.0,0.0,0.0,0.0,0.0,0.0,0.0,0.0,0.0,0.0,0.0,0.0,0.0,0.0,0.0,0.0,0.0,0.0,0.0,0.0,0.0,0.0,0.0,0.0,0.0,0.0,0.0,0.0,0.0
LIMA1,1.754819,0.0,0.0,0.0,0.0,0.0,0.0,0.0,0.0,0.0,0.0,0.0,0.0,0.0,0.0,0.0,0.0,0.0,0.0,0.0,0.0,0.0,0.0,0.0,0.0,0.0,2.329854,0.0,0.0,0.0,0.0,0.0,0.0,0.0,0.0,0.0,0.0,0.0,2.279514,0.0,0.0,0.0,0.0,0.0,0.0,0.0,0.0,0.0,0.0,0.0,0.0,0.0,0.0,0.0,0.0,0.0,0.0,0.0,0.0,0.0,0.0,0.0,0.0,0.0,0.0,1.988038,0.0
RPS27A,4.067124,3.22504,4.530287,4.503863,4.164312,4.198772,4.5057,4.573704,4.031139,3.117461,4.227154,4.221184,3.900954,3.424359,3.736391,4.633683,4.115557,4.07042,4.22782,3.658237,3.792171,3.953067,3.468083,4.644007,4.205604,4.224195,2.329854,4.572497,3.797838,3.335779,4.059399,3.783734,3.958091,3.604035,4.055709,3.899057,4.452784,2.352779,0.0,3.371295,3.088088,3.735566,3.795851,4.233663,3.959532,3.700011,4.19978,5.042432,3.569419,4.362708,3.8883,2.22914,3.963595,4.834866,3.698857,3.383364,3.881686,3.962419,3.657378,3.150085,3.364532,4.358764,4.21706,3.917921,3.532886,3.658605,3.612768
SOD1,2.357528,0.0,0.0,0.0,0.0,0.0,0.0,0.0,0.0,1.671058,2.047976,0.0,0.0,0.0,0.0,0.0,0.0,0.0,0.0,0.0,0.0,2.116168,1.976168,1.665819,0.0,0.0,2.973122,2.358828,0.0,0.0,2.723587,2.099651,0.0,0.0,2.208684,0.0,0.0,2.352779,0.0,2.339117,0.0,1.923451,0.0,0.0,2.753347,0.0,1.941637,0.0,2.159381,0.0,2.194031,0.0,0.0,0.0,2.183826,0.0,2.823479,2.124558,1.986951,2.765818,0.0,0.0,0.0,2.713668,0.0,2.610246,0.0
TRA2B,1.754819,0.0,0.0,2.29622,0.0,0.0,0.0,0.0,0.0,0.0,0.0,0.0,0.0,0.0,0.0,2.113604,0.0,2.360564,0.0,2.146934,0.0,0.0,1.976168,2.259678,0.0,0.0,0.0,0.0,0.0,0.0,0.0,2.099651,0.0,0.0,0.0,2.367547,0.0,2.352779,0.0,0.0,0.0,0.0,0.0,0.0,0.0,0.0,0.0,0.0,2.159381,0.0,0.0,0.0,0.0,0.0,0.0,0.0,0.0,2.124558,0.0,0.0,0.0,2.165166,2.235827,0.0,0.0,0.0,0.0
NAMPT,1.754819,2.202934,1.720847,0.0,0.0,2.339117,0.0,0.0,2.068839,2.635721,0.0,2.239567,0.0,0.0,0.0,0.0,0.0,0.0,0.0,0.0,0.0,0.0,0.0,0.0,2.225449,0.0,0.0,0.0,0.0,0.0,0.0,0.0,2.120674,0.0,2.208684,0.0,0.0,0.0,0.0,0.0,3.088088,1.923451,0.0,0.0,0.0,0.0,0.0,0.0,0.0,0.0,0.0,0.0,2.008989,1.518711,0.0,2.094015,0.0,0.0,2.609079,0.0,1.732244,0.0,2.235827,0.0,0.0,0.0,2.304297
RAB30-AS1,0.0,0.0,0.0,0.0,0.0,0.0,0.0,0.0,0.0,0.0,0.0,0.0,0.0,0.0,0.0,0.0,0.0,0.0,0.0,0.0,0.0,0.0,1.976168,0.0,0.0,0.0,0.0,0.0,0.0,0.0,0.0,0.0,0.0,0.0,0.0,0.0,0.0,0.0,0.0,0.0,0.0,0.0,0.0,0.0,0.0,0.0,0.0,0.0,0.0,0.0,0.0,0.0,0.0,0.0,0.0,0.0,0.0,0.0,0.0,0.0,0.0,0.0,0.0,0.0,0.0,0.0,0.0
TARSL2,0.0,0.0,0.0,0.0,0.0,0.0,0.0,0.0,0.0,0.0,0.0,0.0,0.0,0.0,0.0,2.744449,0.0,0.0,0.0,0.0,0.0,0.0,0.0,0.0,0.0,0.0,0.0,0.0,0.0,0.0,0.0,0.0,0.0,0.0,0.0,0.0,0.0,0.0,0.0,0.0,0.0,0.0,0.0,0.0,0.0,0.0,0.0,0.0,0.0,0.0,0.0,0.0,0.0,0.0,0.0,0.0,0.0,0.0,0.0,0.0,0.0,0.0,0.0,0.0,0.0,0.0,0.0
MT-ND5,1.754819,2.202934,1.720847,2.29622,3.337523,0.0,2.692876,2.274021,2.068839,2.265462,2.047976,2.877991,2.369301,2.388854,2.954825,2.744449,2.144269,3.005378,2.365796,0.0,0.0,2.747177,2.597497,1.665819,3.527259,2.583235,2.329854,0.0,2.743088,2.305922,3.10693,3.113069,0.0,2.29622,2.208684,0.0,2.717622,0.0,2.920139,2.339117,2.076734,0.0,2.272458,0.0,0.0,2.385264,0.0,2.078567,1.575444,2.008989,2.194031,3.531275,2.63272,2.095889,3.481882,2.723587,2.188033,3.416965,2.609079,2.765818,2.705379,2.799237,2.874041,3.096788,0.0,1.988038,2.946241
GNAS,0.0,0.0,0.0,0.0,0.0,0.0,0.0,2.274021,0.0,0.0,2.047976,0.0,0.0,0.0,0.0,0.0,0.0,0.0,0.0,0.0,0.0,0.0,1.976168,0.0,0.0,1.962901,0.0,0.0,2.112325,0.0,0.0,0.0,0.0,0.0,0.0,0.0,0.0,0.0,2.920139,0.0,0.0,1.923451,0.0,0.0,0.0,0.0,0.0,2.078567,0.0,2.63272,0.0,0.0,0.0,0.0,0.0,0.0,0.0,0.0,0.0,0.0,1.732244,0.0,0.0,2.084709,0.0,0.0,0.0
IER2,0.0,0.0,0.0,0.0,0.0,3.650354,2.692876,2.914348,3.079471,0.0,0.0,0.0,0.0,0.0,2.312454,2.744449,2.144269,0.0,2.365796,2.779884,0.0,0.0,0.0,0.0,2.225449,0.0,0.0,0.0,0.0,0.0,0.0,2.729593,0.0,0.0,0.0,0.0,0.0,0.0,0.0,0.0,0.0,3.193687,0.0,2.250889,2.121967,0.0,0.0,0.0,2.793098,3.013932,0.0,2.22914,2.63272,0.0,2.183826,2.723587,2.823479,0.0,0.0,0.0,0.0,0.0,2.874041,0.0,0.0,1.988038,0.0
ITM2C,0.0,0.0,0.0,0.0,0.0,0.0,0.0,0.0,0.0,0.0,0.0,0.0,0.0,0.0,0.0,0.0,0.0,0.0,0.0,0.0,0.0,0.0,0.0,0.0,2.225449,0.0,0.0,0.0,0.0,0.0,0.0,0.0,0.0,0.0,0.0,0.0,0.0,0.0,0.0,0.0,0.0,0.0,0.0,0.0,0.0,2.385264,0.0,0.0,0.0,0.0,0.0,0.0,0.0,0.0,2.183826,0.0,0.0,0.0,0.0,0.0,0.0,0.0,0.0,0.0,0.0,0.0,0.0
SHFM1,1.754819,0.0,0.0,0.0,2.30755,0.0,0.0,0.0,0.0,1.671058,0.0,0.0,0.0,0.0,1.713724,0.0,0.0,0.0,0.0,0.0,0.0,0.0,0.0,0.0,0.0,0.0,2.329854,0.0,0.0,0.0,0.0,0.0,0.0,0.0,0.0,0.0,0.0,0.0,2.279514,0.0,0.0,0.0,0.0,2.250889,0.0,0.0,1.941637,0.0,1.575444,2.008989,0.0,0.0,0.0,0.0,0.0,0.0,0.0,0.0,0.0,0.0,1.732244,0.0,0.0,0.0,0.0,1.988038,0.0
CD81,0.0,2.202934,0.0,0.0,0.0,0.0,0.0,0.0,0.0,0.0,0.0,0.0,0.0,0.0,0.0,0.0,0.0,0.0,0.0,0.0,0.0,0.0,0.0,0.0,0.0,0.0,0.0,0.0,0.0,0.0,0.0,0.0,0.0,0.0,0.0,0.0,0.0,0.0,0.0,0.0,0.0,0.0,0.0,0.0,0.0,2.385264,0.0,0.0,0.0,0.0,0.0,0.0,0.0,0.0,0.0,0.0,0.0,0.0,0.0,0.0,0.0,0.0,0.0,0.0,0.0,1.988038,0.0
RBMS1,0.0,2.202934,0.0,0.0,0.0,2.339117,0.0,0.0,0.0,0.0,0.0,0.0,2.369301,2.388854,0.0,0.0,0.0,0.0,0.0,0.0,0.0,0.0,0.0,2.259678,0.0,1.962901,0.0,0.0,0.0,0.0,0.0,0.0,0.0,0.0,0.0,0.0,0.0,0.0,0.0,0.0,0.0,0.0,0.0,0.0,0.0,0.0,0.0,0.0,0.0,0.0,0.0,0.0,0.0,0.0,0.0,2.723587,0.0,0.0,0.0,0.0,0.0,0.0,2.235827,0.0,0.0,0.0,0.0
SLC25A3,0.0,0.0,0.0,2.29622,0.0,2.339117,0.0,0.0,0.0,2.265462,0.0,0.0,0.0,2.388854,0.0,0.0,0.0,2.360564,2.365796,2.146934,2.107231,0.0,0.0,1.665819,0.0,0.0,0.0,0.0,0.0,0.0,0.0,0.0,0.0,0.0,2.208684,0.0,0.0,0.0,2.279514,0.0,0.0,1.923451,0.0,0.0,0.0,2.385264,0.0,0.0,1.575444,2.008989,2.194031,0.0,2.63272,2.459503,2.183826,0.0,0.0,2.124558,0.0,0.0,0.0,0.0,0.0,0.0,0.0,0.0,0.0
DST,0.0,0.0,0.0,0.0,0.0,0.0,0.0,0.0,0.0,0.0,0.0,0.0,0.0,0.0,0.0,0.0,0.0,0.0,0.0,0.0,0.0,0.0,0.0,0.0,0.0,0.0,0.0,0.0,0.0,0.0,0.0,0.0,0.0,0.0,0.0,0.0,0.0,0.0,0.0,0.0,0.0,0.0,0.0,0.0,0.0,0.0,0.0,0.0,0.0,0.0,0.0,0.0,0.0,0.0,0.0,0.0,0.0,0.0,0.0,0.0,0.0,0.0,0.0,0.0,0.0,0.0,0.0
C1R,0.0,0.0,0.0,0.0,0.0,0.0,0.0,0.0,0.0,0.0,0.0,0.0,0.0,0.0,0.0,0.0,0.0,0.0,0.0,0.0,0.0,0.0,0.0,0.0,0.0,0.0,0.0,0.0,0.0,0.0,0.0,0.0,0.0,0.0,0.0,0.0,0.0,0.0,0.0,0.0,0.0,0.0,0.0,0.0,0.0,0.0,0.0,0.0,0.0,0.0,0.0,0.0,0.0,0.0,0.0,0.0,2.188033,0.0,0.0,0.0,0.0,0.0,0.0,2.084709,0.0,0.0,0.0
TRAC,1.754819,0.0,1.720847,0.0,2.30755,0.0,0.0,0.0,0.0,1.671058,3.056667,2.239567,0.0,2.388854,0.0,0.0,0.0,0.0,2.365796,0.0,2.107231,0.0,2.597497,1.665819,0.0,0.0,0.0,0.0,2.112325,2.305922,2.094015,0.0,2.751972,2.29622,0.0,2.367547,0.0,2.352779,0.0,2.339117,0.0,1.923451,0.0,0.0,2.121967,0.0,1.941637,0.0,2.525621,2.008989,0.0,2.22914,0.0,0.0,2.183826,0.0,0.0,0.0,1.986951,0.0,1.732244,0.0,0.0,2.713668,0.0,0.0,0.0
CFD,0.0,0.0,0.0,0.0,0.0,0.0,0.0,0.0,0.0,0.0,0.0,0.0,0.0,0.0,0.0,0.0,0.0,0.0,0.0,0.0,0.0,0.0,0.0,0.0,0.0,0.0,0.0,0.0,0.0,0.0,0.0,0.0,0.0,0.0,0.0,0.0,0.0,0.0,0.0,0.0,0.0,2.919586,0.0,0.0,0.0,0.0,0.0,0.0,0.0,0.0,0.0,0.0,0.0,0.0,0.0,0.0,2.188033,0.0,0.0,0.0,0.0,0.0,0.0,0.0,0.0,0.0,0.0
VMP1,0.0,2.202934,0.0,0.0,0.0,0.0,0.0,0.0,0.0,0.0,2.047976,0.0,0.0,0.0,0.0,0.0,2.144269,0.0,0.0,2.146934,2.107231,0.0,1.976168,1.665819,0.0,0.0,0.0,0.0,2.112325,0.0,2.723587,0.0,2.120674,2.29622,2.845343,0.0,0.0,2.997206,2.279514,0.0,0.0,1.923451,2.272458,0.0,2.121967,0.0,1.941637,0.0,0.0,0.0,1.606564,0.0,0.0,0.0,0.0,0.0,0.0,3.416965,0.0,0.0,2.33279,0.0,0.0,2.084709,2.230622,0.0,0.0
KLF4,0.0,0.0,0.0,0.0,0.0,0.0,0.0,0.0,0.0,0.0,0.0,0.0,0.0,0.0,2.312454,0.0,0.0,0.0,0.0,0.0,0.0,2.116168,0.0,0.0,0.0,0.0,0.0,0.0,0.0,0.0,0.0,0.0,0.0,0.0,0.0,0.0,0.0,0.0,0.0,0.0,0.0,0.0,0.0,0.0,0.0,0.0,0.0,0.0,0.0,0.0,0.0,0.0,0.0,0.0,0.0,0.0,0.0,0.0,0.0,0.0,0.0,0.0,0.0,0.0,0.0,0.0,0.0
PNRC1,0.0,0.0,1.720847,2.29622,0.0,0.0,0.0,0.0,0.0,1.671058,0.0,2.239567,0.0,0.0,0.0,2.744449,0.0,2.360564,0.0,0.0,0.0,0.0,0.0,1.665819,0.0,1.962901,0.0,2.358828,2.112325,0.0,0.0,0.0,0.0,2.937738,0.0,3.012705,0.0,0.0,0.0,0.0,0.0,1.923451,2.272458,0.0,0.0,0.0,0.0,2.078567,1.575444,0.0,0.0,0.0,0.0,0.0,0.0,2.094015,2.188033,0.0,0.0,2.133695,0.0,0.0,0.0,2.084709,0.0,1.988038,2.304297
LEPROT,0.0,0.0,0.0,0.0,0.0,0.0,2.06522247083326,0.0,0.0,0.0,0.0,0.0,0.0,0.0,0.0,2.11360385508445,0.0,0.0,0.0,0.0,0.0,0.0,0.0,0.0,0.0,0.0,0.0,0.0,0.0,0.0,0.0,0.0,0.0,0.0,0.0,0.0,0.0,0.0,0.0,0.0,0.0,1.92345057614994,0.0,0.0,0.0,0.0,0.0,0.0,1.5754438385365,0.0,0.0,0.0,0.0,0.0,0.0,0.0,0.0,2.12455791305678,0.0,0.0,0.0,0.0,0.0,0.0,0.0,1.98803833847065,0.0
EIF3K,1.754819,2.202934,0.0,0.0,0.0,2.339117,2.065222,0.0,2.696737,1.671058,2.674451,0.0,2.369301,0.0,1.713724,2.113604,2.144269,0.0,0.0,0.0,0.0,2.116168,2.597497,0.0,0.0,1.962901,0.0,0.0,0.0,0.0,0.0,0.0,0.0,2.29622,2.208684,3.012705,2.088418,0.0,0.0,2.339117,2.076734,0.0,0.0,2.250889,2.121967,0.0,0.0,2.078567,1.575444,2.63272,1.606564,0.0,0.0,0.0,2.183826,0.0,0.0,0.0,0.0,0.0,2.705379,0.0,0.0,0.0,2.86854,2.610246,2.304297
CUTA,1.754819,0.0,0.0,2.29622,0.0,0.0,0.0,0.0,0.0,1.671058,0.0,2.877991,0.0,0.0,0.0,0.0,0.0,0.0,0.0,0.0,2.107231,0.0,2.597497,1.665819,2.225449,0.0,0.0,0.0,2.112325,2.305922,0.0,2.099651,2.120674,0.0,2.208684,0.0,0.0,2.997206,0.0,2.982857,0.0,0.0,0.0,0.0,0.0,0.0,0.0,0.0,2.525621,2.008989,0.0,0.0,0.0,0.0,0.0,0.0,0.0,0.0,2.609079,0.0,0.0,2.165166,0.0,2.713668,2.230622,0.0,0.0
CSTB,1.754819,0.0,0.0,0.0,0.0,0.0,2.692876,0.0,0.0,0.0,0.0,2.239567,0.0,0.0,0.0,0.0,0.0,2.360564,0.0,0.0,0.0,2.116168,0.0,0.0,0.0,0.0,0.0,0.0,2.112325,0.0,2.094015,0.0,0.0,0.0,0.0,0.0,0.0,0.0,0.0,0.0,2.076734,0.0,0.0,0.0,0.0,0.0,0.0,2.078567,0.0,0.0,0.0,0.0,0.0,1.518711,0.0,2.094015,0.0,0.0,0.0,0.0,0.0,0.0,0.0,0.0,0.0,1.988038,0.0
SMARCB1,0.0,0.0,0.0,0.0,0.0,0.0,0.0,0.0,0.0,0.0,2.047976,0.0,2.369301,0.0,0.0,0.0,0.0,0.0,0.0,0.0,0.0,0.0,0.0,0.0,0.0,0.0,0.0,0.0,0.0,0.0,0.0,0.0,0.0,0.0,2.208684,0.0,0.0,0.0,0.0,0.0,0.0,0.0,0.0,0.0,0.0,0.0,0.0,0.0,0.0,0.0,0.0,0.0,0.0,0.0,0.0,0.0,0.0,0.0,0.0,0.0,0.0,0.0,0.0,0.0,0.0,0.0,0.0
PHLDA1,0.0,0.0,0.0,0.0,0.0,0.0,3.075521,2.274021,0.0,2.635721,0.0,0.0,0.0,0.0,0.0,0.0,0.0,0.0,0.0,2.146934,0.0,0.0,2.597497,0.0,0.0,0.0,0.0,0.0,0.0,2.305922,0.0,2.099651,2.120674,0.0,0.0,0.0,0.0,0.0,0.0,0.0,0.0,1.923451,0.0,0.0,0.0,0.0,0.0,0.0,0.0,0.0,0.0,0.0,0.0,0.0,0.0,0.0,0.0,2.756103,0.0,2.765818,0.0,0.0,0.0,0.0,0.0,0.0,0.0
TCEB1,0.0,0.0,0.0,0.0,0.0,0.0,0.0,0.0,2.068839,0.0,0.0,0.0,2.369301,0.0,0.0,0.0,0.0,0.0,0.0,0.0,0.0,0.0,0.0,0.0,0.0,0.0,0.0,2.358828,0.0,0.0,0.0,0.0,2.120674,0.0,0.0,0.0,0.0,0.0,0.0,0.0,0.0,0.0,0.0,0.0,0.0,0.0,0.0,0.0,1.575444,2.008989,0.0,0.0,0.0,1.518711,0.0,0.0,0.0,0.0,0.0,0.0,0.0,0.0,0.0,0.0,0.0,0.0,0.0
CTSD,0.0,0.0,0.0,0.0,0.0,2.339117,0.0,0.0,0.0,0.0,2.047976,0.0,0.0,0.0,0.0,0.0,0.0,0.0,0.0,0.0,0.0,2.116168,1.976168,0.0,0.0,0.0,0.0,0.0,2.112325,0.0,0.0,0.0,0.0,2.29622,2.208684,0.0,0.0,0.0,2.279514,0.0,0.0,0.0,2.912701,0.0,2.121967,0.0,0.0,0.0,0.0,0.0,1.606564,0.0,0.0,1.518711,0.0,2.094015,0.0,0.0,0.0,2.133695,0.0,0.0,0.0,0.0,0.0,0.0,2.304297
RPS14,4.350515,3.502734,4.309835,4.000387,3.834037,3.868288,4.340652,4.259112,3.079471,3.881475,2.674451,3.759951,4.583939,3.703866,3.342775,3.79926,3.833299,4.07042,3.010868,3.836253,3.397916,4.200106,3.795608,4.463608,4.205604,4.388994,3.640365,3.392346,3.40352,4.162532,2.723587,3.605949,3.412699,4.503863,4.407174,3.899057,3.922071,3.385889,3.585953,4.446745,3.088088,2.919586,3.974422,4.453903,3.808555,4.380719,3.886935,4.042069,3.177942,4.182932,4.286915,4.20968,3.682224,4.461208,4.028232,4.611591,4.384231,2.756103,4.15783,4.219716,3.513731,4.007558,4.085632,3.096788,4.431489,3.658605,3.612768
ATRAID,0.0,0.0,1.720847,0.0,0.0,0.0,0.0,2.274021,0.0,0.0,0.0,0.0,0.0,2.388854,0.0,0.0,0.0,0.0,0.0,0.0,0.0,0.0,0.0,1.665819,0.0,0.0,2.329854,0.0,0.0,0.0,0.0,2.729593,0.0,0.0,0.0,0.0,0.0,2.352779,0.0,0.0,0.0,0.0,0.0,0.0,0.0,0.0,0.0,0.0,1.575444,0.0,0.0,0.0,0.0,0.0,0.0,2.094015,0.0,0.0,0.0,2.133695,0.0,0.0,0.0,2.084709,0.0,0.0,2.304297
LGALS3,0.0,0.0,0.0,0.0,0.0,0.0,0.0,0.0,0.0,0.0,0.0,2.239567,0.0,0.0,0.0,0.0,0.0,0.0,0.0,0.0,0.0,2.116168,0.0,0.0,0.0,0.0,0.0,0.0,0.0,0.0,0.0,0.0,0.0,0.0,0.0,0.0,0.0,0.0,0.0,0.0,0.0,0.0,0.0,2.250889,0.0,0.0,0.0,0.0,1.575444,2.008989,0.0,0.0,0.0,0.0,0.0,0.0,0.0,0.0,0.0,0.0,0.0,0.0,0.0,0.0,0.0,0.0,0.0
GNG11,0.0,0.0,0.0,0.0,0.0,0.0,0.0,0.0,0.0,0.0,0.0,0.0,0.0,0.0,2.954825,0.0,0.0,0.0,0.0,0.0,0.0,0.0,0.0,0.0,0.0,0.0,0.0,0.0,0.0,0.0,0.0,0.0,0.0,0.0,0.0,0.0,0.0,0.0,0.0,0.0,0.0,0.0,0.0,0.0,0.0,0.0,0.0,0.0,0.0,0.0,0.0,0.0,0.0,0.0,0.0,0.0,0.0,0.0,0.0,0.0,1.732244,0.0,0.0,0.0,0.0,0.0,0.0
LMAN2,0.0,0.0,0.0,0.0,0.0,0.0,0.0,0.0,0.0,0.0,0.0,2.239567,0.0,0.0,0.0,0.0,2.777053,0.0,0.0,0.0,0.0,0.0,0.0,0.0,0.0,0.0,0.0,0.0,0.0,0.0,2.094015,0.0,0.0,2.29622,0.0,0.0,0.0,0.0,0.0,0.0,0.0,0.0,0.0,0.0,0.0,0.0,0.0,2.078567,0.0,0.0,0.0,0.0,0.0,0.0,0.0,0.0,0.0,0.0,0.0,0.0,0.0,0.0,0.0,0.0,0.0,0.0,0.0
EIF4G2,1.754819,0.0,1.720847,0.0,0.0,2.339117,0.0,0.0,0.0,0.0,2.047976,0.0,0.0,0.0,0.0,0.0,0.0,0.0,0.0,0.0,0.0,0.0,0.0,0.0,2.225449,1.962901,2.329854,0.0,0.0,0.0,0.0,0.0,0.0,2.29622,0.0,0.0,0.0,2.352779,2.279514,0.0,0.0,1.923451,0.0,0.0,2.121967,0.0,0.0,0.0,0.0,0.0,0.0,0.0,3.013932,0.0,0.0,2.094015,0.0,2.124558,0.0,2.133695,1.732244,0.0,0.0,0.0,0.0,0.0,0.0
LAGE3,0.0,0.0,0.0,0.0,0.0,0.0,0.0,0.0,0.0,0.0,0.0,0.0,0.0,0.0,0.0,0.0,0.0,0.0,0.0,0.0,0.0,0.0,0.0,0.0,2.225449,0.0,0.0,0.0,0.0,0.0,0.0,0.0,0.0,0.0,0.0,0.0,0.0,0.0,0.0,0.0,2.076734,0.0,0.0,0.0,0.0,0.0,0.0,0.0,0.0,0.0,0.0,0.0,0.0,0.0,0.0,0.0,0.0,0.0,0.0,0.0,0.0,0.0,0.0,0.0,0.0,0.0,0.0
MT-ND4,4.571076,4.400791,4.026621,4.76367,4.696813,4.047121,4.246644,3.301568,4.885805,4.729708,3.548495,2.877991,4.0799,4.384622,4.5217,3.621406,3.438595,5.523539,4.076097,3.836253,0.0,4.939398,3.926327,2.629729,3.744508,3.780539,3.858246,3.671585,4.700586,3.832268,4.373135,5.11052,4.568276,4.399731,3.726142,4.582022,3.922071,3.883083,4.887178,3.650354,4.155836,4.484899,3.974422,4.979729,0.0,4.49711,4.002437,4.355722,4.068912,4.276854,3.363826,5.066042,4.079265,4.375245,3.698857,4.743879,4.478407,3.962419,4.337542,4.103769,3.758404,4.691574,4.696882,4.79346,3.928563,4.793497,3.830502
TMBIM6,0.0,0.0,1.720847,0.0,0.0,0.0,0.0,0.0,2.068839,0.0,0.0,0.0,0.0,0.0,2.312454,0.0,0.0,0.0,0.0,2.146934,0.0,0.0,0.0,1.665819,0.0,0.0,2.973122,0.0,2.112325,0.0,0.0,0.0,0.0,0.0,0.0,0.0,0.0,2.352779,0.0,0.0,0.0,0.0,0.0,0.0,0.0,0.0,1.941637,0.0,0.0,2.008989,1.606564,0.0,0.0,0.0,2.819021,0.0,0.0,0.0,0.0,0.0,0.0,0.0,0.0,0.0,0.0,0.0,0.0
REEP5,0.0,0.0,0.0,0.0,0.0,0.0,0.0,0.0,0.0,0.0,0.0,0.0,0.0,0.0,0.0,0.0,0.0,0.0,0.0,0.0,0.0,0.0,0.0,0.0,0.0,0.0,0.0,0.0,0.0,0.0,0.0,2.099651,0.0,0.0,0.0,0.0,0.0,0.0,0.0,0.0,0.0,1.923451,0.0,0.0,0.0,0.0,0.0,0.0,1.575444,0.0,0.0,0.0,0.0,0.0,0.0,0.0,0.0,0.0,0.0,0.0,0.0,2.165166,0.0,0.0,0.0,0.0,0.0
PRELID1,0.0,0.0,0.0,2.29622,0.0,2.339117,2.065222,0.0,0.0,0.0,0.0,0.0,0.0,0.0,0.0,0.0,0.0,0.0,2.365796,2.146934,0.0,0.0,0.0,0.0,0.0,0.0,2.329854,0.0,0.0,0.0,0.0,0.0,0.0,0.0,0.0,0.0,2.088418,2.352779,0.0,0.0,0.0,0.0,0.0,0.0,0.0,0.0,1.941637,2.078567,0.0,2.008989,0.0,2.22914,0.0,0.0,0.0,0.0,0.0,0.0,0.0,0.0,0.0,2.165166,0.0,0.0,0.0,0.0,0.0
CAPZA2,0.0,0.0,0.0,0.0,0.0,0.0,0.0,0.0,2.068839,0.0,0.0,0.0,0.0,0.0,0.0,0.0,0.0,0.0,0.0,0.0,0.0,0.0,0.0,0.0,0.0,0.0,0.0,0.0,0.0,0.0,0.0,0.0,0.0,0.0,0.0,0.0,0.0,0.0,0.0,2.339117,0.0,0.0,0.0,0.0,2.121967,0.0,0.0,0.0,2.525621,0.0,1.606564,0.0,2.008989,0.0,0.0,0.0,0.0,0.0,0.0,0.0,0.0,2.165166,0.0,0.0,0.0,1.988038,0.0
TAGLN,0.0,0.0,0.0,0.0,0.0,0.0,0.0,0.0,0.0,0.0,0.0,2.239567,0.0,0.0,0.0,0.0,0.0,0.0,0.0,0.0,0.0,0.0,0.0,0.0,0.0,0.0,0.0,0.0,0.0,0.0,0.0,0.0,0.0,0.0,0.0,0.0,0.0,0.0,0.0,0.0,0.0,0.0,0.0,0.0,0.0,0.0,0.0,0.0,0.0,0.0,0.0,0.0,0.0,0.0,0.0,0.0,0.0,0.0,0.0,0.0,0.0,0.0,0.0,0.0,0.0,0.0,0.0
APLP2,0.0,0.0,0.0,0.0,0.0,0.0,0.0,0.0,0.0,0.0,0.0,0.0,0.0,0.0,1.713724,0.0,0.0,0.0,0.0,0.0,0.0,0.0,0.0,0.0,0.0,0.0,0.0,0.0,0.0,0.0,0.0,0.0,0.0,2.29622,0.0,0.0,0.0,0.0,0.0,0.0,0.0,0.0,0.0,0.0,0.0,0.0,0.0,0.0,0.0,0.0,0.0,0.0,0.0,0.0,0.0,0.0,2.188033,0.0,0.0,0.0,0.0,0.0,0.0,0.0,0.0,0.0,0.0
VPS37B,0.0,0.0,0.0,0.0,0.0,0.0,0.0,0.0,0.0,0.0,0.0,2.239567,0.0,0.0,0.0,0.0,0.0,0.0,0.0,0.0,0.0,0.0,0.0,0.0,0.0,0.0,0.0,0.0,0.0,0.0,0.0,0.0,0.0,0.0,0.0,0.0,0.0,0.0,0.0,0.0,0.0,0.0,0.0,0.0,2.121967,0.0,0.0,0.0,0.0,2.008989,0.0,0.0,0.0,0.0,0.0,0.0,0.0,0.0,0.0,0.0,0.0,0.0,0.0,0.0,0.0,0.0,0.0
HLA-DQB1,2.357528,0.0,0.0,0.0,0.0,0.0,0.0,0.0,2.068839,0.0,0.0,2.239567,0.0,0.0,0.0,0.0,0.0,0.0,0.0,0.0,0.0,0.0,0.0,0.0,0.0,0.0,0.0,0.0,0.0,0.0,0.0,0.0,0.0,0.0,0.0,0.0,0.0,0.0,0.0,0.0,0.0,0.0,0.0,0.0,0.0,0.0,0.0,0.0,0.0,0.0,0.0,0.0,0.0,0.0,0.0,0.0,0.0,0.0,1.986951,0.0,0.0,0.0,0.0,0.0,0.0,0.0,0.0
C1orf54,0.0,0.0,0.0,0.0,0.0,0.0,0.0,0.0,0.0,0.0,0.0,0.0,0.0,0.0,2.31245433874836,0.0,0.0,0.0,0.0,0.0,0.0,0.0,0.0,0.0,0.0,0.0,0.0,0.0,0.0,0.0,0.0,0.0,0.0,0.0,0.0,0.0,0.0,0.0,0.0,0.0,0.0,0.0,0.0,0.0,0.0,0.0,0.0,0.0,0.0,0.0,0.0,0.0,0.0,0.0,0.0,0.0,0.0,0.0,0.0,0.0,0.0,0.0,0.0,0.0,0.0,0.0,0.0
NPM1,2.357528,0.0,2.963056,2.937738,2.949665,2.339117,2.065222,2.914348,0.0,3.117461,0.0,0.0,0.0,0.0,0.0,2.113604,0.0,0.0,0.0,0.0,3.12132,0.0,2.597497,2.259678,2.225449,0.0,0.0,0.0,2.112325,2.947951,0.0,2.729593,3.135941,2.29622,0.0,0.0,3.100831,0.0,2.279514,0.0,0.0,2.919586,0.0,0.0,0.0,2.385264,0.0,2.707117,2.525621,0.0,2.829832,0.0,2.63272,1.518711,0.0,2.094015,0.0,0.0,0.0,0.0,1.732244,2.165166,0.0,2.713668,2.86854,0.0,0.0
UQCRB,2.357528,0.0,2.963056,2.29622,2.949665,2.339117,2.065222,2.914348,2.068839,2.265462,2.674451,2.877991,0.0,0.0,3.491864,2.113604,0.0,2.360564,0.0,0.0,0.0,2.747177,1.976168,2.629729,2.225449,2.583235,0.0,2.358828,2.743088,2.305922,2.723587,2.099651,2.751972,2.29622,2.208684,0.0,2.088418,2.997206,2.279514,2.339117,0.0,2.540741,0.0,2.889947,0.0,3.031286,0.0,0.0,3.177942,2.63272,2.194031,2.22914,2.63272,2.095889,2.183826,2.094015,0.0,2.756103,1.986951,2.133695,2.33279,0.0,0.0,0.0,0.0,1.988038,2.946241
CALR,0.0,0.0,0.0,0.0,0.0,0.0,2.692876,0.0,0.0,1.671058,0.0,0.0,0.0,0.0,1.713724,0.0,0.0,0.0,0.0,0.0,0.0,0.0,0.0,0.0,0.0,0.0,0.0,0.0,0.0,0.0,0.0,0.0,0.0,0.0,0.0,0.0,0.0,0.0,0.0,0.0,0.0,0.0,0.0,0.0,0.0,0.0,0.0,0.0,0.0,2.008989,1.606564,0.0,0.0,0.0,2.819021,0.0,0.0,0.0,0.0,0.0,0.0,0.0,0.0,0.0,0.0,0.0,0.0
SERPINF1,0.0,0.0,0.0,0.0,0.0,0.0,0.0,0.0,0.0,0.0,0.0,0.0,0.0,0.0,0.0,0.0,0.0,0.0,0.0,0.0,0.0,0.0,0.0,0.0,0.0,0.0,0.0,0.0,0.0,0.0,0.0,0.0,0.0,0.0,0.0,0.0,0.0,0.0,0.0,0.0,0.0,1.923451,0.0,0.0,0.0,0.0,0.0,0.0,0.0,0.0,0.0,0.0,0.0,0.0,0.0,0.0,0.0,0.0,0.0,0.0,0.0,0.0,0.0,0.0,0.0,0.0,0.0
NR2F2,0.0,0.0,0.0,0.0,0.0,0.0,0.0,0.0,0.0,0.0,0.0,0.0,0.0,0.0,0.0,0.0,0.0,0.0,0.0,0.0,0.0,0.0,0.0,0.0,0.0,0.0,0.0,0.0,0.0,0.0,0.0,0.0,0.0,0.0,0.0,0.0,0.0,0.0,0.0,0.0,0.0,0.0,2.272458,0.0,0.0,0.0,0.0,0.0,0.0,0.0,0.0,0.0,0.0,0.0,0.0,0.0,0.0,0.0,0.0,0.0,0.0,0.0,0.0,0.0,0.0,0.0,0.0
UQCRFS1,1.754819,2.202934,1.720847,0.0,2.30755,0.0,0.0,0.0,0.0,1.671058,0.0,0.0,0.0,0.0,0.0,0.0,0.0,0.0,0.0,0.0,0.0,0.0,0.0,0.0,2.225449,0.0,0.0,0.0,0.0,2.305922,0.0,0.0,0.0,0.0,0.0,0.0,0.0,0.0,0.0,0.0,2.076734,1.923451,0.0,0.0,0.0,0.0,0.0,0.0,0.0,0.0,1.606564,0.0,0.0,0.0,0.0,0.0,0.0,2.124558,1.986951,0.0,1.732244,0.0,0.0,0.0,0.0,1.988038,0.0
CDC42,0.0,0.0,0.0,2.93773767990245,2.30755012237667,2.33911673496303,0.0,0.0,0.0,0.0,2.04797595982601,2.23956666872002,0.0,2.38885361988142,1.71372414789283,0.0,0.0,0.0,0.0,2.14693417019908,0.0,0.0,1.97616779134565,1.66581905683477,0.0,0.0,0.0,0.0,0.0,0.0,0.0,0.0,0.0,0.0,0.0,2.367546638764,0.0,0.0,0.0,0.0,0.0,0.0,2.27245780891882,2.25088926712533,0.0,0.0,1.94163663827793,0.0,0.0,0.0,1.60656411784832,0.0,0.0,0.0,2.18382640423796,2.09401455295064,2.18803317369721,2.12455791305678,1.98695148479768,0.0,1.73224424421223,0.0,0.0,0.0,2.23062151051123,0.0,0.0
CTSS,0.0,0.0,0.0,0.0,0.0,0.0,0.0,0.0,0.0,0.0,0.0,0.0,0.0,0.0,0.0,2.11360385508445,0.0,0.0,0.0,0.0,0.0,0.0,0.0,0.0,0.0,0.0,0.0,0.0,2.11232513354973,0.0,0.0,0.0,0.0,2.29621992739132,0.0,0.0,0.0,0.0,0.0,0.0,0.0,1.92345057614994,0.0,0.0,0.0,0.0,1.94163663827793,0.0,0.0,0.0,0.0,0.0,0.0,0.0,0.0,0.0,2.18803317369721,0.0,0.0,2.1336948960358,0.0,0.0,0.0,2.0847093326147,0.0,0.0,0.0
MT-ND4L,0.0,0.0,0.0,0.0,0.0,0.0,2.065222,0.0,0.0,2.265462,2.047976,0.0,2.369301,0.0,0.0,2.113604,0.0,0.0,0.0,0.0,0.0,2.116168,0.0,0.0,0.0,0.0,0.0,0.0,0.0,2.305922,2.094015,0.0,0.0,0.0,0.0,0.0,0.0,0.0,0.0,2.339117,0.0,0.0,0.0,2.250889,0.0,0.0,0.0,0.0,0.0,0.0,1.606564,3.253301,0.0,2.459503,0.0,0.0,0.0,2.756103,0.0,0.0,0.0,2.165166,0.0,2.084709,2.230622,0.0,0.0
TNFRSF13B,0.0,0.0,0.0,0.0,2.30755,0.0,0.0,0.0,0.0,0.0,0.0,0.0,0.0,0.0,0.0,0.0,0.0,0.0,0.0,0.0,0.0,0.0,0.0,0.0,0.0,0.0,0.0,2.358828,0.0,0.0,0.0,2.099651,0.0,0.0,0.0,0.0,0.0,0.0,0.0,0.0,0.0,0.0,0.0,0.0,0.0,0.0,0.0,0.0,0.0,0.0,0.0,0.0,0.0,0.0,0.0,0.0,0.0,0.0,0.0,0.0,0.0,0.0,0.0,0.0,0.0,0.0,0.0
ENO1,0.0,0.0,0.0,0.0,0.0,2.33911673496303,0.0,0.0,0.0,1.6710576703515,2.04797595982601,0.0,0.0,0.0,0.0,0.0,0.0,2.36056424053068,0.0,0.0,2.10723100359207,0.0,0.0,0.0,0.0,0.0,2.32985368712411,0.0,2.11232513354973,0.0,0.0,0.0,0.0,0.0,0.0,0.0,0.0,0.0,0.0,0.0,0.0,0.0,0.0,2.25088926712533,0.0,0.0,0.0,2.0785670335349,0.0,0.0,1.60656411784832,0.0,0.0,0.0,2.81902142480016,0.0,0.0,2.12455791305678,1.98695148479768,0.0,2.70537872834044,2.1651660828208,0.0,0.0,2.23062151051123,0.0,2.30429688223136
RPS16,3.390959,3.89811,3.351151,3.325383,2.949665,2.982857,3.567707,0.0,3.35559,2.635721,2.674451,3.264529,3.014546,3.424359,3.342775,3.950207,3.16156,3.005378,3.010868,3.836253,3.614349,3.407745,3.468083,3.56445,2.863073,3.630183,2.329854,3.003556,3.126863,3.832268,3.599698,3.113069,3.412699,2.29622,2.845343,3.899057,2.717622,2.997206,3.307465,3.650354,3.088088,3.193687,2.912701,3.950802,3.414119,2.385264,3.756329,4.441664,3.671959,3.013932,3.0411,3.531275,3.013932,4.577707,3.204398,3.383364,4.032887,3.416965,3.807837,3.821575,3.86143,3.184208,3.755863,3.58937,2.230622,3.481424,3.334038
SAMSN1,0.0,0.0,0.0,0.0,0.0,0.0,0.0,0.0,0.0,0.0,0.0,0.0,2.369301,0.0,0.0,0.0,0.0,0.0,0.0,0.0,0.0,2.116168,0.0,1.665819,0.0,0.0,0.0,0.0,0.0,0.0,0.0,2.099651,0.0,0.0,0.0,0.0,0.0,0.0,0.0,0.0,0.0,1.923451,0.0,0.0,2.753347,0.0,0.0,0.0,0.0,0.0,1.606564,0.0,0.0,1.518711,0.0,0.0,0.0,0.0,0.0,0.0,0.0,2.165166,0.0,0.0,0.0,0.0,2.304297
SPCS3,0.0,0.0,0.0,0.0,0.0,0.0,0.0,0.0,0.0,0.0,0.0,0.0,0.0,2.388854,1.713724,0.0,0.0,2.360564,0.0,0.0,0.0,0.0,0.0,0.0,2.225449,0.0,2.329854,0.0,0.0,0.0,0.0,0.0,0.0,0.0,0.0,0.0,0.0,0.0,0.0,0.0,0.0,0.0,3.29989,0.0,0.0,0.0,0.0,0.0,0.0,0.0,2.561633,0.0,0.0,0.0,0.0,0.0,0.0,0.0,0.0,0.0,0.0,2.165166,0.0,0.0,0.0,0.0,0.0
EVI2A,0.0,0.0,0.0,0.0,0.0,0.0,0.0,0.0,0.0,0.0,0.0,2.239567,0.0,0.0,0.0,0.0,0.0,0.0,0.0,0.0,0.0,0.0,1.976168,0.0,0.0,0.0,0.0,0.0,0.0,2.305922,0.0,0.0,2.120674,0.0,0.0,0.0,0.0,0.0,0.0,0.0,2.076734,0.0,0.0,0.0,0.0,0.0,0.0,0.0,0.0,0.0,1.606564,0.0,2.008989,0.0,2.183826,0.0,0.0,0.0,0.0,2.133695,0.0,0.0,0.0,0.0,0.0,0.0,0.0
ATP5O,0.0,0.0,0.0,0.0,0.0,0.0,0.0,0.0,0.0,1.671058,0.0,0.0,0.0,0.0,1.713724,0.0,0.0,2.360564,2.365796,0.0,0.0,0.0,0.0,2.629729,0.0,0.0,0.0,0.0,0.0,0.0,0.0,2.099651,2.120674,0.0,0.0,0.0,0.0,0.0,0.0,2.339117,0.0,0.0,0.0,2.250889,0.0,0.0,0.0,2.078567,0.0,0.0,0.0,0.0,0.0,1.518711,0.0,0.0,2.188033,0.0,0.0,0.0,1.732244,0.0,0.0,0.0,0.0,0.0,0.0
PHPT1,0.0,2.202934,0.0,0.0,2.30755,0.0,0.0,0.0,2.068839,0.0,0.0,0.0,2.369301,0.0,1.713724,0.0,0.0,0.0,0.0,0.0,0.0,0.0,0.0,0.0,0.0,0.0,0.0,0.0,0.0,0.0,2.094015,0.0,0.0,2.29622,0.0,0.0,0.0,0.0,0.0,0.0,2.076734,0.0,0.0,0.0,0.0,0.0,0.0,0.0,1.575444,0.0,0.0,0.0,0.0,0.0,0.0,0.0,2.188033,0.0,0.0,0.0,1.732244,0.0,0.0,0.0,0.0,1.988038,0.0
DRAP1,1.754819,0.0,0.0,0.0,0.0,0.0,0.0,2.914348,2.068839,0.0,0.0,0.0,0.0,0.0,0.0,0.0,0.0,2.360564,2.365796,2.146934,0.0,2.116168,0.0,1.665819,0.0,0.0,2.329854,0.0,0.0,0.0,2.094015,0.0,0.0,2.29622,0.0,0.0,0.0,0.0,0.0,0.0,0.0,1.923451,0.0,0.0,0.0,0.0,0.0,0.0,0.0,0.0,0.0,0.0,0.0,0.0,2.183826,0.0,0.0,0.0,0.0,0.0,0.0,2.165166,0.0,0.0,0.0,0.0,2.946241
MT-ND1,0.0,3.22504,2.692448,0.0,3.834037,3.650354,3.351594,3.580001,3.571732,2.905324,2.047976,3.759951,3.900954,4.101087,4.096753,3.79926,3.438595,4.754996,2.365796,2.779884,2.107231,3.953067,2.977829,2.899222,3.527259,2.963201,0.0,3.003556,3.40352,3.335779,2.723587,3.934631,3.62923,2.937738,0.0,3.012705,3.593488,2.997206,2.920139,2.982857,2.705162,0.0,2.912701,3.276712,2.753347,3.420536,1.941637,3.911044,3.326122,3.013932,2.194031,3.253301,2.63272,2.725585,3.204398,4.175263,3.208945,3.633525,2.989704,3.643623,2.705379,3.67833,2.874041,2.713668,2.86854,2.610246,2.946241
PRDX1,0.0,2.2029337810686,0.0,0.0,0.0,0.0,0.0,0.0,0.0,0.0,2.04797595982601,0.0,0.0,2.38885361988142,2.31245433874836,0.0,2.14426850086851,0.0,0.0,0.0,0.0,0.0,2.59749702656509,0.0,0.0,0.0,2.32985368712411,0.0,0.0,0.0,2.7235872368112,2.09965141229548,0.0,0.0,0.0,0.0,0.0,0.0,0.0,2.33911673496303,0.0,0.0,0.0,2.25088926712533,0.0,0.0,0.0,0.0,2.15938105093959,0.0,0.0,0.0,2.00898929169822,1.51871065293527,0.0,0.0,0.0,2.12455791305678,0.0,2.1336948960358,2.33278973108476,2.1651660828208,2.23582745870222,0.0,2.86854049623893,0.0,0.0
PKP4,0.0,0.0,0.0,0.0,0.0,0.0,0.0,0.0,0.0,0.0,0.0,0.0,0.0,0.0,0.0,0.0,0.0,0.0,0.0,0.0,0.0,0.0,0.0,0.0,0.0,0.0,0.0,0.0,0.0,0.0,2.094015,0.0,0.0,0.0,0.0,0.0,0.0,0.0,0.0,0.0,0.0,0.0,0.0,0.0,0.0,0.0,0.0,0.0,0.0,0.0,0.0,0.0,0.0,0.0,0.0,0.0,0.0,0.0,0.0,0.0,0.0,0.0,0.0,0.0,0.0,0.0,0.0
ARF1,0.0,0.0,0.0,0.0,0.0,0.0,0.0,0.0,0.0,0.0,0.0,0.0,0.0,0.0,1.71372414789283,0.0,0.0,0.0,0.0,0.0,0.0,0.0,0.0,0.0,0.0,0.0,0.0,0.0,0.0,0.0,0.0,0.0,0.0,0.0,0.0,0.0,2.08841810464014,0.0,0.0,0.0,0.0,0.0,0.0,0.0,0.0,0.0,2.56034635738958,0.0,0.0,0.0,0.0,2.2291402508381,2.00898929169822,0.0,0.0,2.09401455295064,0.0,0.0,0.0,0.0,0.0,0.0,0.0,0.0,0.0,0.0,0.0
TGFB1I1,0.0,0.0,0.0,0.0,0.0,0.0,0.0,0.0,0.0,0.0,0.0,0.0,0.0,0.0,0.0,0.0,0.0,0.0,0.0,0.0,0.0,0.0,0.0,0.0,0.0,0.0,0.0,0.0,0.0,0.0,0.0,0.0,0.0,0.0,0.0,0.0,0.0,0.0,0.0,0.0,0.0,0.0,0.0,0.0,0.0,0.0,0.0,0.0,0.0,0.0,0.0,0.0,0.0,0.0,0.0,0.0,0.0,0.0,0.0,0.0,0.0,0.0,0.0,0.0,0.0,0.0,0.0
ATP6V0B,1.75481895374561,0.0,0.0,0.0,0.0,0.0,0.0,0.0,0.0,0.0,0.0,0.0,0.0,2.38885361988142,0.0,0.0,0.0,0.0,0.0,0.0,0.0,0.0,0.0,0.0,0.0,0.0,0.0,0.0,2.11232513354973,0.0,0.0,0.0,0.0,0.0,0.0,0.0,0.0,0.0,0.0,0.0,2.0767337617138,0.0,0.0,0.0,0.0,0.0,0.0,0.0,2.15938105093959,0.0,0.0,2.2291402508381,0.0,1.51871065293527,0.0,0.0,0.0,2.12455791305678,0.0,0.0,0.0,2.1651660828208,0.0,0.0,0.0,0.0,0.0
SPTAN1,0.0,0.0,0.0,2.29622,0.0,0.0,0.0,2.274021,0.0,0.0,0.0,0.0,0.0,0.0,0.0,0.0,0.0,0.0,0.0,0.0,0.0,0.0,0.0,0.0,0.0,0.0,0.0,0.0,0.0,0.0,0.0,2.099651,0.0,0.0,0.0,0.0,0.0,0.0,2.279514,0.0,0.0,0.0,0.0,0.0,0.0,0.0,0.0,0.0,0.0,0.0,1.606564,0.0,0.0,0.0,0.0,0.0,0.0,2.124558,0.0,0.0,0.0,0.0,0.0,0.0,0.0,0.0,0.0
PECAM1,0.0,0.0,0.0,0.0,0.0,0.0,0.0,0.0,0.0,0.0,0.0,0.0,0.0,0.0,1.713724,0.0,0.0,0.0,0.0,0.0,0.0,0.0,0.0,0.0,0.0,0.0,0.0,0.0,0.0,0.0,0.0,0.0,0.0,0.0,0.0,0.0,0.0,0.0,0.0,2.339117,0.0,0.0,0.0,0.0,0.0,0.0,0.0,0.0,0.0,0.0,0.0,0.0,0.0,0.0,0.0,0.0,0.0,0.0,0.0,0.0,0.0,0.0,0.0,0.0,0.0,0.0,0.0
RPL19,3.540287,2.202934,3.630034,4.000387,3.834037,3.868288,3.745314,2.914348,3.571732,2.635721,3.056667,2.877991,4.231632,3.703866,2.954825,3.621406,3.438595,2.360564,3.010868,3.441517,4.074201,4.303966,4.145519,3.875153,0.0,4.130347,2.973122,3.671585,3.126863,3.335779,3.383364,3.389573,3.62923,2.937738,3.904442,4.229724,4.053125,3.665073,0.0,2.982857,3.364308,2.540741,2.272458,2.250889,3.959532,3.420536,3.214088,3.911044,3.455152,2.63272,3.493023,2.22914,3.504923,3.998109,3.698857,3.383364,3.486476,0.0,3.807837,3.150085,3.954826,4.138814,3.538547,2.713668,3.254897,2.610246,2.946241
MRPL33,0.0,0.0,0.0,0.0,2.30755,0.0,0.0,0.0,0.0,0.0,0.0,0.0,0.0,0.0,2.312454,0.0,0.0,0.0,2.365796,2.146934,0.0,0.0,0.0,1.665819,0.0,0.0,0.0,0.0,0.0,0.0,0.0,0.0,0.0,0.0,2.208684,2.367547,0.0,2.997206,0.0,0.0,0.0,0.0,0.0,2.250889,2.121967,0.0,0.0,0.0,2.159381,0.0,0.0,0.0,0.0,1.518711,0.0,0.0,0.0,0.0,1.986951,0.0,0.0,0.0,0.0,0.0,2.230622,0.0,2.304297
KRT18,0.0,0.0,0.0,0.0,0.0,0.0,0.0,0.0,0.0,0.0,0.0,0.0,0.0,0.0,0.0,0.0,0.0,0.0,0.0,0.0,0.0,0.0,0.0,0.0,0.0,0.0,0.0,0.0,0.0,0.0,0.0,0.0,0.0,0.0,0.0,0.0,0.0,0.0,0.0,0.0,0.0,0.0,0.0,0.0,0.0,0.0,0.0,0.0,0.0,0.0,0.0,0.0,0.0,0.0,0.0,0.0,0.0,0.0,0.0,0.0,1.732244,0.0,0.0,0.0,0.0,0.0,0.0
CXCL2,0.0,0.0,0.0,0.0,0.0,0.0,0.0,0.0,2.068839,0.0,0.0,0.0,0.0,0.0,3.167496,0.0,0.0,0.0,0.0,0.0,0.0,0.0,0.0,0.0,0.0,0.0,0.0,0.0,0.0,0.0,0.0,0.0,0.0,0.0,0.0,0.0,0.0,0.0,0.0,0.0,0.0,0.0,0.0,0.0,0.0,0.0,0.0,0.0,0.0,0.0,0.0,0.0,0.0,0.0,0.0,0.0,0.0,0.0,0.0,0.0,0.0,0.0,0.0,0.0,0.0,0.0,0.0
HLA-E,1.754819,2.202934,1.720847,2.937738,2.30755,2.339117,2.065222,2.274021,0.0,1.671058,0.0,2.877991,0.0,0.0,2.954825,3.404926,0.0,0.0,3.010868,2.779884,2.737665,2.116168,2.597497,0.0,2.225449,0.0,2.329854,3.003556,0.0,2.305922,0.0,0.0,2.120674,0.0,0.0,3.012705,2.088418,2.352779,0.0,0.0,0.0,2.540741,2.272458,3.276712,2.121967,0.0,1.941637,0.0,2.159381,2.63272,0.0,0.0,2.63272,0.0,0.0,0.0,2.188033,2.756103,0.0,0.0,0.0,0.0,0.0,2.084709,0.0,0.0,0.0
TPM2,0.0,0.0,0.0,0.0,0.0,0.0,0.0,0.0,0.0,1.671058,0.0,0.0,0.0,0.0,0.0,0.0,0.0,0.0,0.0,0.0,0.0,0.0,0.0,0.0,0.0,0.0,0.0,2.358828,0.0,0.0,0.0,0.0,0.0,0.0,0.0,0.0,0.0,0.0,0.0,0.0,0.0,0.0,0.0,0.0,0.0,0.0,0.0,0.0,0.0,0.0,0.0,0.0,0.0,0.0,0.0,0.0,0.0,0.0,0.0,0.0,0.0,0.0,0.0,0.0,0.0,0.0,0.0
IL6ST,0.0,2.202934,0.0,0.0,0.0,0.0,0.0,0.0,0.0,0.0,0.0,0.0,0.0,0.0,0.0,2.113604,0.0,0.0,0.0,0.0,0.0,0.0,0.0,1.665819,0.0,0.0,0.0,0.0,0.0,0.0,0.0,0.0,0.0,2.29622,0.0,0.0,0.0,0.0,0.0,0.0,0.0,0.0,0.0,0.0,0.0,0.0,0.0,0.0,0.0,0.0,0.0,0.0,0.0,0.0,0.0,0.0,0.0,0.0,0.0,0.0,0.0,0.0,0.0,0.0,0.0,0.0,0.0
PLPP1,0.0,0.0,0.0,0.0,0.0,0.0,0.0,0.0,0.0,0.0,0.0,0.0,0.0,0.0,0.0,0.0,0.0,0.0,0.0,0.0,0.0,0.0,0.0,0.0,0.0,0.0,0.0,0.0,0.0,0.0,0.0,0.0,0.0,0.0,0.0,0.0,0.0,0.0,0.0,0.0,0.0,0.0,0.0,0.0,0.0,0.0,0.0,0.0,0.0,0.0,0.0,0.0,0.0,0.0,0.0,0.0,0.0,0.0,0.0,0.0,0.0,0.0,0.0,0.0,0.0,0.0,0.0
CD55,0.0,0.0,0.0,0.0,0.0,0.0,0.0,0.0,0.0,0.0,0.0,0.0,0.0,0.0,0.0,0.0,0.0,2.36056424053068,0.0,0.0,0.0,0.0,0.0,0.0,0.0,1.96290084905076,2.32985368712411,0.0,0.0,0.0,0.0,0.0,0.0,0.0,0.0,0.0,0.0,0.0,0.0,0.0,0.0,1.92345057614994,0.0,2.25088926712533,0.0,0.0,0.0,2.70711736521367,0.0,0.0,1.60656411784832,2.2291402508381,0.0,0.0,0.0,0.0,0.0,0.0,0.0,0.0,0.0,0.0,0.0,0.0,0.0,0.0,0.0
DEK,0.0,0.0,0.0,0.0,0.0,0.0,0.0,0.0,0.0,1.671058,2.047976,0.0,2.369301,0.0,1.713724,0.0,0.0,0.0,0.0,0.0,0.0,0.0,1.976168,0.0,0.0,0.0,0.0,0.0,0.0,0.0,0.0,0.0,0.0,0.0,0.0,0.0,0.0,0.0,2.279514,0.0,2.076734,0.0,2.272458,2.250889,0.0,0.0,0.0,0.0,0.0,2.008989,0.0,0.0,0.0,0.0,2.183826,0.0,0.0,0.0,0.0,2.133695,0.0,0.0,0.0,2.084709,0.0,1.988038,2.304297
FIS1,0.0,0.0,0.0,0.0,0.0,0.0,0.0,0.0,0.0,0.0,0.0,0.0,0.0,0.0,1.713724,0.0,0.0,0.0,0.0,0.0,0.0,2.116168,0.0,0.0,0.0,0.0,0.0,0.0,0.0,0.0,2.094015,0.0,0.0,2.29622,0.0,0.0,0.0,0.0,2.279514,0.0,2.705162,0.0,0.0,2.250889,0.0,0.0,0.0,0.0,0.0,2.63272,0.0,0.0,0.0,0.0,0.0,0.0,0.0,2.124558,1.986951,0.0,0.0,0.0,0.0,0.0,0.0,0.0,0.0
HSPD1,0.0,0.0,0.0,0.0,0.0,2.339117,2.065222,0.0,0.0,1.671058,0.0,0.0,0.0,0.0,0.0,0.0,2.144269,0.0,2.365796,0.0,0.0,0.0,0.0,0.0,0.0,0.0,0.0,0.0,0.0,0.0,0.0,0.0,0.0,0.0,0.0,0.0,0.0,0.0,0.0,0.0,0.0,0.0,0.0,0.0,0.0,0.0,1.941637,0.0,0.0,0.0,0.0,0.0,0.0,0.0,0.0,2.094015,2.188033,2.124558,0.0,2.133695,0.0,0.0,0.0,2.084709,0.0,0.0,0.0
ERGIC3,0.0,2.202934,0.0,0.0,0.0,0.0,0.0,0.0,2.068839,0.0,0.0,0.0,0.0,0.0,0.0,0.0,0.0,0.0,0.0,0.0,0.0,0.0,0.0,0.0,0.0,0.0,0.0,0.0,0.0,0.0,0.0,0.0,2.120674,0.0,0.0,0.0,0.0,0.0,0.0,0.0,0.0,0.0,0.0,0.0,0.0,0.0,0.0,0.0,0.0,0.0,1.606564,0.0,0.0,0.0,2.183826,2.094015,0.0,0.0,0.0,0.0,0.0,0.0,0.0,0.0,0.0,0.0,0.0
BRK1,0.0,0.0,0.0,2.29622,0.0,0.0,0.0,0.0,0.0,0.0,0.0,0.0,0.0,0.0,1.713724,0.0,0.0,2.360564,0.0,2.146934,0.0,0.0,1.976168,0.0,0.0,0.0,0.0,0.0,0.0,0.0,2.094015,2.099651,0.0,0.0,0.0,0.0,0.0,0.0,2.279514,0.0,0.0,0.0,0.0,0.0,0.0,2.385264,1.941637,0.0,0.0,2.008989,0.0,0.0,2.008989,1.518711,0.0,2.094015,2.823479,0.0,0.0,0.0,0.0,0.0,0.0,2.084709,2.230622,1.988038,0.0
ZBTB16,1.754819,0.0,0.0,0.0,0.0,0.0,0.0,0.0,0.0,0.0,0.0,0.0,0.0,0.0,0.0,0.0,0.0,0.0,0.0,0.0,0.0,0.0,0.0,0.0,2.225449,2.583235,0.0,0.0,0.0,0.0,0.0,0.0,0.0,0.0,0.0,0.0,0.0,0.0,0.0,0.0,0.0,0.0,0.0,0.0,0.0,0.0,0.0,0.0,0.0,0.0,0.0,0.0,0.0,0.0,0.0,0.0,0.0,0.0,0.0,0.0,0.0,2.165166,0.0,0.0,0.0,0.0,0.0
PIM2,0.0,0.0,0.0,0.0,0.0,0.0,0.0,0.0,0.0,2.265462,0.0,0.0,0.0,0.0,0.0,0.0,0.0,0.0,0.0,0.0,2.107231,0.0,0.0,0.0,0.0,0.0,0.0,0.0,0.0,0.0,2.094015,0.0,0.0,0.0,0.0,0.0,0.0,0.0,0.0,0.0,0.0,2.540741,0.0,0.0,0.0,0.0,0.0,0.0,0.0,0.0,0.0,0.0,0.0,0.0,2.183826,0.0,0.0,2.124558,0.0,0.0,0.0,0.0,0.0,0.0,2.230622,0.0,2.304297
RNASE1,0.0,0.0,0.0,0.0,0.0,0.0,0.0,2.274021,0.0,0.0,0.0,0.0,0.0,0.0,2.312454,0.0,0.0,0.0,0.0,0.0,0.0,0.0,0.0,0.0,0.0,0.0,0.0,0.0,0.0,0.0,0.0,0.0,0.0,0.0,0.0,0.0,0.0,0.0,0.0,0.0,0.0,0.0,0.0,0.0,0.0,0.0,0.0,0.0,0.0,0.0,0.0,0.0,0.0,0.0,0.0,0.0,0.0,0.0,0.0,0.0,0.0,0.0,0.0,0.0,0.0,0.0,0.0
C14orf2,1.754819,0.0,0.0,0.0,0.0,2.982857,0.0,2.274021,2.068839,2.265462,0.0,0.0,2.369301,2.388854,1.713724,0.0,2.777053,2.360564,2.365796,2.779884,0.0,2.116168,1.976168,1.665819,2.863073,0.0,2.973122,2.358828,0.0,0.0,2.094015,0.0,0.0,2.937738,2.208684,0.0,2.088418,0.0,0.0,2.339117,0.0,2.540741,0.0,0.0,0.0,0.0,0.0,2.078567,1.575444,0.0,1.606564,0.0,0.0,1.518711,2.183826,2.094015,0.0,0.0,0.0,2.133695,2.705379,2.165166,2.235827,2.084709,2.230622,1.988038,2.304297
OSTC,1.754819,0.0,0.0,2.29622,0.0,0.0,2.065222,0.0,0.0,0.0,0.0,0.0,0.0,0.0,1.713724,0.0,0.0,0.0,0.0,0.0,2.107231,0.0,0.0,0.0,0.0,0.0,2.329854,0.0,0.0,2.305922,0.0,0.0,0.0,0.0,0.0,0.0,0.0,0.0,0.0,0.0,0.0,0.0,0.0,2.250889,0.0,0.0,0.0,0.0,0.0,2.008989,1.606564,2.22914,2.63272,0.0,0.0,0.0,0.0,0.0,0.0,0.0,1.732244,0.0,0.0,0.0,2.230622,0.0,0.0
ATP5J2,1.754819,0.0,1.720847,0.0,2.30755,2.339117,0.0,0.0,0.0,0.0,0.0,0.0,0.0,0.0,0.0,0.0,0.0,0.0,0.0,2.779884,0.0,0.0,1.976168,1.665819,0.0,0.0,2.329854,0.0,2.112325,0.0,2.094015,2.729593,0.0,2.937738,0.0,2.367547,0.0,0.0,2.279514,0.0,0.0,0.0,0.0,0.0,0.0,0.0,1.941637,0.0,1.575444,0.0,0.0,2.22914,0.0,0.0,2.183826,0.0,2.823479,0.0,0.0,2.133695,2.705379,0.0,0.0,2.084709,2.86854,2.610246,0.0
PNISR,1.754819,2.839257,0.0,0.0,2.30755,3.650354,2.065222,0.0,0.0,2.265462,0.0,2.239567,0.0,0.0,0.0,0.0,2.144269,0.0,0.0,2.146934,2.737665,0.0,1.976168,2.259678,0.0,0.0,2.329854,3.003556,0.0,0.0,2.094015,2.099651,0.0,2.29622,2.208684,0.0,0.0,0.0,2.920139,0.0,2.076734,1.923451,0.0,0.0,2.121967,3.918197,0.0,0.0,2.525621,0.0,0.0,0.0,2.008989,0.0,0.0,0.0,2.188033,0.0,2.989704,0.0,0.0,0.0,0.0,0.0,2.230622,2.9909,0.0
PDCD4,0.0,0.0,0.0,0.0,0.0,0.0,2.065222,0.0,0.0,0.0,0.0,0.0,0.0,0.0,0.0,2.744449,0.0,0.0,0.0,0.0,0.0,2.747177,1.976168,0.0,0.0,0.0,0.0,0.0,0.0,0.0,2.094015,0.0,0.0,0.0,0.0,0.0,0.0,0.0,2.279514,0.0,2.076734,0.0,0.0,0.0,0.0,2.385264,0.0,0.0,1.575444,2.008989,1.606564,0.0,2.63272,1.518711,2.819021,0.0,0.0,0.0,0.0,0.0,0.0,0.0,0.0,2.713668,0.0,0.0,2.304297
VAMP5,0.0,0.0,0.0,0.0,0.0,0.0,0.0,0.0,2.068839,0.0,0.0,0.0,0.0,0.0,0.0,0.0,0.0,0.0,0.0,0.0,0.0,0.0,0.0,0.0,0.0,0.0,0.0,0.0,0.0,0.0,0.0,0.0,2.120674,0.0,0.0,0.0,2.088418,0.0,0.0,0.0,0.0,0.0,2.272458,0.0,0.0,0.0,0.0,0.0,0.0,2.63272,0.0,0.0,0.0,0.0,0.0,0.0,0.0,0.0,0.0,0.0,0.0,0.0,0.0,0.0,0.0,0.0,0.0
RTFDC1,0.0,0.0,0.0,0.0,0.0,2.339117,0.0,0.0,0.0,0.0,0.0,0.0,0.0,2.388854,0.0,0.0,0.0,0.0,0.0,0.0,0.0,0.0,0.0,0.0,0.0,0.0,0.0,0.0,0.0,0.0,0.0,0.0,0.0,0.0,0.0,0.0,0.0,0.0,0.0,0.0,0.0,0.0,0.0,0.0,0.0,0.0,0.0,0.0,0.0,0.0,0.0,0.0,0.0,0.0,0.0,0.0,0.0,0.0,0.0,0.0,1.732244,0.0,0.0,0.0,0.0,0.0,2.304297
NDUFB8,0.0,0.0,0.0,0.0,0.0,0.0,0.0,0.0,0.0,0.0,0.0,2.239567,2.369301,0.0,1.713724,0.0,0.0,0.0,2.365796,0.0,0.0,0.0,0.0,1.665819,0.0,0.0,0.0,0.0,0.0,0.0,0.0,2.099651,0.0,0.0,2.208684,0.0,0.0,0.0,0.0,2.339117,2.076734,0.0,2.272458,2.250889,0.0,0.0,1.941637,2.707117,1.575444,0.0,1.606564,0.0,0.0,0.0,2.183826,0.0,2.188033,0.0,0.0,2.133695,0.0,0.0,0.0,0.0,0.0,0.0,0.0
CAV1,0.0,0.0,0.0,0.0,0.0,0.0,0.0,2.914348,0.0,0.0,0.0,0.0,0.0,0.0,1.713724,0.0,0.0,0.0,0.0,0.0,0.0,0.0,0.0,0.0,0.0,0.0,0.0,0.0,0.0,0.0,0.0,0.0,0.0,0.0,0.0,0.0,0.0,0.0,0.0,0.0,0.0,0.0,0.0,0.0,0.0,0.0,0.0,0.0,0.0,0.0,0.0,0.0,0.0,0.0,0.0,0.0,0.0,0.0,0.0,0.0,0.0,2.165166,0.0,0.0,0.0,0.0,0.0
KANSL1,0.0,0.0,0.0,0.0,0.0,0.0,0.0,0.0,0.0,0.0,0.0,0.0,0.0,0.0,0.0,0.0,0.0,0.0,0.0,0.0,0.0,0.0,0.0,2.259678,0.0,0.0,0.0,0.0,0.0,2.305922,0.0,0.0,0.0,0.0,0.0,0.0,0.0,0.0,0.0,0.0,0.0,1.923451,0.0,0.0,0.0,0.0,0.0,0.0,0.0,0.0,0.0,2.22914,0.0,0.0,0.0,2.094015,0.0,0.0,0.0,0.0,0.0,2.165166,0.0,0.0,0.0,0.0,0.0
PSMB7,0.0,0.0,0.0,0.0,0.0,0.0,0.0,0.0,0.0,1.671058,0.0,0.0,0.0,0.0,0.0,0.0,0.0,0.0,2.365796,0.0,0.0,2.116168,0.0,0.0,0.0,0.0,0.0,0.0,0.0,0.0,0.0,2.099651,0.0,0.0,0.0,0.0,0.0,0.0,0.0,0.0,0.0,0.0,0.0,0.0,0.0,2.385264,0.0,0.0,0.0,2.008989,0.0,0.0,2.008989,1.518711,0.0,0.0,0.0,0.0,0.0,0.0,1.732244,0.0,0.0,2.084709,0.0,0.0,0.0
ST6GAL1,0.0,0.0,0.0,0.0,0.0,0.0,0.0,0.0,0.0,0.0,0.0,0.0,0.0,0.0,1.713724,0.0,0.0,0.0,0.0,0.0,0.0,0.0,0.0,0.0,0.0,0.0,0.0,0.0,0.0,0.0,0.0,0.0,0.0,0.0,0.0,0.0,0.0,0.0,0.0,0.0,0.0,0.0,0.0,0.0,0.0,0.0,0.0,0.0,0.0,0.0,0.0,0.0,0.0,0.0,0.0,0.0,0.0,0.0,0.0,0.0,0.0,0.0,0.0,0.0,0.0,0.0,0.0
MRPS10,0.0,0.0,0.0,0.0,0.0,0.0,0.0,0.0,0.0,0.0,0.0,0.0,0.0,0.0,0.0,0.0,0.0,0.0,0.0,0.0,0.0,0.0,0.0,0.0,0.0,0.0,0.0,0.0,0.0,0.0,2.094015,0.0,0.0,0.0,0.0,0.0,0.0,0.0,2.279514,0.0,0.0,0.0,0.0,0.0,0.0,0.0,0.0,0.0,0.0,0.0,0.0,0.0,0.0,0.0,0.0,0.0,0.0,0.0,0.0,0.0,0.0,0.0,0.0,0.0,0.0,0.0,0.0
MT1X,0.0,0.0,0.0,0.0,0.0,0.0,0.0,0.0,2.068839,0.0,2.047976,0.0,0.0,0.0,2.312454,0.0,0.0,0.0,0.0,0.0,0.0,0.0,0.0,0.0,0.0,0.0,2.329854,2.358828,0.0,0.0,0.0,0.0,2.120674,0.0,0.0,0.0,0.0,2.352779,0.0,0.0,0.0,0.0,0.0,0.0,0.0,0.0,0.0,0.0,0.0,2.008989,0.0,0.0,0.0,1.518711,0.0,0.0,0.0,0.0,1.986951,0.0,0.0,0.0,0.0,0.0,0.0,0.0,0.0
SOD2,0.0,0.0,0.0,0.0,0.0,0.0,0.0,0.0,0.0,0.0,0.0,0.0,0.0,0.0,0.0,2.113604,0.0,0.0,0.0,0.0,2.107231,0.0,2.977829,0.0,0.0,0.0,0.0,0.0,0.0,0.0,0.0,0.0,0.0,0.0,0.0,0.0,0.0,0.0,0.0,0.0,2.705162,1.923451,0.0,0.0,0.0,0.0,0.0,0.0,0.0,0.0,0.0,0.0,0.0,0.0,0.0,0.0,0.0,0.0,0.0,0.0,1.732244,0.0,0.0,0.0,0.0,0.0,0.0
LSP1,1.754819,0.0,0.0,0.0,0.0,0.0,0.0,0.0,0.0,0.0,2.047976,2.239567,0.0,0.0,0.0,0.0,0.0,0.0,0.0,2.146934,2.107231,0.0,1.976168,0.0,0.0,0.0,0.0,0.0,0.0,2.305922,0.0,2.729593,0.0,0.0,0.0,0.0,0.0,0.0,0.0,0.0,0.0,0.0,0.0,0.0,0.0,0.0,0.0,0.0,1.575444,0.0,1.606564,0.0,0.0,0.0,0.0,2.094015,0.0,0.0,0.0,0.0,2.705379,0.0,0.0,0.0,0.0,1.988038,0.0
CTSL,0.0,0.0,0.0,0.0,0.0,0.0,0.0,2.274021,0.0,0.0,0.0,0.0,0.0,0.0,0.0,0.0,0.0,0.0,0.0,0.0,0.0,0.0,0.0,0.0,0.0,0.0,0.0,0.0,0.0,0.0,0.0,0.0,0.0,0.0,0.0,0.0,0.0,0.0,0.0,0.0,0.0,0.0,0.0,0.0,0.0,0.0,0.0,0.0,0.0,0.0,0.0,0.0,0.0,0.0,0.0,0.0,0.0,0.0,0.0,0.0,0.0,0.0,0.0,0.0,0.0,0.0,0.0
SLC25A5,0.0,2.202934,1.720847,0.0,0.0,0.0,0.0,0.0,0.0,0.0,0.0,0.0,0.0,0.0,0.0,0.0,0.0,0.0,0.0,0.0,0.0,0.0,1.976168,1.665819,0.0,0.0,0.0,0.0,0.0,0.0,0.0,0.0,0.0,0.0,0.0,0.0,0.0,0.0,0.0,2.982857,0.0,0.0,0.0,0.0,0.0,0.0,0.0,0.0,0.0,0.0,0.0,0.0,0.0,0.0,0.0,0.0,0.0,0.0,1.986951,0.0,2.33279,0.0,0.0,0.0,2.230622,0.0,2.304297
TAGLN2,0.0,0.0,0.0,0.0,0.0,0.0,0.0,2.27402056526025,2.06883920025034,0.0,0.0,0.0,0.0,3.03504818400374,2.31245433874836,0.0,0.0,0.0,0.0,2.14693417019908,0.0,0.0,0.0,0.0,0.0,0.0,0.0,0.0,0.0,2.30592188645848,2.09401455295064,0.0,2.12067431022148,0.0,0.0,0.0,0.0,0.0,0.0,2.33911673496303,0.0,0.0,0.0,0.0,2.12196671391844,0.0,1.94163663827793,0.0,0.0,0.0,0.0,2.2291402508381,2.00898929169822,0.0,0.0,0.0,0.0,0.0,1.98695148479768,0.0,0.0,0.0,0.0,0.0,0.0,1.98803833847065,0.0
PSMB8,0.0,0.0,0.0,0.0,0.0,0.0,0.0,0.0,0.0,0.0,0.0,0.0,0.0,0.0,0.0,0.0,0.0,0.0,0.0,0.0,0.0,0.0,0.0,0.0,0.0,0.0,2.329854,0.0,2.112325,0.0,0.0,2.729593,0.0,2.29622,0.0,0.0,0.0,0.0,0.0,0.0,0.0,0.0,0.0,0.0,0.0,0.0,0.0,0.0,1.575444,0.0,0.0,0.0,0.0,2.095889,2.183826,0.0,0.0,0.0,0.0,0.0,0.0,0.0,0.0,2.084709,0.0,0.0,0.0
COL1A1,0.0,0.0,0.0,0.0,0.0,0.0,0.0,0.0,0.0,0.0,0.0,0.0,0.0,0.0,0.0,0.0,0.0,0.0,0.0,0.0,0.0,0.0,0.0,0.0,0.0,0.0,0.0,0.0,0.0,0.0,0.0,0.0,0.0,0.0,0.0,0.0,0.0,0.0,0.0,0.0,0.0,0.0,0.0,0.0,0.0,0.0,0.0,0.0,0.0,0.0,0.0,0.0,0.0,0.0,0.0,0.0,0.0,0.0,0.0,0.0,0.0,0.0,0.0,0.0,0.0,0.0,0.0
PPP1CC,0.0,0.0,0.0,0.0,0.0,0.0,2.065222,0.0,0.0,0.0,0.0,2.239567,0.0,0.0,0.0,0.0,0.0,0.0,0.0,0.0,0.0,0.0,0.0,0.0,0.0,0.0,0.0,0.0,0.0,0.0,0.0,0.0,2.120674,0.0,0.0,0.0,0.0,0.0,0.0,0.0,0.0,0.0,0.0,0.0,0.0,0.0,1.941637,0.0,0.0,0.0,0.0,0.0,0.0,0.0,0.0,0.0,2.188033,0.0,0.0,0.0,0.0,2.165166,0.0,0.0,0.0,1.988038,0.0
ATP1B3,0.0,0.0,0.0,0.0,0.0,0.0,2.065222,0.0,0.0,1.671058,0.0,0.0,0.0,0.0,0.0,0.0,0.0,0.0,0.0,2.146934,0.0,0.0,0.0,0.0,0.0,0.0,0.0,0.0,0.0,0.0,0.0,0.0,2.120674,0.0,0.0,0.0,0.0,0.0,0.0,0.0,0.0,0.0,0.0,0.0,0.0,0.0,0.0,0.0,0.0,0.0,0.0,0.0,0.0,0.0,0.0,0.0,0.0,2.124558,0.0,0.0,0.0,0.0,0.0,0.0,0.0,0.0,0.0
H2AFJ,0.0,0.0,0.0,0.0,2.30755,0.0,0.0,0.0,0.0,0.0,0.0,0.0,0.0,0.0,0.0,0.0,0.0,0.0,0.0,0.0,0.0,0.0,0.0,0.0,0.0,0.0,0.0,0.0,0.0,0.0,0.0,0.0,0.0,0.0,0.0,0.0,0.0,0.0,0.0,0.0,0.0,0.0,0.0,0.0,0.0,0.0,0.0,0.0,0.0,0.0,0.0,0.0,0.0,0.0,0.0,0.0,0.0,0.0,0.0,2.133695,0.0,0.0,0.0,0.0,0.0,0.0,0.0
AHNAK,0.0,2.202934,0.0,0.0,0.0,0.0,0.0,0.0,0.0,0.0,0.0,0.0,0.0,0.0,1.713724,0.0,0.0,0.0,0.0,0.0,0.0,0.0,0.0,0.0,2.225449,1.962901,0.0,0.0,0.0,0.0,0.0,0.0,0.0,0.0,0.0,0.0,0.0,0.0,0.0,0.0,0.0,0.0,0.0,2.250889,0.0,0.0,0.0,0.0,0.0,2.008989,0.0,0.0,0.0,0.0,0.0,0.0,0.0,0.0,1.986951,0.0,0.0,2.165166,0.0,0.0,0.0,0.0,0.0
DLC1,0.0,0.0,0.0,0.0,0.0,0.0,0.0,0.0,0.0,0.0,0.0,0.0,0.0,0.0,0.0,0.0,0.0,0.0,0.0,0.0,0.0,0.0,0.0,0.0,0.0,0.0,0.0,0.0,0.0,0.0,0.0,0.0,0.0,0.0,0.0,0.0,0.0,0.0,0.0,0.0,0.0,0.0,0.0,0.0,0.0,0.0,0.0,0.0,0.0,0.0,0.0,0.0,0.0,0.0,0.0,0.0,0.0,0.0,0.0,0.0,0.0,0.0,0.0,0.0,0.0,0.0,0.0
ZC3H13,2.357528,0.0,1.720847,2.29622,0.0,0.0,0.0,0.0,0.0,0.0,0.0,2.239567,0.0,0.0,0.0,0.0,0.0,0.0,0.0,0.0,0.0,0.0,0.0,0.0,2.863073,0.0,0.0,0.0,0.0,0.0,0.0,0.0,0.0,2.29622,0.0,0.0,0.0,0.0,0.0,0.0,0.0,0.0,0.0,0.0,0.0,0.0,0.0,0.0,0.0,0.0,0.0,0.0,0.0,0.0,0.0,0.0,0.0,0.0,0.0,2.133695,0.0,0.0,0.0,0.0,0.0,0.0,0.0
RNU12,0.0,0.0,0.0,0.0,0.0,0.0,0.0,2.274021,0.0,0.0,0.0,0.0,0.0,0.0,0.0,2.113604,0.0,0.0,0.0,0.0,0.0,0.0,0.0,0.0,0.0,0.0,2.329854,0.0,0.0,0.0,0.0,0.0,0.0,0.0,0.0,0.0,0.0,0.0,0.0,0.0,0.0,0.0,0.0,0.0,0.0,0.0,0.0,0.0,0.0,0.0,0.0,0.0,0.0,0.0,0.0,0.0,0.0,0.0,0.0,0.0,0.0,0.0,0.0,0.0,0.0,0.0,0.0
ZNF706,0.0,0.0,0.0,0.0,0.0,0.0,0.0,0.0,0.0,1.671058,0.0,0.0,0.0,0.0,0.0,0.0,0.0,0.0,0.0,2.146934,0.0,0.0,0.0,0.0,0.0,0.0,0.0,0.0,0.0,0.0,0.0,0.0,0.0,0.0,0.0,0.0,0.0,0.0,0.0,2.982857,0.0,0.0,0.0,0.0,0.0,0.0,0.0,0.0,0.0,0.0,0.0,0.0,0.0,0.0,0.0,0.0,0.0,0.0,0.0,0.0,0.0,0.0,0.0,0.0,2.86854,0.0,0.0
RPS24,4.145849,2.839257,3.744866,3.821721,3.337523,3.868288,4.426577,2.914348,3.749358,2.905324,3.876714,3.264529,4.0799,3.424359,3.736391,3.621406,3.833299,3.891507,2.365796,3.836253,3.614349,3.407745,3.252704,3.56445,2.863073,3.630183,2.973122,3.671585,3.126863,4.010973,4.059399,4.065715,3.62923,3.604035,3.726142,3.680966,0.0,3.385889,0.0,2.982857,3.364308,2.919586,3.29989,3.950802,3.808555,3.420536,4.002437,3.760224,3.326122,3.832773,3.493023,3.253301,3.013932,3.930426,3.204398,3.599698,3.486476,3.811433,3.93859,3.643623,4.040239,4.007558,3.755863,3.096788,4.327449,3.658605,4.0092
GLCCI1,0.0,0.0,0.0,0.0,2.30755,0.0,2.065222,0.0,0.0,0.0,0.0,0.0,0.0,0.0,0.0,0.0,0.0,0.0,0.0,0.0,0.0,0.0,0.0,0.0,0.0,0.0,0.0,0.0,0.0,0.0,0.0,0.0,0.0,0.0,0.0,2.367547,0.0,0.0,0.0,0.0,0.0,0.0,0.0,0.0,0.0,2.385264,0.0,0.0,2.159381,0.0,0.0,0.0,2.008989,0.0,0.0,0.0,0.0,0.0,0.0,2.133695,0.0,0.0,0.0,0.0,0.0,1.988038,0.0
BST2,0.0,2.202934,0.0,0.0,0.0,0.0,0.0,0.0,0.0,1.671058,0.0,0.0,0.0,0.0,1.713724,0.0,0.0,0.0,0.0,2.146934,0.0,0.0,0.0,0.0,0.0,0.0,0.0,0.0,0.0,0.0,2.094015,0.0,0.0,2.29622,0.0,0.0,0.0,0.0,0.0,0.0,2.076734,0.0,0.0,0.0,0.0,0.0,0.0,0.0,0.0,0.0,0.0,0.0,0.0,0.0,2.819021,0.0,0.0,0.0,0.0,2.133695,2.33279,0.0,0.0,0.0,0.0,0.0,2.304297
PRSS23,0.0,0.0,0.0,0.0,0.0,0.0,0.0,0.0,0.0,0.0,0.0,0.0,0.0,0.0,0.0,0.0,0.0,0.0,0.0,0.0,0.0,0.0,0.0,0.0,0.0,0.0,0.0,0.0,0.0,0.0,0.0,0.0,0.0,0.0,0.0,0.0,0.0,0.0,0.0,0.0,0.0,0.0,0.0,0.0,0.0,0.0,0.0,0.0,0.0,0.0,0.0,0.0,0.0,0.0,0.0,0.0,0.0,0.0,0.0,0.0,1.732244,0.0,0.0,0.0,0.0,0.0,0.0
C19orf70,2.357528,2.202934,1.720847,2.29622,2.30755,0.0,0.0,0.0,0.0,0.0,0.0,2.877991,0.0,0.0,0.0,0.0,0.0,0.0,0.0,0.0,0.0,0.0,0.0,0.0,0.0,1.962901,0.0,0.0,0.0,0.0,0.0,0.0,0.0,2.29622,0.0,0.0,0.0,0.0,0.0,0.0,0.0,0.0,2.272458,0.0,0.0,0.0,2.560346,0.0,1.575444,0.0,0.0,0.0,0.0,1.518711,0.0,0.0,0.0,0.0,0.0,0.0,2.33279,0.0,0.0,2.084709,0.0,1.988038,0.0
EEF1B2,2.357528,2.839257,2.32028,0.0,3.337523,2.982857,2.065222,2.274021,2.068839,1.671058,0.0,0.0,3.014546,2.388854,2.684356,0.0,0.0,0.0,2.365796,0.0,0.0,3.131041,0.0,2.259678,2.863073,2.583235,2.973122,0.0,0.0,2.305922,2.094015,2.099651,2.751972,0.0,2.845343,0.0,2.717622,0.0,0.0,0.0,0.0,0.0,0.0,0.0,0.0,0.0,0.0,0.0,0.0,0.0,0.0,0.0,0.0,2.93554,2.183826,2.094015,0.0,0.0,2.989704,0.0,0.0,3.461483,0.0,2.084709,0.0,0.0,2.946241
TSTD1,0.0,0.0,0.0,0.0,0.0,0.0,0.0,0.0,0.0,0.0,0.0,0.0,0.0,0.0,0.0,0.0,2.14426850086851,0.0,0.0,0.0,0.0,0.0,0.0,0.0,0.0,0.0,0.0,0.0,0.0,0.0,0.0,0.0,0.0,0.0,2.20868396862704,0.0,0.0,0.0,2.27951397209273,0.0,2.0767337617138,1.92345057614994,0.0,0.0,2.12196671391844,0.0,0.0,0.0,2.52562131773639,0.0,0.0,0.0,0.0,0.0,0.0,0.0,0.0,0.0,0.0,0.0,2.33278973108476,0.0,0.0,0.0,0.0,0.0,0.0
CCDC57,0.0,0.0,0.0,0.0,0.0,0.0,2.065222,0.0,0.0,0.0,0.0,0.0,0.0,0.0,0.0,0.0,0.0,0.0,0.0,0.0,2.107231,0.0,0.0,0.0,0.0,0.0,0.0,0.0,0.0,0.0,0.0,0.0,0.0,0.0,0.0,0.0,0.0,0.0,0.0,0.0,0.0,0.0,2.272458,0.0,0.0,0.0,0.0,0.0,0.0,2.63272,0.0,0.0,0.0,0.0,0.0,0.0,0.0,2.124558,0.0,0.0,0.0,0.0,0.0,0.0,2.230622,0.0,0.0
HNRNPK,1.754819,0.0,0.0,0.0,2.30755,0.0,2.065222,0.0,2.068839,2.265462,2.047976,2.239567,0.0,0.0,0.0,0.0,0.0,0.0,0.0,0.0,2.107231,2.116168,0.0,0.0,2.225449,1.962901,0.0,0.0,2.112325,0.0,0.0,2.099651,0.0,0.0,2.208684,0.0,0.0,0.0,2.279514,0.0,0.0,0.0,0.0,0.0,2.121967,0.0,0.0,0.0,2.159381,0.0,0.0,2.22914,2.008989,0.0,0.0,0.0,0.0,2.124558,1.986951,0.0,0.0,2.165166,0.0,2.084709,2.230622,1.988038,0.0
PYURF,0.0,2.202934,0.0,0.0,0.0,0.0,0.0,0.0,0.0,0.0,0.0,0.0,0.0,0.0,0.0,0.0,0.0,0.0,0.0,0.0,0.0,0.0,1.976168,0.0,0.0,0.0,0.0,0.0,0.0,2.305922,0.0,0.0,0.0,0.0,0.0,0.0,0.0,0.0,0.0,0.0,0.0,0.0,0.0,0.0,2.121967,0.0,0.0,0.0,1.575444,0.0,0.0,0.0,0.0,0.0,0.0,2.723587,0.0,2.124558,0.0,0.0,1.732244,0.0,0.0,0.0,0.0,0.0,2.304297
COMMD3,0.0,0.0,0.0,0.0,0.0,0.0,0.0,0.0,0.0,0.0,0.0,0.0,0.0,0.0,1.713724,0.0,0.0,0.0,0.0,0.0,0.0,0.0,0.0,0.0,0.0,0.0,0.0,0.0,0.0,0.0,0.0,0.0,0.0,0.0,0.0,0.0,0.0,0.0,0.0,0.0,0.0,0.0,0.0,0.0,0.0,0.0,0.0,0.0,0.0,0.0,0.0,0.0,0.0,0.0,0.0,0.0,0.0,0.0,0.0,0.0,1.732244,0.0,0.0,0.0,0.0,0.0,0.0
LDHA,2.357528,0.0,1.720847,0.0,0.0,0.0,2.065222,0.0,0.0,0.0,2.047976,0.0,0.0,0.0,1.713724,0.0,0.0,0.0,0.0,0.0,2.737665,0.0,1.976168,0.0,0.0,0.0,0.0,0.0,0.0,0.0,0.0,0.0,0.0,0.0,0.0,0.0,0.0,0.0,0.0,2.339117,0.0,0.0,0.0,0.0,0.0,0.0,0.0,0.0,0.0,0.0,1.606564,0.0,0.0,0.0,2.183826,0.0,0.0,0.0,0.0,0.0,2.705379,0.0,2.235827,2.084709,0.0,0.0,0.0
GTF2I,0.0,0.0,0.0,0.0,0.0,0.0,0.0,0.0,0.0,0.0,0.0,0.0,0.0,0.0,0.0,0.0,0.0,0.0,0.0,0.0,2.107231,0.0,0.0,1.665819,0.0,0.0,0.0,0.0,0.0,0.0,0.0,0.0,0.0,0.0,0.0,0.0,0.0,0.0,0.0,0.0,0.0,1.923451,0.0,0.0,2.121967,0.0,0.0,0.0,1.575444,0.0,0.0,0.0,0.0,1.518711,0.0,0.0,0.0,0.0,0.0,0.0,0.0,0.0,0.0,0.0,0.0,0.0,0.0
DNAJC3,0.0,0.0,1.720847,0.0,0.0,0.0,0.0,2.274021,2.068839,0.0,0.0,0.0,0.0,2.388854,0.0,0.0,0.0,0.0,0.0,0.0,0.0,2.116168,1.976168,0.0,0.0,0.0,0.0,0.0,0.0,0.0,0.0,0.0,0.0,0.0,0.0,0.0,0.0,0.0,0.0,0.0,0.0,0.0,0.0,0.0,0.0,0.0,0.0,0.0,0.0,0.0,0.0,0.0,0.0,0.0,0.0,0.0,0.0,0.0,0.0,0.0,0.0,0.0,0.0,0.0,0.0,0.0,0.0
RABAC1,0.0,0.0,0.0,0.0,0.0,0.0,0.0,0.0,0.0,0.0,0.0,0.0,0.0,2.388854,1.713724,0.0,0.0,0.0,0.0,0.0,0.0,0.0,0.0,0.0,0.0,0.0,0.0,0.0,2.112325,2.305922,2.723587,0.0,2.120674,0.0,0.0,2.367547,0.0,0.0,0.0,0.0,0.0,2.540741,0.0,0.0,0.0,0.0,0.0,0.0,0.0,2.008989,0.0,0.0,0.0,0.0,0.0,0.0,0.0,0.0,0.0,0.0,0.0,0.0,0.0,0.0,0.0,1.988038,0.0
SLIRP,0.0,0.0,0.0,0.0,0.0,0.0,0.0,0.0,0.0,0.0,0.0,0.0,0.0,0.0,0.0,0.0,0.0,0.0,0.0,0.0,0.0,2.116168,0.0,1.665819,2.225449,0.0,0.0,0.0,2.112325,0.0,0.0,0.0,0.0,2.29622,0.0,0.0,0.0,0.0,0.0,0.0,0.0,0.0,0.0,0.0,0.0,0.0,0.0,0.0,1.575444,0.0,1.606564,0.0,0.0,0.0,0.0,0.0,0.0,2.124558,0.0,0.0,1.732244,0.0,0.0,0.0,0.0,1.988038,0.0
COPZ1,0.0,2.202934,0.0,0.0,0.0,0.0,0.0,0.0,0.0,0.0,0.0,0.0,0.0,0.0,1.713724,0.0,0.0,0.0,0.0,2.146934,0.0,0.0,0.0,0.0,0.0,0.0,0.0,0.0,0.0,0.0,0.0,0.0,0.0,0.0,0.0,0.0,0.0,0.0,0.0,0.0,0.0,0.0,0.0,0.0,0.0,0.0,0.0,0.0,0.0,0.0,0.0,0.0,0.0,0.0,2.183826,0.0,0.0,0.0,0.0,0.0,0.0,0.0,0.0,0.0,0.0,0.0,0.0
CSRP1,0.0,0.0,0.0,0.0,0.0,0.0,0.0,0.0,0.0,0.0,0.0,0.0,0.0,0.0,0.0,0.0,0.0,0.0,0.0,0.0,0.0,0.0,0.0,0.0,0.0,0.0,0.0,0.0,0.0,0.0,0.0,0.0,0.0,0.0,0.0,0.0,0.0,0.0,2.27951397209273,0.0,0.0,0.0,0.0,0.0,0.0,0.0,0.0,0.0,0.0,0.0,0.0,0.0,0.0,0.0,0.0,0.0,0.0,0.0,0.0,0.0,1.73224424421223,0.0,0.0,0.0,0.0,0.0,0.0
RPL37A,4.145849,3.719837,3.630034,3.325383,3.337523,3.371295,3.351594,3.580001,2.696737,1.671058,2.674451,4.221184,3.682854,3.703866,2.312454,3.621406,2.144269,3.673454,4.076097,3.441517,3.12132,3.407745,3.645195,4.359526,2.863073,3.453149,3.361393,3.671585,3.40352,2.305922,3.599698,2.729593,3.807119,2.937738,3.509002,3.012705,4.36683,3.883083,2.279514,3.868288,2.076734,3.193687,3.29989,2.889947,3.137345,3.700011,3.886935,3.911044,3.177942,3.504923,3.710066,4.078268,3.832773,3.998109,3.204398,4.175263,3.881686,3.416965,2.609079,3.426997,3.364532,3.461483,3.755863,3.767079,3.254897,3.481424,3.612768
STK17B,2.357528,2.202934,0.0,0.0,0.0,0.0,0.0,0.0,0.0,0.0,2.047976,0.0,0.0,0.0,0.0,0.0,0.0,0.0,3.010868,2.146934,0.0,2.116168,0.0,2.259678,2.225449,0.0,0.0,0.0,0.0,0.0,2.094015,0.0,0.0,0.0,0.0,0.0,0.0,2.352779,0.0,2.339117,0.0,1.923451,0.0,0.0,2.121967,0.0,0.0,2.707117,0.0,0.0,0.0,0.0,0.0,0.0,3.204398,0.0,0.0,0.0,0.0,2.133695,0.0,0.0,0.0,2.084709,2.230622,0.0,0.0
NAP1L1,1.754819,2.202934,2.32028,0.0,2.30755,0.0,2.692876,0.0,2.068839,2.635721,2.047976,0.0,0.0,2.388854,0.0,0.0,0.0,0.0,2.365796,0.0,0.0,0.0,0.0,2.259678,0.0,0.0,0.0,0.0,2.743088,0.0,2.723587,0.0,0.0,0.0,2.208684,2.367547,0.0,2.997206,0.0,0.0,2.076734,2.540741,2.272458,0.0,0.0,0.0,0.0,0.0,1.575444,2.008989,2.194031,0.0,2.008989,2.459503,0.0,2.723587,2.188033,2.124558,1.986951,0.0,3.189102,0.0,2.235827,0.0,2.230622,1.988038,2.304297
TNXB,0.0,0.0,0.0,0.0,0.0,0.0,0.0,0.0,0.0,0.0,0.0,0.0,0.0,0.0,0.0,0.0,0.0,0.0,0.0,0.0,0.0,0.0,0.0,0.0,0.0,0.0,0.0,0.0,0.0,0.0,0.0,0.0,0.0,0.0,0.0,0.0,0.0,0.0,0.0,0.0,0.0,0.0,0.0,0.0,0.0,0.0,0.0,0.0,0.0,0.0,0.0,0.0,0.0,0.0,0.0,0.0,0.0,0.0,0.0,0.0,0.0,0.0,0.0,0.0,0.0,0.0,0.0
ATP2C1,0.0,0.0,0.0,0.0,0.0,0.0,0.0,0.0,0.0,1.671058,0.0,0.0,0.0,0.0,0.0,0.0,0.0,0.0,0.0,0.0,0.0,0.0,0.0,0.0,0.0,0.0,0.0,0.0,0.0,0.0,0.0,0.0,0.0,0.0,0.0,0.0,2.088418,0.0,0.0,0.0,0.0,0.0,0.0,0.0,0.0,0.0,0.0,0.0,0.0,0.0,0.0,0.0,0.0,0.0,0.0,0.0,0.0,0.0,0.0,0.0,0.0,0.0,0.0,0.0,0.0,0.0,0.0
CPQ,0.0,0.0,0.0,0.0,0.0,0.0,0.0,0.0,0.0,0.0,0.0,0.0,0.0,0.0,0.0,0.0,0.0,0.0,0.0,0.0,0.0,0.0,0.0,0.0,0.0,0.0,0.0,0.0,0.0,0.0,0.0,0.0,0.0,0.0,0.0,0.0,0.0,0.0,0.0,0.0,0.0,0.0,0.0,0.0,0.0,0.0,0.0,0.0,0.0,0.0,0.0,0.0,0.0,0.0,0.0,0.0,0.0,0.0,0.0,0.0,0.0,0.0,0.0,0.0,0.0,0.0,0.0
COX17,0.0,0.0,0.0,0.0,2.30755,0.0,2.065222,0.0,0.0,0.0,2.047976,3.264529,0.0,0.0,0.0,0.0,0.0,0.0,2.365796,0.0,2.107231,0.0,1.976168,0.0,0.0,0.0,2.329854,0.0,2.112325,0.0,2.094015,0.0,2.120674,0.0,0.0,0.0,2.088418,0.0,0.0,0.0,0.0,0.0,0.0,0.0,0.0,0.0,1.941637,0.0,1.575444,0.0,0.0,2.22914,0.0,0.0,2.183826,0.0,0.0,2.124558,0.0,3.150085,0.0,0.0,0.0,0.0,0.0,1.988038,0.0
CANX,0.0,0.0,0.0,0.0,0.0,0.0,0.0,0.0,2.068839,0.0,0.0,0.0,0.0,0.0,0.0,0.0,0.0,0.0,0.0,0.0,0.0,0.0,0.0,0.0,0.0,0.0,0.0,0.0,0.0,0.0,0.0,2.099651,0.0,0.0,0.0,0.0,0.0,0.0,0.0,0.0,0.0,0.0,0.0,0.0,0.0,0.0,0.0,0.0,0.0,2.008989,0.0,0.0,0.0,0.0,0.0,0.0,0.0,0.0,0.0,0.0,0.0,2.165166,0.0,2.084709,0.0,0.0,0.0
RTF1,0.0,0.0,0.0,0.0,0.0,0.0,0.0,0.0,0.0,0.0,0.0,2.239567,0.0,2.388854,0.0,0.0,2.144269,0.0,0.0,0.0,0.0,0.0,0.0,0.0,0.0,0.0,0.0,0.0,0.0,0.0,0.0,0.0,2.120674,0.0,0.0,2.367547,0.0,0.0,0.0,0.0,0.0,0.0,0.0,0.0,0.0,0.0,1.941637,0.0,0.0,2.008989,1.606564,0.0,0.0,0.0,0.0,0.0,0.0,0.0,0.0,0.0,0.0,2.165166,0.0,0.0,2.230622,0.0,0.0
SERINC5,0.0,0.0,0.0,2.29622,0.0,0.0,0.0,0.0,0.0,0.0,2.047976,0.0,0.0,0.0,0.0,0.0,0.0,2.360564,0.0,0.0,0.0,2.116168,0.0,0.0,0.0,0.0,0.0,0.0,2.112325,0.0,0.0,0.0,0.0,0.0,0.0,0.0,0.0,0.0,0.0,0.0,0.0,0.0,0.0,0.0,0.0,0.0,0.0,0.0,0.0,0.0,0.0,0.0,0.0,0.0,0.0,0.0,0.0,0.0,0.0,0.0,1.732244,0.0,0.0,2.084709,0.0,1.988038,0.0
PTMS,0.0,0.0,0.0,0.0,2.30755,0.0,0.0,0.0,0.0,0.0,0.0,0.0,0.0,0.0,1.713724,0.0,0.0,0.0,0.0,0.0,0.0,0.0,0.0,0.0,0.0,0.0,0.0,0.0,0.0,0.0,0.0,0.0,0.0,0.0,0.0,0.0,0.0,0.0,2.279514,2.339117,0.0,0.0,0.0,0.0,0.0,0.0,0.0,0.0,0.0,0.0,0.0,0.0,0.0,0.0,0.0,0.0,0.0,0.0,0.0,0.0,0.0,0.0,0.0,0.0,0.0,0.0,0.0
TXNDC15,0.0,0.0,0.0,0.0,0.0,0.0,0.0,0.0,0.0,0.0,0.0,0.0,0.0,0.0,0.0,0.0,0.0,2.360564,0.0,0.0,2.107231,0.0,1.976168,0.0,0.0,0.0,0.0,0.0,0.0,0.0,0.0,0.0,0.0,0.0,0.0,0.0,2.088418,0.0,0.0,0.0,0.0,0.0,0.0,0.0,0.0,0.0,0.0,0.0,0.0,0.0,0.0,0.0,2.008989,0.0,2.183826,0.0,2.188033,0.0,0.0,0.0,0.0,0.0,0.0,0.0,0.0,0.0,0.0
UQCR10,1.754819,2.202934,1.720847,0.0,2.949665,2.339117,0.0,0.0,2.068839,0.0,0.0,0.0,0.0,0.0,0.0,0.0,2.144269,0.0,0.0,2.146934,0.0,0.0,0.0,1.665819,0.0,0.0,0.0,0.0,2.743088,2.305922,0.0,2.099651,0.0,0.0,0.0,0.0,0.0,0.0,0.0,2.982857,0.0,0.0,0.0,0.0,2.753347,0.0,2.939715,0.0,2.525621,0.0,1.606564,0.0,0.0,0.0,0.0,0.0,0.0,0.0,0.0,0.0,0.0,0.0,0.0,2.084709,0.0,1.988038,0.0
TRMT112,1.754819,0.0,0.0,0.0,0.0,0.0,2.065222,0.0,2.068839,0.0,0.0,0.0,0.0,0.0,1.713724,0.0,2.144269,0.0,0.0,2.146934,0.0,0.0,1.976168,0.0,0.0,0.0,0.0,0.0,2.112325,0.0,0.0,2.099651,0.0,0.0,0.0,0.0,0.0,2.352779,0.0,2.339117,0.0,0.0,2.272458,0.0,0.0,0.0,1.941637,0.0,0.0,0.0,0.0,0.0,0.0,1.518711,0.0,0.0,0.0,2.124558,0.0,2.133695,0.0,0.0,0.0,0.0,0.0,0.0,2.304297
POLR2K,0.0,2.202934,2.32028,0.0,2.30755,0.0,0.0,2.914348,0.0,0.0,0.0,2.239567,0.0,0.0,2.312454,0.0,0.0,0.0,0.0,2.146934,0.0,0.0,0.0,0.0,0.0,0.0,0.0,2.358828,0.0,0.0,2.094015,0.0,2.120674,0.0,2.208684,0.0,0.0,0.0,0.0,0.0,0.0,0.0,0.0,0.0,0.0,0.0,0.0,0.0,0.0,0.0,0.0,0.0,2.008989,0.0,0.0,0.0,0.0,0.0,0.0,2.133695,1.732244,0.0,0.0,0.0,2.230622,0.0,0.0
PSMB9,1.754819,0.0,0.0,0.0,0.0,0.0,0.0,0.0,0.0,1.671058,0.0,3.264529,2.369301,0.0,1.713724,0.0,0.0,0.0,0.0,0.0,2.107231,2.116168,0.0,0.0,2.225449,0.0,0.0,0.0,2.112325,0.0,0.0,0.0,0.0,0.0,0.0,0.0,0.0,0.0,2.279514,0.0,0.0,0.0,0.0,2.250889,0.0,3.031286,0.0,0.0,2.525621,0.0,0.0,2.22914,2.008989,0.0,2.183826,0.0,2.188033,2.124558,0.0,0.0,2.33279,2.799237,0.0,0.0,2.86854,0.0,0.0
B2M,5.96197,5.386288,5.167023,5.690042,4.696813,4.952872,4.771361,4.739169,5.075545,5.670887,4.227154,5.309961,4.843943,4.501019,4.781552,3.404926,5.736468,4.470179,5.566885,5.025009,5.669941,5.251126,5.637204,4.039009,4.425761,4.654333,5.228585,4.974512,4.824679,5.202183,5.679541,5.583658,4.995421,5.413492,5.355156,5.108428,5.097786,4.967875,5.011454,4.810858,4.894768,5.739022,5.060428,5.476016,5.464345,5.184671,5.088793,4.59413,5.240749,4.583299,4.824749,5.378,5.237599,4.890006,5.502428,4.743879,4.643713,5.850339,5.340791,5.308478,5.49295,5.226742,5.124466,5.566677,5.340616,5.247213,5.295197
LSM1,0.0,0.0,0.0,0.0,0.0,0.0,0.0,0.0,0.0,0.0,0.0,0.0,0.0,0.0,0.0,0.0,0.0,0.0,0.0,0.0,0.0,0.0,0.0,0.0,0.0,0.0,0.0,0.0,0.0,0.0,0.0,0.0,0.0,0.0,0.0,2.367547,0.0,0.0,0.0,0.0,0.0,0.0,0.0,0.0,0.0,0.0,0.0,0.0,0.0,0.0,0.0,0.0,0.0,0.0,0.0,0.0,0.0,0.0,0.0,0.0,0.0,0.0,0.0,0.0,0.0,0.0,0.0
RPL37,3.390959,2.839257,3.500283,3.604035,2.949665,3.371295,3.896084,3.580001,3.35559,2.905324,3.876714,3.759951,3.900954,3.424359,3.167496,3.404926,2.777053,3.394199,3.010868,3.441517,4.190093,4.398047,3.252704,4.30312,3.744508,4.224195,3.361393,3.889629,2.743088,4.294116,2.723587,2.729593,4.205152,3.325383,3.726142,3.401649,3.377196,3.665073,3.307465,0.0,3.088088,2.540741,0.0,3.772321,3.959532,2.385264,3.606065,3.366331,3.326122,4.182932,3.710066,0.0,3.682224,4.177368,3.481882,4.175263,3.703479,2.756103,3.480204,3.426997,2.976208,3.184208,3.93428,3.767079,2.230622,3.265942,2.304297
CD2,2.35752786531355,2.2029337810686,2.32027983928059,2.29621992739132,0.0,0.0,2.06522247083326,0.0,2.06883920025034,1.6710576703515,0.0,0.0,0.0,0.0,0.0,0.0,2.77705312026539,3.00537849705492,0.0,0.0,2.10723100359207,3.13104128236255,0.0,2.25967848759913,0.0,2.58323515477029,2.32985368712411,2.35882780460746,2.11232513354973,0.0,2.09401455295064,0.0,2.12067431022148,0.0,2.20868396862704,0.0,2.7176223462617,0.0,2.92013871803569,2.33911673496303,0.0,2.54074104964204,2.27245780891882,0.0,3.41411868418827,0.0,1.94163663827793,0.0,1.5754438385365,0.0,2.56163270669221,0.0,0.0,2.09588898999699,0.0,0.0,0.0,2.75610317393711,0.0,2.76581789952033,1.73224424421223,0.0,2.87404123565476,3.09678776121431,0.0,1.98803833847065,0.0
VAPA,0.0,0.0,0.0,0.0,0.0,2.339117,0.0,0.0,0.0,0.0,0.0,2.239567,0.0,0.0,2.312454,2.113604,0.0,2.360564,0.0,0.0,0.0,0.0,0.0,0.0,0.0,1.962901,0.0,0.0,0.0,0.0,0.0,2.099651,0.0,0.0,0.0,0.0,0.0,2.352779,0.0,0.0,0.0,1.923451,0.0,0.0,0.0,0.0,1.941637,0.0,0.0,0.0,0.0,0.0,0.0,1.518711,0.0,2.723587,2.188033,2.124558,0.0,0.0,1.732244,0.0,0.0,0.0,0.0,0.0,0.0
ARID5B,0.0,2.839257,0.0,0.0,2.30755,0.0,0.0,0.0,0.0,0.0,2.047976,0.0,0.0,0.0,0.0,0.0,0.0,0.0,0.0,0.0,0.0,0.0,2.597497,0.0,0.0,0.0,0.0,0.0,2.743088,0.0,0.0,2.729593,2.120674,2.29622,0.0,0.0,2.088418,2.352779,0.0,0.0,0.0,0.0,0.0,0.0,2.753347,0.0,0.0,0.0,1.575444,0.0,0.0,0.0,0.0,0.0,2.819021,0.0,0.0,0.0,0.0,0.0,0.0,0.0,0.0,0.0,0.0,0.0,2.304297
PPA1,0.0,0.0,0.0,0.0,0.0,0.0,0.0,0.0,0.0,0.0,0.0,0.0,0.0,2.388854,0.0,0.0,0.0,0.0,0.0,0.0,0.0,2.116168,0.0,0.0,0.0,0.0,0.0,0.0,0.0,0.0,2.094015,0.0,0.0,0.0,0.0,0.0,0.0,0.0,0.0,0.0,0.0,0.0,0.0,0.0,0.0,0.0,0.0,0.0,0.0,0.0,2.194031,0.0,0.0,0.0,2.183826,0.0,0.0,0.0,0.0,0.0,0.0,0.0,0.0,0.0,0.0,0.0,0.0
PDLIM1,0.0,0.0,0.0,0.0,0.0,0.0,0.0,0.0,0.0,0.0,0.0,0.0,0.0,0.0,0.0,0.0,0.0,0.0,0.0,0.0,0.0,0.0,0.0,0.0,0.0,0.0,0.0,0.0,0.0,0.0,2.094015,0.0,0.0,0.0,0.0,0.0,0.0,0.0,0.0,0.0,0.0,0.0,0.0,0.0,0.0,0.0,0.0,0.0,0.0,0.0,0.0,0.0,0.0,0.0,0.0,0.0,0.0,0.0,0.0,0.0,0.0,0.0,0.0,0.0,0.0,0.0,0.0
HLA-DQA1,0.0,0.0,0.0,0.0,0.0,0.0,0.0,0.0,2.068839,0.0,0.0,0.0,0.0,0.0,0.0,0.0,0.0,0.0,0.0,0.0,0.0,0.0,0.0,0.0,0.0,0.0,0.0,0.0,0.0,0.0,3.10693,2.099651,0.0,0.0,0.0,0.0,0.0,2.997206,0.0,0.0,0.0,0.0,0.0,0.0,0.0,0.0,0.0,0.0,1.575444,0.0,0.0,0.0,0.0,0.0,0.0,0.0,0.0,0.0,0.0,0.0,0.0,0.0,0.0,0.0,2.230622,0.0,0.0
MFGE8,0.0,0.0,0.0,0.0,0.0,2.339117,0.0,0.0,0.0,0.0,0.0,0.0,2.369301,0.0,0.0,0.0,0.0,0.0,0.0,0.0,0.0,0.0,0.0,0.0,0.0,0.0,0.0,0.0,0.0,0.0,0.0,0.0,0.0,0.0,0.0,0.0,0.0,0.0,0.0,0.0,0.0,0.0,0.0,0.0,0.0,0.0,0.0,0.0,0.0,0.0,0.0,0.0,0.0,0.0,0.0,0.0,0.0,0.0,0.0,0.0,0.0,0.0,0.0,0.0,0.0,0.0,0.0
HLA-DRA,0.0,0.0,0.0,0.0,0.0,0.0,0.0,0.0,0.0,2.635721,0.0,2.239567,0.0,0.0,0.0,0.0,0.0,0.0,0.0,0.0,2.107231,0.0,0.0,0.0,0.0,0.0,0.0,0.0,0.0,2.305922,0.0,0.0,0.0,0.0,2.208684,0.0,0.0,2.352779,0.0,2.339117,0.0,0.0,2.272458,2.250889,2.121967,2.385264,0.0,0.0,0.0,0.0,0.0,0.0,0.0,0.0,0.0,0.0,0.0,0.0,0.0,0.0,0.0,0.0,0.0,0.0,0.0,1.988038,0.0
SEPT1,0.0,2.839257,0.0,2.937738,0.0,0.0,2.065222,2.274021,0.0,0.0,0.0,0.0,0.0,0.0,0.0,0.0,0.0,0.0,0.0,0.0,0.0,0.0,0.0,0.0,0.0,0.0,0.0,0.0,0.0,2.305922,0.0,0.0,0.0,2.29622,0.0,0.0,0.0,0.0,0.0,0.0,0.0,0.0,0.0,0.0,0.0,0.0,0.0,0.0,0.0,2.008989,0.0,0.0,0.0,0.0,0.0,0.0,0.0,0.0,0.0,0.0,1.732244,2.165166,0.0,0.0,2.230622,0.0,0.0
APRT,0.0,0.0,2.692448,2.29622,0.0,0.0,0.0,0.0,2.068839,0.0,0.0,2.239567,2.369301,0.0,0.0,0.0,0.0,2.360564,0.0,0.0,2.107231,2.116168,0.0,0.0,0.0,0.0,0.0,0.0,2.112325,0.0,0.0,0.0,2.120674,0.0,0.0,0.0,0.0,0.0,0.0,0.0,0.0,0.0,0.0,2.250889,2.753347,0.0,0.0,2.078567,1.575444,0.0,2.561633,2.22914,2.63272,2.095889,0.0,2.094015,2.188033,0.0,0.0,2.133695,1.732244,0.0,0.0,0.0,2.86854,1.988038,2.304297
COX7A1,0.0,0.0,0.0,0.0,0.0,0.0,0.0,0.0,0.0,0.0,0.0,0.0,0.0,0.0,0.0,0.0,0.0,0.0,0.0,0.0,0.0,0.0,0.0,0.0,0.0,0.0,0.0,0.0,0.0,0.0,0.0,0.0,0.0,0.0,0.0,0.0,0.0,0.0,0.0,0.0,0.0,0.0,0.0,0.0,0.0,0.0,0.0,0.0,0.0,0.0,0.0,0.0,0.0,0.0,0.0,0.0,0.0,0.0,0.0,0.0,0.0,0.0,0.0,0.0,0.0,0.0,0.0
PCBP1,0.0,2.202934,2.32028,0.0,0.0,0.0,2.065222,0.0,0.0,2.265462,0.0,0.0,2.369301,0.0,0.0,0.0,0.0,0.0,0.0,2.146934,0.0,2.116168,0.0,0.0,2.225449,1.962901,0.0,0.0,0.0,2.305922,0.0,0.0,0.0,0.0,2.208684,0.0,0.0,0.0,0.0,2.339117,0.0,2.540741,0.0,2.250889,0.0,0.0,0.0,0.0,1.575444,2.008989,0.0,0.0,0.0,0.0,2.183826,0.0,0.0,0.0,0.0,2.133695,1.732244,0.0,0.0,0.0,0.0,0.0,0.0
DPT,0.0,0.0,0.0,0.0,0.0,0.0,0.0,0.0,0.0,0.0,0.0,0.0,0.0,0.0,0.0,0.0,0.0,0.0,0.0,0.0,0.0,0.0,0.0,0.0,0.0,0.0,0.0,0.0,0.0,0.0,0.0,0.0,0.0,0.0,0.0,0.0,0.0,0.0,0.0,0.0,0.0,0.0,0.0,0.0,0.0,0.0,0.0,0.0,0.0,0.0,0.0,0.0,0.0,0.0,0.0,0.0,0.0,0.0,0.0,0.0,0.0,0.0,0.0,0.0,0.0,0.0,0.0
ATPIF1,0.0,0.0,0.0,0.0,0.0,0.0,0.0,0.0,2.06883920025034,1.6710576703515,2.04797595982601,2.23956666872002,0.0,0.0,0.0,0.0,0.0,0.0,0.0,2.14693417019908,2.10723100359207,0.0,0.0,0.0,0.0,0.0,0.0,0.0,2.11232513354973,0.0,0.0,0.0,0.0,0.0,0.0,0.0,0.0,2.99720597304345,0.0,0.0,0.0,0.0,0.0,0.0,0.0,0.0,1.94163663827793,2.0785670335349,2.15938105093959,2.00898929169822,0.0,0.0,2.00898929169822,1.51871065293527,0.0,0.0,0.0,0.0,2.60907903815974,0.0,2.33278973108476,0.0,0.0,2.71366819340643,2.23062151051123,0.0,0.0
NRP1,0.0,0.0,0.0,0.0,0.0,0.0,0.0,0.0,0.0,0.0,0.0,0.0,0.0,0.0,0.0,0.0,0.0,0.0,0.0,0.0,0.0,0.0,0.0,0.0,0.0,0.0,0.0,0.0,0.0,0.0,0.0,0.0,0.0,0.0,0.0,0.0,0.0,0.0,0.0,0.0,0.0,0.0,0.0,0.0,0.0,0.0,0.0,0.0,0.0,0.0,0.0,0.0,0.0,0.0,0.0,0.0,0.0,0.0,0.0,0.0,0.0,0.0,0.0,0.0,0.0,0.0,0.0
ATP5A1,0.0,0.0,0.0,2.29622,0.0,2.339117,0.0,0.0,0.0,1.671058,0.0,0.0,0.0,0.0,0.0,0.0,0.0,0.0,0.0,0.0,0.0,0.0,0.0,0.0,0.0,1.962901,0.0,2.358828,0.0,0.0,0.0,2.099651,2.120674,0.0,0.0,0.0,2.088418,0.0,0.0,0.0,0.0,0.0,0.0,0.0,0.0,0.0,1.941637,0.0,1.575444,0.0,1.606564,0.0,0.0,0.0,0.0,0.0,0.0,0.0,0.0,0.0,0.0,0.0,0.0,0.0,0.0,1.988038,0.0
TXNIP,2.35752786531355,3.22504035989753,3.35115126619721,2.93773767990245,3.61628443363438,2.33911673496303,2.69287596471807,2.91434821331261,3.35559025137872,1.6710576703515,3.05666665395977,3.93838389337641,0.0,0.0,2.31245433874836,3.4049264704207,2.14426850086851,3.39419918289782,0.0,2.14693417019908,3.12132035171177,0.0,2.59749702656509,0.0,0.0,3.78053882515349,0.0,0.0,2.11232513354973,2.94795108529198,2.09401455295064,0.0,2.7519723009537,2.29621992739132,0.0,2.367546638764,2.08841810464014,2.35277882971183,3.98213805405628,0.0,3.75817700121094,2.91958562893608,0.0,2.25088926712533,0.0,2.3852642856713,3.7563288464924,0.0,2.15938105093959,3.28926389218841,2.82983155083299,0.0,3.28926389218841,2.09588898999699,3.20439800269304,2.09401455295064,3.48647637127768,0.0,2.98970407117115,0.0,0.0,3.85643199002821,3.53854701159448,2.0847093326147,0.0,0.0,2.30429688223136
LY96,0.0,0.0,0.0,0.0,0.0,0.0,0.0,0.0,0.0,0.0,0.0,0.0,0.0,0.0,0.0,0.0,0.0,0.0,0.0,0.0,0.0,0.0,0.0,0.0,0.0,0.0,0.0,0.0,0.0,0.0,2.094015,0.0,0.0,0.0,0.0,0.0,0.0,0.0,0.0,0.0,0.0,0.0,0.0,0.0,0.0,0.0,0.0,0.0,0.0,0.0,0.0,0.0,0.0,0.0,0.0,0.0,0.0,0.0,0.0,0.0,0.0,0.0,0.0,0.0,0.0,0.0,0.0
TACC1,0.0,2.202934,0.0,0.0,2.30755,0.0,0.0,2.274021,2.068839,0.0,0.0,0.0,0.0,0.0,2.312454,2.113604,0.0,0.0,3.010868,0.0,0.0,0.0,0.0,0.0,0.0,1.962901,0.0,0.0,0.0,0.0,0.0,0.0,0.0,0.0,0.0,0.0,0.0,2.352779,0.0,0.0,0.0,0.0,0.0,0.0,0.0,0.0,0.0,0.0,0.0,0.0,0.0,0.0,0.0,1.518711,0.0,0.0,0.0,0.0,0.0,0.0,0.0,0.0,0.0,0.0,0.0,0.0,0.0
HSPA8,0.0,0.0,1.720847,0.0,0.0,0.0,0.0,0.0,0.0,0.0,2.047976,0.0,0.0,0.0,0.0,0.0,0.0,0.0,0.0,0.0,2.107231,0.0,0.0,0.0,0.0,0.0,0.0,0.0,0.0,0.0,2.094015,0.0,0.0,0.0,0.0,2.367547,0.0,0.0,0.0,2.339117,0.0,0.0,0.0,0.0,0.0,0.0,0.0,2.078567,0.0,0.0,1.606564,0.0,0.0,2.095889,2.183826,0.0,0.0,0.0,0.0,0.0,0.0,2.165166,2.874041,0.0,2.230622,0.0,0.0
BMPR2,0.0,0.0,0.0,2.29622,0.0,0.0,0.0,2.274021,0.0,0.0,0.0,0.0,0.0,0.0,1.713724,0.0,0.0,0.0,0.0,0.0,0.0,0.0,0.0,0.0,0.0,0.0,0.0,0.0,0.0,0.0,0.0,0.0,0.0,0.0,0.0,0.0,0.0,0.0,0.0,0.0,0.0,0.0,0.0,0.0,0.0,0.0,0.0,0.0,0.0,0.0,0.0,0.0,0.0,0.0,0.0,0.0,0.0,0.0,0.0,0.0,0.0,0.0,0.0,0.0,0.0,0.0,2.304297
LPP,0.0,0.0,0.0,0.0,0.0,0.0,0.0,0.0,2.068839,1.671058,0.0,2.239567,0.0,0.0,1.713724,0.0,0.0,0.0,2.365796,0.0,0.0,0.0,0.0,0.0,0.0,0.0,0.0,0.0,0.0,0.0,0.0,0.0,0.0,0.0,0.0,0.0,0.0,0.0,2.279514,0.0,0.0,0.0,0.0,0.0,2.121967,0.0,0.0,0.0,0.0,0.0,0.0,0.0,0.0,0.0,0.0,0.0,0.0,2.124558,0.0,2.133695,0.0,0.0,3.260504,0.0,0.0,0.0,0.0
ZNF397,0.0,0.0,0.0,2.29622,0.0,0.0,0.0,0.0,2.068839,0.0,0.0,0.0,0.0,0.0,0.0,0.0,0.0,0.0,0.0,0.0,0.0,0.0,0.0,0.0,0.0,0.0,0.0,0.0,0.0,0.0,0.0,0.0,0.0,0.0,0.0,0.0,0.0,0.0,0.0,0.0,0.0,0.0,0.0,0.0,0.0,0.0,0.0,0.0,0.0,0.0,0.0,2.22914,0.0,0.0,0.0,0.0,0.0,0.0,0.0,0.0,0.0,0.0,0.0,0.0,0.0,0.0,0.0
FXYD1,0.0,0.0,0.0,0.0,0.0,0.0,0.0,0.0,0.0,0.0,2.047976,0.0,2.369301,0.0,0.0,0.0,0.0,0.0,0.0,0.0,0.0,0.0,1.976168,0.0,0.0,0.0,0.0,0.0,0.0,2.305922,0.0,0.0,0.0,0.0,0.0,0.0,0.0,0.0,0.0,0.0,0.0,0.0,0.0,0.0,0.0,0.0,0.0,0.0,0.0,0.0,0.0,0.0,0.0,1.518711,0.0,0.0,0.0,0.0,0.0,0.0,0.0,0.0,0.0,0.0,0.0,0.0,0.0
ATP6V1E1,0.0,0.0,0.0,0.0,0.0,0.0,0.0,0.0,0.0,0.0,0.0,0.0,2.369301,0.0,0.0,0.0,0.0,0.0,0.0,0.0,0.0,0.0,0.0,0.0,0.0,0.0,0.0,0.0,0.0,0.0,0.0,0.0,0.0,0.0,0.0,0.0,0.0,0.0,0.0,2.339117,0.0,0.0,0.0,0.0,0.0,0.0,2.560346,0.0,0.0,0.0,0.0,0.0,0.0,0.0,2.183826,0.0,0.0,0.0,0.0,0.0,0.0,0.0,0.0,0.0,0.0,0.0,0.0
ATOX1,0.0,0.0,0.0,0.0,0.0,0.0,0.0,0.0,0.0,1.671058,0.0,0.0,0.0,0.0,1.713724,0.0,0.0,0.0,0.0,2.779884,0.0,0.0,0.0,0.0,0.0,0.0,0.0,0.0,0.0,0.0,0.0,0.0,0.0,0.0,0.0,0.0,2.088418,0.0,0.0,0.0,0.0,0.0,0.0,0.0,0.0,0.0,0.0,0.0,1.575444,0.0,0.0,0.0,0.0,0.0,0.0,0.0,0.0,0.0,0.0,2.765818,1.732244,0.0,0.0,0.0,0.0,2.610246,0.0
PLPP3,0.0,0.0,0.0,0.0,0.0,0.0,0.0,0.0,0.0,0.0,0.0,0.0,0.0,0.0,0.0,0.0,0.0,0.0,0.0,0.0,0.0,0.0,0.0,0.0,2.2254489746005,0.0,0.0,0.0,0.0,0.0,0.0,0.0,0.0,0.0,0.0,0.0,0.0,0.0,0.0,0.0,0.0,0.0,0.0,0.0,0.0,0.0,0.0,0.0,0.0,0.0,0.0,0.0,0.0,0.0,0.0,0.0,0.0,0.0,0.0,0.0,0.0,0.0,0.0,0.0,0.0,0.0,0.0
ATP6V0E1,2.357528,0.0,2.32028,0.0,0.0,0.0,2.065222,0.0,0.0,2.265462,0.0,0.0,0.0,3.424359,0.0,0.0,2.144269,0.0,3.010868,0.0,2.107231,0.0,0.0,1.665819,0.0,0.0,0.0,0.0,0.0,0.0,0.0,0.0,0.0,0.0,0.0,2.367547,2.088418,0.0,2.279514,0.0,0.0,1.923451,0.0,2.250889,2.121967,0.0,1.941637,0.0,0.0,2.63272,2.194031,2.22914,0.0,2.095889,0.0,0.0,0.0,0.0,1.986951,3.150085,2.33279,0.0,0.0,0.0,2.230622,1.988038,0.0
KLF2,0.0,0.0,0.0,0.0,0.0,0.0,2.065222,0.0,0.0,1.671058,0.0,0.0,0.0,0.0,1.713724,0.0,0.0,3.673454,0.0,0.0,0.0,0.0,0.0,1.665819,0.0,0.0,2.973122,0.0,0.0,0.0,0.0,0.0,0.0,0.0,0.0,0.0,0.0,0.0,0.0,0.0,0.0,0.0,0.0,0.0,0.0,0.0,0.0,0.0,1.575444,0.0,0.0,0.0,2.008989,0.0,0.0,0.0,0.0,0.0,0.0,0.0,0.0,0.0,2.874041,0.0,0.0,0.0,0.0
IRF8,0.0,0.0,0.0,0.0,0.0,0.0,0.0,0.0,0.0,0.0,0.0,0.0,0.0,0.0,0.0,0.0,0.0,0.0,0.0,2.146934,0.0,0.0,0.0,0.0,0.0,0.0,0.0,0.0,0.0,0.0,0.0,0.0,0.0,0.0,0.0,0.0,0.0,0.0,0.0,0.0,0.0,0.0,0.0,0.0,0.0,0.0,0.0,0.0,0.0,0.0,0.0,0.0,0.0,0.0,0.0,0.0,0.0,0.0,0.0,0.0,0.0,0.0,0.0,0.0,0.0,0.0,0.0
RPL23,3.390959,0.0,3.351151,2.29622,2.949665,3.371295,2.692876,0.0,2.068839,3.292377,3.332518,2.239567,2.369301,3.035048,2.954825,3.621406,3.16156,2.360564,3.679083,3.164451,0.0,3.624244,2.597497,2.259678,2.225449,3.237886,0.0,3.003556,3.40352,2.947951,0.0,3.113069,3.412699,2.937738,3.509002,3.012705,2.088418,0.0,2.920139,2.339117,0.0,2.919586,2.272458,0.0,3.414119,2.385264,2.560346,3.090088,3.177942,3.013932,3.0411,0.0,3.289264,3.601777,2.183826,3.10693,2.823479,2.756103,3.264731,3.150085,0.0,2.799237,3.260504,2.084709,2.86854,3.265942,2.304297
SAP18,0.0,0.0,0.0,0.0,0.0,0.0,0.0,0.0,0.0,1.671058,0.0,2.239567,2.369301,0.0,1.713724,2.113604,0.0,0.0,0.0,0.0,0.0,0.0,1.976168,0.0,0.0,0.0,0.0,0.0,0.0,0.0,2.094015,2.099651,0.0,0.0,2.208684,0.0,0.0,0.0,0.0,0.0,0.0,1.923451,0.0,0.0,0.0,0.0,0.0,2.078567,0.0,0.0,0.0,0.0,2.008989,0.0,0.0,0.0,0.0,0.0,0.0,0.0,2.33279,0.0,0.0,0.0,2.230622,0.0,0.0
EIF1,1.754819,0.0,0.0,2.937738,2.30755,2.982857,2.692876,2.274021,2.068839,2.265462,2.674451,2.239567,2.369301,2.388854,2.954825,2.744449,3.655296,0.0,0.0,2.146934,3.614349,2.747177,2.597497,1.665819,3.527259,0.0,2.329854,3.003556,2.743088,2.947951,0.0,3.389573,2.751972,2.29622,2.845343,3.899057,0.0,0.0,2.279514,0.0,2.705162,2.919586,3.29989,0.0,2.753347,2.385264,2.560346,3.090088,2.525621,2.008989,2.829832,2.22914,2.008989,1.518711,3.204398,2.723587,2.188033,0.0,2.609079,0.0,1.732244,3.184208,2.874041,3.096788,2.86854,1.988038,2.304297
EPS8,0.0,0.0,0.0,0.0,0.0,0.0,0.0,2.274021,0.0,0.0,0.0,0.0,0.0,0.0,1.713724,0.0,0.0,0.0,0.0,0.0,0.0,0.0,0.0,0.0,0.0,0.0,0.0,0.0,0.0,0.0,0.0,0.0,0.0,0.0,0.0,0.0,0.0,0.0,0.0,0.0,0.0,0.0,0.0,0.0,0.0,0.0,0.0,0.0,0.0,0.0,0.0,0.0,0.0,0.0,0.0,0.0,0.0,0.0,0.0,0.0,0.0,0.0,0.0,0.0,0.0,0.0,0.0
RAB2A,0.0,2.202934,0.0,0.0,0.0,0.0,0.0,0.0,0.0,0.0,0.0,2.239567,0.0,0.0,1.713724,0.0,2.144269,0.0,0.0,0.0,0.0,0.0,0.0,0.0,0.0,0.0,0.0,0.0,0.0,0.0,0.0,0.0,0.0,0.0,0.0,0.0,0.0,0.0,2.279514,0.0,0.0,0.0,0.0,0.0,0.0,0.0,0.0,0.0,1.575444,0.0,0.0,0.0,0.0,0.0,0.0,0.0,0.0,0.0,0.0,0.0,0.0,0.0,0.0,0.0,0.0,1.988038,2.304297
SAMHD1,0.0,0.0,0.0,0.0,0.0,0.0,0.0,0.0,0.0,0.0,0.0,0.0,0.0,2.388854,0.0,0.0,0.0,0.0,0.0,0.0,0.0,0.0,0.0,0.0,0.0,0.0,0.0,0.0,0.0,0.0,0.0,0.0,0.0,0.0,0.0,2.367547,0.0,0.0,0.0,0.0,0.0,0.0,0.0,0.0,2.121967,0.0,0.0,0.0,0.0,0.0,1.606564,0.0,0.0,0.0,0.0,0.0,0.0,0.0,0.0,2.133695,0.0,0.0,0.0,0.0,0.0,0.0,0.0
TIMP2,0.0,0.0,0.0,0.0,0.0,0.0,0.0,0.0,0.0,0.0,0.0,0.0,0.0,0.0,0.0,0.0,0.0,0.0,0.0,0.0,0.0,0.0,0.0,0.0,0.0,0.0,0.0,0.0,0.0,0.0,0.0,0.0,0.0,0.0,0.0,0.0,0.0,0.0,0.0,2.339117,0.0,0.0,0.0,0.0,0.0,0.0,0.0,0.0,0.0,0.0,1.606564,0.0,0.0,0.0,0.0,0.0,0.0,0.0,0.0,0.0,0.0,0.0,0.0,0.0,0.0,0.0,0.0
INPP5D,0.0,0.0,0.0,0.0,0.0,0.0,2.065222,0.0,0.0,0.0,0.0,0.0,0.0,0.0,0.0,0.0,0.0,0.0,0.0,0.0,0.0,0.0,0.0,0.0,0.0,1.962901,0.0,0.0,2.112325,0.0,0.0,0.0,0.0,2.29622,0.0,0.0,0.0,0.0,0.0,0.0,0.0,0.0,0.0,0.0,0.0,0.0,0.0,0.0,1.575444,0.0,0.0,0.0,0.0,0.0,0.0,0.0,0.0,0.0,0.0,0.0,0.0,0.0,0.0,0.0,0.0,0.0,0.0
SEPT7,1.754819,0.0,2.32028,0.0,0.0,2.339117,0.0,0.0,2.068839,0.0,0.0,0.0,3.014546,2.388854,1.713724,0.0,0.0,0.0,2.365796,0.0,2.107231,0.0,0.0,1.665819,0.0,1.962901,2.973122,0.0,0.0,2.305922,0.0,2.099651,0.0,0.0,0.0,2.367547,0.0,0.0,2.920139,2.339117,0.0,0.0,2.272458,2.889947,2.121967,2.385264,0.0,0.0,1.575444,0.0,0.0,0.0,2.63272,0.0,0.0,0.0,2.823479,0.0,0.0,0.0,0.0,0.0,2.874041,2.084709,0.0,1.988038,0.0
NAPA,1.754819,0.0,0.0,0.0,0.0,0.0,0.0,0.0,0.0,1.671058,0.0,0.0,0.0,0.0,0.0,0.0,0.0,0.0,0.0,0.0,0.0,0.0,1.976168,0.0,0.0,0.0,0.0,0.0,0.0,0.0,0.0,0.0,0.0,0.0,0.0,0.0,0.0,0.0,0.0,0.0,0.0,0.0,0.0,2.250889,0.0,0.0,0.0,0.0,0.0,0.0,1.606564,0.0,0.0,0.0,0.0,0.0,0.0,0.0,0.0,0.0,0.0,0.0,0.0,0.0,0.0,0.0,0.0
COPS8,0.0,0.0,0.0,0.0,0.0,0.0,0.0,0.0,0.0,0.0,0.0,0.0,0.0,0.0,0.0,0.0,0.0,0.0,0.0,0.0,0.0,0.0,0.0,0.0,0.0,0.0,0.0,0.0,0.0,0.0,0.0,0.0,0.0,0.0,0.0,0.0,0.0,0.0,0.0,0.0,0.0,0.0,0.0,0.0,0.0,0.0,0.0,0.0,1.575444,0.0,0.0,0.0,0.0,0.0,2.183826,0.0,0.0,0.0,0.0,0.0,0.0,0.0,0.0,0.0,0.0,0.0,0.0
SOX4,0.0,0.0,0.0,0.0,0.0,0.0,0.0,0.0,0.0,0.0,0.0,0.0,0.0,0.0,0.0,0.0,0.0,0.0,0.0,0.0,2.107231,0.0,0.0,0.0,0.0,0.0,0.0,0.0,0.0,0.0,0.0,2.099651,0.0,0.0,0.0,0.0,0.0,0.0,0.0,0.0,0.0,0.0,0.0,0.0,0.0,0.0,0.0,0.0,0.0,0.0,0.0,0.0,0.0,0.0,0.0,0.0,0.0,0.0,0.0,0.0,0.0,2.165166,0.0,0.0,0.0,0.0,0.0
TAF12,0.0,0.0,0.0,0.0,0.0,2.33911673496303,0.0,0.0,0.0,0.0,0.0,0.0,0.0,0.0,0.0,0.0,0.0,0.0,0.0,0.0,0.0,0.0,0.0,0.0,0.0,0.0,0.0,0.0,0.0,0.0,0.0,2.09965141229548,0.0,0.0,0.0,0.0,0.0,0.0,0.0,0.0,0.0,0.0,0.0,0.0,0.0,0.0,0.0,0.0,0.0,0.0,0.0,0.0,0.0,0.0,0.0,0.0,0.0,0.0,0.0,0.0,0.0,0.0,0.0,0.0,0.0,0.0,0.0
EMP1,0.0,0.0,0.0,0.0,0.0,0.0,0.0,0.0,0.0,0.0,0.0,0.0,0.0,0.0,0.0,0.0,0.0,0.0,0.0,0.0,0.0,0.0,0.0,0.0,0.0,0.0,0.0,0.0,0.0,0.0,0.0,0.0,0.0,0.0,0.0,0.0,0.0,0.0,0.0,0.0,0.0,0.0,0.0,0.0,0.0,0.0,0.0,0.0,0.0,0.0,0.0,0.0,0.0,0.0,0.0,0.0,0.0,0.0,0.0,0.0,0.0,0.0,0.0,0.0,0.0,0.0,0.0
RPL7,3.540287,4.400791,3.630034,0.0,2.949665,2.982857,2.692876,2.914348,3.35559,3.292377,3.056667,2.239567,3.40352,3.035048,3.167496,3.79926,3.655296,2.360564,3.679083,2.146934,2.107231,3.624244,1.976168,4.24334,2.225449,3.630183,2.329854,4.068535,3.126863,3.335779,3.10693,2.729593,3.135941,2.29622,3.726142,3.680966,3.593488,2.352779,3.585953,2.339117,3.364308,2.919586,2.912701,3.276712,2.753347,2.385264,4.19978,4.441664,2.525621,2.63272,2.194031,2.866975,3.289264,3.857827,2.819021,3.383364,2.823479,3.416965,3.264731,3.426997,2.33279,4.138814,2.235827,3.917921,3.532886,1.988038,3.612768
VPS28,1.754819,2.202934,0.0,2.29622,0.0,0.0,0.0,0.0,0.0,0.0,0.0,0.0,0.0,0.0,2.312454,2.113604,0.0,0.0,0.0,2.146934,0.0,0.0,0.0,0.0,0.0,0.0,0.0,0.0,0.0,0.0,0.0,0.0,0.0,0.0,0.0,2.367547,0.0,2.352779,0.0,0.0,0.0,2.540741,0.0,0.0,0.0,0.0,0.0,0.0,0.0,0.0,0.0,0.0,0.0,0.0,0.0,0.0,0.0,0.0,0.0,0.0,0.0,0.0,0.0,0.0,0.0,2.610246,0.0
CPNE3,0.0,0.0,0.0,2.29622,0.0,0.0,0.0,2.274021,0.0,0.0,0.0,0.0,0.0,0.0,0.0,2.113604,0.0,0.0,0.0,0.0,0.0,2.116168,0.0,0.0,0.0,0.0,0.0,0.0,0.0,0.0,2.094015,0.0,2.120674,0.0,0.0,0.0,0.0,0.0,0.0,0.0,0.0,0.0,0.0,0.0,0.0,0.0,0.0,0.0,0.0,0.0,0.0,2.22914,0.0,0.0,2.183826,0.0,0.0,0.0,0.0,0.0,0.0,0.0,0.0,0.0,0.0,0.0,0.0
LINC00493,0.0,2.202934,0.0,0.0,0.0,0.0,0.0,2.274021,0.0,0.0,0.0,0.0,0.0,0.0,0.0,0.0,0.0,0.0,0.0,0.0,0.0,0.0,1.976168,0.0,0.0,0.0,0.0,0.0,0.0,0.0,0.0,0.0,0.0,0.0,0.0,0.0,0.0,0.0,0.0,2.339117,0.0,0.0,0.0,0.0,2.121967,0.0,0.0,0.0,0.0,0.0,0.0,0.0,0.0,1.518711,0.0,2.094015,0.0,0.0,0.0,0.0,0.0,0.0,0.0,0.0,2.230622,0.0,0.0
COL18A1,0.0,0.0,0.0,0.0,0.0,0.0,0.0,0.0,0.0,0.0,0.0,0.0,0.0,0.0,0.0,0.0,0.0,0.0,0.0,0.0,0.0,0.0,0.0,0.0,0.0,0.0,0.0,0.0,0.0,0.0,0.0,0.0,0.0,0.0,0.0,0.0,0.0,0.0,0.0,0.0,0.0,0.0,0.0,0.0,0.0,0.0,0.0,0.0,0.0,0.0,0.0,0.0,0.0,0.0,0.0,0.0,0.0,0.0,0.0,0.0,0.0,0.0,0.0,0.0,0.0,0.0,0.0
RPL32,4.145849,3.89811,4.751273,4.151919,4.295899,4.550933,4.340652,4.127598,4.430669,3.685376,4.227154,4.441387,4.231632,3.922071,4.018095,4.395168,4.231526,4.353826,3.679083,3.441517,4.190093,4.563207,4.325198,5.125809,4.519983,4.654333,3.640365,4.068535,4.479712,4.162532,3.928331,4.065715,4.568276,4.000387,3.509002,4.762637,5.180678,3.385889,4.265148,4.550933,2.076734,3.585384,4.57198,4.233663,4.49055,4.248974,4.569775,4.786501,4.132382,4.362708,4.650401,4.325812,4.276854,4.806112,3.481882,4.373135,4.564472,4.09357,4.621951,4.219716,3.643532,4.88411,4.531485,3.58937,4.211315,4.15907,3.830502
FABP5,1.754819,0.0,0.0,0.0,0.0,0.0,0.0,0.0,0.0,0.0,0.0,0.0,0.0,0.0,2.684356,0.0,0.0,0.0,0.0,0.0,0.0,0.0,0.0,0.0,0.0,0.0,0.0,0.0,0.0,0.0,0.0,0.0,0.0,0.0,0.0,0.0,0.0,0.0,0.0,0.0,0.0,0.0,2.272458,0.0,0.0,0.0,0.0,0.0,0.0,0.0,0.0,0.0,0.0,0.0,0.0,0.0,0.0,2.124558,0.0,0.0,0.0,2.165166,0.0,0.0,0.0,0.0,0.0
DYNLT1,0.0,2.202934,0.0,0.0,0.0,0.0,2.065222,0.0,0.0,0.0,0.0,0.0,0.0,0.0,2.312454,0.0,2.144269,0.0,0.0,0.0,0.0,0.0,0.0,0.0,0.0,0.0,0.0,0.0,0.0,0.0,2.723587,0.0,0.0,0.0,0.0,0.0,0.0,0.0,0.0,0.0,0.0,1.923451,2.272458,0.0,0.0,0.0,0.0,2.707117,0.0,0.0,0.0,0.0,0.0,0.0,2.183826,0.0,0.0,0.0,0.0,0.0,1.732244,2.165166,0.0,0.0,2.230622,0.0,0.0
STAT3,1.754819,0.0,0.0,0.0,0.0,0.0,0.0,0.0,0.0,0.0,0.0,0.0,0.0,0.0,0.0,0.0,0.0,0.0,0.0,0.0,0.0,0.0,0.0,0.0,0.0,0.0,2.329854,0.0,0.0,0.0,0.0,0.0,2.120674,0.0,0.0,0.0,0.0,0.0,0.0,0.0,0.0,1.923451,0.0,0.0,2.121967,0.0,0.0,0.0,0.0,0.0,0.0,0.0,0.0,1.518711,2.183826,0.0,0.0,0.0,1.986951,0.0,0.0,0.0,0.0,0.0,0.0,0.0,0.0
ARPC2,3.002192,2.839257,1.720847,0.0,2.30755,0.0,0.0,0.0,2.068839,2.635721,2.047976,0.0,3.40352,0.0,0.0,0.0,0.0,2.360564,0.0,0.0,2.737665,0.0,1.976168,1.665819,0.0,0.0,0.0,0.0,0.0,2.305922,2.094015,0.0,0.0,2.29622,0.0,0.0,2.088418,0.0,2.920139,0.0,0.0,0.0,0.0,2.250889,0.0,0.0,0.0,2.078567,0.0,0.0,2.561633,2.866975,2.008989,2.459503,2.183826,2.723587,3.208945,0.0,0.0,2.765818,2.705379,2.165166,0.0,2.084709,2.230622,2.610246,0.0
EEF1A1,3.540287,3.22504,4.178221,2.937738,4.164312,4.198772,3.567707,3.580001,3.749358,3.117461,2.047976,3.542611,4.363345,3.424359,3.736391,3.621406,4.115557,4.222129,4.076097,2.146934,2.737665,4.084196,3.926327,4.796783,4.205604,4.309986,2.973122,3.671585,3.126863,3.335779,4.059399,4.181591,3.135941,2.937738,3.904442,3.680966,3.922071,2.997206,4.133622,2.982857,0.0,0.0,3.974422,3.554911,3.808555,3.700011,4.569775,4.157899,3.177942,3.013932,4.039521,4.20968,4.079265,4.776507,0.0,3.777454,2.823479,3.811433,4.251718,2.765818,3.513731,4.007558,2.235827,3.373107,3.532886,3.939824,2.946241
PARK7,0.0,0.0,0.0,0.0,0.0,0.0,0.0,0.0,0.0,0.0,0.0,0.0,0.0,2.38885361988142,0.0,0.0,0.0,0.0,0.0,2.14693417019908,0.0,0.0,0.0,0.0,0.0,0.0,0.0,0.0,0.0,0.0,0.0,0.0,0.0,0.0,0.0,2.367546638764,0.0,2.35277882971183,0.0,2.33911673496303,0.0,0.0,0.0,0.0,0.0,0.0,0.0,2.0785670335349,1.5754438385365,0.0,0.0,0.0,0.0,0.0,0.0,0.0,0.0,0.0,2.98970407117115,0.0,1.73224424421223,2.1651660828208,0.0,0.0,0.0,1.98803833847065,2.30429688223136
FILIP1L,1.754819,0.0,0.0,0.0,0.0,0.0,0.0,0.0,0.0,0.0,0.0,0.0,0.0,0.0,0.0,0.0,0.0,0.0,0.0,0.0,0.0,0.0,0.0,0.0,0.0,0.0,0.0,0.0,0.0,0.0,0.0,0.0,0.0,0.0,0.0,0.0,0.0,0.0,0.0,0.0,0.0,0.0,0.0,0.0,0.0,0.0,0.0,0.0,0.0,0.0,0.0,0.0,0.0,0.0,0.0,0.0,0.0,0.0,0.0,0.0,0.0,0.0,0.0,0.0,0.0,0.0,0.0
GLUL,0.0,0.0,0.0,0.0,0.0,0.0,0.0,0.0,0.0,0.0,0.0,0.0,0.0,0.0,0.0,0.0,0.0,0.0,0.0,0.0,0.0,0.0,0.0,0.0,0.0,0.0,0.0,0.0,0.0,0.0,0.0,0.0,0.0,0.0,0.0,0.0,0.0,0.0,0.0,0.0,2.0767337617138,0.0,0.0,0.0,0.0,0.0,0.0,0.0,0.0,0.0,1.60656411784832,0.0,0.0,0.0,0.0,2.09401455295064,0.0,0.0,0.0,0.0,0.0,0.0,0.0,0.0,0.0,0.0,0.0
SEL1L3,0.0,0.0,0.0,0.0,2.30755,0.0,0.0,0.0,0.0,0.0,2.674451,0.0,0.0,0.0,0.0,0.0,2.144269,0.0,0.0,0.0,0.0,0.0,0.0,0.0,0.0,0.0,0.0,0.0,2.112325,0.0,0.0,0.0,0.0,0.0,0.0,0.0,0.0,0.0,0.0,0.0,0.0,0.0,0.0,0.0,0.0,0.0,1.941637,0.0,0.0,0.0,0.0,0.0,0.0,0.0,0.0,0.0,0.0,0.0,0.0,0.0,1.732244,0.0,0.0,0.0,0.0,0.0,0.0
TGFBR2,0.0,0.0,0.0,0.0,0.0,0.0,0.0,0.0,0.0,0.0,0.0,0.0,0.0,2.388854,2.312454,0.0,0.0,0.0,0.0,0.0,2.107231,2.747177,0.0,0.0,0.0,0.0,2.329854,0.0,0.0,0.0,0.0,0.0,0.0,0.0,0.0,0.0,0.0,0.0,0.0,0.0,0.0,1.923451,2.272458,0.0,2.121967,0.0,0.0,0.0,0.0,2.008989,0.0,0.0,0.0,0.0,0.0,0.0,0.0,0.0,0.0,0.0,0.0,0.0,0.0,0.0,0.0,0.0,0.0
NFE2L1,0.0,0.0,0.0,0.0,0.0,0.0,0.0,0.0,0.0,0.0,0.0,0.0,0.0,0.0,0.0,0.0,0.0,0.0,0.0,0.0,0.0,0.0,0.0,0.0,0.0,0.0,0.0,0.0,0.0,2.305922,0.0,0.0,0.0,0.0,0.0,0.0,0.0,0.0,0.0,0.0,0.0,0.0,0.0,0.0,0.0,0.0,0.0,0.0,1.575444,0.0,0.0,0.0,0.0,0.0,0.0,0.0,0.0,0.0,0.0,0.0,0.0,0.0,0.0,0.0,0.0,0.0,0.0
HLA-C,3.002192,2.202934,1.720847,2.937738,3.616284,3.371295,3.075521,2.914348,0.0,3.292377,0.0,3.542611,2.369301,0.0,2.684356,2.744449,0.0,2.360564,0.0,2.779884,3.397916,0.0,2.977829,0.0,2.225449,2.963201,3.361393,3.003556,2.112325,2.305922,3.10693,3.389573,2.120674,0.0,2.208684,3.012705,2.088418,3.665073,2.920139,2.982857,2.076734,0.0,2.272458,3.554911,0.0,3.700011,3.214088,0.0,2.525621,2.008989,1.606564,2.866975,3.013932,2.095889,3.204398,2.094015,3.208945,3.416965,2.609079,2.133695,3.189102,2.165166,0.0,3.096788,2.230622,2.9909,2.946241
C9orf16,2.357528,0.0,0.0,0.0,2.30755,0.0,0.0,0.0,0.0,0.0,3.332518,0.0,2.369301,0.0,1.713724,0.0,0.0,0.0,0.0,0.0,0.0,2.116168,1.976168,0.0,2.225449,1.962901,0.0,0.0,0.0,2.305922,2.094015,2.099651,2.120674,0.0,2.208684,0.0,0.0,0.0,2.279514,2.339117,0.0,1.923451,2.272458,0.0,3.137345,0.0,0.0,0.0,0.0,2.008989,1.606564,0.0,2.008989,2.459503,0.0,0.0,2.188033,0.0,0.0,2.133695,2.33279,0.0,2.235827,2.084709,0.0,0.0,0.0
NEMF,0.0,0.0,1.720847,0.0,0.0,0.0,0.0,0.0,0.0,0.0,0.0,0.0,0.0,0.0,0.0,0.0,0.0,2.360564,0.0,0.0,0.0,0.0,0.0,0.0,0.0,0.0,2.329854,0.0,0.0,0.0,0.0,0.0,0.0,0.0,0.0,0.0,0.0,0.0,0.0,0.0,0.0,0.0,0.0,0.0,0.0,0.0,0.0,0.0,0.0,0.0,0.0,0.0,2.008989,0.0,0.0,0.0,0.0,2.124558,0.0,0.0,1.732244,0.0,0.0,0.0,0.0,0.0,0.0
PFDN5,2.730933,2.202934,3.175814,3.325383,2.30755,2.339117,2.692876,2.914348,2.696737,1.671058,3.056667,2.239567,3.40352,3.035048,2.684356,3.404926,0.0,0.0,2.365796,0.0,2.737665,2.747177,1.976168,3.56445,2.863073,2.963201,0.0,3.392346,2.743088,3.832268,2.723587,0.0,3.412699,3.325383,2.208684,2.367547,2.088418,2.352779,3.307465,0.0,0.0,2.540741,2.272458,3.276712,2.121967,0.0,1.941637,3.366331,3.00392,2.63272,2.194031,0.0,2.008989,2.095889,3.204398,3.10693,3.208945,2.124558,2.609079,2.133695,2.33279,0.0,2.235827,0.0,3.750168,2.610246,2.304297
ENY2,0.0,0.0,1.720847,2.29622,0.0,0.0,0.0,0.0,0.0,0.0,2.047976,0.0,0.0,0.0,0.0,0.0,0.0,0.0,0.0,0.0,2.107231,0.0,0.0,0.0,0.0,0.0,0.0,0.0,0.0,0.0,0.0,0.0,0.0,0.0,0.0,0.0,0.0,0.0,0.0,0.0,2.076734,0.0,2.272458,0.0,2.121967,0.0,0.0,0.0,2.159381,0.0,0.0,0.0,0.0,0.0,0.0,0.0,0.0,0.0,0.0,2.133695,0.0,0.0,0.0,0.0,0.0,0.0,0.0
COX7C,2.357528,2.202934,1.720847,2.29622,2.949665,0.0,2.692876,2.914348,0.0,0.0,2.674451,2.239567,2.369301,2.388854,2.684356,2.113604,3.438595,0.0,3.010868,3.441517,2.107231,2.747177,2.977829,1.665819,2.225449,2.583235,2.329854,3.003556,2.112325,0.0,0.0,3.113069,2.120674,2.29622,2.208684,2.367547,2.717622,2.997206,0.0,0.0,2.076734,0.0,0.0,0.0,0.0,0.0,2.939715,2.707117,0.0,0.0,2.194031,2.866975,2.008989,2.459503,0.0,2.094015,2.823479,0.0,0.0,3.150085,2.33279,0.0,0.0,3.096788,0.0,2.610246,0.0
ALOX5AP,0.0,0.0,1.720847,0.0,0.0,0.0,0.0,2.274021,0.0,0.0,0.0,0.0,0.0,2.388854,1.713724,0.0,0.0,0.0,0.0,0.0,0.0,0.0,2.597497,0.0,2.225449,0.0,0.0,0.0,0.0,0.0,0.0,0.0,0.0,2.937738,0.0,0.0,2.088418,0.0,0.0,0.0,2.076734,2.540741,0.0,2.250889,3.137345,0.0,0.0,0.0,0.0,0.0,2.194031,0.0,2.008989,0.0,0.0,2.723587,0.0,0.0,0.0,0.0,0.0,0.0,0.0,0.0,0.0,1.988038,0.0
RPL22L1,0.0,0.0,0.0,0.0,0.0,0.0,0.0,0.0,0.0,0.0,0.0,0.0,0.0,0.0,0.0,0.0,0.0,0.0,2.365796,2.146934,0.0,0.0,0.0,0.0,0.0,0.0,0.0,0.0,0.0,2.305922,0.0,0.0,0.0,0.0,0.0,0.0,0.0,0.0,0.0,0.0,0.0,0.0,0.0,2.250889,0.0,0.0,0.0,0.0,0.0,0.0,0.0,0.0,0.0,0.0,0.0,2.094015,0.0,0.0,0.0,0.0,0.0,0.0,0.0,0.0,0.0,0.0,0.0
NDUFB2,2.730933,0.0,0.0,0.0,2.30755,0.0,0.0,2.274021,0.0,0.0,2.047976,2.239567,0.0,0.0,0.0,0.0,0.0,0.0,0.0,0.0,0.0,0.0,1.976168,1.665819,0.0,0.0,0.0,0.0,0.0,0.0,0.0,2.099651,0.0,0.0,2.208684,0.0,0.0,0.0,0.0,0.0,2.076734,0.0,2.912701,0.0,2.121967,0.0,0.0,2.078567,0.0,0.0,1.606564,0.0,0.0,0.0,0.0,0.0,0.0,0.0,1.986951,0.0,2.705379,0.0,0.0,0.0,2.86854,0.0,2.304297
SCP2,0.0,0.0,0.0,0.0,0.0,0.0,0.0,0.0,0.0,0.0,0.0,2.23956666872002,0.0,0.0,1.71372414789283,0.0,0.0,0.0,0.0,0.0,0.0,0.0,0.0,0.0,0.0,0.0,0.0,0.0,0.0,0.0,0.0,0.0,0.0,0.0,2.20868396862704,0.0,0.0,0.0,2.27951397209273,0.0,0.0,0.0,0.0,0.0,0.0,0.0,1.94163663827793,0.0,1.5754438385365,0.0,0.0,0.0,0.0,0.0,0.0,0.0,0.0,0.0,0.0,2.1336948960358,0.0,0.0,0.0,0.0,0.0,0.0,2.30429688223136
ALG5,0.0,0.0,1.720847,0.0,0.0,0.0,0.0,0.0,0.0,0.0,0.0,0.0,0.0,0.0,1.713724,0.0,0.0,0.0,0.0,0.0,0.0,0.0,0.0,0.0,0.0,0.0,0.0,0.0,0.0,0.0,0.0,0.0,0.0,0.0,0.0,0.0,0.0,0.0,0.0,0.0,0.0,0.0,0.0,2.250889,0.0,0.0,0.0,0.0,0.0,0.0,0.0,0.0,0.0,0.0,0.0,0.0,0.0,0.0,0.0,0.0,0.0,0.0,0.0,0.0,0.0,0.0,0.0
ARL2,0.0,0.0,0.0,2.29622,0.0,0.0,0.0,0.0,0.0,0.0,0.0,0.0,0.0,0.0,2.312454,0.0,0.0,0.0,0.0,0.0,0.0,0.0,0.0,0.0,0.0,0.0,0.0,0.0,0.0,0.0,2.094015,2.099651,0.0,0.0,0.0,0.0,0.0,0.0,0.0,0.0,0.0,0.0,0.0,0.0,0.0,0.0,0.0,0.0,0.0,0.0,0.0,0.0,0.0,0.0,0.0,0.0,0.0,0.0,0.0,0.0,1.732244,0.0,0.0,0.0,0.0,1.988038,0.0
PLPP5,0.0,0.0,0.0,0.0,0.0,0.0,0.0,0.0,0.0,0.0,0.0,0.0,0.0,0.0,0.0,0.0,0.0,0.0,0.0,0.0,0.0,0.0,0.0,0.0,0.0,0.0,0.0,0.0,0.0,0.0,0.0,0.0,0.0,0.0,0.0,0.0,0.0,0.0,0.0,0.0,0.0,0.0,0.0,0.0,0.0,0.0,0.0,0.0,0.0,0.0,0.0,0.0,0.0,0.0,0.0,0.0,0.0,0.0,0.0,0.0,0.0,0.0,0.0,0.0,0.0,0.0,0.0
MAP1LC3B,1.754819,0.0,0.0,0.0,0.0,0.0,0.0,0.0,0.0,0.0,0.0,2.239567,0.0,0.0,1.713724,0.0,0.0,0.0,0.0,0.0,2.107231,0.0,1.976168,1.665819,0.0,0.0,2.329854,0.0,0.0,0.0,0.0,0.0,0.0,0.0,2.208684,0.0,2.088418,0.0,0.0,0.0,0.0,0.0,0.0,0.0,0.0,0.0,0.0,2.078567,0.0,0.0,0.0,0.0,0.0,0.0,2.183826,0.0,0.0,0.0,1.986951,0.0,1.732244,0.0,0.0,0.0,0.0,0.0,0.0
CDC42BPA,0.0,0.0,0.0,0.0,0.0,0.0,0.0,0.0,0.0,0.0,0.0,0.0,0.0,0.0,0.0,0.0,0.0,0.0,0.0,0.0,0.0,0.0,0.0,0.0,0.0,0.0,0.0,0.0,0.0,0.0,0.0,0.0,0.0,0.0,0.0,0.0,0.0,0.0,0.0,0.0,0.0,0.0,0.0,0.0,0.0,0.0,0.0,0.0,0.0,0.0,0.0,0.0,0.0,0.0,0.0,0.0,0.0,0.0,0.0,0.0,0.0,0.0,0.0,0.0,0.0,0.0,0.0
EIF2S2,1.754819,0.0,0.0,0.0,0.0,0.0,0.0,0.0,0.0,0.0,2.047976,0.0,0.0,0.0,0.0,2.113604,0.0,0.0,0.0,2.146934,2.107231,0.0,0.0,1.665819,0.0,0.0,0.0,0.0,0.0,0.0,2.094015,0.0,0.0,0.0,0.0,0.0,2.088418,0.0,0.0,0.0,0.0,0.0,0.0,0.0,2.121967,0.0,0.0,0.0,0.0,0.0,0.0,0.0,0.0,0.0,0.0,0.0,0.0,0.0,0.0,2.133695,1.732244,0.0,0.0,2.084709,2.230622,1.988038,2.304297
HNRNPAB,0.0,0.0,0.0,0.0,0.0,0.0,0.0,0.0,0.0,0.0,0.0,0.0,0.0,0.0,0.0,0.0,0.0,0.0,0.0,0.0,0.0,0.0,0.0,0.0,0.0,1.962901,0.0,0.0,0.0,0.0,0.0,0.0,2.120674,0.0,0.0,0.0,0.0,0.0,0.0,0.0,0.0,0.0,0.0,0.0,0.0,0.0,0.0,0.0,0.0,0.0,1.606564,0.0,0.0,0.0,0.0,0.0,0.0,0.0,0.0,2.133695,0.0,0.0,0.0,0.0,0.0,0.0,0.0
RAP1A,0.0,0.0,0.0,0.0,2.30755012237667,0.0,0.0,0.0,0.0,2.26546235027253,2.67445128820618,0.0,0.0,2.38885361988142,1.71372414789283,0.0,0.0,0.0,0.0,2.14693417019908,2.10723100359207,0.0,0.0,0.0,0.0,0.0,0.0,0.0,2.11232513354973,0.0,2.09401455295064,2.09965141229548,0.0,0.0,0.0,2.367546638764,2.08841810464014,2.35277882971183,2.92013871803569,0.0,0.0,0.0,0.0,2.25088926712533,2.12196671391844,0.0,0.0,2.0785670335349,0.0,0.0,0.0,2.2291402508381,0.0,0.0,0.0,0.0,2.18803317369721,0.0,0.0,0.0,1.73224424421223,0.0,0.0,2.0847093326147,0.0,1.98803833847065,0.0
YWHAZ,2.730933,0.0,2.692448,0.0,0.0,2.339117,0.0,2.274021,0.0,1.671058,2.047976,2.239567,0.0,0.0,0.0,0.0,0.0,2.360564,0.0,0.0,2.737665,0.0,1.976168,0.0,2.863073,0.0,0.0,0.0,2.112325,0.0,2.094015,0.0,2.120674,0.0,0.0,0.0,2.088418,0.0,0.0,2.339117,0.0,1.923451,0.0,0.0,2.753347,2.385264,0.0,0.0,3.00392,2.008989,0.0,0.0,2.008989,2.095889,2.183826,2.094015,0.0,2.124558,1.986951,0.0,1.732244,0.0,2.235827,2.713668,0.0,1.988038,2.304297
H3F3B,3.002192,2.839257,2.963056,2.29622,3.337523,3.650354,3.567707,2.914348,0.0,1.671058,3.332518,4.089748,3.40352,0.0,3.342775,2.113604,3.655296,2.360564,0.0,2.779884,3.614349,2.116168,3.252704,3.111292,2.225449,3.237886,3.361393,3.003556,3.126863,2.947951,2.094015,3.389573,2.751972,2.29622,2.845343,4.229724,2.088418,3.385889,2.279514,2.339117,4.660373,3.408593,2.912701,2.250889,2.121967,3.031286,1.941637,3.090088,2.525621,3.504923,2.561633,2.22914,3.289264,1.518711,3.204398,2.094015,3.703479,3.140161,0.0,3.972593,2.705379,2.165166,3.538547,2.084709,2.86854,2.610246,3.334038
RHOC,0.0,0.0,2.32027983928059,2.29621992739132,0.0,0.0,0.0,2.27402056526025,0.0,0.0,0.0,0.0,0.0,0.0,0.0,0.0,0.0,0.0,0.0,0.0,0.0,0.0,0.0,0.0,0.0,0.0,0.0,0.0,0.0,0.0,0.0,2.09965141229548,0.0,0.0,0.0,0.0,0.0,0.0,0.0,0.0,0.0,0.0,0.0,0.0,0.0,0.0,0.0,0.0,1.5754438385365,0.0,0.0,0.0,0.0,0.0,0.0,0.0,0.0,0.0,0.0,2.1336948960358,1.73224424421223,0.0,0.0,0.0,0.0,0.0,2.30429688223136
SERBP1,2.73093319654561,0.0,0.0,0.0,2.30755012237667,0.0,0.0,0.0,0.0,0.0,0.0,2.23956666872002,0.0,0.0,0.0,0.0,2.14426850086851,0.0,0.0,2.14693417019908,0.0,0.0,0.0,1.66581905683477,0.0,1.96290084905076,2.32985368712411,0.0,3.12686252994284,0.0,0.0,2.72959298432882,0.0,0.0,0.0,2.367546638764,0.0,0.0,0.0,0.0,0.0,0.0,0.0,0.0,0.0,0.0,0.0,2.0785670335349,1.5754438385365,0.0,2.19403096184742,0.0,0.0,1.51871065293527,0.0,2.09401455295064,2.82347862965621,0.0,0.0,0.0,1.73224424421223,0.0,0.0,2.0847093326147,0.0,0.0,2.30429688223136
ATP5J,1.754819,0.0,0.0,0.0,0.0,0.0,0.0,0.0,0.0,0.0,0.0,0.0,0.0,0.0,2.684356,0.0,0.0,2.360564,0.0,0.0,0.0,0.0,0.0,2.259678,0.0,1.962901,2.329854,0.0,0.0,0.0,0.0,0.0,0.0,0.0,0.0,0.0,0.0,0.0,2.279514,0.0,0.0,0.0,0.0,0.0,0.0,0.0,0.0,0.0,0.0,0.0,1.606564,0.0,0.0,0.0,2.183826,0.0,0.0,0.0,0.0,0.0,2.33279,0.0,2.235827,0.0,0.0,1.988038,0.0
NDFIP1,0.0,2.839257,0.0,0.0,0.0,0.0,0.0,0.0,2.068839,0.0,0.0,0.0,0.0,0.0,0.0,0.0,2.144269,0.0,0.0,0.0,2.107231,0.0,1.976168,0.0,0.0,0.0,0.0,0.0,0.0,2.305922,2.094015,0.0,0.0,0.0,0.0,2.367547,0.0,0.0,0.0,0.0,0.0,0.0,0.0,2.250889,0.0,0.0,0.0,2.078567,1.575444,0.0,0.0,0.0,0.0,1.518711,0.0,0.0,2.188033,2.124558,0.0,0.0,0.0,0.0,0.0,2.084709,0.0,0.0,0.0
NID1,0.0,0.0,0.0,0.0,0.0,0.0,0.0,0.0,0.0,0.0,0.0,0.0,0.0,0.0,1.71372414789283,0.0,0.0,0.0,0.0,0.0,0.0,0.0,0.0,0.0,0.0,0.0,0.0,0.0,0.0,0.0,0.0,0.0,0.0,0.0,0.0,0.0,0.0,0.0,0.0,0.0,0.0,0.0,0.0,0.0,0.0,0.0,0.0,0.0,0.0,0.0,0.0,0.0,0.0,0.0,0.0,0.0,0.0,0.0,0.0,0.0,0.0,0.0,0.0,0.0,0.0,0.0,0.0
PLOD2,0.0,0.0,0.0,0.0,0.0,0.0,0.0,0.0,0.0,0.0,0.0,0.0,0.0,0.0,0.0,0.0,0.0,0.0,0.0,0.0,0.0,0.0,0.0,0.0,0.0,0.0,0.0,0.0,0.0,0.0,0.0,0.0,0.0,0.0,0.0,0.0,0.0,0.0,0.0,0.0,0.0,0.0,0.0,0.0,0.0,0.0,0.0,0.0,0.0,0.0,0.0,0.0,0.0,0.0,0.0,0.0,0.0,0.0,0.0,0.0,0.0,0.0,0.0,0.0,0.0,0.0,0.0
RHEB,0.0,0.0,0.0,2.29622,0.0,2.339117,0.0,0.0,0.0,0.0,0.0,0.0,0.0,0.0,0.0,0.0,0.0,0.0,0.0,0.0,0.0,0.0,0.0,0.0,0.0,0.0,0.0,0.0,0.0,0.0,0.0,0.0,0.0,0.0,0.0,0.0,0.0,0.0,0.0,0.0,0.0,0.0,0.0,0.0,0.0,0.0,0.0,0.0,0.0,0.0,1.606564,2.22914,0.0,1.518711,0.0,0.0,0.0,0.0,0.0,0.0,0.0,2.165166,0.0,2.084709,0.0,0.0,0.0
COX7B,2.357528,0.0,0.0,2.29622,0.0,0.0,0.0,2.274021,0.0,1.671058,2.047976,0.0,0.0,0.0,1.713724,0.0,0.0,0.0,0.0,0.0,0.0,0.0,0.0,0.0,0.0,1.962901,0.0,0.0,0.0,0.0,2.723587,2.099651,0.0,0.0,0.0,0.0,0.0,0.0,0.0,0.0,0.0,0.0,0.0,0.0,2.121967,0.0,0.0,0.0,0.0,0.0,1.606564,0.0,0.0,1.518711,2.183826,0.0,2.188033,0.0,0.0,0.0,2.33279,0.0,0.0,0.0,0.0,2.610246,2.304297
HNRNPU,0.0,2.202934,0.0,2.29622,2.30755,0.0,0.0,0.0,2.068839,0.0,2.047976,0.0,0.0,0.0,0.0,0.0,0.0,0.0,0.0,2.779884,2.107231,0.0,1.976168,0.0,0.0,0.0,0.0,0.0,0.0,0.0,0.0,2.099651,2.120674,0.0,0.0,0.0,0.0,0.0,0.0,0.0,0.0,0.0,0.0,0.0,0.0,0.0,0.0,2.078567,0.0,0.0,0.0,2.866975,0.0,1.518711,0.0,2.094015,0.0,0.0,0.0,2.133695,0.0,0.0,2.235827,0.0,0.0,0.0,0.0
NDUFC2,1.754819,0.0,0.0,0.0,0.0,0.0,0.0,0.0,0.0,0.0,0.0,0.0,0.0,0.0,0.0,0.0,0.0,0.0,0.0,0.0,0.0,0.0,0.0,0.0,2.225449,0.0,0.0,0.0,0.0,0.0,0.0,0.0,0.0,0.0,0.0,0.0,0.0,2.352779,0.0,0.0,0.0,0.0,0.0,0.0,2.121967,0.0,0.0,0.0,0.0,0.0,0.0,0.0,0.0,0.0,0.0,0.0,0.0,0.0,0.0,0.0,1.732244,0.0,0.0,0.0,0.0,1.988038,0.0
PHGR1,0.0,0.0,0.0,0.0,0.0,0.0,0.0,0.0,0.0,0.0,2.047976,0.0,0.0,2.388854,0.0,0.0,0.0,0.0,0.0,0.0,0.0,0.0,0.0,0.0,0.0,0.0,0.0,0.0,0.0,0.0,0.0,0.0,0.0,0.0,0.0,0.0,0.0,0.0,0.0,0.0,0.0,0.0,0.0,0.0,0.0,0.0,0.0,0.0,0.0,0.0,0.0,0.0,0.0,0.0,0.0,2.094015,0.0,0.0,0.0,0.0,0.0,0.0,0.0,0.0,0.0,0.0,0.0
MAP1B,0.0,0.0,0.0,0.0,0.0,0.0,0.0,0.0,0.0,0.0,0.0,0.0,0.0,0.0,0.0,0.0,0.0,0.0,0.0,0.0,0.0,0.0,0.0,0.0,0.0,0.0,0.0,0.0,0.0,2.305922,0.0,0.0,0.0,0.0,0.0,0.0,0.0,0.0,0.0,0.0,0.0,0.0,0.0,0.0,0.0,0.0,0.0,0.0,0.0,0.0,0.0,0.0,0.0,0.0,0.0,0.0,0.0,0.0,0.0,0.0,0.0,0.0,0.0,0.0,0.0,0.0,0.0
JMJD1C,0.0,0.0,0.0,0.0,2.949665,0.0,0.0,0.0,2.068839,0.0,0.0,0.0,2.369301,2.388854,0.0,0.0,0.0,0.0,0.0,0.0,0.0,0.0,0.0,0.0,0.0,0.0,0.0,0.0,0.0,0.0,0.0,0.0,0.0,0.0,2.208684,0.0,0.0,0.0,0.0,0.0,3.088088,0.0,0.0,0.0,0.0,0.0,0.0,0.0,1.575444,0.0,0.0,0.0,0.0,1.518711,2.183826,0.0,0.0,2.124558,0.0,0.0,0.0,0.0,0.0,0.0,0.0,0.0,0.0
STOM,0.0,0.0,1.720847,2.29622,0.0,0.0,2.065222,0.0,0.0,0.0,0.0,0.0,0.0,0.0,0.0,0.0,0.0,0.0,0.0,0.0,0.0,0.0,0.0,0.0,0.0,0.0,0.0,0.0,0.0,0.0,0.0,0.0,0.0,2.29622,0.0,0.0,0.0,0.0,0.0,0.0,0.0,0.0,0.0,0.0,0.0,0.0,0.0,0.0,0.0,0.0,0.0,0.0,0.0,0.0,0.0,2.094015,0.0,0.0,0.0,0.0,0.0,0.0,0.0,0.0,0.0,0.0,0.0
PRMT2,0.0,0.0,0.0,2.29622,0.0,0.0,0.0,0.0,0.0,0.0,0.0,2.239567,0.0,0.0,0.0,0.0,0.0,0.0,0.0,2.146934,0.0,0.0,0.0,0.0,0.0,0.0,0.0,0.0,0.0,0.0,0.0,0.0,0.0,2.29622,0.0,0.0,2.088418,2.997206,0.0,0.0,2.076734,0.0,2.272458,0.0,0.0,2.385264,0.0,0.0,0.0,0.0,1.606564,0.0,0.0,0.0,0.0,0.0,2.188033,0.0,0.0,0.0,0.0,0.0,0.0,0.0,0.0,0.0,2.304297
GPSM3,0.0,0.0,0.0,0.0,0.0,0.0,0.0,0.0,0.0,0.0,0.0,0.0,0.0,0.0,0.0,0.0,2.144269,0.0,0.0,2.146934,2.107231,0.0,0.0,0.0,0.0,1.962901,0.0,0.0,2.112325,0.0,0.0,0.0,0.0,0.0,0.0,0.0,0.0,0.0,0.0,0.0,0.0,0.0,0.0,0.0,0.0,0.0,1.941637,0.0,1.575444,0.0,0.0,0.0,0.0,0.0,0.0,0.0,0.0,0.0,0.0,0.0,0.0,0.0,0.0,0.0,0.0,0.0,2.946241
HLA-B,3.540287,2.202934,3.175814,2.937738,2.30755,2.339117,2.692876,3.301568,0.0,3.441204,0.0,3.938384,0.0,0.0,2.312454,2.113604,3.655296,0.0,3.010868,2.146934,3.12132,2.747177,3.795608,1.665819,2.225449,1.962901,2.973122,3.392346,2.112325,3.335779,3.777454,3.605949,3.62923,2.937738,2.208684,0.0,0.0,2.997206,0.0,3.650354,0.0,3.585384,2.272458,0.0,3.630659,3.918197,0.0,2.078567,3.177942,2.63272,2.194031,0.0,2.008989,1.518711,3.481882,0.0,3.208945,3.633525,0.0,3.150085,3.758404,2.799237,0.0,3.373107,2.86854,3.481424,3.612768
STK4,2.730933,2.202934,2.692448,0.0,0.0,0.0,2.065222,0.0,3.079471,3.685376,2.047976,2.877991,0.0,0.0,0.0,0.0,0.0,0.0,0.0,0.0,2.737665,0.0,2.597497,1.665819,0.0,0.0,0.0,0.0,2.743088,0.0,0.0,2.099651,2.120674,2.29622,2.208684,0.0,2.088418,2.352779,2.279514,0.0,2.076734,1.923451,2.272458,0.0,2.121967,0.0,0.0,0.0,0.0,2.63272,0.0,0.0,0.0,1.518711,0.0,2.094015,0.0,2.124558,0.0,0.0,0.0,2.799237,0.0,2.084709,0.0,1.988038,0.0
TNRC6B,0.0,2.202934,0.0,0.0,0.0,0.0,0.0,0.0,2.068839,0.0,0.0,2.239567,2.369301,3.035048,0.0,0.0,2.144269,0.0,0.0,0.0,2.737665,0.0,0.0,0.0,0.0,0.0,0.0,0.0,2.112325,0.0,0.0,2.099651,0.0,0.0,0.0,2.367547,0.0,0.0,0.0,0.0,0.0,1.923451,0.0,0.0,2.121967,0.0,1.941637,0.0,0.0,0.0,0.0,2.866975,0.0,2.095889,0.0,0.0,0.0,0.0,1.986951,0.0,1.732244,0.0,0.0,0.0,0.0,0.0,0.0
EIF5,0.0,0.0,0.0,0.0,0.0,0.0,0.0,0.0,0.0,2.265462,0.0,2.239567,0.0,2.388854,2.312454,0.0,0.0,0.0,0.0,0.0,0.0,0.0,0.0,0.0,0.0,0.0,0.0,0.0,0.0,0.0,0.0,0.0,2.120674,2.937738,0.0,0.0,0.0,0.0,0.0,0.0,0.0,0.0,0.0,0.0,0.0,0.0,0.0,0.0,0.0,2.008989,0.0,0.0,0.0,0.0,0.0,0.0,0.0,0.0,0.0,0.0,1.732244,0.0,0.0,0.0,0.0,0.0,0.0
MRPL57,1.754819,0.0,0.0,0.0,2.30755,2.339117,0.0,0.0,2.068839,0.0,0.0,0.0,0.0,0.0,0.0,2.113604,0.0,0.0,0.0,0.0,0.0,0.0,1.976168,0.0,2.225449,0.0,0.0,0.0,2.112325,2.305922,0.0,0.0,0.0,0.0,0.0,0.0,2.088418,0.0,0.0,0.0,0.0,0.0,0.0,0.0,0.0,0.0,0.0,0.0,1.575444,0.0,0.0,0.0,0.0,0.0,0.0,2.094015,0.0,0.0,0.0,2.133695,0.0,0.0,2.235827,0.0,0.0,0.0,0.0
STX5,0.0,0.0,0.0,0.0,0.0,0.0,0.0,0.0,0.0,0.0,0.0,0.0,0.0,0.0,0.0,0.0,0.0,0.0,0.0,0.0,0.0,0.0,0.0,0.0,0.0,0.0,0.0,0.0,0.0,0.0,0.0,0.0,0.0,0.0,0.0,0.0,0.0,0.0,0.0,0.0,0.0,0.0,0.0,0.0,0.0,0.0,0.0,0.0,0.0,0.0,0.0,0.0,0.0,0.0,0.0,0.0,0.0,0.0,0.0,0.0,0.0,0.0,0.0,0.0,0.0,0.0,0.0
ESD,0.0,0.0,1.720847,0.0,0.0,0.0,0.0,0.0,0.0,0.0,0.0,0.0,0.0,0.0,0.0,0.0,0.0,0.0,0.0,0.0,0.0,0.0,0.0,0.0,0.0,0.0,0.0,0.0,0.0,0.0,0.0,0.0,0.0,0.0,0.0,0.0,0.0,2.352779,0.0,0.0,0.0,0.0,0.0,0.0,0.0,0.0,0.0,0.0,1.575444,0.0,1.606564,0.0,0.0,0.0,0.0,0.0,0.0,0.0,0.0,0.0,0.0,2.165166,0.0,0.0,0.0,0.0,0.0
MINOS1,1.75481895374561,0.0,0.0,0.0,0.0,0.0,0.0,0.0,0.0,0.0,0.0,0.0,0.0,0.0,0.0,0.0,0.0,0.0,0.0,0.0,0.0,0.0,0.0,0.0,0.0,0.0,2.32985368712411,0.0,2.74308805784308,0.0,0.0,0.0,0.0,2.29621992739132,2.20868396862704,0.0,0.0,2.35277882971183,0.0,0.0,0.0,1.92345057614994,0.0,0.0,0.0,2.3852642856713,0.0,0.0,0.0,0.0,0.0,2.2291402508381,2.00898929169822,2.09588898999699,0.0,2.09401455295064,0.0,0.0,0.0,0.0,1.73224424421223,0.0,0.0,2.0847093326147,0.0,1.98803833847065,0.0
NCKAP1,0.0,0.0,0.0,0.0,0.0,0.0,0.0,0.0,0.0,0.0,0.0,0.0,0.0,0.0,0.0,0.0,0.0,0.0,0.0,0.0,0.0,0.0,0.0,0.0,0.0,0.0,0.0,0.0,0.0,0.0,0.0,0.0,0.0,0.0,0.0,0.0,0.0,0.0,0.0,0.0,0.0,0.0,0.0,0.0,0.0,0.0,0.0,0.0,0.0,0.0,0.0,0.0,0.0,0.0,0.0,0.0,0.0,0.0,0.0,0.0,0.0,0.0,0.0,0.0,0.0,0.0,0.0
GYG1,1.754819,0.0,1.720847,0.0,0.0,0.0,0.0,0.0,0.0,0.0,0.0,0.0,0.0,0.0,0.0,0.0,0.0,0.0,0.0,0.0,0.0,0.0,1.976168,0.0,0.0,0.0,0.0,0.0,0.0,0.0,0.0,0.0,0.0,0.0,0.0,0.0,0.0,0.0,0.0,0.0,0.0,0.0,2.272458,0.0,0.0,0.0,0.0,0.0,0.0,2.008989,0.0,0.0,0.0,0.0,0.0,0.0,0.0,0.0,0.0,0.0,0.0,0.0,0.0,0.0,0.0,0.0,0.0
RPL23A,2.730933,3.22504,4.026621,2.937738,2.30755,3.371295,3.745314,2.914348,3.35559,3.788225,3.332518,3.938384,3.900954,3.424359,3.621583,4.48115,2.144269,2.360564,3.679083,3.164451,2.107231,4.084196,2.977829,4.179758,3.744508,4.026771,2.973122,3.003556,2.743088,2.947951,3.10693,2.729593,3.62923,3.821721,3.726142,3.012705,3.377196,2.997206,3.307465,4.446745,3.364308,3.408593,4.257395,3.772321,3.630659,3.700011,3.429161,3.911044,3.671959,2.008989,3.215426,2.866975,3.289264,4.121111,4.159535,4.059399,4.164201,3.140161,3.480204,3.426997,1.732244,4.358764,3.755863,3.096788,3.532886,3.265942,3.612768
TCEAL8,0.0,0.0,0.0,0.0,0.0,0.0,0.0,0.0,0.0,1.671058,0.0,0.0,0.0,0.0,2.312454,0.0,0.0,0.0,0.0,0.0,0.0,0.0,0.0,0.0,0.0,0.0,0.0,0.0,0.0,0.0,0.0,0.0,0.0,0.0,0.0,2.367547,0.0,0.0,0.0,0.0,0.0,0.0,0.0,0.0,2.121967,0.0,0.0,0.0,0.0,0.0,0.0,0.0,0.0,0.0,0.0,0.0,0.0,0.0,0.0,0.0,0.0,0.0,0.0,0.0,0.0,0.0,0.0
SMDT1,0.0,0.0,1.720847,2.29622,0.0,0.0,0.0,0.0,2.068839,0.0,0.0,0.0,0.0,0.0,0.0,0.0,0.0,0.0,0.0,0.0,0.0,0.0,0.0,0.0,0.0,0.0,0.0,0.0,0.0,0.0,0.0,0.0,0.0,0.0,0.0,0.0,0.0,0.0,2.279514,0.0,0.0,0.0,0.0,2.889947,0.0,0.0,1.941637,2.078567,0.0,2.008989,1.606564,0.0,0.0,1.518711,0.0,0.0,0.0,2.124558,0.0,0.0,0.0,0.0,0.0,0.0,0.0,1.988038,2.946241
UBE2I,0.0,0.0,0.0,0.0,0.0,0.0,0.0,2.274021,0.0,0.0,2.047976,0.0,0.0,0.0,0.0,0.0,0.0,0.0,0.0,0.0,2.107231,0.0,0.0,0.0,0.0,0.0,0.0,0.0,0.0,0.0,0.0,0.0,0.0,0.0,0.0,0.0,0.0,2.352779,0.0,0.0,0.0,0.0,0.0,0.0,0.0,0.0,0.0,0.0,1.575444,0.0,0.0,0.0,0.0,0.0,0.0,0.0,2.188033,0.0,0.0,0.0,0.0,0.0,0.0,0.0,0.0,0.0,0.0
CRTAP,0.0,0.0,0.0,0.0,0.0,0.0,0.0,0.0,0.0,1.671058,0.0,0.0,0.0,0.0,0.0,0.0,0.0,0.0,0.0,0.0,0.0,0.0,0.0,0.0,0.0,0.0,0.0,0.0,0.0,0.0,0.0,0.0,0.0,0.0,2.208684,0.0,0.0,0.0,0.0,0.0,0.0,0.0,0.0,0.0,0.0,0.0,0.0,0.0,0.0,0.0,0.0,0.0,0.0,0.0,0.0,0.0,0.0,0.0,0.0,0.0,1.732244,0.0,0.0,0.0,0.0,0.0,0.0
ATP5D,1.754819,2.202934,0.0,0.0,2.30755,0.0,2.065222,0.0,0.0,0.0,0.0,0.0,0.0,2.388854,0.0,2.113604,0.0,0.0,0.0,0.0,2.737665,2.116168,0.0,0.0,0.0,0.0,2.329854,0.0,2.112325,0.0,0.0,0.0,0.0,0.0,2.845343,0.0,0.0,0.0,0.0,0.0,0.0,0.0,0.0,0.0,0.0,0.0,0.0,0.0,1.575444,0.0,0.0,0.0,2.008989,1.518711,0.0,0.0,0.0,0.0,0.0,0.0,0.0,0.0,0.0,0.0,0.0,0.0,0.0
TOMM20,0.0,0.0,0.0,0.0,0.0,0.0,0.0,0.0,0.0,0.0,0.0,0.0,0.0,0.0,0.0,2.11360385508445,0.0,0.0,0.0,0.0,0.0,0.0,0.0,1.66581905683477,0.0,1.96290084905076,0.0,0.0,0.0,0.0,0.0,0.0,0.0,0.0,2.20868396862704,0.0,0.0,0.0,0.0,0.0,0.0,1.92345057614994,0.0,0.0,0.0,0.0,0.0,2.0785670335349,0.0,0.0,1.60656411784832,0.0,0.0,1.51871065293527,0.0,2.09401455295064,0.0,0.0,0.0,0.0,0.0,0.0,2.23582745870222,0.0,0.0,0.0,0.0
GIMAP4,0.0,0.0,0.0,0.0,0.0,0.0,2.065222,2.274021,0.0,0.0,0.0,0.0,0.0,0.0,1.713724,0.0,0.0,0.0,0.0,0.0,0.0,0.0,0.0,0.0,0.0,0.0,2.329854,0.0,0.0,0.0,0.0,0.0,0.0,0.0,0.0,0.0,0.0,0.0,0.0,0.0,0.0,0.0,2.272458,0.0,0.0,0.0,0.0,0.0,0.0,0.0,0.0,0.0,2.008989,0.0,0.0,0.0,0.0,0.0,0.0,0.0,0.0,0.0,0.0,0.0,0.0,0.0,0.0
ARHGAP29,0.0,0.0,0.0,0.0,0.0,0.0,0.0,0.0,0.0,0.0,0.0,0.0,0.0,0.0,0.0,0.0,0.0,0.0,0.0,0.0,0.0,0.0,0.0,0.0,0.0,0.0,0.0,0.0,0.0,0.0,0.0,0.0,0.0,0.0,0.0,0.0,0.0,0.0,0.0,0.0,0.0,0.0,0.0,0.0,0.0,0.0,0.0,0.0,0.0,0.0,0.0,0.0,0.0,0.0,0.0,0.0,0.0,0.0,0.0,0.0,0.0,0.0,0.0,0.0,0.0,0.0,0.0
CLIC1,0.0,2.202934,2.32028,0.0,0.0,2.339117,0.0,0.0,0.0,1.671058,3.056667,0.0,0.0,0.0,0.0,2.113604,0.0,0.0,3.010868,2.146934,2.107231,0.0,1.976168,1.665819,0.0,0.0,2.329854,0.0,0.0,0.0,2.723587,0.0,2.751972,2.29622,0.0,2.367547,2.088418,2.352779,2.279514,2.339117,0.0,2.540741,2.912701,0.0,2.121967,0.0,0.0,0.0,2.159381,0.0,0.0,2.22914,0.0,1.518711,2.183826,0.0,0.0,2.124558,0.0,2.765818,1.732244,0.0,0.0,0.0,0.0,1.988038,0.0
ERP29,0.0,2.839257,0.0,2.29622,0.0,0.0,0.0,0.0,0.0,2.635721,2.047976,0.0,2.369301,0.0,0.0,2.113604,0.0,0.0,0.0,0.0,0.0,2.116168,1.976168,0.0,2.863073,0.0,0.0,0.0,0.0,2.305922,0.0,0.0,0.0,0.0,0.0,0.0,0.0,0.0,2.279514,0.0,0.0,0.0,0.0,0.0,0.0,3.031286,0.0,0.0,0.0,0.0,1.606564,0.0,0.0,1.518711,0.0,0.0,0.0,0.0,0.0,0.0,0.0,0.0,0.0,0.0,2.230622,0.0,0.0
TCF25,0.0,0.0,1.720847,2.937738,0.0,2.339117,0.0,0.0,0.0,0.0,0.0,2.239567,0.0,0.0,0.0,0.0,0.0,0.0,0.0,0.0,0.0,0.0,1.976168,0.0,0.0,0.0,0.0,2.358828,0.0,2.305922,0.0,0.0,0.0,2.29622,0.0,0.0,0.0,2.997206,0.0,0.0,0.0,0.0,0.0,0.0,0.0,0.0,0.0,0.0,0.0,0.0,1.606564,0.0,0.0,1.518711,0.0,0.0,0.0,0.0,0.0,0.0,1.732244,0.0,2.235827,2.084709,0.0,0.0,0.0
C17orf62,0.0,0.0,0.0,0.0,0.0,0.0,0.0,0.0,0.0,0.0,0.0,0.0,0.0,0.0,0.0,0.0,0.0,0.0,0.0,0.0,0.0,0.0,0.0,0.0,2.225449,0.0,0.0,0.0,2.112325,0.0,0.0,0.0,2.120674,2.29622,2.208684,0.0,0.0,0.0,0.0,0.0,0.0,0.0,0.0,0.0,0.0,0.0,0.0,0.0,0.0,0.0,0.0,0.0,0.0,0.0,0.0,0.0,0.0,0.0,0.0,2.133695,0.0,0.0,0.0,0.0,0.0,0.0,0.0
SUMO1,2.357528,0.0,0.0,2.29622,2.30755,0.0,0.0,0.0,2.068839,0.0,2.047976,0.0,2.369301,0.0,0.0,0.0,2.144269,0.0,0.0,2.146934,0.0,2.116168,0.0,0.0,0.0,0.0,0.0,0.0,0.0,0.0,2.094015,0.0,0.0,0.0,0.0,0.0,0.0,0.0,0.0,2.982857,0.0,1.923451,0.0,2.250889,2.121967,0.0,0.0,2.078567,0.0,0.0,0.0,0.0,0.0,0.0,0.0,2.094015,2.188033,0.0,0.0,2.765818,0.0,0.0,0.0,0.0,0.0,0.0,0.0
AKAP13,0.0,0.0,0.0,0.0,0.0,0.0,2.065222,0.0,0.0,0.0,2.047976,0.0,0.0,2.388854,0.0,2.113604,0.0,0.0,0.0,0.0,0.0,0.0,0.0,1.665819,2.225449,0.0,0.0,0.0,0.0,2.305922,0.0,0.0,2.120674,0.0,0.0,0.0,2.088418,0.0,0.0,2.339117,0.0,1.923451,0.0,0.0,0.0,0.0,0.0,0.0,1.575444,0.0,0.0,0.0,0.0,0.0,0.0,2.094015,0.0,0.0,0.0,0.0,1.732244,0.0,0.0,0.0,0.0,2.610246,0.0
NDUFB9,1.754819,0.0,1.720847,2.937738,0.0,0.0,0.0,2.274021,0.0,1.671058,0.0,0.0,2.369301,0.0,0.0,0.0,0.0,0.0,0.0,0.0,0.0,0.0,0.0,0.0,0.0,0.0,0.0,0.0,0.0,0.0,0.0,0.0,0.0,2.29622,0.0,0.0,2.088418,0.0,0.0,0.0,0.0,0.0,0.0,0.0,0.0,0.0,0.0,2.707117,0.0,0.0,0.0,0.0,0.0,1.518711,2.183826,0.0,0.0,0.0,0.0,2.765818,2.33279,2.165166,0.0,0.0,0.0,0.0,0.0
TRIM33,0.0,0.0,0.0,0.0,0.0,0.0,0.0,0.0,0.0,2.90532370541378,0.0,0.0,0.0,0.0,0.0,0.0,0.0,0.0,0.0,2.14693417019908,0.0,0.0,0.0,0.0,0.0,0.0,0.0,0.0,0.0,0.0,0.0,0.0,0.0,0.0,0.0,0.0,0.0,2.35277882971183,0.0,0.0,0.0,0.0,0.0,0.0,0.0,0.0,0.0,0.0,0.0,2.00898929169822,0.0,0.0,0.0,0.0,0.0,0.0,0.0,0.0,0.0,0.0,0.0,2.1651660828208,0.0,0.0,0.0,0.0,0.0
TMEM176A,0.0,0.0,0.0,0.0,0.0,0.0,0.0,0.0,0.0,0.0,0.0,0.0,0.0,0.0,0.0,0.0,0.0,0.0,0.0,0.0,0.0,0.0,0.0,0.0,0.0,0.0,0.0,0.0,0.0,0.0,0.0,0.0,0.0,0.0,0.0,0.0,0.0,0.0,0.0,0.0,0.0,0.0,0.0,0.0,0.0,0.0,0.0,0.0,0.0,0.0,0.0,0.0,0.0,0.0,0.0,0.0,0.0,0.0,0.0,0.0,0.0,0.0,0.0,0.0,0.0,0.0,0.0
HMGN1,2.357528,0.0,1.720847,2.29622,2.949665,0.0,0.0,2.274021,3.079471,2.265462,3.056667,0.0,0.0,3.035048,0.0,2.113604,0.0,0.0,2.365796,0.0,2.737665,0.0,1.976168,0.0,0.0,1.962901,0.0,2.358828,0.0,0.0,0.0,0.0,2.751972,0.0,0.0,0.0,2.088418,0.0,0.0,0.0,2.076734,0.0,0.0,0.0,0.0,2.385264,1.941637,0.0,1.575444,2.008989,2.194031,0.0,0.0,2.095889,0.0,2.723587,0.0,0.0,2.989704,0.0,1.732244,2.165166,2.235827,0.0,0.0,1.988038,0.0
GPR160,0.0,0.0,0.0,0.0,0.0,0.0,0.0,0.0,0.0,0.0,2.047976,0.0,0.0,0.0,0.0,0.0,0.0,0.0,0.0,0.0,0.0,0.0,0.0,0.0,0.0,0.0,0.0,0.0,0.0,0.0,0.0,0.0,0.0,0.0,0.0,0.0,0.0,0.0,0.0,0.0,0.0,0.0,0.0,0.0,0.0,0.0,0.0,0.0,0.0,0.0,0.0,0.0,0.0,0.0,0.0,0.0,0.0,0.0,0.0,0.0,0.0,0.0,0.0,0.0,0.0,0.0,0.0
NDRG1,0.0,0.0,0.0,0.0,0.0,0.0,0.0,0.0,0.0,0.0,0.0,0.0,0.0,0.0,0.0,0.0,0.0,0.0,0.0,0.0,0.0,0.0,0.0,0.0,0.0,0.0,0.0,0.0,0.0,0.0,2.094015,0.0,0.0,0.0,0.0,0.0,0.0,0.0,0.0,0.0,0.0,0.0,0.0,0.0,0.0,0.0,0.0,0.0,0.0,0.0,0.0,0.0,2.008989,0.0,0.0,0.0,2.188033,0.0,0.0,0.0,0.0,0.0,0.0,0.0,0.0,0.0,0.0
SSR3,0.0,0.0,0.0,0.0,0.0,0.0,0.0,0.0,0.0,1.671058,0.0,0.0,0.0,0.0,0.0,0.0,0.0,0.0,0.0,0.0,0.0,0.0,0.0,1.665819,2.225449,0.0,0.0,0.0,0.0,0.0,0.0,0.0,0.0,0.0,0.0,0.0,0.0,0.0,0.0,0.0,0.0,0.0,0.0,0.0,2.121967,0.0,0.0,0.0,0.0,0.0,0.0,0.0,0.0,0.0,2.183826,0.0,2.188033,0.0,0.0,0.0,0.0,2.799237,0.0,0.0,0.0,0.0,0.0
IGHM,0.0,0.0,0.0,0.0,0.0,0.0,0.0,0.0,0.0,0.0,0.0,0.0,0.0,0.0,0.0,0.0,0.0,0.0,0.0,0.0,0.0,0.0,0.0,0.0,0.0,0.0,0.0,0.0,0.0,0.0,0.0,0.0,0.0,0.0,0.0,0.0,0.0,0.0,0.0,0.0,0.0,0.0,0.0,0.0,0.0,0.0,0.0,0.0,0.0,0.0,0.0,0.0,0.0,0.0,0.0,0.0,0.0,0.0,0.0,0.0,0.0,0.0,0.0,0.0,0.0,0.0,0.0
LAMTOR5,0.0,2.2029337810686,1.72084710114249,0.0,0.0,0.0,0.0,0.0,2.06883920025034,0.0,0.0,0.0,0.0,0.0,0.0,0.0,0.0,0.0,0.0,2.14693417019908,2.10723100359207,0.0,0.0,0.0,0.0,1.96290084905076,0.0,0.0,0.0,0.0,2.09401455295064,2.09965141229548,0.0,0.0,0.0,0.0,0.0,0.0,0.0,0.0,0.0,0.0,2.27245780891882,0.0,0.0,0.0,0.0,2.70711736521367,0.0,0.0,1.60656411784832,2.2291402508381,0.0,0.0,0.0,0.0,0.0,0.0,0.0,0.0,1.73224424421223,2.1651660828208,0.0,0.0,0.0,0.0,0.0
BSG,0.0,0.0,0.0,0.0,0.0,0.0,0.0,0.0,0.0,0.0,0.0,0.0,0.0,0.0,1.713724,0.0,0.0,0.0,0.0,0.0,2.107231,0.0,0.0,0.0,0.0,0.0,0.0,0.0,0.0,0.0,0.0,0.0,0.0,0.0,0.0,0.0,0.0,0.0,0.0,0.0,0.0,0.0,0.0,2.250889,0.0,0.0,0.0,0.0,0.0,0.0,0.0,2.22914,0.0,0.0,0.0,0.0,0.0,2.124558,0.0,0.0,0.0,0.0,2.235827,2.084709,0.0,0.0,2.304297
HADHA,0.0,0.0,0.0,0.0,0.0,0.0,0.0,2.274021,0.0,0.0,0.0,0.0,0.0,0.0,0.0,0.0,0.0,0.0,0.0,0.0,0.0,0.0,1.976168,0.0,0.0,0.0,0.0,0.0,0.0,2.305922,0.0,0.0,0.0,0.0,0.0,0.0,0.0,0.0,0.0,0.0,0.0,0.0,0.0,0.0,0.0,0.0,0.0,2.078567,0.0,0.0,0.0,0.0,0.0,0.0,0.0,0.0,0.0,0.0,0.0,0.0,0.0,0.0,0.0,0.0,0.0,1.988038,0.0
CNIH1,0.0,0.0,2.32028,0.0,0.0,0.0,0.0,0.0,0.0,0.0,0.0,0.0,0.0,0.0,0.0,0.0,0.0,0.0,0.0,0.0,2.107231,0.0,0.0,0.0,0.0,0.0,0.0,0.0,0.0,0.0,2.723587,0.0,0.0,0.0,0.0,0.0,0.0,0.0,0.0,0.0,0.0,0.0,0.0,0.0,2.121967,0.0,0.0,0.0,0.0,0.0,0.0,0.0,2.008989,0.0,0.0,0.0,0.0,0.0,0.0,0.0,1.732244,2.165166,0.0,0.0,0.0,0.0,2.304297
SEPT10,0.0,0.0,0.0,0.0,0.0,0.0,0.0,0.0,0.0,0.0,0.0,0.0,0.0,0.0,0.0,0.0,0.0,0.0,0.0,0.0,0.0,0.0,0.0,0.0,0.0,0.0,0.0,0.0,0.0,0.0,0.0,0.0,0.0,0.0,0.0,0.0,0.0,0.0,0.0,0.0,0.0,0.0,0.0,0.0,0.0,0.0,0.0,0.0,0.0,0.0,0.0,0.0,0.0,0.0,0.0,0.0,0.0,0.0,0.0,0.0,0.0,0.0,0.0,0.0,0.0,0.0,0.0
ATP5C1,1.754819,0.0,1.720847,0.0,2.30755,0.0,0.0,0.0,0.0,1.671058,0.0,0.0,0.0,2.388854,0.0,0.0,0.0,0.0,0.0,2.146934,0.0,0.0,0.0,0.0,0.0,0.0,0.0,0.0,0.0,0.0,0.0,0.0,0.0,0.0,0.0,0.0,0.0,0.0,0.0,0.0,0.0,0.0,0.0,0.0,0.0,0.0,0.0,0.0,0.0,2.008989,0.0,0.0,0.0,1.518711,0.0,2.094015,0.0,0.0,0.0,2.133695,0.0,0.0,0.0,3.096788,0.0,1.988038,0.0
KRT10,1.754819,0.0,0.0,0.0,0.0,0.0,0.0,0.0,0.0,0.0,0.0,2.239567,0.0,0.0,0.0,0.0,0.0,0.0,0.0,0.0,0.0,0.0,0.0,0.0,0.0,0.0,0.0,0.0,0.0,0.0,0.0,0.0,0.0,0.0,0.0,0.0,0.0,0.0,0.0,0.0,0.0,0.0,0.0,0.0,0.0,0.0,0.0,0.0,0.0,0.0,2.194031,0.0,0.0,1.518711,0.0,0.0,0.0,0.0,0.0,2.133695,0.0,0.0,0.0,0.0,0.0,0.0,0.0
CTNND1,0.0,0.0,0.0,0.0,0.0,0.0,0.0,0.0,0.0,0.0,0.0,0.0,0.0,0.0,0.0,0.0,0.0,0.0,0.0,0.0,0.0,0.0,0.0,0.0,0.0,0.0,0.0,0.0,0.0,0.0,0.0,0.0,0.0,0.0,0.0,0.0,0.0,0.0,0.0,0.0,0.0,0.0,0.0,0.0,0.0,0.0,0.0,0.0,0.0,0.0,0.0,0.0,0.0,0.0,0.0,0.0,0.0,0.0,0.0,0.0,0.0,0.0,0.0,0.0,0.0,0.0,0.0
WDR60,0.0,0.0,0.0,0.0,0.0,0.0,0.0,0.0,0.0,0.0,0.0,0.0,0.0,0.0,0.0,0.0,0.0,0.0,0.0,0.0,0.0,0.0,0.0,0.0,0.0,0.0,0.0,0.0,0.0,0.0,0.0,0.0,0.0,0.0,0.0,0.0,0.0,0.0,0.0,0.0,0.0,0.0,0.0,0.0,0.0,0.0,1.941637,0.0,0.0,0.0,0.0,0.0,0.0,0.0,0.0,0.0,0.0,0.0,0.0,0.0,0.0,0.0,0.0,0.0,2.230622,0.0,0.0
RPS29,4.286837,3.89811,4.479561,4.399731,3.834037,3.650354,4.711266,4.375324,3.900141,4.045351,4.321137,4.441387,4.363345,4.93888,4.018095,4.48115,3.984354,3.673454,4.475888,3.658237,4.694842,4.484033,4.879127,4.929282,4.519983,4.462215,3.640365,4.906012,4.393731,4.410381,3.928331,3.605949,4.089232,4.283482,4.587462,4.676402,4.53193,4.345336,3.982138,4.047121,3.58051,3.408593,4.373604,4.233663,4.711448,3.420536,4.790844,4.786501,4.301695,3.289264,4.340259,4.078268,4.583299,4.745998,4.379551,4.803992,4.384231,3.811433,4.489824,3.821575,4.040239,3.856432,4.333204,4.048964,4.0799,2.9909,3.830502
PPP1R10,0.0,2.839257,1.720847,0.0,0.0,0.0,0.0,0.0,0.0,0.0,0.0,0.0,0.0,0.0,1.713724,0.0,0.0,0.0,0.0,0.0,0.0,0.0,0.0,0.0,2.225449,0.0,0.0,0.0,0.0,0.0,0.0,2.099651,0.0,0.0,0.0,0.0,0.0,0.0,2.279514,2.339117,0.0,0.0,0.0,0.0,0.0,0.0,0.0,0.0,0.0,2.008989,0.0,0.0,2.008989,1.518711,0.0,0.0,0.0,0.0,0.0,0.0,0.0,0.0,2.235827,0.0,0.0,0.0,0.0
HNRNPA0,1.754819,0.0,0.0,0.0,0.0,2.339117,0.0,0.0,0.0,0.0,0.0,0.0,0.0,0.0,1.713724,0.0,2.144269,2.360564,2.365796,2.146934,0.0,0.0,0.0,0.0,0.0,0.0,0.0,0.0,0.0,0.0,0.0,0.0,0.0,0.0,0.0,2.367547,2.088418,2.352779,0.0,0.0,0.0,0.0,2.272458,0.0,0.0,0.0,0.0,0.0,0.0,0.0,0.0,0.0,0.0,1.518711,0.0,2.094015,0.0,0.0,0.0,0.0,0.0,0.0,0.0,0.0,0.0,1.988038,0.0
NFE2L2,0.0,2.202934,0.0,0.0,2.30755,0.0,0.0,0.0,2.068839,0.0,0.0,0.0,0.0,0.0,0.0,0.0,0.0,0.0,0.0,3.164451,0.0,0.0,0.0,0.0,2.863073,0.0,0.0,0.0,0.0,0.0,2.094015,0.0,0.0,0.0,0.0,0.0,0.0,2.352779,0.0,0.0,0.0,0.0,0.0,0.0,0.0,0.0,0.0,0.0,0.0,0.0,0.0,0.0,0.0,0.0,0.0,2.094015,0.0,0.0,1.986951,0.0,0.0,0.0,0.0,0.0,0.0,1.988038,0.0
TERF2IP,0.0,0.0,0.0,0.0,2.30755,0.0,2.692876,2.274021,0.0,0.0,3.056667,0.0,0.0,0.0,0.0,0.0,2.144269,0.0,0.0,0.0,0.0,0.0,2.597497,1.665819,2.863073,1.962901,0.0,0.0,2.112325,0.0,0.0,2.099651,0.0,0.0,2.208684,0.0,0.0,0.0,0.0,2.339117,0.0,0.0,2.272458,0.0,0.0,0.0,0.0,0.0,1.575444,2.008989,0.0,2.22914,2.63272,0.0,0.0,0.0,2.188033,0.0,0.0,0.0,0.0,0.0,0.0,0.0,0.0,2.610246,2.304297
POU2F2,1.754819,0.0,0.0,0.0,0.0,0.0,0.0,0.0,0.0,1.671058,0.0,2.239567,0.0,0.0,0.0,0.0,0.0,0.0,0.0,0.0,0.0,0.0,0.0,0.0,0.0,1.962901,0.0,0.0,0.0,0.0,0.0,0.0,0.0,2.29622,0.0,0.0,0.0,0.0,0.0,0.0,0.0,0.0,0.0,0.0,0.0,0.0,0.0,0.0,0.0,0.0,0.0,0.0,0.0,0.0,2.183826,0.0,0.0,0.0,0.0,0.0,0.0,0.0,0.0,0.0,0.0,0.0,0.0
CLTA,0.0,0.0,0.0,0.0,0.0,0.0,0.0,2.274021,0.0,0.0,0.0,0.0,0.0,0.0,1.713724,0.0,0.0,0.0,0.0,2.146934,0.0,0.0,0.0,0.0,0.0,0.0,0.0,0.0,0.0,0.0,0.0,0.0,0.0,0.0,0.0,0.0,0.0,0.0,0.0,0.0,0.0,0.0,0.0,0.0,0.0,0.0,0.0,0.0,1.575444,0.0,0.0,0.0,0.0,0.0,0.0,0.0,0.0,0.0,0.0,0.0,0.0,0.0,0.0,2.084709,0.0,0.0,2.304297
FLNA,0.0,0.0,0.0,0.0,2.30755,0.0,2.065222,0.0,2.696737,0.0,0.0,0.0,0.0,0.0,0.0,0.0,0.0,0.0,0.0,2.779884,0.0,0.0,0.0,0.0,2.225449,1.962901,3.640365,0.0,0.0,0.0,0.0,0.0,0.0,0.0,0.0,0.0,2.088418,2.352779,2.279514,0.0,2.076734,0.0,2.912701,0.0,2.121967,0.0,0.0,0.0,0.0,0.0,0.0,0.0,0.0,1.518711,0.0,0.0,0.0,0.0,0.0,0.0,0.0,0.0,0.0,0.0,2.230622,0.0,0.0
FBLN1,0.0,0.0,0.0,0.0,0.0,0.0,0.0,0.0,0.0,0.0,0.0,0.0,0.0,0.0,0.0,0.0,0.0,0.0,0.0,0.0,0.0,0.0,0.0,0.0,0.0,0.0,0.0,0.0,0.0,0.0,0.0,0.0,0.0,0.0,0.0,0.0,0.0,0.0,0.0,0.0,0.0,0.0,0.0,0.0,0.0,0.0,0.0,0.0,0.0,0.0,0.0,0.0,0.0,0.0,0.0,0.0,0.0,0.0,0.0,0.0,0.0,0.0,0.0,0.0,0.0,0.0,0.0
HSPE1,1.754819,2.202934,0.0,2.29622,0.0,0.0,0.0,0.0,0.0,0.0,2.047976,0.0,0.0,0.0,1.713724,0.0,0.0,2.360564,0.0,0.0,2.107231,0.0,0.0,0.0,0.0,0.0,0.0,0.0,0.0,0.0,2.094015,2.099651,0.0,2.29622,2.208684,0.0,0.0,0.0,0.0,0.0,0.0,0.0,0.0,0.0,0.0,0.0,0.0,0.0,0.0,0.0,0.0,0.0,0.0,0.0,0.0,0.0,0.0,0.0,0.0,2.133695,0.0,0.0,0.0,0.0,2.230622,0.0,0.0
IDH2,0.0,0.0,0.0,0.0,0.0,0.0,0.0,2.274021,0.0,0.0,0.0,0.0,0.0,0.0,0.0,0.0,0.0,0.0,0.0,0.0,0.0,0.0,0.0,0.0,0.0,0.0,0.0,0.0,0.0,0.0,0.0,0.0,0.0,0.0,0.0,0.0,0.0,0.0,0.0,0.0,0.0,0.0,0.0,0.0,0.0,0.0,0.0,0.0,0.0,0.0,0.0,0.0,0.0,0.0,0.0,0.0,0.0,0.0,1.986951,0.0,0.0,0.0,0.0,0.0,0.0,0.0,0.0
SDHB,0.0,0.0,0.0,0.0,0.0,0.0,0.0,0.0,2.06883920025034,0.0,0.0,0.0,0.0,0.0,1.71372414789283,2.11360385508445,0.0,0.0,0.0,0.0,0.0,0.0,0.0,0.0,0.0,0.0,0.0,0.0,0.0,0.0,0.0,0.0,0.0,0.0,0.0,0.0,0.0,0.0,0.0,0.0,0.0,0.0,0.0,0.0,0.0,0.0,0.0,0.0,0.0,0.0,0.0,0.0,0.0,0.0,0.0,0.0,0.0,0.0,0.0,0.0,0.0,0.0,0.0,0.0,0.0,0.0,0.0
ARL6IP4,0.0,0.0,0.0,0.0,0.0,0.0,0.0,0.0,0.0,0.0,2.047976,0.0,2.369301,0.0,0.0,2.113604,0.0,0.0,0.0,2.146934,0.0,2.116168,0.0,1.665819,0.0,1.962901,0.0,0.0,0.0,2.305922,2.094015,0.0,0.0,2.29622,2.208684,0.0,0.0,0.0,2.279514,0.0,0.0,0.0,2.272458,2.250889,0.0,0.0,0.0,0.0,0.0,0.0,1.606564,0.0,0.0,1.518711,0.0,2.094015,0.0,2.124558,0.0,2.133695,1.732244,0.0,0.0,0.0,0.0,0.0,0.0
PFN1,2.730933,3.22504,2.32028,2.937738,3.616284,0.0,0.0,0.0,2.696737,0.0,3.332518,2.877991,0.0,2.388854,0.0,0.0,0.0,0.0,3.010868,4.234501,2.107231,0.0,2.977829,2.629729,2.863073,0.0,3.361393,2.358828,0.0,0.0,0.0,3.113069,2.751972,2.937738,2.208684,0.0,3.377196,0.0,0.0,2.982857,2.705162,0.0,3.578308,2.250889,3.414119,2.385264,1.941637,0.0,3.00392,3.504923,2.561633,0.0,3.289264,2.459503,3.204398,2.094015,2.823479,2.124558,1.986951,2.133695,2.976208,2.165166,3.93428,0.0,2.230622,3.939824,2.946241
AHI1,0.0,0.0,0.0,0.0,0.0,0.0,2.065222,0.0,0.0,0.0,0.0,0.0,0.0,0.0,0.0,0.0,0.0,0.0,0.0,0.0,0.0,0.0,0.0,0.0,0.0,0.0,0.0,0.0,0.0,0.0,0.0,0.0,0.0,0.0,0.0,0.0,0.0,0.0,0.0,0.0,0.0,0.0,0.0,0.0,0.0,0.0,0.0,0.0,0.0,0.0,0.0,0.0,0.0,0.0,0.0,0.0,0.0,0.0,0.0,0.0,0.0,0.0,0.0,0.0,0.0,0.0,0.0
VCAM1,0.0,0.0,0.0,0.0,0.0,0.0,0.0,0.0,0.0,0.0,0.0,0.0,0.0,0.0,0.0,0.0,0.0,0.0,0.0,0.0,0.0,0.0,0.0,0.0,0.0,0.0,0.0,0.0,0.0,0.0,0.0,0.0,0.0,0.0,0.0,0.0,0.0,0.0,0.0,0.0,0.0,0.0,0.0,0.0,0.0,0.0,0.0,0.0,0.0,0.0,0.0,0.0,0.0,0.0,0.0,0.0,0.0,0.0,0.0,0.0,0.0,0.0,0.0,0.0,0.0,0.0,0.0
CDK2AP2,0.0,0.0,0.0,0.0,0.0,0.0,0.0,0.0,0.0,0.0,0.0,0.0,0.0,0.0,0.0,2.113604,0.0,0.0,0.0,2.146934,0.0,0.0,0.0,0.0,0.0,1.962901,0.0,0.0,0.0,0.0,2.094015,0.0,0.0,0.0,0.0,0.0,0.0,0.0,0.0,0.0,0.0,0.0,0.0,0.0,0.0,0.0,0.0,0.0,0.0,0.0,0.0,2.22914,0.0,0.0,0.0,0.0,0.0,0.0,0.0,0.0,1.732244,0.0,0.0,0.0,0.0,0.0,0.0
TMEM134,0.0,0.0,0.0,0.0,0.0,0.0,0.0,0.0,0.0,0.0,2.674451,0.0,0.0,0.0,0.0,0.0,0.0,0.0,0.0,0.0,0.0,0.0,0.0,0.0,0.0,0.0,0.0,0.0,0.0,0.0,0.0,0.0,0.0,0.0,0.0,0.0,0.0,0.0,0.0,0.0,0.0,0.0,0.0,0.0,0.0,0.0,0.0,0.0,0.0,0.0,0.0,0.0,0.0,0.0,0.0,0.0,2.188033,0.0,0.0,0.0,0.0,0.0,0.0,0.0,0.0,0.0,0.0
TP53INP1,0.0,0.0,0.0,0.0,0.0,0.0,0.0,0.0,0.0,1.671058,0.0,0.0,0.0,0.0,0.0,0.0,0.0,0.0,0.0,0.0,0.0,0.0,0.0,0.0,0.0,0.0,0.0,0.0,0.0,0.0,0.0,0.0,0.0,0.0,0.0,0.0,0.0,0.0,0.0,0.0,0.0,0.0,0.0,0.0,0.0,0.0,0.0,0.0,0.0,0.0,0.0,0.0,0.0,0.0,0.0,0.0,0.0,0.0,0.0,0.0,0.0,0.0,0.0,0.0,0.0,0.0,0.0
RPS6KB2,0.0,0.0,0.0,0.0,0.0,0.0,0.0,2.274021,0.0,0.0,0.0,0.0,0.0,0.0,1.713724,0.0,0.0,0.0,0.0,0.0,0.0,0.0,0.0,0.0,2.225449,0.0,0.0,0.0,0.0,0.0,0.0,0.0,0.0,0.0,0.0,0.0,0.0,0.0,0.0,0.0,0.0,0.0,0.0,0.0,0.0,0.0,0.0,0.0,0.0,0.0,0.0,0.0,0.0,0.0,0.0,0.0,0.0,0.0,0.0,0.0,0.0,0.0,0.0,0.0,0.0,0.0,0.0
DDX24,0.0,0.0,0.0,0.0,0.0,0.0,0.0,0.0,3.079471,2.265462,2.047976,0.0,0.0,0.0,0.0,0.0,2.144269,0.0,0.0,0.0,0.0,0.0,2.597497,0.0,0.0,0.0,0.0,0.0,0.0,3.335779,0.0,0.0,2.120674,0.0,0.0,0.0,2.088418,2.997206,0.0,0.0,0.0,1.923451,0.0,0.0,3.137345,0.0,1.941637,2.078567,0.0,0.0,0.0,0.0,3.013932,0.0,0.0,0.0,0.0,2.756103,1.986951,0.0,0.0,2.799237,2.235827,0.0,2.230622,0.0,0.0
ZFP36L2,0.0,2.202934,2.963056,0.0,2.30755,0.0,2.065222,0.0,2.696737,0.0,0.0,0.0,2.369301,0.0,0.0,0.0,0.0,3.005378,2.365796,0.0,0.0,2.116168,2.597497,2.629729,2.225449,3.237886,0.0,3.003556,3.61999,0.0,2.094015,2.729593,2.120674,3.325383,0.0,3.012705,0.0,2.352779,0.0,0.0,2.705162,3.193687,0.0,0.0,3.137345,2.385264,0.0,0.0,1.575444,3.504923,0.0,2.866975,2.008989,2.725585,0.0,0.0,0.0,0.0,1.986951,2.765818,0.0,0.0,2.235827,0.0,0.0,1.988038,0.0
FNIP1,0.0,0.0,0.0,0.0,0.0,0.0,0.0,0.0,0.0,0.0,0.0,0.0,0.0,0.0,0.0,0.0,0.0,0.0,0.0,0.0,0.0,0.0,0.0,0.0,0.0,0.0,2.329854,0.0,0.0,0.0,0.0,0.0,0.0,0.0,0.0,0.0,0.0,0.0,0.0,0.0,0.0,0.0,0.0,0.0,0.0,0.0,0.0,2.078567,0.0,0.0,0.0,0.0,0.0,0.0,0.0,0.0,0.0,0.0,0.0,0.0,0.0,0.0,0.0,0.0,0.0,0.0,0.0
SHMT2,0.0,0.0,0.0,0.0,0.0,0.0,0.0,0.0,0.0,0.0,0.0,0.0,0.0,0.0,0.0,0.0,0.0,0.0,0.0,0.0,0.0,0.0,0.0,0.0,0.0,0.0,0.0,0.0,0.0,0.0,0.0,0.0,0.0,0.0,0.0,0.0,0.0,0.0,0.0,0.0,0.0,0.0,0.0,0.0,0.0,0.0,0.0,0.0,0.0,0.0,0.0,0.0,0.0,0.0,0.0,0.0,0.0,0.0,0.0,0.0,0.0,0.0,0.0,0.0,0.0,0.0,0.0
TSHZ2,0.0,0.0,0.0,0.0,0.0,0.0,0.0,0.0,0.0,0.0,0.0,0.0,0.0,0.0,2.954825,0.0,0.0,0.0,0.0,0.0,0.0,0.0,0.0,0.0,0.0,0.0,0.0,0.0,0.0,2.305922,0.0,0.0,2.120674,0.0,0.0,0.0,0.0,0.0,0.0,0.0,0.0,2.540741,0.0,0.0,0.0,0.0,0.0,0.0,0.0,0.0,0.0,0.0,0.0,0.0,0.0,0.0,0.0,0.0,0.0,0.0,0.0,0.0,0.0,0.0,0.0,0.0,0.0
NDUFA3,2.730933,0.0,2.692448,0.0,0.0,0.0,2.065222,2.274021,0.0,2.635721,2.674451,0.0,0.0,2.388854,0.0,0.0,2.777053,0.0,0.0,0.0,0.0,0.0,0.0,0.0,0.0,0.0,0.0,0.0,0.0,0.0,0.0,2.099651,0.0,0.0,2.208684,2.367547,0.0,0.0,2.279514,0.0,2.076734,2.540741,0.0,0.0,2.121967,0.0,1.941637,2.707117,1.575444,2.008989,1.606564,0.0,2.63272,0.0,0.0,0.0,0.0,0.0,1.986951,2.133695,0.0,0.0,0.0,0.0,0.0,0.0,2.946241
SRSF11,0.0,0.0,0.0,2.29621992739132,2.94966464426475,2.33911673496303,0.0,0.0,0.0,1.6710576703515,0.0,0.0,2.36930147343163,0.0,0.0,0.0,0.0,0.0,0.0,0.0,2.10723100359207,0.0,0.0,0.0,0.0,0.0,0.0,0.0,0.0,2.94795108529198,0.0,0.0,0.0,0.0,0.0,2.367546638764,0.0,0.0,0.0,0.0,0.0,0.0,0.0,0.0,0.0,0.0,0.0,0.0,0.0,0.0,0.0,0.0,0.0,0.0,2.18382640423796,2.09401455295064,2.18803317369721,2.12455791305678,0.0,0.0,2.70537872834044,0.0,0.0,2.0847093326147,0.0,0.0,0.0
DDX17,1.754819,0.0,1.720847,0.0,0.0,0.0,0.0,0.0,2.696737,1.671058,2.047976,2.239567,0.0,0.0,2.312454,0.0,0.0,0.0,0.0,2.779884,0.0,0.0,0.0,0.0,2.225449,2.963201,0.0,3.003556,0.0,0.0,0.0,0.0,2.751972,0.0,0.0,2.367547,0.0,0.0,2.279514,0.0,2.076734,0.0,0.0,0.0,0.0,3.031286,0.0,0.0,0.0,0.0,0.0,0.0,0.0,1.518711,0.0,2.094015,0.0,0.0,0.0,0.0,0.0,0.0,0.0,2.084709,0.0,0.0,2.946241
CFH,0.0,0.0,0.0,0.0,0.0,0.0,0.0,0.0,0.0,0.0,0.0,0.0,0.0,0.0,0.0,0.0,0.0,0.0,0.0,0.0,0.0,0.0,0.0,0.0,0.0,0.0,0.0,0.0,0.0,0.0,0.0,0.0,0.0,0.0,0.0,0.0,0.0,0.0,0.0,0.0,0.0,0.0,0.0,0.0,0.0,0.0,0.0,0.0,0.0,0.0,1.60656411784832,0.0,0.0,0.0,0.0,0.0,0.0,0.0,0.0,0.0,0.0,0.0,0.0,0.0,0.0,0.0,0.0
GAS6,0.0,0.0,0.0,0.0,0.0,0.0,0.0,0.0,0.0,0.0,0.0,0.0,0.0,0.0,0.0,0.0,0.0,0.0,0.0,0.0,0.0,0.0,0.0,0.0,0.0,0.0,0.0,0.0,0.0,0.0,0.0,0.0,0.0,0.0,0.0,0.0,0.0,0.0,0.0,0.0,0.0,0.0,0.0,0.0,0.0,0.0,0.0,0.0,0.0,0.0,0.0,0.0,0.0,0.0,0.0,0.0,0.0,0.0,0.0,0.0,0.0,0.0,0.0,0.0,0.0,0.0,0.0
TSC22D1,0.0,0.0,0.0,0.0,0.0,0.0,0.0,0.0,0.0,0.0,0.0,0.0,0.0,2.388854,1.713724,0.0,0.0,0.0,0.0,0.0,0.0,0.0,0.0,0.0,0.0,0.0,0.0,0.0,0.0,0.0,0.0,0.0,0.0,0.0,0.0,0.0,0.0,0.0,0.0,0.0,0.0,0.0,0.0,0.0,0.0,0.0,0.0,0.0,0.0,0.0,0.0,0.0,0.0,0.0,0.0,0.0,0.0,0.0,0.0,0.0,0.0,0.0,0.0,0.0,0.0,0.0,0.0
SH3BGRL,1.754819,0.0,0.0,0.0,2.30755,0.0,0.0,0.0,2.068839,1.671058,0.0,0.0,0.0,0.0,0.0,0.0,2.144269,0.0,0.0,0.0,0.0,0.0,0.0,0.0,0.0,0.0,0.0,3.003556,0.0,2.305922,0.0,0.0,0.0,2.29622,0.0,0.0,0.0,0.0,0.0,0.0,0.0,2.540741,0.0,0.0,0.0,0.0,1.941637,0.0,0.0,2.008989,0.0,0.0,2.008989,0.0,0.0,0.0,0.0,2.124558,0.0,0.0,1.732244,0.0,0.0,0.0,0.0,0.0,2.304297
N4BP2L2,0.0,2.839257,0.0,0.0,0.0,2.339117,0.0,0.0,2.068839,2.265462,2.047976,0.0,2.369301,0.0,0.0,2.113604,3.16156,2.360564,0.0,0.0,0.0,0.0,1.976168,1.665819,2.225449,1.962901,0.0,0.0,0.0,3.335779,0.0,2.729593,2.120674,0.0,0.0,0.0,2.088418,2.352779,2.279514,0.0,2.076734,0.0,2.272458,0.0,2.121967,0.0,0.0,0.0,1.575444,0.0,1.606564,2.22914,0.0,0.0,0.0,0.0,0.0,0.0,0.0,0.0,0.0,0.0,3.260504,2.084709,2.230622,0.0,2.304297
BGN,0.0,0.0,0.0,0.0,0.0,0.0,0.0,0.0,0.0,0.0,0.0,0.0,0.0,0.0,0.0,0.0,0.0,0.0,0.0,0.0,0.0,0.0,0.0,0.0,0.0,0.0,0.0,0.0,0.0,0.0,0.0,0.0,0.0,0.0,0.0,0.0,0.0,0.0,0.0,0.0,0.0,0.0,0.0,0.0,0.0,0.0,0.0,0.0,0.0,0.0,0.0,0.0,0.0,0.0,0.0,0.0,0.0,0.0,0.0,0.0,0.0,0.0,0.0,0.0,0.0,0.0,0.0
ASAH1,0.0,0.0,0.0,0.0,0.0,2.339117,0.0,0.0,0.0,0.0,0.0,0.0,2.369301,0.0,0.0,0.0,0.0,0.0,0.0,0.0,0.0,0.0,0.0,0.0,0.0,0.0,0.0,0.0,0.0,0.0,0.0,2.099651,0.0,0.0,2.208684,0.0,0.0,0.0,0.0,0.0,0.0,0.0,0.0,0.0,0.0,0.0,0.0,0.0,0.0,0.0,0.0,0.0,0.0,0.0,0.0,0.0,2.188033,0.0,0.0,2.133695,1.732244,0.0,0.0,0.0,0.0,0.0,0.0
CCL4,0.0,0.0,1.720847,4.283482,0.0,0.0,0.0,2.274021,0.0,0.0,0.0,0.0,0.0,0.0,2.312454,0.0,0.0,0.0,4.359526,3.441517,0.0,0.0,0.0,0.0,2.863073,0.0,3.858246,0.0,0.0,0.0,0.0,0.0,0.0,2.29622,0.0,0.0,0.0,0.0,2.279514,2.339117,3.758177,0.0,0.0,0.0,0.0,0.0,0.0,0.0,0.0,3.832773,0.0,3.531275,3.504923,0.0,0.0,0.0,2.188033,0.0,0.0,0.0,0.0,0.0,0.0,0.0,2.230622,0.0,0.0
TM9SF2,0.0,0.0,0.0,0.0,0.0,0.0,0.0,0.0,2.068839,0.0,0.0,0.0,2.369301,0.0,0.0,0.0,0.0,0.0,0.0,2.146934,0.0,0.0,0.0,0.0,0.0,0.0,0.0,0.0,0.0,0.0,0.0,0.0,2.120674,0.0,0.0,0.0,0.0,0.0,0.0,0.0,0.0,0.0,0.0,0.0,0.0,0.0,0.0,0.0,0.0,0.0,0.0,0.0,0.0,0.0,0.0,0.0,0.0,0.0,0.0,0.0,0.0,0.0,0.0,2.084709,0.0,0.0,0.0
ENAH,0.0,0.0,0.0,0.0,0.0,0.0,0.0,0.0,0.0,0.0,0.0,0.0,0.0,0.0,0.0,0.0,0.0,0.0,0.0,0.0,0.0,0.0,0.0,0.0,0.0,0.0,0.0,0.0,0.0,0.0,0.0,0.0,0.0,0.0,0.0,0.0,0.0,0.0,0.0,0.0,0.0,0.0,0.0,0.0,0.0,0.0,0.0,0.0,0.0,0.0,0.0,0.0,0.0,0.0,0.0,0.0,0.0,0.0,0.0,0.0,0.0,0.0,0.0,0.0,0.0,0.0,0.0
LIMD2,0.0,2.202934,0.0,2.937738,2.949665,0.0,0.0,0.0,0.0,0.0,0.0,2.239567,2.369301,0.0,1.713724,2.113604,2.144269,0.0,0.0,0.0,0.0,0.0,0.0,1.665819,0.0,0.0,0.0,0.0,0.0,0.0,0.0,0.0,0.0,0.0,0.0,0.0,0.0,0.0,0.0,0.0,0.0,0.0,0.0,0.0,0.0,0.0,0.0,0.0,1.575444,0.0,1.606564,0.0,0.0,1.518711,0.0,0.0,0.0,0.0,0.0,0.0,0.0,0.0,0.0,0.0,0.0,0.0,0.0
SH3GLB1,0.0,0.0,1.72084710114249,2.29621992739132,0.0,0.0,0.0,0.0,0.0,0.0,0.0,0.0,0.0,0.0,0.0,0.0,0.0,0.0,0.0,0.0,0.0,0.0,0.0,0.0,0.0,0.0,0.0,0.0,0.0,0.0,0.0,2.09965141229548,0.0,0.0,0.0,0.0,0.0,0.0,2.27951397209273,0.0,0.0,2.54074104964204,0.0,0.0,0.0,2.3852642856713,1.94163663827793,0.0,0.0,2.00898929169822,1.60656411784832,0.0,0.0,0.0,0.0,0.0,0.0,2.75610317393711,0.0,0.0,0.0,0.0,0.0,0.0,0.0,0.0,0.0
C1S,0.0,0.0,0.0,0.0,0.0,0.0,0.0,0.0,0.0,0.0,0.0,0.0,0.0,0.0,0.0,0.0,0.0,0.0,0.0,0.0,0.0,0.0,0.0,0.0,0.0,0.0,0.0,0.0,0.0,0.0,0.0,0.0,0.0,0.0,0.0,0.0,0.0,0.0,0.0,0.0,0.0,1.923451,0.0,0.0,0.0,0.0,0.0,0.0,0.0,0.0,0.0,0.0,0.0,0.0,0.0,0.0,0.0,0.0,0.0,0.0,0.0,0.0,0.0,0.0,0.0,0.0,0.0
NAA38,1.754819,0.0,0.0,2.937738,2.30755,0.0,0.0,0.0,0.0,0.0,0.0,0.0,0.0,0.0,0.0,0.0,0.0,0.0,0.0,0.0,0.0,2.116168,0.0,1.665819,0.0,0.0,0.0,2.358828,2.112325,0.0,0.0,2.099651,0.0,0.0,0.0,0.0,0.0,0.0,2.279514,0.0,0.0,0.0,2.272458,0.0,2.121967,2.385264,0.0,0.0,0.0,2.008989,0.0,2.22914,0.0,0.0,0.0,0.0,0.0,2.124558,0.0,0.0,0.0,0.0,0.0,0.0,2.230622,2.9909,2.304297
TUBB4B,0.0,0.0,0.0,0.0,0.0,0.0,0.0,0.0,0.0,0.0,0.0,0.0,0.0,0.0,0.0,2.113604,2.144269,0.0,0.0,2.146934,0.0,0.0,0.0,0.0,0.0,0.0,0.0,0.0,0.0,0.0,0.0,0.0,0.0,0.0,0.0,0.0,0.0,2.352779,0.0,0.0,0.0,0.0,0.0,0.0,0.0,0.0,0.0,0.0,0.0,0.0,0.0,0.0,2.008989,0.0,0.0,0.0,0.0,0.0,0.0,0.0,0.0,0.0,0.0,0.0,0.0,0.0,0.0
PUM1,1.75481895374561,0.0,0.0,0.0,0.0,0.0,0.0,0.0,0.0,0.0,0.0,0.0,0.0,0.0,0.0,0.0,0.0,0.0,0.0,0.0,0.0,0.0,0.0,1.66581905683477,0.0,0.0,2.32985368712411,0.0,0.0,2.30592188645848,0.0,0.0,0.0,0.0,0.0,0.0,0.0,0.0,0.0,0.0,0.0,0.0,0.0,0.0,0.0,0.0,0.0,0.0,0.0,0.0,0.0,0.0,0.0,0.0,0.0,0.0,0.0,0.0,0.0,0.0,1.73224424421223,0.0,0.0,0.0,0.0,0.0,0.0
CHPF,1.754819,0.0,0.0,0.0,0.0,0.0,0.0,0.0,0.0,0.0,0.0,0.0,0.0,0.0,0.0,0.0,0.0,0.0,0.0,0.0,0.0,0.0,0.0,0.0,0.0,0.0,0.0,0.0,0.0,0.0,0.0,0.0,0.0,0.0,0.0,0.0,0.0,0.0,0.0,0.0,0.0,0.0,0.0,0.0,0.0,0.0,0.0,0.0,0.0,0.0,0.0,0.0,0.0,0.0,0.0,0.0,0.0,0.0,0.0,0.0,0.0,0.0,0.0,0.0,0.0,0.0,0.0
SEP15,1.75481895374561,2.2029337810686,0.0,0.0,0.0,0.0,0.0,0.0,0.0,1.6710576703515,0.0,0.0,0.0,0.0,1.71372414789283,0.0,0.0,0.0,0.0,0.0,2.73766512164114,0.0,0.0,1.66581905683477,0.0,0.0,2.32985368712411,0.0,0.0,0.0,0.0,0.0,0.0,0.0,0.0,0.0,0.0,0.0,0.0,0.0,0.0,0.0,0.0,0.0,0.0,0.0,0.0,0.0,0.0,0.0,1.60656411784832,0.0,0.0,0.0,0.0,0.0,0.0,2.12455791305678,0.0,0.0,0.0,2.1651660828208,0.0,0.0,0.0,0.0,0.0
DCN,0.0,0.0,0.0,0.0,0.0,0.0,0.0,0.0,0.0,0.0,0.0,0.0,0.0,0.0,0.0,0.0,0.0,0.0,0.0,0.0,0.0,0.0,0.0,0.0,0.0,0.0,0.0,0.0,0.0,0.0,0.0,0.0,0.0,0.0,0.0,0.0,0.0,0.0,0.0,0.0,0.0,0.0,0.0,0.0,0.0,0.0,0.0,0.0,0.0,0.0,1.606564,0.0,0.0,0.0,0.0,0.0,0.0,0.0,0.0,0.0,0.0,0.0,0.0,0.0,0.0,0.0,0.0
MRPL55,0.0,0.0,0.0,0.0,0.0,2.33911673496303,2.06522247083326,0.0,0.0,0.0,0.0,0.0,0.0,0.0,0.0,0.0,0.0,0.0,0.0,2.14693417019908,0.0,0.0,0.0,0.0,2.2254489746005,0.0,0.0,0.0,0.0,0.0,2.09401455295064,0.0,0.0,0.0,0.0,0.0,0.0,0.0,0.0,0.0,0.0,0.0,0.0,0.0,2.12196671391844,0.0,0.0,0.0,0.0,0.0,0.0,0.0,0.0,0.0,0.0,0.0,0.0,0.0,0.0,0.0,0.0,0.0,0.0,0.0,0.0,0.0,0.0
SNRPB,0.0,0.0,0.0,0.0,0.0,0.0,0.0,0.0,0.0,0.0,0.0,2.877991,0.0,0.0,0.0,0.0,0.0,0.0,0.0,2.146934,2.737665,0.0,0.0,0.0,0.0,0.0,0.0,0.0,0.0,0.0,0.0,0.0,0.0,0.0,0.0,0.0,0.0,0.0,0.0,0.0,0.0,0.0,0.0,0.0,0.0,0.0,0.0,0.0,0.0,0.0,1.606564,2.22914,0.0,0.0,0.0,0.0,0.0,0.0,0.0,0.0,1.732244,2.165166,0.0,0.0,0.0,1.988038,0.0
HMGN3,0.0,0.0,0.0,0.0,2.30755,0.0,0.0,0.0,0.0,1.671058,0.0,0.0,2.369301,0.0,0.0,0.0,0.0,0.0,0.0,2.146934,0.0,0.0,0.0,0.0,0.0,0.0,0.0,0.0,2.112325,0.0,0.0,0.0,0.0,2.29622,0.0,0.0,0.0,0.0,0.0,2.339117,0.0,1.923451,0.0,0.0,0.0,0.0,0.0,0.0,0.0,0.0,0.0,0.0,0.0,0.0,0.0,0.0,0.0,0.0,0.0,0.0,0.0,2.165166,0.0,0.0,0.0,0.0,0.0
TMEM176B,0.0,0.0,0.0,0.0,0.0,0.0,0.0,0.0,0.0,0.0,0.0,0.0,0.0,0.0,0.0,0.0,0.0,0.0,0.0,0.0,0.0,0.0,0.0,0.0,0.0,0.0,0.0,0.0,0.0,0.0,0.0,0.0,0.0,0.0,0.0,0.0,0.0,0.0,0.0,0.0,0.0,0.0,0.0,0.0,0.0,0.0,0.0,0.0,0.0,0.0,0.0,0.0,0.0,0.0,0.0,0.0,0.0,0.0,0.0,0.0,0.0,0.0,0.0,0.0,0.0,0.0,0.0
LAMTOR1,0.0,0.0,1.720847,0.0,0.0,0.0,0.0,0.0,0.0,0.0,0.0,0.0,0.0,0.0,0.0,0.0,0.0,0.0,0.0,2.146934,2.107231,0.0,0.0,0.0,0.0,0.0,0.0,0.0,0.0,2.305922,2.094015,0.0,0.0,0.0,0.0,0.0,0.0,0.0,0.0,2.339117,2.076734,1.923451,0.0,0.0,2.121967,0.0,0.0,0.0,0.0,0.0,0.0,0.0,0.0,0.0,0.0,0.0,0.0,0.0,0.0,0.0,0.0,0.0,0.0,2.084709,0.0,0.0,2.304297
MKKS,0.0,0.0,0.0,0.0,0.0,0.0,0.0,0.0,0.0,0.0,0.0,0.0,0.0,0.0,0.0,0.0,0.0,0.0,0.0,0.0,0.0,0.0,0.0,0.0,0.0,0.0,0.0,0.0,0.0,0.0,0.0,2.099651,0.0,0.0,0.0,0.0,0.0,0.0,0.0,0.0,0.0,0.0,0.0,0.0,0.0,0.0,0.0,0.0,0.0,0.0,0.0,0.0,0.0,0.0,0.0,0.0,0.0,0.0,0.0,0.0,0.0,2.165166,2.235827,0.0,0.0,0.0,0.0
TINAGL1,0.0,0.0,0.0,0.0,0.0,0.0,0.0,0.0,0.0,0.0,0.0,0.0,0.0,0.0,0.0,0.0,0.0,0.0,0.0,0.0,0.0,0.0,0.0,0.0,0.0,0.0,0.0,0.0,0.0,0.0,0.0,0.0,0.0,0.0,0.0,0.0,0.0,0.0,0.0,0.0,0.0,0.0,0.0,0.0,0.0,0.0,0.0,0.0,0.0,0.0,0.0,0.0,0.0,0.0,0.0,0.0,0.0,0.0,0.0,0.0,0.0,0.0,0.0,0.0,0.0,0.0,0.0
PDIA4,0.0,0.0,0.0,0.0,0.0,0.0,0.0,0.0,0.0,0.0,0.0,0.0,0.0,0.0,0.0,0.0,0.0,0.0,2.365796,0.0,0.0,0.0,0.0,0.0,0.0,0.0,0.0,0.0,0.0,0.0,0.0,0.0,0.0,0.0,0.0,0.0,0.0,2.352779,0.0,0.0,0.0,0.0,0.0,0.0,0.0,0.0,0.0,0.0,0.0,0.0,0.0,0.0,0.0,0.0,0.0,0.0,0.0,0.0,0.0,0.0,1.732244,0.0,0.0,0.0,0.0,0.0,0.0
CD44,0.0,0.0,0.0,2.937738,2.30755,0.0,2.065222,2.914348,2.696737,0.0,2.674451,0.0,2.369301,3.424359,0.0,3.79926,0.0,0.0,0.0,0.0,2.737665,3.131041,3.252704,2.259678,2.863073,2.583235,0.0,2.358828,2.112325,0.0,0.0,0.0,2.120674,2.29622,0.0,0.0,2.717622,2.997206,3.307465,2.339117,0.0,2.540741,2.272458,3.554911,0.0,0.0,0.0,0.0,2.793098,0.0,0.0,0.0,2.63272,1.518711,0.0,0.0,2.188033,0.0,0.0,2.133695,1.732244,0.0,2.235827,0.0,2.86854,2.9909,0.0
EIF3E,1.754819,0.0,1.720847,0.0,0.0,2.982857,2.065222,2.274021,2.068839,2.265462,0.0,0.0,2.369301,3.035048,0.0,0.0,0.0,0.0,0.0,0.0,2.107231,2.747177,2.597497,3.111292,2.863073,1.962901,0.0,3.003556,0.0,2.947951,0.0,0.0,0.0,2.29622,3.231246,0.0,0.0,2.997206,0.0,2.339117,0.0,0.0,0.0,0.0,0.0,0.0,1.941637,2.707117,2.159381,0.0,2.194031,2.22914,0.0,2.459503,0.0,0.0,0.0,2.756103,2.609079,0.0,0.0,0.0,0.0,0.0,2.230622,2.610246,2.304297
ADAMTS1,0.0,0.0,0.0,0.0,0.0,0.0,0.0,2.274021,0.0,0.0,0.0,0.0,0.0,0.0,0.0,0.0,0.0,0.0,0.0,0.0,0.0,0.0,0.0,0.0,0.0,0.0,0.0,0.0,0.0,0.0,0.0,0.0,0.0,0.0,0.0,0.0,0.0,0.0,0.0,0.0,0.0,0.0,0.0,0.0,0.0,0.0,0.0,0.0,0.0,0.0,0.0,0.0,0.0,0.0,0.0,0.0,0.0,0.0,0.0,0.0,0.0,0.0,0.0,0.0,0.0,0.0,0.0
UBE2Z,0.0,0.0,0.0,0.0,0.0,0.0,0.0,0.0,0.0,0.0,0.0,0.0,0.0,0.0,0.0,0.0,0.0,0.0,0.0,0.0,0.0,0.0,0.0,0.0,0.0,0.0,0.0,0.0,0.0,0.0,0.0,0.0,0.0,0.0,0.0,0.0,0.0,0.0,0.0,0.0,0.0,0.0,0.0,0.0,0.0,0.0,0.0,0.0,0.0,0.0,0.0,0.0,0.0,0.0,0.0,0.0,0.0,0.0,0.0,0.0,0.0,0.0,0.0,0.0,0.0,0.0,0.0
CAV2,0.0,0.0,0.0,0.0,0.0,0.0,0.0,0.0,0.0,0.0,0.0,0.0,0.0,0.0,0.0,0.0,0.0,0.0,0.0,0.0,0.0,0.0,0.0,0.0,0.0,0.0,0.0,0.0,0.0,0.0,0.0,0.0,0.0,0.0,0.0,0.0,0.0,0.0,0.0,0.0,0.0,0.0,0.0,0.0,0.0,0.0,0.0,0.0,0.0,0.0,0.0,0.0,0.0,0.0,0.0,0.0,0.0,0.0,0.0,0.0,0.0,0.0,0.0,0.0,0.0,0.0,0.0
TNFRSF1A,0.0,0.0,1.720847,0.0,0.0,0.0,0.0,0.0,0.0,0.0,0.0,0.0,0.0,0.0,0.0,0.0,0.0,0.0,0.0,0.0,0.0,0.0,0.0,0.0,0.0,0.0,2.329854,0.0,0.0,0.0,0.0,0.0,0.0,0.0,0.0,0.0,0.0,0.0,0.0,0.0,0.0,1.923451,0.0,0.0,0.0,0.0,0.0,0.0,0.0,0.0,0.0,0.0,0.0,0.0,0.0,0.0,0.0,0.0,0.0,0.0,0.0,0.0,0.0,0.0,2.230622,0.0,0.0
NUTM2B-AS1,1.754819,0.0,0.0,0.0,0.0,0.0,0.0,0.0,0.0,1.671058,0.0,0.0,0.0,0.0,0.0,2.113604,2.144269,0.0,0.0,2.146934,0.0,0.0,0.0,0.0,0.0,0.0,0.0,0.0,0.0,0.0,0.0,0.0,0.0,0.0,0.0,0.0,0.0,0.0,0.0,0.0,0.0,1.923451,0.0,0.0,0.0,0.0,0.0,0.0,1.575444,0.0,0.0,0.0,0.0,0.0,0.0,0.0,0.0,0.0,0.0,2.133695,0.0,0.0,0.0,0.0,0.0,0.0,0.0
HIF1A,0.0,0.0,0.0,0.0,0.0,0.0,0.0,0.0,2.068839,0.0,0.0,0.0,0.0,0.0,0.0,0.0,0.0,0.0,0.0,0.0,0.0,0.0,0.0,0.0,0.0,0.0,0.0,0.0,0.0,0.0,0.0,0.0,0.0,0.0,2.208684,0.0,0.0,0.0,0.0,0.0,0.0,0.0,0.0,0.0,0.0,0.0,0.0,0.0,0.0,0.0,0.0,0.0,0.0,0.0,0.0,0.0,0.0,0.0,0.0,0.0,0.0,0.0,0.0,0.0,0.0,0.0,0.0
FEZ2,1.754819,0.0,0.0,0.0,0.0,0.0,0.0,2.274021,0.0,1.671058,0.0,0.0,0.0,0.0,0.0,0.0,0.0,0.0,0.0,0.0,0.0,0.0,0.0,0.0,0.0,0.0,0.0,0.0,0.0,0.0,0.0,0.0,0.0,0.0,0.0,0.0,0.0,0.0,0.0,0.0,0.0,0.0,0.0,0.0,0.0,2.385264,0.0,0.0,0.0,0.0,0.0,0.0,0.0,1.518711,0.0,0.0,0.0,0.0,0.0,0.0,0.0,0.0,0.0,0.0,0.0,0.0,0.0
CDC37,0.0,0.0,0.0,0.0,0.0,0.0,0.0,0.0,0.0,0.0,0.0,0.0,0.0,0.0,0.0,0.0,0.0,0.0,0.0,0.0,0.0,0.0,0.0,1.665819,0.0,0.0,0.0,0.0,0.0,0.0,0.0,0.0,0.0,0.0,0.0,0.0,0.0,0.0,0.0,0.0,0.0,0.0,0.0,0.0,0.0,0.0,0.0,0.0,0.0,0.0,0.0,0.0,0.0,0.0,2.183826,0.0,0.0,0.0,0.0,0.0,0.0,0.0,0.0,0.0,0.0,2.610246,0.0
MDH2,1.754819,0.0,1.720847,0.0,2.30755,0.0,0.0,0.0,0.0,0.0,2.047976,0.0,0.0,0.0,0.0,0.0,0.0,0.0,0.0,0.0,0.0,0.0,1.976168,0.0,0.0,0.0,0.0,0.0,0.0,0.0,0.0,0.0,0.0,0.0,0.0,0.0,2.088418,0.0,0.0,0.0,0.0,0.0,0.0,2.250889,0.0,0.0,0.0,0.0,1.575444,0.0,0.0,0.0,0.0,0.0,0.0,0.0,0.0,2.124558,0.0,2.133695,0.0,0.0,0.0,0.0,0.0,0.0,0.0
SRRM2,1.754819,0.0,0.0,0.0,0.0,2.339117,0.0,0.0,0.0,0.0,2.047976,0.0,0.0,0.0,1.713724,0.0,2.144269,2.360564,0.0,2.146934,0.0,0.0,0.0,0.0,2.225449,0.0,0.0,0.0,0.0,0.0,0.0,0.0,0.0,2.29622,0.0,0.0,0.0,0.0,0.0,0.0,0.0,0.0,0.0,0.0,0.0,0.0,0.0,0.0,1.575444,2.008989,0.0,2.22914,0.0,0.0,2.819021,0.0,0.0,0.0,0.0,0.0,0.0,0.0,0.0,0.0,0.0,0.0,0.0
COX4I1,0.0,2.202934,1.720847,0.0,2.30755,0.0,2.065222,2.914348,2.696737,2.265462,0.0,2.877991,3.40352,0.0,2.684356,2.113604,2.144269,0.0,0.0,2.779884,2.107231,0.0,1.976168,2.899222,0.0,1.962901,0.0,0.0,0.0,0.0,2.723587,0.0,0.0,0.0,2.208684,0.0,2.088418,2.352779,2.279514,3.371295,0.0,1.923451,2.272458,0.0,2.753347,2.385264,0.0,3.090088,2.159381,2.008989,0.0,0.0,2.63272,0.0,2.183826,2.094015,2.188033,2.124558,1.986951,2.133695,0.0,0.0,2.874041,2.713668,2.86854,1.988038,0.0
RBM3,1.754819,0.0,0.0,0.0,0.0,0.0,0.0,2.274021,2.068839,0.0,2.047976,0.0,0.0,2.388854,1.713724,0.0,0.0,2.360564,2.365796,0.0,0.0,2.116168,0.0,0.0,0.0,0.0,0.0,2.358828,2.112325,0.0,0.0,0.0,2.120674,0.0,0.0,0.0,0.0,0.0,0.0,0.0,0.0,0.0,0.0,0.0,0.0,0.0,1.941637,0.0,0.0,0.0,1.606564,0.0,2.008989,0.0,2.183826,0.0,0.0,0.0,1.986951,0.0,0.0,0.0,0.0,0.0,0.0,0.0,0.0
RBM17,1.754819,0.0,0.0,0.0,0.0,0.0,2.692876,2.274021,0.0,0.0,0.0,0.0,0.0,0.0,0.0,0.0,0.0,0.0,0.0,0.0,0.0,0.0,0.0,0.0,0.0,1.962901,0.0,0.0,0.0,0.0,0.0,0.0,0.0,0.0,0.0,0.0,0.0,0.0,0.0,0.0,0.0,1.923451,0.0,0.0,0.0,2.385264,0.0,0.0,0.0,0.0,0.0,0.0,0.0,0.0,0.0,0.0,0.0,0.0,0.0,0.0,0.0,0.0,0.0,0.0,2.230622,1.988038,0.0
CELF2,0.0,2.202934,0.0,0.0,2.30755,2.339117,2.065222,0.0,2.068839,0.0,2.674451,0.0,2.369301,3.035048,0.0,0.0,2.144269,0.0,0.0,0.0,2.737665,0.0,1.976168,1.665819,2.863073,0.0,2.973122,0.0,2.112325,2.305922,0.0,0.0,0.0,2.29622,0.0,2.367547,0.0,2.997206,2.279514,2.339117,0.0,0.0,0.0,0.0,0.0,2.385264,0.0,0.0,1.575444,3.013932,1.606564,0.0,0.0,0.0,0.0,2.094015,2.188033,0.0,0.0,2.133695,0.0,0.0,0.0,0.0,0.0,0.0,0.0
IGFBP5,0.0,0.0,0.0,0.0,0.0,0.0,0.0,0.0,0.0,0.0,0.0,0.0,0.0,0.0,0.0,0.0,0.0,0.0,0.0,0.0,0.0,0.0,0.0,0.0,0.0,0.0,0.0,0.0,0.0,3.335779,0.0,0.0,0.0,0.0,0.0,0.0,0.0,0.0,0.0,0.0,0.0,0.0,0.0,0.0,0.0,0.0,0.0,0.0,0.0,0.0,0.0,0.0,0.0,0.0,0.0,0.0,0.0,0.0,0.0,0.0,0.0,0.0,0.0,0.0,0.0,0.0,0.0
IER3IP1,0.0,0.0,1.720847,0.0,0.0,0.0,0.0,0.0,0.0,1.671058,0.0,0.0,0.0,0.0,0.0,0.0,0.0,0.0,0.0,0.0,2.107231,0.0,0.0,1.665819,0.0,0.0,0.0,0.0,0.0,0.0,0.0,0.0,0.0,0.0,0.0,0.0,0.0,2.352779,0.0,0.0,0.0,0.0,0.0,0.0,0.0,0.0,0.0,0.0,0.0,0.0,0.0,0.0,0.0,0.0,0.0,0.0,0.0,0.0,0.0,0.0,0.0,0.0,0.0,0.0,0.0,0.0,0.0
RAB5C,1.754819,0.0,0.0,0.0,0.0,0.0,0.0,0.0,0.0,1.671058,2.047976,0.0,0.0,0.0,0.0,0.0,0.0,0.0,0.0,0.0,0.0,0.0,1.976168,0.0,0.0,0.0,0.0,0.0,0.0,0.0,0.0,0.0,0.0,0.0,0.0,0.0,0.0,0.0,0.0,0.0,0.0,0.0,0.0,0.0,0.0,0.0,0.0,0.0,0.0,0.0,0.0,0.0,0.0,0.0,0.0,0.0,0.0,0.0,0.0,0.0,2.33279,0.0,0.0,0.0,0.0,0.0,2.304297
NDUFA13,2.357528,0.0,2.32028,0.0,0.0,0.0,0.0,0.0,0.0,1.671058,2.047976,0.0,0.0,0.0,0.0,0.0,0.0,0.0,0.0,2.146934,0.0,0.0,0.0,0.0,2.225449,1.962901,0.0,2.358828,0.0,0.0,3.10693,2.729593,0.0,0.0,2.208684,0.0,0.0,2.352779,0.0,2.339117,0.0,0.0,0.0,0.0,2.753347,0.0,2.560346,0.0,2.525621,0.0,0.0,0.0,0.0,0.0,2.183826,0.0,0.0,0.0,1.986951,2.133695,2.976208,0.0,0.0,0.0,2.230622,2.610246,2.304297
SDC2,0.0,0.0,0.0,0.0,0.0,0.0,0.0,0.0,0.0,0.0,0.0,0.0,0.0,0.0,0.0,0.0,0.0,0.0,0.0,0.0,0.0,0.0,0.0,0.0,0.0,0.0,0.0,0.0,0.0,0.0,0.0,0.0,0.0,0.0,0.0,0.0,0.0,0.0,0.0,0.0,0.0,0.0,0.0,0.0,0.0,0.0,0.0,0.0,0.0,0.0,0.0,0.0,0.0,0.0,0.0,0.0,0.0,0.0,0.0,0.0,0.0,0.0,0.0,0.0,0.0,0.0,0.0
COPS6,0.0,0.0,0.0,0.0,0.0,0.0,0.0,0.0,0.0,0.0,0.0,0.0,0.0,0.0,0.0,0.0,0.0,2.360564,0.0,0.0,0.0,0.0,0.0,0.0,0.0,0.0,0.0,0.0,0.0,2.305922,0.0,0.0,2.120674,0.0,0.0,0.0,0.0,0.0,0.0,0.0,0.0,0.0,2.272458,0.0,0.0,2.385264,2.560346,0.0,0.0,0.0,0.0,0.0,0.0,0.0,0.0,0.0,0.0,0.0,0.0,0.0,0.0,0.0,2.235827,0.0,0.0,0.0,0.0
CLU,0.0,0.0,0.0,0.0,0.0,0.0,0.0,0.0,0.0,0.0,0.0,0.0,0.0,0.0,0.0,0.0,0.0,0.0,0.0,0.0,0.0,0.0,0.0,0.0,0.0,0.0,0.0,0.0,0.0,0.0,0.0,0.0,0.0,0.0,0.0,0.0,0.0,0.0,2.279514,0.0,0.0,0.0,0.0,0.0,0.0,0.0,0.0,0.0,0.0,0.0,0.0,0.0,0.0,0.0,0.0,0.0,0.0,0.0,0.0,0.0,0.0,0.0,2.235827,0.0,0.0,0.0,0.0
CCNL2,0.0,0.0,0.0,2.29621992739132,0.0,0.0,0.0,0.0,0.0,0.0,0.0,0.0,0.0,0.0,0.0,0.0,0.0,0.0,0.0,0.0,0.0,0.0,0.0,0.0,0.0,0.0,0.0,0.0,0.0,0.0,0.0,0.0,0.0,0.0,0.0,0.0,0.0,0.0,0.0,0.0,0.0,0.0,0.0,0.0,0.0,0.0,0.0,0.0,0.0,0.0,0.0,0.0,0.0,0.0,0.0,0.0,0.0,0.0,0.0,0.0,0.0,0.0,2.23582745870222,0.0,0.0,0.0,0.0
SERPING1,0.0,0.0,0.0,0.0,0.0,0.0,0.0,0.0,0.0,0.0,0.0,0.0,0.0,0.0,0.0,0.0,0.0,0.0,0.0,0.0,0.0,0.0,0.0,0.0,0.0,0.0,0.0,0.0,0.0,0.0,0.0,0.0,0.0,0.0,0.0,0.0,0.0,0.0,0.0,0.0,0.0,0.0,0.0,0.0,0.0,0.0,0.0,0.0,0.0,0.0,0.0,0.0,0.0,0.0,0.0,0.0,0.0,0.0,0.0,0.0,0.0,0.0,0.0,0.0,0.0,0.0,0.0
LY6E,1.754819,0.0,1.720847,2.29622,0.0,0.0,0.0,0.0,0.0,0.0,2.047976,0.0,0.0,0.0,1.713724,0.0,0.0,2.360564,0.0,0.0,0.0,0.0,1.976168,0.0,0.0,1.962901,0.0,0.0,0.0,0.0,0.0,0.0,0.0,0.0,0.0,0.0,0.0,0.0,0.0,2.339117,0.0,0.0,2.272458,0.0,0.0,0.0,0.0,0.0,0.0,2.63272,0.0,2.22914,0.0,0.0,0.0,3.10693,0.0,0.0,0.0,0.0,1.732244,2.165166,2.235827,0.0,0.0,0.0,2.946241
SEC61G,1.754819,0.0,2.32028,0.0,2.30755,0.0,2.692876,0.0,2.696737,0.0,0.0,0.0,0.0,0.0,1.713724,0.0,0.0,2.360564,2.365796,2.146934,0.0,2.116168,0.0,0.0,0.0,0.0,2.973122,0.0,0.0,0.0,2.094015,0.0,2.120674,2.29622,0.0,0.0,2.088418,2.352779,2.279514,0.0,0.0,1.923451,0.0,0.0,2.121967,0.0,1.941637,0.0,0.0,2.008989,1.606564,2.22914,0.0,2.095889,0.0,0.0,2.823479,0.0,1.986951,0.0,0.0,0.0,0.0,2.084709,0.0,0.0,0.0
MYEOV2,1.754819,0.0,1.720847,0.0,0.0,0.0,0.0,0.0,0.0,1.671058,0.0,2.239567,0.0,0.0,0.0,0.0,2.144269,0.0,0.0,2.146934,0.0,0.0,0.0,1.665819,0.0,0.0,0.0,2.358828,0.0,0.0,0.0,0.0,0.0,0.0,2.845343,0.0,0.0,0.0,2.279514,0.0,0.0,1.923451,0.0,0.0,2.121967,2.385264,0.0,0.0,1.575444,2.63272,0.0,0.0,0.0,1.518711,0.0,0.0,0.0,0.0,0.0,0.0,1.732244,2.165166,0.0,0.0,0.0,0.0,2.946241
UBTF,0.0,0.0,0.0,0.0,0.0,0.0,0.0,2.274021,0.0,0.0,0.0,0.0,0.0,0.0,0.0,0.0,0.0,0.0,0.0,0.0,2.107231,0.0,0.0,0.0,0.0,0.0,0.0,0.0,0.0,0.0,0.0,0.0,0.0,0.0,0.0,2.367547,0.0,0.0,0.0,0.0,0.0,1.923451,0.0,0.0,0.0,0.0,0.0,0.0,0.0,0.0,0.0,0.0,0.0,0.0,0.0,0.0,0.0,0.0,0.0,0.0,0.0,0.0,0.0,0.0,0.0,0.0,0.0
SIVA1,0.0,0.0,0.0,0.0,0.0,0.0,0.0,0.0,0.0,0.0,2.047976,0.0,0.0,0.0,0.0,0.0,0.0,0.0,0.0,0.0,0.0,0.0,0.0,0.0,0.0,0.0,0.0,0.0,0.0,0.0,0.0,0.0,0.0,0.0,0.0,0.0,0.0,0.0,0.0,0.0,0.0,0.0,0.0,0.0,2.121967,0.0,0.0,0.0,0.0,0.0,2.194031,0.0,0.0,0.0,0.0,0.0,0.0,0.0,1.986951,0.0,0.0,0.0,0.0,0.0,0.0,0.0,0.0
AKR1B1,0.0,0.0,0.0,0.0,0.0,0.0,0.0,0.0,0.0,0.0,0.0,0.0,0.0,0.0,0.0,0.0,0.0,0.0,0.0,0.0,0.0,0.0,0.0,1.665819,0.0,0.0,0.0,0.0,0.0,0.0,0.0,0.0,0.0,0.0,0.0,0.0,0.0,0.0,0.0,0.0,0.0,0.0,0.0,0.0,0.0,0.0,0.0,0.0,0.0,0.0,0.0,0.0,0.0,0.0,0.0,0.0,0.0,0.0,1.986951,0.0,0.0,0.0,0.0,2.084709,0.0,0.0,0.0
CHMP3,0.0,0.0,1.720847,0.0,0.0,0.0,0.0,0.0,0.0,0.0,0.0,0.0,0.0,0.0,0.0,0.0,0.0,0.0,0.0,0.0,0.0,0.0,0.0,0.0,0.0,0.0,0.0,0.0,2.112325,0.0,0.0,0.0,0.0,0.0,0.0,0.0,0.0,0.0,0.0,0.0,0.0,1.923451,0.0,0.0,0.0,0.0,0.0,0.0,0.0,0.0,1.606564,0.0,0.0,0.0,0.0,0.0,0.0,0.0,0.0,0.0,0.0,0.0,0.0,0.0,0.0,0.0,0.0
ANGPTL2,0.0,0.0,0.0,0.0,0.0,0.0,0.0,0.0,0.0,0.0,0.0,0.0,0.0,0.0,0.0,0.0,0.0,0.0,0.0,0.0,0.0,0.0,0.0,0.0,0.0,0.0,0.0,0.0,0.0,0.0,0.0,0.0,0.0,0.0,0.0,0.0,0.0,0.0,0.0,0.0,0.0,0.0,0.0,0.0,0.0,0.0,0.0,0.0,0.0,0.0,0.0,0.0,0.0,0.0,0.0,0.0,0.0,0.0,0.0,0.0,0.0,0.0,0.0,0.0,0.0,0.0,0.0
CTNNA1,0.0,0.0,0.0,0.0,0.0,0.0,0.0,0.0,0.0,0.0,0.0,0.0,0.0,0.0,0.0,0.0,0.0,0.0,0.0,0.0,0.0,0.0,0.0,0.0,0.0,0.0,2.329854,0.0,0.0,0.0,0.0,0.0,0.0,0.0,0.0,0.0,0.0,0.0,0.0,0.0,0.0,0.0,0.0,0.0,0.0,0.0,0.0,0.0,0.0,0.0,0.0,0.0,0.0,0.0,0.0,0.0,2.188033,0.0,0.0,0.0,0.0,0.0,0.0,0.0,0.0,0.0,0.0
CDC42EP1,0.0,0.0,0.0,0.0,0.0,0.0,0.0,0.0,0.0,0.0,0.0,0.0,0.0,0.0,0.0,0.0,0.0,0.0,0.0,0.0,0.0,0.0,0.0,0.0,0.0,0.0,0.0,0.0,0.0,0.0,0.0,2.099651,0.0,0.0,0.0,0.0,0.0,0.0,0.0,0.0,0.0,0.0,0.0,0.0,0.0,0.0,0.0,0.0,0.0,0.0,0.0,0.0,0.0,0.0,0.0,0.0,0.0,0.0,0.0,0.0,0.0,0.0,0.0,0.0,0.0,0.0,0.0
MYO1C,0.0,0.0,0.0,0.0,0.0,0.0,0.0,2.274021,0.0,0.0,0.0,0.0,0.0,0.0,1.713724,0.0,0.0,0.0,0.0,0.0,0.0,0.0,0.0,0.0,0.0,0.0,0.0,0.0,0.0,0.0,0.0,0.0,2.120674,0.0,0.0,0.0,0.0,2.352779,0.0,0.0,0.0,0.0,0.0,0.0,0.0,0.0,0.0,0.0,0.0,0.0,0.0,0.0,0.0,0.0,0.0,0.0,0.0,0.0,0.0,0.0,0.0,0.0,0.0,0.0,0.0,0.0,0.0
TES,0.0,0.0,0.0,0.0,2.30755,0.0,0.0,0.0,0.0,0.0,0.0,2.239567,0.0,0.0,0.0,0.0,0.0,0.0,0.0,0.0,0.0,0.0,0.0,0.0,0.0,1.962901,0.0,0.0,0.0,2.305922,0.0,0.0,0.0,0.0,0.0,0.0,0.0,0.0,0.0,0.0,0.0,0.0,0.0,0.0,0.0,0.0,0.0,0.0,0.0,2.008989,0.0,0.0,0.0,1.518711,0.0,0.0,0.0,0.0,0.0,0.0,1.732244,0.0,0.0,0.0,0.0,0.0,0.0
ENG,0.0,0.0,0.0,0.0,0.0,0.0,0.0,2.274021,0.0,0.0,0.0,0.0,0.0,0.0,0.0,0.0,0.0,0.0,0.0,0.0,0.0,0.0,0.0,0.0,0.0,0.0,0.0,0.0,0.0,0.0,0.0,0.0,0.0,0.0,0.0,0.0,0.0,0.0,0.0,0.0,0.0,0.0,0.0,0.0,0.0,0.0,0.0,0.0,0.0,0.0,0.0,0.0,0.0,0.0,0.0,0.0,0.0,0.0,0.0,0.0,0.0,0.0,0.0,0.0,0.0,0.0,0.0
SDF2L1,0.0,0.0,0.0,0.0,0.0,0.0,0.0,0.0,0.0,0.0,0.0,0.0,0.0,0.0,0.0,0.0,2.144269,0.0,0.0,0.0,0.0,0.0,0.0,0.0,0.0,0.0,0.0,0.0,0.0,0.0,0.0,0.0,0.0,0.0,2.208684,2.367547,0.0,0.0,0.0,0.0,0.0,0.0,0.0,2.250889,0.0,0.0,0.0,2.078567,0.0,2.008989,0.0,0.0,0.0,0.0,0.0,0.0,0.0,0.0,0.0,2.765818,1.732244,0.0,0.0,0.0,0.0,0.0,0.0
TUBA1A,1.754819,0.0,1.720847,2.29622,0.0,0.0,0.0,0.0,0.0,0.0,2.047976,0.0,0.0,0.0,0.0,0.0,0.0,0.0,0.0,0.0,2.107231,0.0,0.0,0.0,2.225449,0.0,0.0,0.0,2.112325,0.0,0.0,2.099651,2.120674,0.0,0.0,0.0,0.0,0.0,0.0,0.0,2.076734,0.0,0.0,0.0,0.0,0.0,0.0,0.0,0.0,0.0,0.0,0.0,2.008989,0.0,0.0,0.0,0.0,0.0,0.0,0.0,0.0,2.165166,0.0,0.0,0.0,0.0,0.0
IRF2BP2,1.75481895374561,0.0,0.0,0.0,0.0,2.33911673496303,0.0,0.0,0.0,1.6710576703515,0.0,0.0,0.0,0.0,0.0,0.0,0.0,0.0,0.0,0.0,0.0,0.0,0.0,0.0,0.0,0.0,0.0,0.0,0.0,0.0,0.0,2.09965141229548,0.0,0.0,0.0,2.367546638764,2.08841810464014,0.0,0.0,2.33911673496303,0.0,0.0,0.0,0.0,0.0,0.0,0.0,2.70711736521367,1.5754438385365,0.0,0.0,0.0,0.0,0.0,0.0,0.0,0.0,0.0,1.98695148479768,0.0,0.0,0.0,0.0,0.0,0.0,0.0,0.0
LDHB,0.0,2.202934,0.0,2.937738,0.0,0.0,0.0,0.0,0.0,2.635721,0.0,0.0,0.0,0.0,0.0,0.0,2.777053,2.360564,0.0,0.0,0.0,0.0,0.0,0.0,0.0,1.962901,0.0,0.0,2.112325,0.0,0.0,0.0,2.120674,2.29622,2.845343,0.0,2.717622,0.0,0.0,2.339117,0.0,0.0,0.0,2.889947,0.0,0.0,2.560346,2.078567,1.575444,0.0,2.194031,2.22914,0.0,2.095889,0.0,2.723587,0.0,2.124558,2.609079,0.0,0.0,0.0,2.235827,0.0,0.0,0.0,0.0
PDLIM4,0.0,0.0,0.0,0.0,0.0,0.0,0.0,0.0,0.0,0.0,0.0,0.0,0.0,0.0,0.0,0.0,0.0,0.0,0.0,0.0,0.0,0.0,0.0,0.0,0.0,0.0,0.0,0.0,0.0,0.0,0.0,0.0,0.0,0.0,0.0,0.0,0.0,0.0,0.0,0.0,0.0,0.0,0.0,0.0,0.0,0.0,0.0,0.0,0.0,0.0,0.0,0.0,0.0,0.0,0.0,0.0,0.0,0.0,0.0,0.0,0.0,0.0,0.0,0.0,0.0,0.0,0.0
HINT1,2.357528,0.0,2.692448,2.29622,2.949665,0.0,0.0,0.0,2.068839,1.671058,2.047976,2.239567,0.0,0.0,1.713724,2.113604,0.0,3.005378,0.0,0.0,2.737665,0.0,0.0,2.259678,0.0,0.0,0.0,2.358828,0.0,0.0,3.10693,2.729593,2.120674,2.29622,0.0,0.0,2.717622,2.352779,2.279514,2.339117,0.0,1.923451,0.0,0.0,0.0,2.385264,0.0,2.078567,0.0,3.013932,2.829832,0.0,0.0,2.725585,0.0,0.0,2.188033,2.124558,1.986951,2.133695,2.33279,0.0,2.235827,2.713668,0.0,1.988038,0.0
MAP4,0.0,0.0,0.0,2.29622,0.0,0.0,0.0,0.0,0.0,0.0,0.0,2.239567,0.0,0.0,2.312454,0.0,0.0,0.0,0.0,0.0,0.0,0.0,0.0,0.0,0.0,0.0,0.0,0.0,0.0,0.0,0.0,0.0,0.0,0.0,0.0,0.0,0.0,0.0,0.0,0.0,0.0,0.0,0.0,0.0,0.0,0.0,0.0,0.0,0.0,0.0,0.0,0.0,0.0,0.0,0.0,0.0,0.0,0.0,0.0,0.0,0.0,0.0,0.0,0.0,0.0,0.0,0.0
UBE2B,0.0,2.202934,0.0,0.0,2.30755,0.0,0.0,2.274021,0.0,1.671058,0.0,0.0,0.0,0.0,0.0,0.0,0.0,0.0,0.0,0.0,0.0,0.0,0.0,1.665819,0.0,0.0,0.0,0.0,0.0,0.0,2.094015,0.0,0.0,0.0,0.0,0.0,0.0,2.352779,0.0,0.0,0.0,1.923451,0.0,0.0,2.121967,0.0,0.0,0.0,1.575444,0.0,0.0,0.0,0.0,0.0,0.0,0.0,0.0,0.0,0.0,0.0,0.0,0.0,0.0,0.0,0.0,0.0,0.0
CHD9,0.0,2.202934,0.0,0.0,0.0,0.0,0.0,0.0,0.0,0.0,0.0,0.0,0.0,0.0,0.0,0.0,0.0,0.0,0.0,0.0,0.0,0.0,1.976168,0.0,0.0,0.0,2.329854,0.0,2.112325,0.0,0.0,0.0,0.0,0.0,0.0,0.0,0.0,2.352779,0.0,0.0,0.0,0.0,0.0,0.0,0.0,0.0,0.0,0.0,0.0,0.0,0.0,0.0,0.0,0.0,0.0,0.0,0.0,0.0,0.0,0.0,0.0,2.165166,0.0,0.0,0.0,0.0,0.0
PDE7A,0.0,0.0,0.0,2.937738,0.0,0.0,0.0,0.0,2.068839,1.671058,0.0,0.0,0.0,0.0,0.0,0.0,0.0,0.0,0.0,0.0,0.0,0.0,0.0,0.0,0.0,0.0,0.0,0.0,2.112325,0.0,0.0,0.0,0.0,0.0,2.845343,0.0,0.0,0.0,0.0,0.0,0.0,0.0,0.0,0.0,0.0,0.0,0.0,0.0,1.575444,0.0,0.0,0.0,0.0,0.0,2.183826,0.0,0.0,0.0,0.0,0.0,0.0,0.0,0.0,0.0,0.0,0.0,2.946241
EIF4B,0.0,0.0,0.0,0.0,0.0,0.0,2.065222,0.0,0.0,0.0,0.0,0.0,3.014546,0.0,0.0,0.0,0.0,0.0,0.0,0.0,0.0,0.0,1.976168,0.0,2.225449,0.0,0.0,0.0,0.0,0.0,0.0,0.0,2.120674,0.0,0.0,0.0,0.0,2.352779,2.279514,0.0,0.0,0.0,0.0,0.0,0.0,0.0,0.0,0.0,1.575444,0.0,0.0,0.0,2.008989,1.518711,0.0,0.0,0.0,0.0,0.0,2.133695,0.0,0.0,0.0,2.713668,0.0,0.0,0.0
LRP1,0.0,0.0,0.0,0.0,0.0,0.0,0.0,0.0,0.0,0.0,0.0,0.0,0.0,0.0,0.0,0.0,0.0,0.0,0.0,0.0,0.0,0.0,0.0,0.0,0.0,0.0,0.0,0.0,0.0,0.0,0.0,0.0,0.0,0.0,0.0,0.0,0.0,0.0,0.0,0.0,0.0,0.0,0.0,0.0,0.0,0.0,0.0,0.0,0.0,0.0,0.0,0.0,0.0,0.0,0.0,0.0,0.0,0.0,0.0,0.0,0.0,0.0,0.0,0.0,0.0,0.0,0.0
FLOT1,0.0,0.0,0.0,0.0,0.0,0.0,0.0,0.0,0.0,0.0,0.0,0.0,0.0,0.0,0.0,0.0,0.0,2.360564,0.0,0.0,0.0,0.0,0.0,0.0,0.0,0.0,0.0,0.0,0.0,0.0,0.0,0.0,0.0,0.0,0.0,0.0,0.0,0.0,0.0,0.0,0.0,0.0,0.0,0.0,0.0,0.0,0.0,0.0,1.575444,0.0,0.0,0.0,0.0,0.0,0.0,0.0,0.0,0.0,0.0,0.0,0.0,0.0,0.0,0.0,0.0,0.0,0.0
CDKN1A,0.0,0.0,0.0,0.0,0.0,0.0,0.0,0.0,0.0,0.0,0.0,0.0,0.0,0.0,0.0,0.0,0.0,0.0,0.0,0.0,0.0,0.0,0.0,0.0,0.0,0.0,0.0,0.0,2.112325,0.0,0.0,0.0,0.0,0.0,0.0,0.0,2.088418,0.0,0.0,0.0,0.0,0.0,0.0,0.0,0.0,0.0,0.0,0.0,0.0,0.0,0.0,0.0,0.0,0.0,0.0,0.0,0.0,0.0,0.0,0.0,0.0,0.0,0.0,0.0,0.0,0.0,0.0
NRDC,0.0,0.0,0.0,0.0,0.0,0.0,0.0,0.0,0.0,0.0,0.0,0.0,0.0,0.0,0.0,2.11360385508445,0.0,0.0,0.0,0.0,2.10723100359207,0.0,1.97616779134565,0.0,0.0,0.0,0.0,0.0,2.11232513354973,0.0,0.0,0.0,0.0,0.0,0.0,0.0,0.0,0.0,0.0,0.0,0.0,0.0,0.0,0.0,0.0,2.3852642856713,0.0,0.0,0.0,0.0,0.0,0.0,0.0,0.0,0.0,0.0,0.0,0.0,0.0,0.0,1.73224424421223,0.0,0.0,0.0,0.0,0.0,0.0
PTK2B,0.0,0.0,0.0,0.0,0.0,0.0,0.0,0.0,0.0,0.0,0.0,0.0,0.0,0.0,0.0,0.0,0.0,0.0,0.0,0.0,0.0,0.0,0.0,0.0,0.0,0.0,0.0,0.0,0.0,0.0,0.0,0.0,0.0,0.0,0.0,0.0,0.0,0.0,0.0,0.0,0.0,0.0,0.0,0.0,2.121967,0.0,0.0,0.0,0.0,0.0,0.0,0.0,0.0,1.518711,0.0,0.0,0.0,0.0,0.0,0.0,0.0,0.0,0.0,0.0,0.0,0.0,0.0
MRPS34,0.0,0.0,0.0,0.0,0.0,0.0,0.0,0.0,0.0,0.0,0.0,0.0,2.369301,0.0,0.0,0.0,0.0,2.360564,0.0,0.0,0.0,0.0,0.0,0.0,0.0,0.0,0.0,0.0,0.0,0.0,0.0,2.099651,0.0,0.0,0.0,0.0,0.0,2.352779,0.0,0.0,0.0,0.0,0.0,0.0,0.0,0.0,0.0,0.0,0.0,0.0,0.0,0.0,2.008989,0.0,0.0,0.0,0.0,0.0,0.0,0.0,0.0,0.0,0.0,0.0,2.230622,0.0,0.0
YTHDF2,0.0,0.0,0.0,0.0,0.0,0.0,0.0,2.27402056526025,2.06883920025034,0.0,0.0,0.0,0.0,0.0,0.0,0.0,0.0,0.0,0.0,0.0,0.0,0.0,0.0,0.0,0.0,0.0,0.0,0.0,0.0,0.0,0.0,0.0,0.0,0.0,2.20868396862704,0.0,2.08841810464014,0.0,0.0,0.0,0.0,1.92345057614994,0.0,0.0,0.0,0.0,0.0,0.0,0.0,0.0,1.60656411784832,0.0,0.0,0.0,0.0,0.0,0.0,2.12455791305678,0.0,0.0,0.0,0.0,0.0,0.0,0.0,0.0,0.0
RAC1,0.0,0.0,0.0,0.0,0.0,0.0,0.0,0.0,0.0,0.0,0.0,0.0,0.0,0.0,0.0,0.0,0.0,0.0,0.0,0.0,0.0,0.0,0.0,0.0,0.0,0.0,0.0,0.0,0.0,0.0,0.0,0.0,0.0,0.0,0.0,0.0,0.0,0.0,0.0,0.0,0.0,1.923451,0.0,0.0,0.0,0.0,0.0,0.0,1.575444,0.0,0.0,0.0,0.0,0.0,0.0,0.0,0.0,0.0,0.0,0.0,0.0,0.0,0.0,0.0,0.0,0.0,2.304297
CD3E,0.0,2.202934,0.0,0.0,0.0,0.0,2.692876,2.274021,0.0,0.0,2.047976,0.0,0.0,0.0,0.0,0.0,0.0,2.360564,0.0,0.0,0.0,2.747177,0.0,0.0,0.0,0.0,0.0,3.003556,0.0,0.0,2.094015,0.0,0.0,2.29622,0.0,0.0,0.0,0.0,0.0,2.339117,0.0,0.0,0.0,2.250889,0.0,0.0,2.939715,0.0,2.159381,0.0,1.606564,0.0,0.0,0.0,2.183826,0.0,0.0,0.0,0.0,2.133695,1.732244,0.0,0.0,2.084709,3.254897,0.0,2.304297
CAPNS1,0.0,0.0,2.32028,0.0,0.0,0.0,0.0,2.274021,0.0,0.0,0.0,0.0,0.0,0.0,0.0,0.0,0.0,0.0,0.0,0.0,0.0,2.116168,0.0,0.0,0.0,0.0,2.329854,0.0,0.0,0.0,0.0,0.0,0.0,2.29622,0.0,0.0,0.0,0.0,0.0,0.0,0.0,0.0,0.0,0.0,0.0,0.0,0.0,0.0,0.0,0.0,0.0,0.0,0.0,1.518711,0.0,0.0,0.0,0.0,0.0,0.0,1.732244,0.0,0.0,0.0,2.230622,0.0,0.0
HSBP1,1.754819,0.0,0.0,0.0,0.0,0.0,0.0,0.0,0.0,1.671058,0.0,0.0,0.0,0.0,1.713724,0.0,0.0,2.360564,0.0,0.0,0.0,0.0,0.0,1.665819,0.0,0.0,0.0,0.0,0.0,0.0,0.0,2.099651,0.0,0.0,2.208684,0.0,0.0,0.0,0.0,0.0,0.0,0.0,0.0,0.0,0.0,0.0,0.0,0.0,0.0,0.0,0.0,0.0,0.0,0.0,0.0,0.0,0.0,0.0,0.0,2.133695,0.0,0.0,0.0,0.0,0.0,0.0,0.0
ADH1B,0.0,0.0,0.0,0.0,0.0,0.0,2.065222,0.0,0.0,0.0,0.0,0.0,0.0,0.0,0.0,0.0,0.0,0.0,0.0,0.0,0.0,0.0,0.0,0.0,0.0,0.0,0.0,0.0,0.0,0.0,0.0,0.0,0.0,0.0,0.0,0.0,0.0,0.0,0.0,0.0,0.0,0.0,0.0,0.0,0.0,0.0,0.0,0.0,0.0,0.0,0.0,0.0,0.0,0.0,0.0,0.0,0.0,0.0,0.0,0.0,0.0,0.0,0.0,0.0,0.0,0.0,0.0
ADGRL4,0.0,0.0,0.0,0.0,0.0,0.0,0.0,2.27402056526025,0.0,0.0,0.0,0.0,0.0,0.0,2.31245433874836,0.0,0.0,0.0,0.0,0.0,0.0,0.0,0.0,0.0,0.0,0.0,0.0,0.0,0.0,0.0,0.0,0.0,0.0,0.0,0.0,0.0,0.0,0.0,0.0,0.0,0.0,0.0,0.0,0.0,0.0,0.0,0.0,0.0,0.0,0.0,0.0,0.0,0.0,0.0,0.0,0.0,0.0,0.0,0.0,0.0,0.0,0.0,0.0,0.0,0.0,0.0,0.0
TRAF3IP3,0.0,0.0,0.0,0.0,0.0,0.0,0.0,0.0,0.0,0.0,0.0,0.0,2.36930147343163,0.0,0.0,0.0,0.0,0.0,0.0,2.14693417019908,2.10723100359207,0.0,1.97616779134565,1.66581905683477,0.0,0.0,0.0,0.0,0.0,0.0,0.0,0.0,2.12067431022148,0.0,0.0,2.367546638764,0.0,0.0,0.0,0.0,0.0,0.0,0.0,0.0,0.0,3.03128597709759,1.94163663827793,0.0,0.0,0.0,0.0,0.0,0.0,0.0,0.0,0.0,2.18803317369721,0.0,0.0,0.0,0.0,0.0,0.0,2.71366819340643,0.0,0.0,0.0
TMED10,0.0,0.0,1.720847,0.0,0.0,0.0,0.0,0.0,0.0,0.0,0.0,0.0,0.0,2.388854,0.0,0.0,2.144269,0.0,0.0,0.0,0.0,2.116168,0.0,0.0,0.0,0.0,2.329854,0.0,0.0,0.0,2.094015,0.0,0.0,0.0,0.0,0.0,0.0,0.0,0.0,0.0,0.0,1.923451,0.0,0.0,0.0,0.0,0.0,0.0,1.575444,0.0,0.0,0.0,2.63272,0.0,2.183826,0.0,2.188033,0.0,0.0,0.0,0.0,0.0,0.0,0.0,0.0,0.0,0.0
CYB5A,0.0,0.0,0.0,0.0,0.0,0.0,2.065222,0.0,0.0,0.0,0.0,0.0,0.0,0.0,0.0,0.0,0.0,0.0,0.0,0.0,0.0,0.0,0.0,0.0,0.0,0.0,0.0,0.0,0.0,0.0,0.0,0.0,0.0,0.0,0.0,0.0,0.0,0.0,0.0,0.0,0.0,0.0,0.0,0.0,0.0,0.0,0.0,0.0,0.0,0.0,0.0,0.0,0.0,0.0,2.183826,0.0,0.0,0.0,0.0,0.0,0.0,0.0,0.0,0.0,0.0,0.0,0.0
GORASP2,0.0,0.0,0.0,0.0,0.0,0.0,0.0,0.0,0.0,0.0,0.0,0.0,0.0,0.0,0.0,0.0,0.0,0.0,0.0,0.0,0.0,0.0,0.0,0.0,0.0,0.0,0.0,0.0,0.0,0.0,0.0,0.0,0.0,0.0,0.0,0.0,0.0,0.0,0.0,0.0,0.0,0.0,0.0,0.0,0.0,0.0,0.0,0.0,0.0,0.0,0.0,0.0,0.0,0.0,0.0,0.0,0.0,0.0,0.0,0.0,0.0,0.0,2.235827,0.0,0.0,0.0,0.0
CTSF,0.0,0.0,0.0,0.0,0.0,0.0,0.0,0.0,0.0,0.0,0.0,0.0,0.0,0.0,0.0,0.0,0.0,0.0,0.0,0.0,0.0,0.0,0.0,0.0,0.0,0.0,0.0,0.0,0.0,0.0,0.0,0.0,0.0,0.0,0.0,0.0,0.0,0.0,0.0,0.0,0.0,0.0,0.0,0.0,0.0,0.0,0.0,0.0,0.0,0.0,0.0,0.0,0.0,0.0,0.0,0.0,0.0,0.0,0.0,0.0,0.0,0.0,0.0,0.0,0.0,0.0,0.0
RAB13,0.0,0.0,0.0,0.0,0.0,0.0,0.0,0.0,0.0,0.0,0.0,0.0,0.0,0.0,0.0,0.0,0.0,0.0,0.0,0.0,0.0,0.0,0.0,0.0,0.0,0.0,0.0,0.0,0.0,0.0,0.0,0.0,0.0,0.0,0.0,0.0,0.0,0.0,0.0,0.0,0.0,0.0,0.0,0.0,0.0,0.0,0.0,0.0,0.0,0.0,0.0,0.0,0.0,0.0,0.0,0.0,0.0,0.0,0.0,0.0,0.0,0.0,0.0,0.0,0.0,0.0,0.0
AKIRIN1,0.0,0.0,0.0,0.0,0.0,0.0,0.0,0.0,0.0,0.0,2.67445128820618,0.0,0.0,0.0,0.0,0.0,0.0,0.0,2.36579551251775,0.0,0.0,0.0,0.0,0.0,0.0,0.0,0.0,0.0,0.0,0.0,0.0,0.0,0.0,2.29621992739132,0.0,0.0,0.0,0.0,0.0,0.0,0.0,0.0,0.0,0.0,0.0,0.0,0.0,0.0,0.0,0.0,0.0,0.0,2.00898929169822,0.0,0.0,0.0,0.0,0.0,0.0,0.0,0.0,2.1651660828208,0.0,0.0,0.0,0.0,0.0
SLC39A6,0.0,0.0,0.0,0.0,0.0,0.0,0.0,0.0,0.0,0.0,0.0,0.0,0.0,0.0,0.0,0.0,0.0,0.0,0.0,0.0,0.0,0.0,0.0,0.0,0.0,0.0,0.0,0.0,0.0,0.0,0.0,0.0,0.0,0.0,0.0,0.0,0.0,0.0,0.0,0.0,0.0,0.0,0.0,0.0,2.121967,0.0,0.0,0.0,0.0,0.0,0.0,0.0,0.0,0.0,0.0,0.0,0.0,0.0,0.0,0.0,0.0,0.0,0.0,0.0,2.230622,0.0,0.0
UFSP2,0.0,0.0,0.0,0.0,0.0,0.0,0.0,0.0,0.0,0.0,0.0,0.0,0.0,0.0,0.0,0.0,0.0,0.0,0.0,0.0,0.0,0.0,0.0,0.0,0.0,0.0,0.0,0.0,0.0,0.0,0.0,0.0,0.0,0.0,0.0,0.0,0.0,0.0,0.0,0.0,0.0,0.0,0.0,0.0,0.0,0.0,0.0,0.0,0.0,0.0,0.0,2.22914,0.0,0.0,0.0,0.0,2.188033,0.0,0.0,0.0,0.0,0.0,0.0,0.0,0.0,0.0,0.0
PSMB3,0.0,0.0,0.0,0.0,2.30755,0.0,0.0,2.274021,0.0,2.265462,0.0,0.0,0.0,2.388854,1.713724,0.0,2.144269,0.0,0.0,2.146934,0.0,0.0,0.0,0.0,0.0,0.0,0.0,0.0,0.0,0.0,0.0,2.099651,0.0,2.29622,0.0,0.0,0.0,0.0,0.0,0.0,0.0,0.0,0.0,0.0,0.0,0.0,0.0,0.0,0.0,0.0,0.0,0.0,0.0,0.0,2.183826,0.0,0.0,0.0,0.0,0.0,1.732244,0.0,0.0,0.0,2.230622,2.610246,0.0
TGFBR3,0.0,0.0,0.0,0.0,0.0,0.0,0.0,0.0,0.0,1.6710576703515,0.0,0.0,0.0,0.0,0.0,0.0,0.0,0.0,0.0,0.0,0.0,0.0,0.0,0.0,0.0,0.0,0.0,0.0,0.0,0.0,0.0,0.0,0.0,0.0,0.0,0.0,0.0,0.0,0.0,0.0,0.0,0.0,0.0,0.0,0.0,0.0,0.0,0.0,0.0,0.0,0.0,0.0,0.0,0.0,0.0,0.0,0.0,0.0,0.0,0.0,0.0,0.0,0.0,0.0,0.0,0.0,0.0
DDX18,0.0,0.0,1.720847,0.0,0.0,0.0,2.065222,0.0,0.0,0.0,2.047976,0.0,0.0,0.0,1.713724,0.0,2.144269,2.360564,2.365796,0.0,0.0,0.0,0.0,0.0,0.0,1.962901,2.329854,0.0,0.0,0.0,0.0,0.0,0.0,0.0,0.0,0.0,0.0,0.0,0.0,0.0,0.0,0.0,0.0,0.0,0.0,0.0,1.941637,0.0,0.0,0.0,0.0,0.0,0.0,0.0,0.0,0.0,0.0,0.0,0.0,0.0,0.0,0.0,0.0,0.0,0.0,0.0,0.0
SNRPC,1.754819,0.0,1.720847,0.0,0.0,0.0,0.0,0.0,0.0,0.0,0.0,2.239567,0.0,0.0,0.0,0.0,0.0,0.0,0.0,0.0,0.0,0.0,0.0,0.0,0.0,0.0,0.0,0.0,0.0,0.0,0.0,0.0,0.0,2.29622,0.0,0.0,0.0,0.0,0.0,0.0,0.0,0.0,0.0,0.0,0.0,0.0,0.0,2.078567,2.159381,0.0,0.0,0.0,0.0,0.0,0.0,0.0,0.0,0.0,0.0,0.0,0.0,0.0,0.0,0.0,0.0,0.0,0.0
TLN1,1.754819,0.0,0.0,0.0,0.0,0.0,0.0,0.0,0.0,0.0,0.0,2.239567,0.0,0.0,0.0,2.113604,0.0,0.0,0.0,0.0,0.0,2.116168,0.0,0.0,0.0,0.0,0.0,0.0,0.0,2.947951,0.0,0.0,0.0,2.29622,0.0,0.0,0.0,0.0,0.0,0.0,0.0,0.0,0.0,0.0,0.0,0.0,0.0,0.0,0.0,0.0,0.0,0.0,0.0,0.0,0.0,0.0,0.0,0.0,0.0,0.0,0.0,0.0,0.0,0.0,2.230622,0.0,0.0
YWHAQ,1.754819,0.0,1.720847,0.0,0.0,0.0,0.0,0.0,0.0,0.0,0.0,0.0,0.0,0.0,0.0,0.0,0.0,0.0,0.0,0.0,2.107231,0.0,1.976168,0.0,0.0,0.0,0.0,0.0,0.0,0.0,2.094015,0.0,2.120674,2.29622,0.0,0.0,3.100831,0.0,0.0,0.0,0.0,0.0,0.0,0.0,0.0,0.0,1.941637,0.0,0.0,2.008989,2.561633,0.0,2.008989,0.0,0.0,2.094015,2.188033,0.0,0.0,0.0,0.0,2.165166,0.0,0.0,0.0,0.0,0.0
SHC1,0.0,0.0,0.0,0.0,0.0,0.0,0.0,0.0,0.0,0.0,0.0,0.0,0.0,0.0,0.0,0.0,0.0,0.0,0.0,0.0,0.0,0.0,0.0,0.0,0.0,0.0,0.0,0.0,0.0,0.0,0.0,0.0,0.0,0.0,0.0,0.0,0.0,0.0,0.0,0.0,0.0,0.0,0.0,0.0,0.0,0.0,0.0,0.0,0.0,0.0,0.0,0.0,0.0,0.0,0.0,0.0,0.0,0.0,0.0,0.0,0.0,0.0,0.0,0.0,0.0,0.0,0.0
HAX1,0.0,0.0,1.72084710114249,0.0,0.0,0.0,0.0,0.0,0.0,0.0,0.0,0.0,2.36930147343163,0.0,0.0,0.0,0.0,0.0,0.0,0.0,0.0,0.0,0.0,1.66581905683477,0.0,0.0,0.0,0.0,0.0,0.0,0.0,0.0,0.0,0.0,0.0,0.0,0.0,0.0,0.0,0.0,0.0,0.0,0.0,0.0,0.0,0.0,1.94163663827793,0.0,0.0,0.0,1.60656411784832,0.0,0.0,0.0,0.0,0.0,0.0,2.12455791305678,0.0,2.1336948960358,0.0,0.0,0.0,0.0,0.0,0.0,0.0
CAMTA1,0.0,0.0,0.0,0.0,0.0,0.0,0.0,0.0,2.06883920025034,0.0,0.0,0.0,0.0,0.0,1.71372414789283,0.0,2.14426850086851,0.0,0.0,0.0,0.0,0.0,0.0,0.0,0.0,0.0,0.0,0.0,0.0,2.30592188645848,0.0,0.0,0.0,0.0,0.0,0.0,0.0,0.0,0.0,0.0,0.0,0.0,0.0,0.0,0.0,0.0,0.0,0.0,0.0,0.0,0.0,0.0,0.0,0.0,0.0,0.0,0.0,0.0,0.0,0.0,0.0,0.0,0.0,0.0,0.0,0.0,0.0
HEG1,0.0,0.0,0.0,0.0,0.0,0.0,2.065222,0.0,0.0,0.0,0.0,0.0,0.0,0.0,0.0,0.0,0.0,0.0,0.0,0.0,0.0,0.0,0.0,0.0,0.0,0.0,0.0,0.0,0.0,0.0,0.0,0.0,0.0,2.29622,0.0,0.0,0.0,0.0,0.0,0.0,0.0,0.0,0.0,0.0,0.0,0.0,0.0,0.0,0.0,0.0,0.0,0.0,0.0,0.0,0.0,0.0,0.0,0.0,0.0,0.0,0.0,0.0,0.0,0.0,0.0,0.0,0.0
KLRB1,1.754819,0.0,3.351151,0.0,0.0,4.047121,0.0,4.479425,0.0,3.788225,2.674451,2.239567,3.900954,0.0,2.954825,3.404926,2.144269,4.07042,0.0,2.146934,4.190093,3.80211,0.0,3.286162,3.92288,2.583235,2.329854,0.0,0.0,3.335779,0.0,0.0,2.120674,0.0,2.845343,0.0,3.771215,2.997206,0.0,0.0,0.0,0.0,0.0,0.0,3.808555,4.49711,3.606065,0.0,2.793098,5.049463,3.215426,0.0,3.963595,0.0,3.204398,2.723587,0.0,0.0,2.989704,2.133695,0.0,4.254824,0.0,0.0,2.230622,0.0,3.830502
MGMT,0.0,0.0,0.0,0.0,0.0,0.0,2.065222,0.0,0.0,0.0,0.0,0.0,0.0,0.0,0.0,0.0,0.0,2.360564,0.0,0.0,0.0,0.0,0.0,0.0,0.0,0.0,0.0,0.0,0.0,0.0,0.0,0.0,0.0,0.0,0.0,0.0,0.0,0.0,0.0,0.0,0.0,0.0,0.0,0.0,0.0,0.0,0.0,0.0,0.0,0.0,0.0,0.0,0.0,1.518711,0.0,2.094015,0.0,0.0,0.0,0.0,1.732244,0.0,0.0,0.0,0.0,0.0,0.0
RNASET2,0.0,0.0,0.0,0.0,0.0,2.339117,0.0,2.274021,0.0,0.0,0.0,0.0,0.0,0.0,0.0,0.0,2.144269,0.0,0.0,0.0,0.0,0.0,0.0,0.0,0.0,2.583235,0.0,0.0,0.0,2.947951,0.0,0.0,0.0,0.0,0.0,0.0,2.088418,0.0,0.0,0.0,0.0,0.0,2.272458,0.0,2.121967,0.0,0.0,0.0,0.0,0.0,0.0,0.0,0.0,0.0,0.0,0.0,0.0,0.0,0.0,0.0,0.0,0.0,0.0,0.0,0.0,0.0,0.0
NXT1,0.0,0.0,0.0,0.0,0.0,0.0,0.0,0.0,0.0,0.0,0.0,0.0,0.0,0.0,0.0,2.113604,0.0,0.0,0.0,0.0,0.0,0.0,0.0,0.0,0.0,0.0,0.0,0.0,0.0,0.0,0.0,0.0,0.0,0.0,0.0,0.0,0.0,0.0,0.0,0.0,0.0,0.0,0.0,0.0,0.0,0.0,0.0,0.0,0.0,0.0,0.0,0.0,0.0,0.0,0.0,0.0,0.0,0.0,0.0,0.0,0.0,2.165166,0.0,0.0,0.0,0.0,0.0
YIPF2,0.0,0.0,0.0,0.0,0.0,0.0,0.0,0.0,0.0,0.0,0.0,0.0,0.0,0.0,0.0,0.0,0.0,0.0,0.0,0.0,0.0,0.0,0.0,0.0,0.0,0.0,0.0,0.0,0.0,0.0,0.0,0.0,0.0,0.0,0.0,0.0,0.0,0.0,0.0,0.0,0.0,0.0,0.0,0.0,0.0,0.0,0.0,0.0,0.0,0.0,0.0,0.0,0.0,0.0,0.0,0.0,0.0,2.124558,0.0,0.0,0.0,0.0,0.0,0.0,0.0,0.0,0.0
HNRNPUL1,0.0,0.0,0.0,0.0,0.0,0.0,0.0,0.0,2.068839,0.0,0.0,0.0,0.0,0.0,2.312454,0.0,0.0,0.0,0.0,0.0,0.0,0.0,0.0,0.0,0.0,0.0,2.329854,0.0,0.0,0.0,0.0,0.0,2.120674,2.29622,0.0,0.0,0.0,0.0,0.0,0.0,0.0,0.0,0.0,0.0,0.0,0.0,0.0,0.0,0.0,0.0,0.0,0.0,0.0,0.0,0.0,0.0,0.0,0.0,0.0,0.0,0.0,0.0,0.0,0.0,0.0,0.0,0.0
RAI14,0.0,0.0,0.0,0.0,0.0,0.0,0.0,0.0,0.0,0.0,0.0,0.0,0.0,0.0,0.0,0.0,0.0,0.0,0.0,0.0,0.0,0.0,0.0,0.0,0.0,0.0,0.0,0.0,0.0,0.0,0.0,0.0,0.0,0.0,0.0,0.0,0.0,0.0,0.0,0.0,0.0,0.0,0.0,0.0,0.0,0.0,0.0,0.0,0.0,0.0,0.0,0.0,0.0,0.0,0.0,0.0,0.0,0.0,0.0,0.0,0.0,0.0,0.0,0.0,0.0,0.0,0.0
SNRPG,0.0,2.202934,0.0,0.0,0.0,2.339117,0.0,0.0,0.0,0.0,0.0,2.239567,0.0,0.0,0.0,0.0,0.0,0.0,0.0,0.0,0.0,0.0,0.0,0.0,0.0,0.0,0.0,0.0,0.0,0.0,2.094015,0.0,0.0,0.0,0.0,2.367547,0.0,0.0,2.279514,0.0,2.076734,0.0,2.912701,0.0,0.0,2.385264,0.0,0.0,2.159381,0.0,0.0,0.0,2.008989,0.0,2.819021,0.0,0.0,0.0,0.0,0.0,1.732244,0.0,0.0,2.084709,0.0,1.988038,0.0
LGALS4,0.0,0.0,0.0,0.0,0.0,0.0,0.0,0.0,0.0,0.0,2.047976,0.0,0.0,2.388854,0.0,0.0,0.0,0.0,0.0,0.0,0.0,0.0,0.0,0.0,0.0,0.0,0.0,0.0,0.0,0.0,0.0,0.0,0.0,0.0,0.0,0.0,0.0,2.352779,0.0,0.0,0.0,0.0,0.0,0.0,0.0,0.0,0.0,0.0,0.0,0.0,0.0,0.0,0.0,0.0,0.0,0.0,0.0,0.0,0.0,0.0,1.732244,0.0,0.0,0.0,0.0,0.0,0.0
HNRNPA3,1.754819,0.0,0.0,0.0,2.30755,0.0,0.0,0.0,0.0,1.671058,2.047976,0.0,0.0,0.0,1.713724,0.0,0.0,0.0,0.0,0.0,0.0,0.0,2.977829,0.0,0.0,0.0,0.0,0.0,0.0,2.305922,2.094015,0.0,0.0,0.0,0.0,0.0,2.088418,0.0,2.279514,0.0,0.0,0.0,0.0,0.0,2.753347,0.0,0.0,0.0,1.575444,2.008989,1.606564,2.22914,0.0,1.518711,2.183826,0.0,0.0,0.0,1.986951,2.133695,0.0,0.0,0.0,3.096788,0.0,2.610246,0.0
HINT2,0.0,0.0,0.0,0.0,0.0,0.0,0.0,2.274021,0.0,0.0,2.047976,0.0,0.0,0.0,0.0,0.0,0.0,0.0,0.0,0.0,0.0,0.0,0.0,0.0,0.0,0.0,0.0,0.0,0.0,0.0,0.0,0.0,0.0,0.0,0.0,0.0,0.0,0.0,0.0,0.0,0.0,0.0,0.0,0.0,0.0,0.0,0.0,0.0,0.0,0.0,0.0,2.22914,0.0,0.0,0.0,0.0,0.0,0.0,0.0,0.0,1.732244,0.0,0.0,0.0,0.0,1.988038,0.0
ID2,2.357528,0.0,0.0,2.937738,0.0,0.0,3.075521,0.0,2.068839,2.265462,2.047976,0.0,3.40352,0.0,0.0,2.113604,2.144269,0.0,3.010868,0.0,0.0,2.116168,0.0,0.0,2.863073,3.453149,3.361393,0.0,0.0,2.305922,0.0,0.0,2.120674,3.325383,0.0,0.0,0.0,0.0,2.279514,2.339117,2.076734,3.193687,0.0,0.0,0.0,0.0,0.0,0.0,0.0,3.289264,0.0,0.0,3.013932,2.725585,0.0,0.0,0.0,0.0,0.0,0.0,0.0,0.0,0.0,0.0,0.0,1.988038,2.946241
HNRNPC,0.0,0.0,0.0,0.0,0.0,0.0,0.0,0.0,2.068839,0.0,0.0,0.0,0.0,0.0,0.0,0.0,2.144269,0.0,0.0,0.0,0.0,0.0,1.976168,0.0,0.0,0.0,2.329854,2.358828,0.0,2.305922,0.0,2.099651,0.0,0.0,0.0,2.367547,2.088418,0.0,2.279514,0.0,0.0,0.0,0.0,0.0,0.0,2.385264,0.0,0.0,1.575444,2.008989,2.561633,0.0,0.0,0.0,0.0,2.094015,0.0,0.0,0.0,0.0,2.705379,0.0,0.0,0.0,0.0,0.0,0.0
EPC1,1.754819,2.839257,0.0,2.29622,0.0,0.0,0.0,0.0,0.0,0.0,0.0,0.0,2.369301,0.0,0.0,0.0,0.0,0.0,0.0,2.146934,2.107231,0.0,0.0,0.0,0.0,0.0,2.329854,0.0,2.112325,0.0,0.0,0.0,0.0,0.0,0.0,0.0,0.0,0.0,0.0,0.0,0.0,0.0,0.0,0.0,0.0,0.0,0.0,0.0,0.0,0.0,0.0,0.0,0.0,0.0,0.0,0.0,0.0,0.0,0.0,0.0,0.0,0.0,0.0,0.0,2.86854,0.0,0.0
TAPBPL,0.0,0.0,0.0,0.0,0.0,0.0,0.0,0.0,0.0,0.0,0.0,0.0,0.0,0.0,0.0,0.0,0.0,0.0,0.0,0.0,0.0,0.0,0.0,0.0,0.0,0.0,0.0,0.0,0.0,0.0,0.0,0.0,0.0,0.0,0.0,0.0,0.0,0.0,0.0,0.0,0.0,0.0,0.0,0.0,0.0,0.0,0.0,0.0,0.0,0.0,0.0,0.0,0.0,0.0,0.0,0.0,0.0,0.0,0.0,0.0,0.0,0.0,0.0,0.0,0.0,1.988038,0.0
NUCB2,0.0,0.0,0.0,0.0,0.0,0.0,0.0,0.0,0.0,0.0,0.0,0.0,0.0,0.0,0.0,0.0,0.0,0.0,0.0,0.0,0.0,0.0,0.0,0.0,0.0,1.962901,0.0,0.0,0.0,0.0,0.0,0.0,0.0,0.0,0.0,0.0,0.0,0.0,0.0,2.339117,0.0,0.0,0.0,0.0,0.0,0.0,1.941637,0.0,0.0,0.0,0.0,0.0,0.0,0.0,0.0,0.0,0.0,0.0,0.0,2.133695,0.0,0.0,0.0,0.0,0.0,0.0,0.0
EIF3J,0.0,0.0,1.720847,0.0,0.0,0.0,0.0,0.0,0.0,0.0,0.0,0.0,0.0,0.0,0.0,0.0,0.0,0.0,0.0,0.0,0.0,0.0,0.0,0.0,0.0,0.0,0.0,0.0,0.0,0.0,0.0,0.0,0.0,0.0,0.0,0.0,0.0,0.0,0.0,0.0,0.0,0.0,0.0,0.0,0.0,2.385264,0.0,0.0,0.0,0.0,0.0,0.0,0.0,2.095889,0.0,0.0,0.0,0.0,1.986951,2.133695,0.0,0.0,0.0,0.0,2.230622,1.988038,0.0
AKAP12,0.0,0.0,0.0,0.0,0.0,0.0,0.0,2.274021,0.0,0.0,0.0,0.0,0.0,0.0,0.0,0.0,0.0,0.0,0.0,0.0,0.0,0.0,0.0,0.0,0.0,0.0,0.0,0.0,0.0,0.0,0.0,0.0,0.0,0.0,0.0,0.0,0.0,0.0,0.0,0.0,0.0,2.540741,0.0,0.0,0.0,0.0,0.0,0.0,0.0,0.0,0.0,0.0,0.0,0.0,0.0,0.0,0.0,0.0,0.0,0.0,0.0,0.0,0.0,0.0,0.0,0.0,0.0
FXYD3,0.0,0.0,0.0,0.0,0.0,0.0,0.0,0.0,0.0,1.671058,0.0,0.0,0.0,0.0,0.0,0.0,0.0,0.0,0.0,0.0,0.0,0.0,1.976168,0.0,0.0,0.0,0.0,0.0,0.0,0.0,0.0,0.0,0.0,0.0,0.0,0.0,0.0,0.0,0.0,0.0,0.0,0.0,0.0,0.0,0.0,0.0,0.0,2.078567,0.0,2.008989,0.0,0.0,0.0,0.0,0.0,0.0,0.0,0.0,0.0,0.0,0.0,0.0,0.0,0.0,0.0,0.0,0.0
MMP2,0.0,2.202934,0.0,0.0,0.0,0.0,0.0,0.0,0.0,0.0,0.0,0.0,0.0,0.0,0.0,0.0,0.0,0.0,0.0,0.0,0.0,0.0,0.0,0.0,0.0,0.0,0.0,0.0,0.0,0.0,0.0,0.0,0.0,0.0,0.0,0.0,0.0,0.0,0.0,0.0,0.0,0.0,0.0,0.0,0.0,0.0,0.0,0.0,0.0,0.0,0.0,0.0,0.0,0.0,0.0,0.0,0.0,0.0,0.0,0.0,0.0,0.0,0.0,0.0,0.0,0.0,0.0
OCIAD1,0.0,0.0,0.0,0.0,0.0,0.0,0.0,2.274021,0.0,0.0,0.0,0.0,2.369301,0.0,0.0,0.0,0.0,0.0,0.0,0.0,0.0,0.0,0.0,0.0,0.0,0.0,0.0,0.0,0.0,0.0,0.0,0.0,2.751972,0.0,0.0,0.0,0.0,0.0,0.0,0.0,0.0,0.0,0.0,0.0,0.0,0.0,0.0,0.0,0.0,0.0,0.0,0.0,0.0,0.0,0.0,0.0,0.0,2.124558,0.0,0.0,0.0,0.0,2.235827,0.0,0.0,1.988038,0.0
CYB5R3,0.0,0.0,0.0,0.0,0.0,2.339117,0.0,0.0,0.0,0.0,0.0,0.0,2.369301,0.0,0.0,0.0,0.0,0.0,0.0,0.0,0.0,0.0,0.0,0.0,0.0,0.0,0.0,0.0,0.0,0.0,0.0,0.0,0.0,0.0,0.0,0.0,0.0,0.0,0.0,0.0,0.0,0.0,0.0,0.0,0.0,0.0,0.0,0.0,0.0,0.0,0.0,2.22914,0.0,1.518711,0.0,0.0,0.0,0.0,0.0,0.0,0.0,0.0,0.0,0.0,0.0,0.0,0.0
SCPEP1,0.0,0.0,0.0,0.0,0.0,0.0,0.0,0.0,0.0,0.0,0.0,0.0,0.0,0.0,0.0,0.0,0.0,0.0,0.0,0.0,0.0,0.0,0.0,0.0,0.0,0.0,0.0,0.0,0.0,0.0,0.0,0.0,0.0,0.0,0.0,0.0,0.0,0.0,0.0,0.0,0.0,0.0,0.0,0.0,0.0,0.0,0.0,0.0,0.0,0.0,0.0,0.0,0.0,0.0,0.0,0.0,0.0,0.0,0.0,0.0,0.0,0.0,0.0,0.0,0.0,0.0,0.0
ISCU,0.0,0.0,0.0,0.0,0.0,0.0,0.0,0.0,0.0,0.0,0.0,0.0,0.0,0.0,0.0,0.0,0.0,0.0,0.0,0.0,0.0,0.0,0.0,1.665819,0.0,0.0,0.0,0.0,0.0,2.305922,2.094015,0.0,0.0,0.0,0.0,0.0,0.0,0.0,2.279514,0.0,0.0,1.923451,0.0,0.0,2.121967,0.0,0.0,0.0,0.0,0.0,1.606564,0.0,0.0,0.0,0.0,0.0,0.0,0.0,1.986951,2.133695,1.732244,0.0,0.0,0.0,2.230622,0.0,2.304297
WDR26,0.0,0.0,0.0,0.0,2.30755012237667,0.0,0.0,0.0,0.0,0.0,0.0,0.0,0.0,0.0,0.0,0.0,0.0,0.0,0.0,0.0,0.0,0.0,0.0,0.0,0.0,0.0,0.0,0.0,0.0,0.0,0.0,0.0,0.0,0.0,0.0,0.0,0.0,0.0,0.0,0.0,0.0,0.0,0.0,0.0,0.0,0.0,0.0,0.0,0.0,0.0,0.0,0.0,0.0,0.0,0.0,0.0,0.0,0.0,0.0,0.0,0.0,0.0,0.0,0.0,0.0,1.98803833847065,0.0
SRPRA,0.0,0.0,0.0,0.0,0.0,0.0,0.0,0.0,0.0,0.0,0.0,0.0,0.0,0.0,0.0,0.0,0.0,0.0,2.365796,0.0,0.0,0.0,0.0,0.0,0.0,0.0,0.0,0.0,0.0,0.0,0.0,0.0,0.0,0.0,0.0,0.0,0.0,0.0,0.0,0.0,0.0,0.0,0.0,0.0,0.0,0.0,0.0,0.0,0.0,0.0,0.0,0.0,0.0,0.0,0.0,0.0,0.0,0.0,0.0,0.0,0.0,0.0,0.0,2.084709,0.0,0.0,0.0
DPP7,0.0,0.0,0.0,0.0,0.0,0.0,0.0,0.0,0.0,1.671058,2.047976,2.239567,0.0,0.0,0.0,0.0,2.144269,0.0,0.0,0.0,0.0,0.0,1.976168,0.0,0.0,0.0,0.0,0.0,2.112325,0.0,0.0,0.0,0.0,0.0,0.0,0.0,0.0,2.997206,0.0,0.0,0.0,0.0,2.272458,0.0,0.0,0.0,0.0,0.0,0.0,0.0,0.0,0.0,2.008989,0.0,0.0,0.0,0.0,2.124558,0.0,2.133695,0.0,0.0,0.0,0.0,0.0,0.0,0.0
C9orf142,1.754819,0.0,0.0,0.0,0.0,0.0,0.0,0.0,0.0,0.0,0.0,2.239567,0.0,0.0,0.0,2.744449,2.144269,0.0,3.010868,2.146934,0.0,2.116168,0.0,0.0,0.0,0.0,0.0,2.358828,0.0,0.0,2.094015,0.0,0.0,0.0,0.0,0.0,0.0,0.0,0.0,0.0,0.0,2.540741,0.0,0.0,0.0,0.0,0.0,0.0,0.0,0.0,0.0,0.0,0.0,1.518711,0.0,0.0,0.0,0.0,0.0,0.0,0.0,0.0,0.0,2.084709,0.0,0.0,0.0
MRPS21,0.0,0.0,0.0,0.0,0.0,0.0,0.0,0.0,0.0,1.6710576703515,0.0,0.0,2.36930147343163,0.0,0.0,2.11360385508445,2.14426850086851,2.36056424053068,0.0,2.14693417019908,0.0,0.0,0.0,0.0,0.0,1.96290084905076,0.0,2.35882780460746,2.11232513354973,2.30592188645848,0.0,0.0,0.0,0.0,0.0,0.0,2.7176223462617,0.0,0.0,0.0,0.0,1.92345057614994,0.0,0.0,0.0,0.0,1.94163663827793,2.0785670335349,0.0,0.0,0.0,2.2291402508381,0.0,0.0,0.0,0.0,0.0,0.0,0.0,0.0,1.73224424421223,0.0,2.23582745870222,0.0,2.23062151051123,0.0,0.0
METTL9,0.0,0.0,0.0,0.0,0.0,0.0,0.0,0.0,2.068839,0.0,0.0,0.0,0.0,0.0,0.0,0.0,0.0,0.0,0.0,0.0,0.0,0.0,0.0,0.0,0.0,0.0,0.0,0.0,0.0,0.0,0.0,2.099651,0.0,0.0,0.0,2.367547,0.0,0.0,0.0,2.982857,0.0,0.0,0.0,0.0,0.0,0.0,0.0,0.0,0.0,0.0,0.0,2.22914,0.0,0.0,0.0,2.094015,0.0,0.0,0.0,0.0,0.0,0.0,0.0,0.0,0.0,0.0,0.0
CAP1,2.35752786531355,0.0,2.69244800991692,0.0,0.0,2.33911673496303,0.0,0.0,0.0,1.6710576703515,0.0,0.0,0.0,2.38885361988142,0.0,0.0,0.0,0.0,0.0,0.0,0.0,0.0,0.0,0.0,2.2254489746005,0.0,0.0,0.0,2.11232513354973,0.0,0.0,0.0,2.7519723009537,0.0,0.0,0.0,0.0,0.0,0.0,0.0,0.0,0.0,0.0,2.25088926712533,0.0,0.0,0.0,2.0785670335349,0.0,0.0,1.60656411784832,0.0,2.00898929169822,0.0,0.0,0.0,0.0,0.0,1.98695148479768,0.0,0.0,0.0,0.0,0.0,0.0,0.0,0.0
MLEC,1.754819,0.0,0.0,0.0,0.0,0.0,0.0,0.0,0.0,0.0,0.0,0.0,0.0,0.0,0.0,0.0,0.0,0.0,0.0,0.0,0.0,0.0,0.0,0.0,0.0,0.0,2.329854,3.003556,0.0,0.0,0.0,0.0,0.0,0.0,0.0,0.0,0.0,0.0,0.0,0.0,0.0,0.0,0.0,0.0,0.0,0.0,0.0,0.0,0.0,2.008989,0.0,0.0,0.0,1.518711,0.0,0.0,0.0,0.0,0.0,0.0,0.0,2.165166,0.0,0.0,0.0,0.0,0.0
C19orf53,2.357528,0.0,0.0,2.29622,0.0,0.0,0.0,0.0,2.068839,2.265462,2.047976,2.239567,0.0,0.0,0.0,2.113604,2.144269,0.0,0.0,2.146934,0.0,2.116168,0.0,0.0,2.225449,0.0,0.0,0.0,0.0,2.305922,0.0,0.0,0.0,0.0,0.0,3.012705,0.0,0.0,0.0,0.0,0.0,0.0,2.272458,0.0,2.121967,0.0,0.0,0.0,0.0,0.0,2.194031,2.22914,2.008989,2.459503,0.0,0.0,0.0,0.0,0.0,0.0,2.33279,0.0,2.235827,3.096788,0.0,0.0,2.304297
SNHG8,1.754819,0.0,1.720847,0.0,0.0,0.0,0.0,0.0,0.0,1.671058,0.0,0.0,0.0,0.0,1.713724,0.0,0.0,0.0,0.0,0.0,0.0,0.0,0.0,1.665819,2.225449,1.962901,2.329854,0.0,2.112325,0.0,0.0,0.0,0.0,2.937738,0.0,0.0,0.0,2.352779,0.0,0.0,2.076734,1.923451,2.272458,0.0,0.0,0.0,0.0,0.0,0.0,0.0,0.0,0.0,2.008989,0.0,0.0,0.0,2.188033,0.0,1.986951,0.0,2.33279,0.0,0.0,0.0,0.0,1.988038,0.0
NSRP1,0.0,0.0,0.0,0.0,2.30755,0.0,0.0,0.0,0.0,1.671058,0.0,0.0,0.0,0.0,1.713724,0.0,0.0,0.0,0.0,0.0,0.0,0.0,0.0,1.665819,0.0,0.0,0.0,0.0,0.0,0.0,0.0,0.0,0.0,0.0,0.0,0.0,0.0,0.0,0.0,0.0,0.0,0.0,0.0,0.0,0.0,0.0,0.0,0.0,0.0,0.0,0.0,0.0,0.0,0.0,2.183826,0.0,0.0,0.0,0.0,0.0,0.0,0.0,2.235827,2.084709,0.0,0.0,0.0
PPHLN1,1.754819,0.0,0.0,0.0,0.0,0.0,0.0,2.274021,0.0,0.0,0.0,0.0,0.0,0.0,0.0,0.0,0.0,0.0,0.0,0.0,0.0,0.0,0.0,0.0,0.0,0.0,0.0,0.0,0.0,0.0,2.094015,0.0,0.0,0.0,0.0,0.0,0.0,0.0,0.0,0.0,0.0,0.0,0.0,0.0,0.0,0.0,0.0,0.0,1.575444,0.0,0.0,0.0,0.0,1.518711,0.0,0.0,0.0,0.0,0.0,0.0,0.0,0.0,0.0,0.0,0.0,1.988038,0.0
CTTN,0.0,0.0,0.0,0.0,0.0,0.0,0.0,0.0,0.0,0.0,0.0,0.0,0.0,0.0,0.0,0.0,0.0,0.0,0.0,0.0,0.0,0.0,0.0,0.0,0.0,0.0,0.0,0.0,0.0,0.0,0.0,0.0,0.0,0.0,0.0,0.0,0.0,0.0,0.0,0.0,0.0,0.0,0.0,0.0,0.0,0.0,0.0,0.0,0.0,0.0,0.0,0.0,0.0,0.0,0.0,0.0,0.0,0.0,0.0,0.0,0.0,0.0,0.0,0.0,0.0,0.0,0.0
TAX1BP3,0.0,0.0,0.0,0.0,0.0,0.0,0.0,0.0,0.0,0.0,0.0,2.239567,0.0,0.0,1.713724,0.0,0.0,0.0,0.0,0.0,2.107231,0.0,0.0,0.0,0.0,0.0,0.0,0.0,0.0,0.0,0.0,0.0,0.0,0.0,0.0,0.0,0.0,0.0,0.0,0.0,0.0,0.0,0.0,0.0,0.0,0.0,0.0,0.0,0.0,0.0,0.0,0.0,0.0,0.0,0.0,0.0,0.0,0.0,0.0,0.0,0.0,0.0,0.0,0.0,0.0,0.0,0.0
EIF3M,0.0,0.0,0.0,0.0,0.0,0.0,2.065222,0.0,0.0,2.265462,0.0,0.0,0.0,0.0,1.713724,0.0,0.0,0.0,0.0,0.0,0.0,0.0,0.0,2.259678,0.0,0.0,0.0,0.0,0.0,2.947951,0.0,0.0,0.0,2.29622,0.0,0.0,0.0,0.0,0.0,0.0,0.0,0.0,2.272458,0.0,2.121967,0.0,0.0,2.078567,0.0,0.0,0.0,0.0,0.0,1.518711,0.0,0.0,0.0,0.0,0.0,0.0,0.0,2.165166,0.0,0.0,0.0,0.0,2.304297
WDR74,0.0,0.0,0.0,0.0,0.0,0.0,0.0,0.0,0.0,2.265462,0.0,0.0,0.0,0.0,0.0,0.0,0.0,0.0,0.0,0.0,0.0,0.0,0.0,0.0,0.0,0.0,0.0,0.0,0.0,0.0,2.094015,0.0,0.0,0.0,0.0,0.0,2.088418,0.0,0.0,0.0,0.0,0.0,0.0,0.0,0.0,0.0,0.0,0.0,0.0,0.0,0.0,0.0,0.0,0.0,0.0,0.0,2.188033,0.0,0.0,0.0,0.0,0.0,2.235827,0.0,0.0,0.0,0.0
JUN,0.0,3.50273417106679,0.0,0.0,4.16431232285494,0.0,3.89608397918403,2.27402056526025,2.69673702406138,0.0,2.04797595982601,0.0,0.0,0.0,2.95482497057251,3.62140601410661,3.65529617416055,0.0,2.36579551251775,0.0,2.73766512164114,2.11616756792241,1.97616779134565,2.62972916222918,2.2254489746005,3.23788614470766,2.97312237002494,2.35882780460746,0.0,0.0,0.0,3.38957325346575,0.0,0.0,2.20868396862704,0.0,2.7176223462617,0.0,0.0,0.0,2.0767337617138,0.0,0.0,0.0,0.0,0.0,1.94163663827793,0.0,3.56941932299931,0.0,4.03952088822478,2.2291402508381,3.68222404411005,0.0,2.18382640423796,0.0,2.82347862965621,2.12455791305678,0.0,2.76581789952033,0.0,2.1651660828208,4.69688158381907,2.0847093326147,2.86854049623893,0.0,3.33403845801954
PRDM2,0.0,2.2029337810686,0.0,0.0,0.0,0.0,0.0,0.0,2.06883920025034,0.0,0.0,0.0,0.0,0.0,0.0,0.0,0.0,0.0,0.0,0.0,0.0,0.0,0.0,0.0,0.0,0.0,0.0,0.0,2.11232513354973,0.0,0.0,0.0,0.0,0.0,0.0,0.0,0.0,0.0,0.0,0.0,0.0,1.92345057614994,0.0,0.0,0.0,0.0,0.0,0.0,0.0,0.0,0.0,0.0,0.0,0.0,0.0,0.0,0.0,0.0,1.98695148479768,2.1336948960358,0.0,0.0,0.0,0.0,2.23062151051123,0.0,0.0
NCL,2.357528,2.202934,1.720847,0.0,2.30755,2.339117,0.0,2.914348,2.068839,0.0,0.0,0.0,0.0,0.0,0.0,2.113604,0.0,0.0,0.0,2.146934,0.0,0.0,1.976168,0.0,2.225449,2.963201,2.973122,0.0,2.112325,0.0,0.0,0.0,0.0,0.0,0.0,0.0,0.0,0.0,0.0,0.0,0.0,0.0,0.0,0.0,0.0,0.0,0.0,0.0,2.159381,2.008989,3.215426,0.0,0.0,1.518711,0.0,2.094015,2.188033,0.0,1.986951,2.133695,1.732244,2.165166,2.235827,3.096788,0.0,1.988038,0.0
CKLF,0.0,0.0,0.0,0.0,0.0,2.339117,0.0,0.0,2.068839,0.0,0.0,0.0,0.0,2.388854,0.0,2.113604,2.144269,0.0,0.0,0.0,0.0,2.116168,0.0,0.0,0.0,0.0,0.0,2.358828,0.0,0.0,2.094015,2.099651,3.135941,0.0,0.0,0.0,0.0,0.0,2.279514,2.339117,2.705162,1.923451,2.272458,2.250889,2.121967,0.0,0.0,0.0,2.525621,2.008989,2.829832,0.0,0.0,2.095889,2.183826,0.0,0.0,0.0,0.0,0.0,0.0,2.165166,0.0,0.0,0.0,1.988038,0.0
H1FX,0.0,0.0,0.0,0.0,0.0,0.0,0.0,0.0,0.0,1.671058,0.0,0.0,0.0,0.0,0.0,0.0,0.0,2.360564,0.0,0.0,0.0,0.0,0.0,1.665819,0.0,1.962901,0.0,0.0,0.0,0.0,2.094015,0.0,0.0,0.0,0.0,0.0,0.0,0.0,0.0,0.0,0.0,0.0,0.0,0.0,0.0,0.0,0.0,0.0,0.0,0.0,0.0,0.0,0.0,0.0,0.0,0.0,0.0,0.0,0.0,0.0,0.0,0.0,0.0,0.0,0.0,0.0,0.0
MZT2A,1.754819,0.0,0.0,0.0,0.0,0.0,0.0,0.0,0.0,0.0,0.0,2.239567,0.0,2.388854,0.0,0.0,0.0,0.0,0.0,0.0,0.0,2.116168,0.0,0.0,0.0,0.0,0.0,2.358828,0.0,0.0,2.094015,0.0,0.0,0.0,0.0,2.367547,0.0,0.0,2.279514,0.0,0.0,0.0,0.0,0.0,0.0,0.0,1.941637,0.0,1.575444,0.0,1.606564,0.0,0.0,1.518711,0.0,0.0,0.0,2.124558,0.0,0.0,0.0,0.0,0.0,2.084709,0.0,0.0,0.0
FKBP8,0.0,0.0,0.0,0.0,0.0,2.339117,0.0,0.0,0.0,0.0,0.0,0.0,0.0,0.0,0.0,0.0,0.0,0.0,0.0,0.0,0.0,0.0,0.0,0.0,0.0,0.0,0.0,0.0,0.0,0.0,0.0,0.0,0.0,0.0,0.0,0.0,2.088418,0.0,2.279514,0.0,0.0,0.0,0.0,0.0,0.0,0.0,0.0,2.707117,0.0,0.0,0.0,0.0,0.0,0.0,0.0,0.0,0.0,0.0,0.0,2.133695,0.0,0.0,0.0,0.0,0.0,1.988038,0.0
UBE2N,0.0,0.0,0.0,0.0,2.30755,0.0,0.0,0.0,0.0,0.0,2.047976,0.0,0.0,0.0,0.0,2.113604,0.0,0.0,0.0,0.0,0.0,0.0,0.0,1.665819,0.0,0.0,0.0,0.0,0.0,0.0,0.0,0.0,0.0,0.0,0.0,0.0,0.0,0.0,0.0,0.0,0.0,2.540741,0.0,0.0,0.0,0.0,0.0,0.0,0.0,0.0,1.606564,0.0,2.008989,0.0,0.0,0.0,0.0,0.0,0.0,0.0,1.732244,0.0,0.0,0.0,0.0,1.988038,0.0
EIF1AX,2.357528,0.0,0.0,0.0,0.0,0.0,0.0,0.0,0.0,0.0,0.0,0.0,2.369301,0.0,2.312454,0.0,0.0,0.0,0.0,0.0,0.0,0.0,0.0,0.0,0.0,0.0,0.0,0.0,0.0,0.0,2.094015,0.0,0.0,0.0,0.0,0.0,0.0,0.0,0.0,0.0,0.0,0.0,0.0,0.0,0.0,0.0,0.0,0.0,1.575444,0.0,0.0,0.0,2.008989,0.0,0.0,0.0,0.0,2.124558,0.0,0.0,0.0,0.0,0.0,2.084709,0.0,0.0,0.0
PRDX4,0.0,0.0,0.0,0.0,0.0,0.0,0.0,0.0,0.0,1.671058,0.0,0.0,0.0,0.0,0.0,0.0,0.0,0.0,0.0,0.0,0.0,0.0,0.0,0.0,0.0,0.0,0.0,0.0,0.0,0.0,0.0,0.0,0.0,0.0,0.0,0.0,0.0,0.0,0.0,0.0,0.0,0.0,0.0,0.0,2.121967,0.0,0.0,0.0,0.0,0.0,0.0,0.0,0.0,0.0,0.0,0.0,0.0,0.0,0.0,0.0,0.0,0.0,0.0,0.0,0.0,0.0,0.0
AUP1,0.0,0.0,0.0,0.0,0.0,0.0,0.0,2.274021,0.0,0.0,0.0,0.0,0.0,0.0,0.0,0.0,0.0,0.0,0.0,0.0,0.0,0.0,0.0,0.0,0.0,0.0,0.0,2.358828,2.112325,0.0,0.0,0.0,0.0,0.0,0.0,0.0,0.0,0.0,0.0,0.0,0.0,1.923451,0.0,0.0,0.0,0.0,0.0,0.0,0.0,0.0,0.0,2.22914,0.0,0.0,0.0,0.0,0.0,0.0,0.0,0.0,0.0,0.0,0.0,0.0,0.0,0.0,0.0
WIPF2,0.0,0.0,0.0,0.0,0.0,0.0,0.0,0.0,0.0,0.0,2.047976,0.0,0.0,0.0,0.0,0.0,0.0,0.0,0.0,0.0,0.0,0.0,0.0,0.0,0.0,0.0,0.0,0.0,0.0,0.0,0.0,0.0,0.0,0.0,0.0,0.0,0.0,0.0,0.0,0.0,0.0,0.0,2.272458,0.0,0.0,0.0,0.0,0.0,0.0,0.0,0.0,0.0,0.0,0.0,0.0,0.0,2.188033,0.0,0.0,0.0,0.0,0.0,0.0,0.0,0.0,0.0,0.0
GTF3A,0.0,0.0,2.32028,0.0,0.0,2.339117,2.065222,0.0,0.0,0.0,0.0,0.0,0.0,0.0,1.713724,0.0,2.144269,0.0,2.365796,2.146934,0.0,0.0,0.0,0.0,0.0,0.0,0.0,0.0,0.0,0.0,0.0,0.0,0.0,0.0,0.0,0.0,0.0,0.0,0.0,2.339117,0.0,0.0,0.0,2.250889,2.121967,0.0,0.0,0.0,0.0,0.0,2.194031,0.0,0.0,0.0,2.183826,0.0,0.0,0.0,0.0,2.133695,0.0,0.0,0.0,2.084709,0.0,0.0,0.0
ABL2,0.0,0.0,0.0,0.0,0.0,0.0,0.0,0.0,0.0,0.0,0.0,0.0,0.0,0.0,0.0,0.0,0.0,0.0,2.36579551251775,0.0,0.0,0.0,0.0,0.0,0.0,0.0,0.0,0.0,0.0,0.0,0.0,0.0,0.0,0.0,0.0,0.0,0.0,0.0,0.0,0.0,0.0,1.92345057614994,0.0,0.0,0.0,0.0,0.0,0.0,0.0,0.0,0.0,0.0,0.0,0.0,0.0,0.0,0.0,0.0,0.0,0.0,0.0,0.0,0.0,0.0,0.0,0.0,0.0
NDRG2,0.0,0.0,0.0,0.0,0.0,0.0,0.0,0.0,0.0,0.0,0.0,0.0,0.0,0.0,0.0,0.0,0.0,0.0,0.0,0.0,0.0,0.0,0.0,0.0,0.0,0.0,0.0,0.0,0.0,0.0,0.0,0.0,0.0,0.0,0.0,0.0,0.0,0.0,0.0,0.0,0.0,0.0,0.0,0.0,0.0,0.0,0.0,0.0,0.0,0.0,0.0,0.0,0.0,0.0,0.0,0.0,0.0,0.0,0.0,0.0,0.0,0.0,0.0,0.0,0.0,0.0,0.0
GMFG,0.0,0.0,0.0,0.0,0.0,0.0,0.0,0.0,2.068839,1.671058,0.0,2.239567,0.0,0.0,0.0,0.0,0.0,0.0,0.0,0.0,0.0,2.116168,2.597497,0.0,0.0,2.963201,0.0,2.358828,2.112325,0.0,2.094015,2.099651,0.0,0.0,0.0,2.367547,0.0,0.0,0.0,2.339117,2.076734,0.0,0.0,2.889947,0.0,0.0,1.941637,2.078567,1.575444,2.008989,2.561633,0.0,2.008989,2.725585,0.0,0.0,2.188033,0.0,1.986951,0.0,1.732244,0.0,0.0,0.0,0.0,1.988038,3.334038
UROD,0.0,0.0,0.0,0.0,0.0,0.0,0.0,0.0,0.0,0.0,0.0,0.0,0.0,0.0,0.0,0.0,2.14426850086851,0.0,0.0,0.0,0.0,0.0,0.0,0.0,0.0,0.0,0.0,0.0,0.0,0.0,0.0,0.0,0.0,0.0,0.0,0.0,0.0,0.0,0.0,0.0,0.0,0.0,0.0,0.0,0.0,0.0,0.0,0.0,0.0,0.0,0.0,0.0,0.0,0.0,0.0,0.0,0.0,0.0,0.0,0.0,0.0,0.0,0.0,0.0,0.0,0.0,0.0
IL16,0.0,0.0,0.0,0.0,0.0,0.0,0.0,0.0,0.0,0.0,0.0,0.0,0.0,0.0,0.0,0.0,0.0,0.0,0.0,0.0,0.0,0.0,0.0,2.259678,0.0,0.0,0.0,0.0,0.0,0.0,0.0,0.0,0.0,0.0,0.0,0.0,0.0,0.0,0.0,0.0,0.0,0.0,0.0,2.250889,0.0,0.0,1.941637,0.0,0.0,0.0,0.0,0.0,0.0,0.0,0.0,0.0,0.0,0.0,0.0,0.0,0.0,0.0,0.0,0.0,0.0,0.0,0.0
SNF8,0.0,0.0,0.0,0.0,0.0,0.0,0.0,0.0,0.0,0.0,0.0,0.0,0.0,0.0,0.0,0.0,0.0,0.0,0.0,0.0,0.0,0.0,0.0,0.0,0.0,0.0,0.0,0.0,0.0,2.305922,0.0,0.0,0.0,0.0,0.0,0.0,0.0,0.0,0.0,0.0,0.0,0.0,0.0,0.0,0.0,0.0,0.0,0.0,0.0,0.0,0.0,2.22914,0.0,0.0,0.0,0.0,0.0,0.0,0.0,0.0,0.0,0.0,0.0,0.0,0.0,0.0,0.0
VGLL4,0.0,0.0,0.0,0.0,0.0,0.0,0.0,0.0,0.0,1.671058,0.0,0.0,0.0,0.0,0.0,0.0,0.0,0.0,0.0,0.0,0.0,0.0,0.0,0.0,0.0,0.0,0.0,0.0,0.0,0.0,0.0,0.0,0.0,0.0,0.0,0.0,0.0,0.0,0.0,0.0,0.0,0.0,0.0,0.0,0.0,2.385264,0.0,0.0,0.0,0.0,0.0,0.0,0.0,0.0,0.0,0.0,0.0,0.0,0.0,0.0,0.0,0.0,0.0,0.0,0.0,0.0,0.0
ATP5H,1.754819,2.202934,0.0,0.0,0.0,2.339117,0.0,0.0,0.0,0.0,0.0,0.0,0.0,0.0,1.713724,0.0,0.0,0.0,2.365796,0.0,0.0,0.0,0.0,0.0,0.0,0.0,0.0,0.0,0.0,0.0,0.0,0.0,0.0,0.0,0.0,0.0,0.0,0.0,2.279514,0.0,0.0,1.923451,0.0,0.0,0.0,0.0,0.0,0.0,0.0,0.0,0.0,0.0,0.0,0.0,0.0,0.0,0.0,0.0,0.0,0.0,1.732244,2.799237,2.235827,0.0,0.0,0.0,0.0
LAMTOR4,1.754819,0.0,0.0,0.0,2.30755,0.0,0.0,2.274021,2.068839,0.0,0.0,0.0,2.369301,0.0,1.713724,0.0,2.144269,0.0,0.0,0.0,0.0,0.0,0.0,0.0,0.0,0.0,0.0,0.0,0.0,0.0,0.0,2.099651,0.0,2.29622,0.0,0.0,0.0,2.352779,0.0,2.339117,2.076734,0.0,2.272458,0.0,0.0,0.0,2.560346,0.0,2.159381,0.0,0.0,0.0,2.008989,1.518711,0.0,2.723587,0.0,0.0,0.0,0.0,1.732244,0.0,0.0,2.084709,0.0,1.988038,0.0
FAAP20,0.0,0.0,1.72084710114249,0.0,2.30755012237667,0.0,0.0,0.0,0.0,0.0,0.0,0.0,0.0,0.0,1.71372414789283,0.0,0.0,0.0,0.0,0.0,0.0,0.0,0.0,0.0,0.0,0.0,2.32985368712411,0.0,0.0,0.0,0.0,0.0,0.0,0.0,0.0,0.0,0.0,0.0,0.0,0.0,0.0,0.0,2.91270062418399,0.0,0.0,0.0,1.94163663827793,0.0,0.0,0.0,0.0,0.0,0.0,0.0,0.0,0.0,0.0,0.0,0.0,0.0,0.0,0.0,0.0,0.0,0.0,0.0,0.0
SEC62,1.754819,0.0,0.0,0.0,0.0,0.0,2.065222,0.0,0.0,0.0,0.0,2.239567,2.369301,0.0,1.713724,0.0,0.0,2.360564,0.0,0.0,0.0,2.116168,0.0,1.665819,2.225449,1.962901,0.0,2.358828,0.0,0.0,0.0,0.0,0.0,0.0,2.845343,0.0,0.0,0.0,0.0,0.0,0.0,1.923451,0.0,0.0,0.0,0.0,0.0,0.0,2.159381,0.0,0.0,0.0,0.0,1.518711,0.0,2.723587,0.0,0.0,0.0,0.0,1.732244,0.0,0.0,0.0,2.230622,0.0,0.0
HNRNPA1,1.754819,0.0,1.720847,0.0,2.30755,3.650354,2.692876,2.914348,2.068839,2.265462,0.0,2.239567,0.0,2.388854,2.684356,0.0,2.777053,0.0,2.365796,0.0,0.0,0.0,0.0,1.665819,0.0,2.583235,0.0,3.003556,2.743088,2.947951,2.094015,2.099651,0.0,2.29622,2.208684,3.012705,3.100831,0.0,0.0,0.0,0.0,1.923451,0.0,2.250889,2.121967,0.0,2.560346,0.0,2.525621,0.0,3.0411,2.22914,2.008989,2.725585,0.0,2.094015,0.0,0.0,1.986951,0.0,1.732244,3.67833,2.235827,0.0,2.86854,2.610246,2.304297
RP11-138A9.1,0.0,0.0,0.0,0.0,0.0,0.0,0.0,0.0,2.068839,0.0,0.0,0.0,0.0,0.0,0.0,0.0,0.0,0.0,0.0,0.0,0.0,0.0,0.0,0.0,0.0,0.0,0.0,3.003556,0.0,0.0,0.0,0.0,0.0,0.0,0.0,2.367547,2.088418,0.0,0.0,0.0,0.0,0.0,0.0,0.0,0.0,2.385264,0.0,0.0,1.575444,2.008989,0.0,0.0,0.0,0.0,0.0,2.094015,0.0,0.0,1.986951,0.0,1.732244,0.0,0.0,0.0,0.0,0.0,0.0
BID,0.0,0.0,0.0,0.0,0.0,0.0,0.0,0.0,0.0,0.0,0.0,0.0,0.0,0.0,0.0,0.0,0.0,0.0,0.0,0.0,0.0,0.0,0.0,0.0,0.0,0.0,0.0,0.0,0.0,0.0,0.0,0.0,0.0,0.0,0.0,0.0,0.0,0.0,0.0,0.0,0.0,0.0,0.0,0.0,0.0,0.0,0.0,0.0,0.0,0.0,0.0,0.0,0.0,0.0,0.0,0.0,0.0,0.0,2.609079,0.0,0.0,0.0,0.0,0.0,0.0,0.0,0.0
UBA3,0.0,2.839257,0.0,0.0,0.0,0.0,0.0,0.0,0.0,0.0,0.0,0.0,0.0,2.388854,0.0,0.0,0.0,2.360564,2.365796,0.0,0.0,0.0,0.0,0.0,0.0,0.0,0.0,0.0,0.0,0.0,0.0,0.0,0.0,0.0,0.0,0.0,0.0,0.0,0.0,0.0,0.0,0.0,0.0,0.0,0.0,0.0,0.0,0.0,0.0,0.0,0.0,0.0,0.0,0.0,0.0,0.0,0.0,0.0,0.0,0.0,1.732244,0.0,0.0,0.0,0.0,0.0,0.0
ANAPC16,1.754819,0.0,0.0,0.0,0.0,0.0,0.0,0.0,2.696737,1.671058,2.047976,2.239567,2.369301,0.0,2.312454,0.0,2.144269,0.0,0.0,0.0,0.0,2.116168,1.976168,1.665819,2.225449,0.0,2.329854,0.0,0.0,0.0,0.0,2.099651,2.120674,2.29622,0.0,0.0,0.0,2.352779,0.0,0.0,2.076734,0.0,0.0,0.0,2.753347,2.385264,1.941637,0.0,1.575444,0.0,1.606564,0.0,2.008989,1.518711,2.183826,2.094015,0.0,0.0,2.609079,2.765818,2.33279,0.0,0.0,2.713668,2.230622,0.0,3.334038
TMX4,0.0,2.202934,1.720847,0.0,0.0,0.0,0.0,0.0,0.0,0.0,0.0,0.0,0.0,0.0,0.0,0.0,0.0,0.0,2.365796,0.0,0.0,0.0,0.0,0.0,0.0,0.0,0.0,0.0,0.0,0.0,0.0,0.0,0.0,2.29622,0.0,0.0,0.0,0.0,2.279514,0.0,2.076734,0.0,0.0,0.0,0.0,2.385264,0.0,2.078567,0.0,0.0,1.606564,0.0,0.0,0.0,0.0,0.0,2.188033,2.124558,0.0,2.133695,0.0,2.165166,0.0,0.0,0.0,0.0,0.0
MRPL28,1.754819,0.0,0.0,0.0,0.0,0.0,0.0,0.0,0.0,0.0,0.0,0.0,0.0,0.0,0.0,0.0,2.144269,0.0,0.0,0.0,0.0,0.0,0.0,0.0,0.0,0.0,2.329854,0.0,0.0,0.0,0.0,0.0,0.0,0.0,0.0,0.0,0.0,0.0,0.0,0.0,0.0,0.0,0.0,0.0,0.0,0.0,0.0,0.0,0.0,0.0,0.0,0.0,0.0,0.0,0.0,0.0,0.0,0.0,1.986951,0.0,0.0,0.0,0.0,2.084709,0.0,0.0,0.0
TNPO1,0.0,0.0,0.0,0.0,0.0,0.0,0.0,0.0,0.0,0.0,0.0,0.0,0.0,0.0,0.0,0.0,0.0,0.0,0.0,0.0,0.0,0.0,0.0,0.0,0.0,0.0,0.0,0.0,0.0,0.0,0.0,0.0,0.0,0.0,0.0,0.0,2.088418,0.0,0.0,0.0,0.0,0.0,0.0,0.0,0.0,0.0,0.0,0.0,0.0,0.0,0.0,0.0,0.0,1.518711,0.0,0.0,0.0,0.0,0.0,0.0,0.0,2.165166,0.0,0.0,0.0,0.0,0.0
FKBP3,0.0,0.0,0.0,0.0,0.0,0.0,0.0,0.0,0.0,0.0,0.0,0.0,0.0,0.0,0.0,0.0,0.0,0.0,0.0,0.0,0.0,0.0,0.0,0.0,0.0,0.0,0.0,0.0,0.0,0.0,0.0,0.0,0.0,0.0,0.0,0.0,2.088418,0.0,0.0,0.0,0.0,0.0,0.0,0.0,0.0,0.0,0.0,0.0,0.0,0.0,1.606564,0.0,0.0,0.0,0.0,0.0,0.0,0.0,0.0,0.0,0.0,0.0,0.0,0.0,0.0,0.0,0.0
HNRNPDL,0.0,2.202934,0.0,0.0,0.0,2.339117,0.0,0.0,0.0,0.0,0.0,0.0,0.0,0.0,0.0,2.113604,0.0,0.0,2.365796,0.0,2.107231,0.0,0.0,0.0,0.0,1.962901,3.361393,0.0,2.112325,0.0,0.0,2.099651,2.120674,0.0,0.0,0.0,0.0,2.352779,0.0,0.0,0.0,2.540741,0.0,2.250889,0.0,2.385264,0.0,0.0,0.0,0.0,2.561633,0.0,0.0,2.095889,0.0,2.094015,2.188033,0.0,0.0,0.0,0.0,0.0,0.0,0.0,2.86854,2.610246,0.0
RBPMS,0.0,0.0,0.0,0.0,0.0,0.0,0.0,0.0,0.0,0.0,0.0,0.0,0.0,0.0,0.0,0.0,0.0,0.0,0.0,0.0,0.0,0.0,0.0,0.0,0.0,0.0,0.0,0.0,0.0,0.0,0.0,0.0,0.0,0.0,0.0,0.0,0.0,0.0,0.0,0.0,0.0,0.0,0.0,0.0,0.0,0.0,0.0,0.0,0.0,0.0,0.0,0.0,0.0,0.0,0.0,0.0,0.0,0.0,0.0,0.0,0.0,0.0,0.0,0.0,0.0,0.0,0.0
IST1,0.0,0.0,1.720847,0.0,0.0,0.0,2.065222,0.0,0.0,1.671058,0.0,2.239567,0.0,0.0,0.0,0.0,0.0,0.0,0.0,0.0,0.0,0.0,0.0,0.0,2.225449,0.0,0.0,0.0,0.0,0.0,0.0,0.0,0.0,0.0,0.0,0.0,0.0,2.352779,0.0,0.0,0.0,0.0,0.0,0.0,0.0,0.0,0.0,0.0,0.0,0.0,0.0,0.0,0.0,1.518711,0.0,0.0,0.0,0.0,0.0,0.0,0.0,0.0,0.0,0.0,2.230622,0.0,0.0
EDF1,0.0,0.0,1.720847,2.29622,2.30755,0.0,0.0,2.274021,2.696737,2.265462,0.0,0.0,0.0,0.0,0.0,2.113604,2.777053,0.0,3.010868,0.0,0.0,0.0,1.976168,1.665819,0.0,0.0,0.0,0.0,0.0,0.0,0.0,2.729593,0.0,0.0,0.0,0.0,0.0,2.352779,0.0,2.339117,0.0,0.0,2.272458,0.0,2.121967,0.0,1.941637,0.0,1.575444,0.0,2.194031,2.22914,2.63272,1.518711,0.0,0.0,0.0,0.0,3.264731,2.133695,2.33279,2.799237,0.0,3.096788,2.230622,2.610246,2.946241
VKORC1,0.0,0.0,0.0,0.0,0.0,0.0,0.0,0.0,0.0,0.0,0.0,0.0,0.0,2.388854,1.713724,0.0,0.0,0.0,0.0,0.0,0.0,2.116168,1.976168,0.0,0.0,0.0,0.0,0.0,0.0,0.0,0.0,0.0,0.0,0.0,0.0,0.0,2.088418,0.0,0.0,0.0,0.0,1.923451,0.0,2.250889,0.0,0.0,0.0,0.0,0.0,0.0,0.0,0.0,0.0,0.0,0.0,0.0,0.0,0.0,0.0,0.0,0.0,0.0,0.0,0.0,0.0,0.0,0.0
ASAP1,0.0,0.0,0.0,0.0,0.0,0.0,0.0,0.0,0.0,0.0,0.0,0.0,0.0,0.0,0.0,0.0,0.0,0.0,0.0,0.0,0.0,0.0,0.0,0.0,0.0,0.0,0.0,0.0,0.0,0.0,2.094015,0.0,0.0,2.29622,0.0,0.0,0.0,0.0,0.0,0.0,0.0,0.0,0.0,0.0,0.0,0.0,0.0,0.0,0.0,2.008989,0.0,0.0,0.0,0.0,0.0,0.0,0.0,0.0,0.0,0.0,0.0,2.165166,0.0,0.0,0.0,0.0,0.0
SSR2,1.75481895374561,0.0,0.0,0.0,0.0,0.0,2.06522247083326,0.0,0.0,0.0,2.04797595982601,2.87799118332661,3.01454642036821,0.0,1.71372414789283,0.0,0.0,0.0,0.0,0.0,2.10723100359207,2.11616756792241,1.97616779134565,2.25967848759913,2.86307345046612,0.0,2.32985368712411,0.0,0.0,0.0,0.0,2.09965141229548,0.0,0.0,0.0,0.0,0.0,0.0,0.0,0.0,2.0767337617138,0.0,2.27245780891882,0.0,2.12196671391844,2.3852642856713,0.0,2.70711736521367,1.5754438385365,2.00898929169822,1.60656411784832,0.0,0.0,0.0,0.0,0.0,0.0,0.0,1.98695148479768,0.0,0.0,0.0,0.0,0.0,0.0,0.0,2.9462407814557
C4orf48,0.0,0.0,0.0,0.0,0.0,0.0,0.0,0.0,0.0,0.0,0.0,2.239567,0.0,0.0,0.0,0.0,0.0,0.0,0.0,0.0,0.0,2.116168,1.976168,0.0,0.0,0.0,0.0,0.0,0.0,2.305922,0.0,0.0,2.120674,0.0,0.0,2.367547,2.088418,0.0,0.0,0.0,0.0,0.0,2.272458,0.0,0.0,0.0,0.0,0.0,1.575444,0.0,0.0,0.0,0.0,0.0,0.0,0.0,0.0,0.0,0.0,2.133695,0.0,0.0,2.235827,0.0,0.0,0.0,0.0
MYC,0.0,0.0,0.0,0.0,0.0,0.0,0.0,0.0,0.0,0.0,0.0,0.0,0.0,0.0,2.312454,0.0,0.0,0.0,0.0,0.0,0.0,0.0,0.0,0.0,0.0,0.0,0.0,0.0,0.0,0.0,0.0,0.0,0.0,0.0,0.0,0.0,0.0,0.0,0.0,0.0,0.0,0.0,0.0,0.0,0.0,0.0,0.0,0.0,0.0,0.0,1.606564,0.0,0.0,0.0,0.0,0.0,0.0,0.0,0.0,0.0,0.0,2.165166,0.0,0.0,0.0,0.0,0.0
PAIP2,0.0,0.0,0.0,0.0,0.0,2.339117,2.065222,0.0,2.068839,0.0,0.0,2.239567,0.0,0.0,0.0,2.113604,2.777053,0.0,0.0,0.0,2.107231,0.0,0.0,0.0,0.0,0.0,0.0,0.0,0.0,0.0,0.0,0.0,2.120674,0.0,0.0,0.0,0.0,0.0,0.0,0.0,0.0,0.0,0.0,0.0,0.0,0.0,0.0,0.0,0.0,0.0,0.0,0.0,0.0,1.518711,0.0,0.0,0.0,0.0,1.986951,0.0,0.0,0.0,2.235827,0.0,0.0,0.0,2.304297
ACTN4,0.0,0.0,0.0,0.0,0.0,0.0,0.0,0.0,0.0,0.0,3.056667,2.239567,0.0,0.0,2.312454,0.0,0.0,0.0,0.0,0.0,0.0,0.0,0.0,0.0,0.0,0.0,0.0,0.0,2.112325,2.305922,0.0,0.0,0.0,0.0,0.0,0.0,0.0,0.0,0.0,0.0,0.0,1.923451,0.0,0.0,0.0,0.0,0.0,0.0,1.575444,2.008989,1.606564,0.0,0.0,0.0,0.0,2.094015,0.0,0.0,0.0,0.0,0.0,0.0,0.0,0.0,0.0,0.0,0.0
C18orf32,0.0,0.0,0.0,0.0,0.0,0.0,0.0,0.0,0.0,0.0,0.0,0.0,0.0,0.0,0.0,0.0,0.0,0.0,0.0,0.0,0.0,0.0,0.0,0.0,0.0,1.962901,0.0,0.0,0.0,0.0,0.0,0.0,0.0,0.0,0.0,0.0,0.0,0.0,0.0,0.0,0.0,0.0,0.0,0.0,0.0,2.385264,0.0,0.0,0.0,0.0,0.0,0.0,0.0,0.0,0.0,0.0,0.0,0.0,0.0,0.0,0.0,2.165166,0.0,0.0,2.230622,0.0,0.0
HLA-DRB1,1.754819,0.0,0.0,0.0,0.0,0.0,0.0,0.0,0.0,0.0,0.0,0.0,2.369301,3.035048,0.0,0.0,0.0,0.0,0.0,0.0,0.0,0.0,0.0,0.0,0.0,0.0,0.0,2.358828,0.0,0.0,0.0,0.0,0.0,2.937738,0.0,0.0,0.0,2.997206,0.0,0.0,0.0,2.540741,0.0,0.0,0.0,0.0,0.0,0.0,1.575444,0.0,0.0,0.0,0.0,0.0,2.183826,0.0,0.0,0.0,2.609079,0.0,0.0,0.0,0.0,0.0,0.0,0.0,2.946241
PEX16,0.0,0.0,0.0,0.0,0.0,0.0,0.0,0.0,0.0,0.0,0.0,0.0,0.0,0.0,0.0,0.0,0.0,0.0,0.0,0.0,0.0,0.0,1.976168,0.0,0.0,0.0,0.0,0.0,0.0,0.0,0.0,0.0,0.0,0.0,2.208684,0.0,0.0,2.352779,0.0,2.339117,0.0,0.0,0.0,0.0,0.0,0.0,1.941637,0.0,0.0,0.0,0.0,0.0,0.0,0.0,0.0,0.0,0.0,0.0,0.0,0.0,0.0,0.0,0.0,0.0,0.0,0.0,0.0
EPRS,0.0,0.0,0.0,0.0,0.0,0.0,2.06522247083326,0.0,0.0,0.0,0.0,0.0,0.0,0.0,0.0,0.0,2.14426850086851,0.0,0.0,0.0,0.0,0.0,0.0,0.0,0.0,0.0,0.0,0.0,0.0,0.0,0.0,0.0,0.0,0.0,0.0,0.0,2.08841810464014,0.0,0.0,0.0,0.0,0.0,0.0,0.0,0.0,0.0,0.0,0.0,0.0,0.0,0.0,0.0,0.0,0.0,0.0,0.0,0.0,0.0,1.98695148479768,0.0,0.0,0.0,0.0,0.0,0.0,0.0,0.0
MEG3,0.0,0.0,0.0,0.0,0.0,0.0,0.0,0.0,0.0,0.0,0.0,0.0,0.0,0.0,0.0,0.0,0.0,0.0,0.0,0.0,0.0,0.0,0.0,0.0,0.0,0.0,0.0,0.0,0.0,0.0,0.0,0.0,0.0,0.0,0.0,0.0,0.0,0.0,0.0,0.0,0.0,0.0,0.0,0.0,0.0,0.0,0.0,0.0,0.0,0.0,0.0,0.0,0.0,0.0,0.0,0.0,0.0,0.0,0.0,0.0,0.0,0.0,0.0,0.0,0.0,0.0,0.0
MRPS25,0.0,0.0,0.0,0.0,0.0,0.0,0.0,0.0,0.0,0.0,0.0,0.0,0.0,0.0,1.713724,0.0,0.0,0.0,0.0,0.0,0.0,0.0,0.0,0.0,0.0,0.0,0.0,0.0,0.0,0.0,0.0,0.0,0.0,0.0,0.0,0.0,0.0,0.0,0.0,0.0,0.0,0.0,0.0,0.0,0.0,0.0,0.0,0.0,0.0,0.0,0.0,0.0,0.0,0.0,0.0,0.0,0.0,0.0,0.0,0.0,1.732244,0.0,0.0,0.0,0.0,0.0,0.0
CREG1,0.0,0.0,0.0,0.0,0.0,0.0,0.0,0.0,0.0,0.0,0.0,0.0,0.0,0.0,0.0,0.0,2.14426850086851,0.0,0.0,0.0,0.0,0.0,0.0,0.0,0.0,0.0,0.0,0.0,0.0,0.0,0.0,0.0,0.0,0.0,0.0,0.0,0.0,0.0,0.0,0.0,0.0,0.0,0.0,0.0,0.0,0.0,0.0,0.0,0.0,0.0,0.0,0.0,0.0,0.0,0.0,0.0,0.0,0.0,0.0,0.0,0.0,0.0,0.0,0.0,0.0,0.0,0.0
DNAJB11,1.754819,0.0,0.0,0.0,0.0,0.0,2.065222,0.0,0.0,0.0,0.0,0.0,0.0,0.0,0.0,0.0,0.0,0.0,0.0,2.146934,0.0,0.0,0.0,0.0,0.0,0.0,0.0,0.0,0.0,0.0,0.0,0.0,0.0,0.0,0.0,0.0,0.0,0.0,2.279514,0.0,0.0,0.0,0.0,2.250889,0.0,0.0,0.0,0.0,1.575444,0.0,0.0,0.0,0.0,0.0,0.0,2.094015,0.0,0.0,0.0,0.0,0.0,0.0,0.0,0.0,0.0,0.0,0.0
ATL3,0.0,0.0,0.0,0.0,0.0,0.0,0.0,0.0,0.0,0.0,0.0,0.0,0.0,0.0,0.0,0.0,0.0,0.0,0.0,0.0,0.0,0.0,0.0,0.0,0.0,0.0,0.0,0.0,2.112325,0.0,0.0,0.0,0.0,0.0,0.0,0.0,0.0,0.0,0.0,0.0,0.0,0.0,0.0,0.0,2.121967,0.0,0.0,0.0,0.0,0.0,0.0,0.0,0.0,0.0,0.0,0.0,0.0,0.0,0.0,0.0,0.0,0.0,0.0,0.0,0.0,0.0,0.0
KLF9,0.0,2.202934,0.0,0.0,0.0,0.0,0.0,0.0,0.0,1.671058,0.0,0.0,0.0,0.0,0.0,0.0,0.0,0.0,0.0,0.0,0.0,2.116168,0.0,0.0,2.225449,1.962901,0.0,0.0,0.0,0.0,0.0,0.0,0.0,0.0,0.0,0.0,0.0,0.0,0.0,0.0,0.0,0.0,0.0,0.0,0.0,0.0,0.0,0.0,0.0,0.0,0.0,0.0,0.0,0.0,0.0,0.0,0.0,0.0,0.0,0.0,0.0,0.0,0.0,0.0,0.0,0.0,0.0
TMED4,1.754819,0.0,0.0,0.0,0.0,0.0,0.0,0.0,0.0,0.0,0.0,2.239567,0.0,0.0,0.0,0.0,0.0,0.0,0.0,0.0,0.0,0.0,0.0,0.0,0.0,0.0,0.0,0.0,0.0,0.0,0.0,0.0,0.0,0.0,0.0,0.0,0.0,0.0,0.0,0.0,0.0,0.0,0.0,0.0,0.0,0.0,1.941637,0.0,0.0,0.0,0.0,0.0,0.0,0.0,2.183826,0.0,0.0,0.0,0.0,0.0,0.0,0.0,0.0,0.0,0.0,0.0,0.0
MDM4,0.0,0.0,0.0,2.29621992739132,0.0,0.0,0.0,0.0,0.0,0.0,0.0,0.0,0.0,2.38885361988142,0.0,0.0,0.0,0.0,2.36579551251775,0.0,0.0,0.0,0.0,0.0,0.0,0.0,0.0,0.0,0.0,0.0,2.09401455295064,0.0,0.0,0.0,0.0,0.0,0.0,0.0,0.0,0.0,2.0767337617138,0.0,0.0,0.0,0.0,0.0,1.94163663827793,0.0,0.0,0.0,1.60656411784832,0.0,0.0,0.0,0.0,0.0,0.0,0.0,1.98695148479768,0.0,0.0,0.0,0.0,2.0847093326147,0.0,0.0,0.0
TMEM205,0.0,0.0,0.0,0.0,0.0,0.0,2.065222,0.0,0.0,0.0,0.0,0.0,0.0,0.0,0.0,0.0,0.0,0.0,0.0,0.0,0.0,0.0,0.0,0.0,0.0,0.0,2.329854,0.0,0.0,0.0,2.094015,0.0,0.0,0.0,0.0,0.0,0.0,0.0,0.0,2.339117,0.0,0.0,0.0,0.0,0.0,0.0,0.0,2.078567,0.0,0.0,0.0,0.0,0.0,0.0,0.0,0.0,0.0,0.0,0.0,0.0,0.0,0.0,0.0,0.0,0.0,0.0,0.0
ERGIC1,0.0,0.0,0.0,0.0,2.30755,0.0,0.0,0.0,0.0,0.0,0.0,0.0,0.0,0.0,0.0,0.0,0.0,0.0,0.0,0.0,0.0,0.0,0.0,0.0,0.0,0.0,0.0,0.0,0.0,0.0,0.0,0.0,0.0,0.0,0.0,0.0,0.0,0.0,0.0,0.0,2.076734,0.0,0.0,0.0,0.0,0.0,0.0,0.0,0.0,0.0,0.0,0.0,0.0,0.0,0.0,0.0,0.0,0.0,0.0,0.0,0.0,0.0,0.0,0.0,0.0,0.0,0.0
EIF5A,1.754819,0.0,0.0,0.0,0.0,0.0,0.0,0.0,0.0,0.0,0.0,0.0,0.0,0.0,0.0,0.0,0.0,0.0,0.0,0.0,0.0,0.0,0.0,1.665819,0.0,1.962901,2.329854,0.0,0.0,0.0,2.094015,2.099651,0.0,0.0,2.208684,0.0,0.0,0.0,0.0,0.0,0.0,0.0,0.0,0.0,0.0,0.0,0.0,0.0,0.0,0.0,1.606564,0.0,0.0,0.0,0.0,0.0,0.0,0.0,0.0,0.0,0.0,2.165166,0.0,0.0,0.0,0.0,2.304297
NDUFB11,1.754819,2.202934,0.0,2.29622,0.0,0.0,3.075521,0.0,0.0,1.671058,0.0,2.239567,0.0,0.0,2.312454,0.0,0.0,2.360564,0.0,0.0,0.0,2.116168,0.0,0.0,2.863073,0.0,2.329854,0.0,2.112325,0.0,0.0,2.099651,0.0,2.29622,2.208684,0.0,0.0,0.0,0.0,2.982857,2.705162,1.923451,0.0,3.276712,0.0,0.0,0.0,0.0,0.0,0.0,1.606564,0.0,2.008989,1.518711,0.0,0.0,0.0,0.0,0.0,0.0,0.0,0.0,0.0,0.0,2.230622,1.988038,0.0
FAM3C,0.0,0.0,0.0,0.0,0.0,0.0,0.0,0.0,0.0,1.671058,0.0,0.0,0.0,0.0,0.0,0.0,0.0,0.0,0.0,0.0,0.0,0.0,0.0,0.0,0.0,0.0,0.0,0.0,0.0,0.0,0.0,0.0,0.0,0.0,0.0,0.0,0.0,0.0,0.0,0.0,0.0,0.0,0.0,0.0,0.0,0.0,0.0,0.0,0.0,0.0,0.0,0.0,0.0,0.0,0.0,0.0,0.0,0.0,0.0,2.133695,0.0,0.0,0.0,0.0,0.0,0.0,0.0
CCDC167,0.0,0.0,0.0,2.937738,0.0,0.0,0.0,0.0,0.0,0.0,0.0,0.0,0.0,2.388854,0.0,0.0,0.0,0.0,0.0,0.0,0.0,0.0,0.0,0.0,0.0,0.0,0.0,0.0,0.0,0.0,0.0,0.0,0.0,0.0,0.0,0.0,0.0,0.0,0.0,0.0,0.0,0.0,0.0,0.0,2.121967,0.0,1.941637,0.0,0.0,0.0,0.0,0.0,2.008989,0.0,0.0,0.0,0.0,0.0,1.986951,0.0,1.732244,0.0,0.0,0.0,0.0,0.0,0.0
SEPT11,0.0,0.0,0.0,0.0,0.0,0.0,0.0,0.0,0.0,0.0,0.0,0.0,0.0,0.0,0.0,0.0,0.0,2.360564,0.0,0.0,2.107231,0.0,0.0,0.0,0.0,0.0,0.0,0.0,0.0,0.0,0.0,0.0,0.0,0.0,0.0,0.0,0.0,0.0,0.0,0.0,0.0,0.0,0.0,0.0,0.0,0.0,0.0,0.0,1.575444,0.0,0.0,0.0,0.0,0.0,0.0,0.0,0.0,0.0,0.0,0.0,0.0,0.0,0.0,0.0,0.0,0.0,0.0
MRPL51,1.754819,0.0,0.0,0.0,0.0,0.0,0.0,0.0,0.0,0.0,0.0,0.0,0.0,0.0,0.0,0.0,0.0,0.0,0.0,2.146934,0.0,0.0,0.0,0.0,0.0,0.0,0.0,0.0,2.112325,2.305922,0.0,0.0,0.0,0.0,0.0,0.0,0.0,0.0,0.0,0.0,0.0,1.923451,0.0,0.0,0.0,0.0,0.0,0.0,0.0,0.0,0.0,0.0,0.0,0.0,0.0,0.0,0.0,0.0,0.0,0.0,2.33279,0.0,0.0,0.0,0.0,0.0,0.0
TUG1,2.357528,0.0,0.0,0.0,0.0,2.339117,0.0,0.0,0.0,0.0,0.0,0.0,0.0,0.0,0.0,0.0,0.0,0.0,0.0,0.0,0.0,0.0,0.0,0.0,0.0,0.0,0.0,0.0,2.112325,0.0,0.0,0.0,0.0,0.0,0.0,0.0,0.0,0.0,0.0,0.0,0.0,1.923451,0.0,0.0,2.121967,0.0,0.0,0.0,0.0,0.0,0.0,0.0,0.0,0.0,0.0,0.0,0.0,0.0,0.0,0.0,0.0,0.0,0.0,0.0,0.0,0.0,0.0
CNBP,1.754819,0.0,0.0,2.29622,0.0,0.0,0.0,0.0,0.0,0.0,2.047976,0.0,0.0,0.0,0.0,0.0,2.144269,0.0,0.0,0.0,0.0,0.0,0.0,1.665819,0.0,1.962901,0.0,0.0,0.0,0.0,0.0,0.0,0.0,0.0,0.0,0.0,0.0,0.0,0.0,0.0,0.0,1.923451,0.0,0.0,2.121967,0.0,0.0,0.0,1.575444,0.0,0.0,0.0,0.0,0.0,0.0,0.0,0.0,0.0,0.0,0.0,0.0,2.165166,0.0,0.0,0.0,0.0,0.0
SARAF,3.002192,0.0,1.720847,2.29622,0.0,2.982857,0.0,0.0,2.068839,0.0,0.0,0.0,0.0,2.388854,1.713724,0.0,3.16156,0.0,0.0,0.0,2.107231,2.116168,1.976168,0.0,0.0,1.962901,2.329854,0.0,0.0,2.947951,0.0,0.0,2.751972,0.0,3.231246,3.401649,0.0,0.0,0.0,0.0,0.0,0.0,0.0,0.0,0.0,0.0,2.560346,2.078567,2.525621,0.0,1.606564,0.0,2.008989,0.0,0.0,2.094015,0.0,2.124558,1.986951,0.0,0.0,2.165166,2.235827,0.0,0.0,2.610246,2.304297
FGL2,0.0,0.0,0.0,0.0,0.0,0.0,0.0,0.0,0.0,0.0,0.0,0.0,0.0,0.0,0.0,0.0,0.0,0.0,0.0,0.0,0.0,0.0,0.0,0.0,0.0,0.0,0.0,0.0,0.0,0.0,0.0,0.0,0.0,0.0,0.0,0.0,0.0,0.0,0.0,0.0,0.0,0.0,0.0,0.0,0.0,0.0,0.0,0.0,0.0,0.0,0.0,0.0,0.0,0.0,0.0,0.0,0.0,0.0,0.0,0.0,0.0,0.0,0.0,0.0,0.0,0.0,0.0
NUDT5,0.0,0.0,0.0,0.0,0.0,2.339117,0.0,0.0,0.0,0.0,2.047976,0.0,0.0,0.0,0.0,0.0,0.0,0.0,0.0,0.0,0.0,0.0,0.0,0.0,2.225449,0.0,0.0,0.0,2.112325,0.0,0.0,2.099651,0.0,0.0,0.0,0.0,0.0,2.352779,0.0,0.0,0.0,0.0,2.272458,0.0,0.0,0.0,0.0,0.0,1.575444,0.0,0.0,0.0,0.0,0.0,0.0,0.0,0.0,0.0,0.0,0.0,0.0,0.0,0.0,0.0,0.0,1.988038,0.0
ATP6V0D1,0.0,0.0,0.0,0.0,0.0,0.0,0.0,0.0,0.0,0.0,0.0,0.0,0.0,0.0,0.0,0.0,0.0,0.0,0.0,0.0,2.107231,0.0,1.976168,0.0,0.0,0.0,0.0,0.0,0.0,0.0,0.0,0.0,0.0,0.0,0.0,0.0,0.0,0.0,0.0,0.0,2.076734,0.0,0.0,0.0,0.0,0.0,0.0,0.0,0.0,0.0,0.0,0.0,0.0,0.0,0.0,0.0,0.0,0.0,0.0,0.0,0.0,0.0,0.0,0.0,0.0,1.988038,0.0
GULP1,0.0,0.0,0.0,0.0,0.0,0.0,0.0,0.0,0.0,0.0,0.0,0.0,0.0,0.0,0.0,0.0,0.0,0.0,0.0,0.0,0.0,0.0,0.0,0.0,0.0,0.0,0.0,0.0,0.0,0.0,0.0,0.0,0.0,0.0,0.0,0.0,0.0,0.0,0.0,0.0,0.0,0.0,0.0,0.0,0.0,0.0,0.0,0.0,0.0,0.0,0.0,0.0,0.0,0.0,0.0,0.0,0.0,0.0,0.0,0.0,0.0,0.0,0.0,0.0,0.0,0.0,0.0
NDUFV2,2.357528,0.0,0.0,0.0,0.0,0.0,0.0,2.274021,0.0,0.0,0.0,0.0,0.0,0.0,0.0,0.0,0.0,0.0,0.0,0.0,0.0,0.0,0.0,1.665819,0.0,1.962901,0.0,0.0,2.112325,0.0,0.0,0.0,2.120674,0.0,0.0,0.0,0.0,0.0,0.0,0.0,2.076734,0.0,0.0,2.250889,0.0,0.0,0.0,0.0,1.575444,0.0,1.606564,0.0,0.0,0.0,0.0,0.0,0.0,0.0,1.986951,0.0,1.732244,2.165166,0.0,0.0,0.0,1.988038,0.0
GRN,0.0,0.0,0.0,0.0,0.0,0.0,0.0,0.0,0.0,0.0,0.0,0.0,0.0,0.0,0.0,0.0,0.0,0.0,0.0,0.0,0.0,0.0,0.0,0.0,0.0,0.0,0.0,0.0,0.0,0.0,0.0,0.0,0.0,2.29622,0.0,0.0,0.0,0.0,0.0,0.0,0.0,0.0,0.0,0.0,0.0,0.0,0.0,0.0,0.0,0.0,0.0,0.0,0.0,0.0,0.0,0.0,0.0,0.0,0.0,0.0,0.0,0.0,0.0,0.0,0.0,0.0,0.0
SNRPD3,0.0,2.202934,1.720847,0.0,0.0,0.0,0.0,0.0,0.0,0.0,0.0,0.0,0.0,0.0,1.713724,0.0,0.0,0.0,0.0,0.0,0.0,0.0,0.0,0.0,0.0,0.0,0.0,0.0,0.0,0.0,0.0,2.099651,0.0,0.0,0.0,0.0,0.0,0.0,0.0,0.0,0.0,0.0,0.0,2.250889,0.0,0.0,0.0,0.0,0.0,0.0,0.0,0.0,0.0,1.518711,0.0,0.0,0.0,0.0,0.0,0.0,1.732244,0.0,0.0,0.0,2.230622,1.988038,0.0
TMEM160,0.0,2.202934,0.0,0.0,0.0,0.0,0.0,0.0,0.0,0.0,2.047976,2.239567,2.369301,0.0,2.312454,0.0,0.0,0.0,0.0,0.0,0.0,0.0,0.0,0.0,0.0,0.0,0.0,0.0,0.0,0.0,0.0,0.0,0.0,0.0,0.0,0.0,0.0,0.0,0.0,0.0,0.0,0.0,0.0,0.0,0.0,0.0,0.0,0.0,0.0,0.0,0.0,0.0,0.0,0.0,0.0,0.0,2.188033,0.0,0.0,2.133695,1.732244,0.0,0.0,0.0,0.0,0.0,0.0
FYB,0.0,0.0,0.0,0.0,2.30755,0.0,0.0,0.0,0.0,1.671058,2.674451,2.877991,0.0,3.035048,0.0,0.0,2.144269,0.0,3.010868,0.0,2.107231,2.116168,0.0,1.665819,0.0,0.0,0.0,0.0,0.0,0.0,0.0,0.0,0.0,2.29622,2.845343,0.0,0.0,0.0,0.0,0.0,0.0,0.0,0.0,0.0,0.0,0.0,0.0,2.078567,2.159381,0.0,0.0,0.0,0.0,2.095889,0.0,0.0,2.188033,2.124558,0.0,0.0,0.0,0.0,2.235827,0.0,0.0,0.0,0.0
RAB5B,0.0,0.0,0.0,0.0,0.0,0.0,0.0,0.0,0.0,0.0,0.0,0.0,0.0,0.0,0.0,0.0,0.0,0.0,0.0,0.0,0.0,0.0,0.0,0.0,0.0,0.0,0.0,0.0,0.0,0.0,0.0,0.0,0.0,0.0,0.0,0.0,0.0,0.0,0.0,0.0,0.0,0.0,0.0,0.0,0.0,0.0,0.0,0.0,0.0,0.0,0.0,0.0,0.0,0.0,0.0,0.0,0.0,0.0,0.0,0.0,0.0,0.0,0.0,0.0,2.230622,0.0,0.0
NDUFB4,0.0,2.202934,0.0,2.29622,0.0,0.0,0.0,0.0,0.0,0.0,2.047976,0.0,0.0,0.0,0.0,0.0,0.0,0.0,0.0,0.0,0.0,0.0,2.597497,0.0,0.0,1.962901,2.329854,2.358828,2.112325,2.305922,0.0,2.099651,2.120674,0.0,0.0,0.0,0.0,0.0,0.0,0.0,0.0,0.0,0.0,0.0,2.121967,0.0,0.0,0.0,0.0,0.0,1.606564,0.0,0.0,0.0,0.0,0.0,0.0,0.0,0.0,0.0,0.0,0.0,0.0,0.0,2.230622,1.988038,0.0
PRKAR1A,0.0,0.0,0.0,0.0,0.0,0.0,0.0,0.0,0.0,0.0,0.0,0.0,0.0,0.0,1.713724,0.0,0.0,0.0,0.0,2.146934,0.0,0.0,0.0,0.0,0.0,0.0,0.0,0.0,0.0,2.305922,0.0,0.0,0.0,2.29622,0.0,0.0,0.0,0.0,0.0,0.0,0.0,0.0,0.0,0.0,0.0,0.0,0.0,0.0,0.0,0.0,0.0,0.0,0.0,0.0,0.0,0.0,0.0,0.0,0.0,0.0,0.0,0.0,0.0,2.084709,0.0,0.0,0.0
RTN3,0.0,0.0,0.0,0.0,0.0,0.0,0.0,0.0,0.0,0.0,2.047976,0.0,0.0,0.0,0.0,0.0,0.0,0.0,0.0,0.0,0.0,0.0,0.0,0.0,0.0,0.0,0.0,0.0,0.0,0.0,0.0,0.0,0.0,0.0,0.0,0.0,0.0,0.0,0.0,0.0,0.0,0.0,0.0,0.0,0.0,0.0,0.0,0.0,1.575444,0.0,0.0,0.0,0.0,0.0,0.0,0.0,0.0,0.0,0.0,0.0,0.0,0.0,0.0,0.0,0.0,0.0,0.0
COX5A,2.357528,0.0,0.0,0.0,0.0,0.0,0.0,0.0,0.0,1.671058,0.0,0.0,0.0,0.0,0.0,0.0,0.0,0.0,0.0,0.0,0.0,2.747177,0.0,0.0,0.0,0.0,0.0,0.0,0.0,2.305922,2.094015,0.0,0.0,0.0,0.0,0.0,0.0,0.0,0.0,0.0,2.076734,0.0,0.0,0.0,0.0,0.0,0.0,0.0,1.575444,2.008989,1.606564,0.0,0.0,1.518711,0.0,0.0,0.0,0.0,1.986951,0.0,1.732244,0.0,0.0,0.0,0.0,0.0,0.0
APOE,0.0,0.0,0.0,0.0,0.0,0.0,0.0,0.0,0.0,0.0,0.0,0.0,0.0,0.0,0.0,0.0,0.0,0.0,0.0,0.0,0.0,0.0,0.0,0.0,0.0,0.0,2.329854,0.0,0.0,0.0,0.0,0.0,0.0,0.0,0.0,0.0,0.0,0.0,0.0,0.0,0.0,0.0,0.0,0.0,0.0,0.0,1.941637,0.0,0.0,0.0,0.0,0.0,0.0,0.0,0.0,0.0,0.0,0.0,0.0,0.0,0.0,0.0,0.0,0.0,0.0,0.0,0.0
C12orf57,0.0,0.0,0.0,0.0,0.0,0.0,0.0,0.0,0.0,1.671058,0.0,2.877991,3.014546,0.0,1.713724,2.113604,0.0,0.0,0.0,0.0,0.0,0.0,0.0,0.0,0.0,0.0,2.329854,0.0,0.0,0.0,0.0,4.181591,0.0,0.0,2.208684,2.367547,0.0,0.0,0.0,0.0,2.076734,2.540741,0.0,2.889947,0.0,0.0,0.0,0.0,2.793098,2.008989,0.0,2.22914,0.0,0.0,0.0,2.094015,2.188033,0.0,1.986951,0.0,1.732244,0.0,0.0,0.0,0.0,0.0,0.0
ACTA2,0.0,0.0,0.0,0.0,0.0,0.0,0.0,0.0,0.0,1.671058,0.0,0.0,0.0,0.0,0.0,2.113604,0.0,0.0,0.0,0.0,0.0,0.0,0.0,0.0,0.0,0.0,0.0,0.0,0.0,0.0,0.0,0.0,0.0,0.0,0.0,0.0,0.0,0.0,0.0,0.0,0.0,0.0,0.0,0.0,0.0,0.0,0.0,0.0,0.0,0.0,0.0,0.0,0.0,0.0,0.0,0.0,0.0,0.0,0.0,0.0,0.0,0.0,0.0,0.0,0.0,0.0,0.0
UNC50,0.0,0.0,0.0,0.0,0.0,2.339117,0.0,0.0,0.0,0.0,0.0,0.0,0.0,0.0,0.0,0.0,0.0,0.0,0.0,0.0,0.0,0.0,1.976168,0.0,0.0,0.0,0.0,0.0,0.0,0.0,0.0,0.0,0.0,0.0,0.0,0.0,0.0,0.0,0.0,0.0,0.0,0.0,0.0,0.0,0.0,0.0,0.0,0.0,0.0,0.0,0.0,0.0,0.0,0.0,0.0,0.0,0.0,0.0,0.0,0.0,0.0,0.0,0.0,0.0,0.0,0.0,0.0
NEXN,0.0,0.0,0.0,0.0,0.0,0.0,0.0,0.0,0.0,0.0,0.0,0.0,0.0,0.0,0.0,0.0,0.0,0.0,0.0,0.0,0.0,0.0,0.0,0.0,0.0,0.0,0.0,0.0,0.0,0.0,0.0,0.0,0.0,0.0,0.0,0.0,0.0,0.0,0.0,0.0,0.0,0.0,0.0,0.0,0.0,0.0,0.0,0.0,0.0,0.0,0.0,0.0,0.0,0.0,0.0,0.0,0.0,0.0,0.0,0.0,0.0,0.0,0.0,0.0,0.0,0.0,0.0
SPCS2,0.0,2.202934,0.0,0.0,0.0,0.0,2.065222,0.0,0.0,0.0,0.0,2.239567,2.369301,0.0,1.713724,0.0,0.0,0.0,0.0,0.0,0.0,0.0,1.976168,0.0,0.0,0.0,0.0,0.0,2.112325,0.0,2.094015,2.729593,0.0,0.0,0.0,0.0,0.0,2.352779,0.0,2.339117,0.0,0.0,0.0,2.250889,0.0,0.0,0.0,0.0,0.0,0.0,0.0,0.0,0.0,2.095889,0.0,0.0,0.0,2.124558,1.986951,0.0,0.0,0.0,0.0,0.0,0.0,0.0,0.0
AKR7A2,1.75481895374561,2.2029337810686,0.0,0.0,0.0,0.0,0.0,0.0,0.0,1.6710576703515,0.0,0.0,0.0,0.0,0.0,0.0,0.0,0.0,0.0,0.0,0.0,0.0,0.0,0.0,0.0,1.96290084905076,0.0,0.0,0.0,0.0,0.0,0.0,0.0,0.0,0.0,0.0,0.0,0.0,0.0,0.0,0.0,0.0,0.0,0.0,0.0,0.0,0.0,0.0,0.0,0.0,0.0,0.0,0.0,1.51871065293527,0.0,0.0,0.0,0.0,1.98695148479768,0.0,0.0,2.1651660828208,0.0,0.0,0.0,0.0,0.0
C11orf31,0.0,0.0,0.0,0.0,0.0,0.0,0.0,2.274021,0.0,0.0,2.047976,0.0,0.0,0.0,0.0,0.0,0.0,0.0,0.0,0.0,0.0,0.0,1.976168,0.0,0.0,1.962901,0.0,0.0,0.0,0.0,0.0,0.0,0.0,0.0,0.0,0.0,0.0,0.0,0.0,0.0,0.0,0.0,0.0,0.0,0.0,0.0,0.0,0.0,0.0,0.0,0.0,0.0,0.0,0.0,2.183826,0.0,0.0,0.0,0.0,0.0,1.732244,0.0,0.0,0.0,2.230622,1.988038,2.946241
HOPX,0.0,0.0,0.0,0.0,0.0,0.0,0.0,0.0,0.0,0.0,0.0,0.0,0.0,0.0,0.0,0.0,0.0,0.0,0.0,2.146934,0.0,0.0,0.0,0.0,0.0,0.0,2.329854,0.0,0.0,0.0,0.0,0.0,0.0,2.937738,0.0,0.0,0.0,0.0,0.0,0.0,0.0,0.0,0.0,2.250889,0.0,2.385264,0.0,0.0,0.0,0.0,0.0,2.866975,0.0,0.0,0.0,0.0,2.823479,0.0,0.0,0.0,0.0,0.0,0.0,0.0,0.0,0.0,0.0
SF3B5,1.754819,0.0,0.0,0.0,0.0,0.0,0.0,0.0,0.0,0.0,0.0,0.0,0.0,2.388854,0.0,0.0,0.0,0.0,0.0,0.0,2.107231,0.0,0.0,0.0,0.0,1.962901,2.329854,0.0,0.0,0.0,2.723587,0.0,2.120674,0.0,0.0,2.367547,2.717622,0.0,0.0,0.0,0.0,0.0,0.0,0.0,2.121967,0.0,0.0,0.0,0.0,0.0,1.606564,0.0,0.0,0.0,2.183826,0.0,0.0,0.0,0.0,0.0,1.732244,0.0,0.0,0.0,0.0,0.0,0.0
DNAJC21,0.0,0.0,0.0,0.0,0.0,0.0,0.0,0.0,0.0,0.0,0.0,0.0,0.0,0.0,0.0,0.0,0.0,0.0,0.0,0.0,0.0,0.0,0.0,0.0,0.0,0.0,0.0,0.0,0.0,0.0,0.0,0.0,0.0,2.29622,0.0,0.0,0.0,0.0,0.0,0.0,0.0,0.0,0.0,0.0,0.0,0.0,0.0,0.0,0.0,0.0,0.0,0.0,0.0,0.0,0.0,0.0,0.0,0.0,0.0,0.0,0.0,0.0,0.0,0.0,0.0,1.988038,0.0
AASDHPPT,0.0,0.0,0.0,0.0,0.0,0.0,0.0,0.0,0.0,0.0,0.0,0.0,0.0,0.0,0.0,0.0,0.0,0.0,0.0,0.0,0.0,0.0,1.976168,0.0,0.0,1.962901,2.329854,0.0,0.0,0.0,0.0,0.0,0.0,0.0,0.0,2.367547,0.0,0.0,0.0,0.0,0.0,0.0,0.0,0.0,0.0,0.0,0.0,0.0,0.0,0.0,0.0,2.22914,0.0,0.0,0.0,0.0,0.0,0.0,0.0,0.0,0.0,0.0,0.0,0.0,0.0,0.0,2.304297
G0S2,0.0,0.0,0.0,0.0,0.0,0.0,0.0,0.0,0.0,0.0,0.0,0.0,0.0,2.38885361988142,0.0,0.0,0.0,0.0,0.0,0.0,0.0,0.0,0.0,0.0,0.0,0.0,0.0,0.0,0.0,0.0,0.0,0.0,0.0,0.0,0.0,0.0,0.0,0.0,0.0,0.0,0.0,1.92345057614994,0.0,0.0,0.0,0.0,0.0,0.0,0.0,0.0,0.0,0.0,0.0,0.0,0.0,0.0,0.0,0.0,0.0,0.0,0.0,2.1651660828208,0.0,2.0847093326147,0.0,0.0,0.0
ZRANB2,0.0,0.0,0.0,0.0,0.0,0.0,0.0,0.0,0.0,0.0,0.0,2.23956666872002,0.0,0.0,0.0,0.0,0.0,0.0,0.0,0.0,0.0,0.0,0.0,0.0,0.0,0.0,0.0,0.0,0.0,0.0,2.09401455295064,0.0,0.0,0.0,0.0,0.0,0.0,0.0,0.0,0.0,0.0,0.0,2.27245780891882,0.0,0.0,0.0,1.94163663827793,0.0,0.0,0.0,0.0,2.2291402508381,0.0,0.0,0.0,2.09401455295064,0.0,0.0,0.0,0.0,0.0,0.0,0.0,0.0,0.0,0.0,0.0
DDX42,0.0,0.0,0.0,0.0,0.0,0.0,0.0,0.0,0.0,0.0,0.0,2.239567,0.0,0.0,0.0,0.0,0.0,0.0,0.0,0.0,0.0,0.0,0.0,0.0,0.0,0.0,0.0,0.0,2.112325,0.0,0.0,0.0,0.0,0.0,0.0,0.0,0.0,0.0,0.0,0.0,0.0,0.0,0.0,0.0,0.0,0.0,0.0,0.0,0.0,0.0,0.0,0.0,0.0,0.0,0.0,0.0,0.0,0.0,0.0,0.0,0.0,0.0,0.0,0.0,0.0,0.0,0.0
ARSA,0.0,0.0,0.0,0.0,0.0,0.0,0.0,0.0,0.0,0.0,0.0,0.0,0.0,0.0,0.0,0.0,0.0,0.0,0.0,0.0,0.0,0.0,0.0,0.0,0.0,0.0,0.0,0.0,0.0,0.0,0.0,0.0,0.0,0.0,0.0,0.0,0.0,0.0,0.0,0.0,0.0,0.0,0.0,0.0,0.0,0.0,0.0,0.0,0.0,0.0,0.0,0.0,0.0,0.0,0.0,0.0,0.0,0.0,0.0,0.0,0.0,0.0,0.0,0.0,0.0,0.0,0.0
STK17A,0.0,0.0,0.0,3.325383,0.0,0.0,0.0,0.0,2.068839,0.0,0.0,0.0,0.0,0.0,0.0,2.113604,0.0,2.360564,0.0,0.0,0.0,2.747177,1.976168,0.0,0.0,0.0,0.0,0.0,0.0,0.0,0.0,0.0,2.120674,2.29622,2.208684,0.0,2.088418,0.0,0.0,0.0,0.0,0.0,0.0,2.250889,0.0,0.0,0.0,0.0,0.0,0.0,0.0,0.0,0.0,1.518711,0.0,0.0,2.188033,0.0,0.0,0.0,0.0,0.0,0.0,0.0,0.0,1.988038,0.0
SLC35A3,0.0,0.0,0.0,0.0,0.0,0.0,0.0,0.0,0.0,1.6710576703515,0.0,0.0,0.0,0.0,0.0,2.11360385508445,0.0,2.36056424053068,0.0,0.0,0.0,0.0,0.0,0.0,2.2254489746005,0.0,0.0,0.0,0.0,0.0,0.0,0.0,0.0,0.0,0.0,0.0,0.0,0.0,0.0,0.0,0.0,0.0,0.0,0.0,0.0,0.0,0.0,2.0785670335349,0.0,0.0,0.0,0.0,0.0,0.0,0.0,0.0,0.0,0.0,0.0,0.0,0.0,0.0,0.0,0.0,0.0,0.0,0.0
PPP1CA,0.0,0.0,0.0,0.0,0.0,0.0,0.0,0.0,0.0,0.0,2.047976,0.0,0.0,0.0,0.0,0.0,0.0,0.0,0.0,0.0,2.107231,2.116168,0.0,0.0,2.225449,0.0,0.0,0.0,0.0,0.0,0.0,0.0,0.0,0.0,2.845343,2.367547,0.0,0.0,0.0,2.339117,0.0,0.0,0.0,0.0,2.121967,0.0,0.0,2.078567,1.575444,0.0,1.606564,2.22914,0.0,1.518711,2.183826,2.094015,0.0,2.124558,1.986951,0.0,1.732244,0.0,0.0,2.084709,0.0,1.988038,0.0
IQGAP1,1.754819,2.202934,1.720847,2.29622,0.0,2.339117,0.0,0.0,2.068839,1.671058,2.047976,2.239567,0.0,0.0,0.0,2.113604,0.0,3.005378,0.0,0.0,2.107231,0.0,0.0,0.0,0.0,0.0,0.0,0.0,0.0,0.0,0.0,2.099651,0.0,0.0,0.0,3.012705,0.0,0.0,0.0,2.339117,0.0,0.0,0.0,0.0,2.121967,0.0,1.941637,0.0,0.0,2.008989,0.0,0.0,0.0,0.0,2.183826,0.0,0.0,0.0,2.609079,0.0,2.33279,0.0,0.0,0.0,0.0,0.0,0.0
HAGH,0.0,0.0,0.0,0.0,0.0,0.0,0.0,0.0,0.0,0.0,0.0,0.0,0.0,0.0,0.0,0.0,0.0,0.0,0.0,0.0,0.0,0.0,0.0,0.0,0.0,0.0,0.0,0.0,0.0,0.0,0.0,0.0,2.751972,0.0,0.0,0.0,0.0,0.0,0.0,0.0,0.0,0.0,0.0,0.0,0.0,0.0,0.0,0.0,0.0,0.0,0.0,0.0,0.0,0.0,0.0,0.0,0.0,0.0,0.0,0.0,0.0,0.0,0.0,0.0,0.0,0.0,0.0
SRP9,1.75481895374561,0.0,1.72084710114249,0.0,0.0,0.0,2.06522247083326,0.0,0.0,0.0,0.0,2.23956666872002,0.0,0.0,0.0,0.0,0.0,0.0,0.0,0.0,0.0,0.0,1.97616779134565,0.0,0.0,1.96290084905076,0.0,0.0,2.11232513354973,0.0,2.09401455295064,0.0,2.12067431022148,0.0,2.20868396862704,0.0,0.0,2.35277882971183,0.0,0.0,0.0,1.92345057614994,0.0,0.0,0.0,0.0,0.0,0.0,0.0,2.00898929169822,2.56163270669221,2.2291402508381,0.0,0.0,0.0,0.0,0.0,0.0,1.98695148479768,2.1336948960358,1.73224424421223,0.0,0.0,2.0847093326147,0.0,0.0,0.0
CH17-189H20.1,1.75481895374561,2.2029337810686,0.0,0.0,0.0,0.0,2.06522247083326,0.0,0.0,0.0,0.0,0.0,3.01454642036821,0.0,0.0,0.0,0.0,0.0,2.36579551251775,0.0,0.0,0.0,0.0,0.0,2.2254489746005,0.0,0.0,0.0,0.0,0.0,0.0,0.0,0.0,0.0,0.0,0.0,0.0,0.0,2.27951397209273,0.0,2.0767337617138,0.0,2.27245780891882,0.0,0.0,0.0,0.0,0.0,0.0,0.0,0.0,0.0,0.0,0.0,0.0,0.0,0.0,0.0,0.0,0.0,0.0,0.0,0.0,0.0,0.0,0.0,0.0
PSMA2,2.730933,0.0,0.0,0.0,2.30755,0.0,0.0,0.0,0.0,0.0,0.0,0.0,0.0,0.0,0.0,0.0,0.0,0.0,0.0,0.0,2.107231,0.0,0.0,0.0,0.0,0.0,0.0,0.0,0.0,0.0,0.0,0.0,0.0,0.0,0.0,0.0,0.0,2.352779,2.279514,2.339117,0.0,0.0,0.0,0.0,0.0,0.0,0.0,0.0,0.0,0.0,1.606564,2.22914,0.0,0.0,0.0,0.0,0.0,0.0,0.0,2.133695,0.0,0.0,0.0,0.0,0.0,0.0,0.0
PALLD,0.0,0.0,0.0,0.0,0.0,0.0,0.0,0.0,0.0,0.0,0.0,0.0,0.0,0.0,0.0,0.0,0.0,0.0,0.0,0.0,0.0,0.0,0.0,0.0,0.0,0.0,0.0,0.0,0.0,0.0,0.0,0.0,0.0,0.0,0.0,0.0,0.0,0.0,0.0,0.0,0.0,0.0,0.0,0.0,0.0,0.0,0.0,0.0,0.0,0.0,0.0,0.0,0.0,0.0,0.0,0.0,0.0,0.0,0.0,0.0,0.0,0.0,0.0,0.0,0.0,0.0,0.0
UBE2V2,2.357528,0.0,0.0,0.0,0.0,0.0,0.0,0.0,0.0,0.0,0.0,0.0,0.0,0.0,0.0,0.0,0.0,0.0,0.0,0.0,0.0,0.0,0.0,0.0,0.0,0.0,0.0,0.0,0.0,0.0,0.0,0.0,0.0,0.0,0.0,0.0,0.0,0.0,2.279514,0.0,0.0,1.923451,0.0,2.250889,0.0,0.0,0.0,0.0,0.0,0.0,0.0,0.0,0.0,0.0,0.0,0.0,0.0,2.124558,0.0,0.0,0.0,0.0,2.235827,0.0,2.230622,0.0,0.0
NET1,0.0,0.0,0.0,0.0,0.0,0.0,0.0,0.0,0.0,0.0,0.0,0.0,0.0,0.0,0.0,0.0,0.0,0.0,0.0,0.0,0.0,0.0,0.0,0.0,0.0,0.0,0.0,0.0,0.0,0.0,0.0,0.0,0.0,0.0,0.0,0.0,0.0,0.0,0.0,0.0,0.0,0.0,0.0,0.0,0.0,0.0,0.0,0.0,0.0,0.0,0.0,0.0,0.0,0.0,0.0,0.0,0.0,0.0,0.0,0.0,0.0,0.0,0.0,0.0,0.0,0.0,0.0
SH3KBP1,0.0,0.0,0.0,2.29622,0.0,0.0,2.065222,0.0,0.0,1.671058,2.047976,2.239567,0.0,3.035048,0.0,0.0,0.0,0.0,0.0,0.0,2.107231,0.0,2.597497,1.665819,0.0,0.0,0.0,0.0,0.0,0.0,0.0,0.0,0.0,0.0,0.0,0.0,0.0,0.0,0.0,2.339117,0.0,0.0,0.0,0.0,2.121967,2.385264,0.0,0.0,0.0,2.008989,1.606564,0.0,0.0,0.0,0.0,2.094015,0.0,0.0,0.0,0.0,2.33279,0.0,2.235827,0.0,2.230622,1.988038,0.0
HDAC7,0.0,0.0,0.0,0.0,0.0,0.0,0.0,0.0,0.0,0.0,0.0,0.0,0.0,0.0,1.713724,0.0,0.0,2.360564,0.0,0.0,0.0,0.0,0.0,0.0,0.0,0.0,0.0,0.0,0.0,0.0,2.094015,0.0,0.0,0.0,0.0,0.0,0.0,0.0,2.279514,0.0,0.0,0.0,0.0,0.0,0.0,0.0,0.0,0.0,0.0,0.0,0.0,0.0,0.0,0.0,0.0,0.0,2.188033,0.0,0.0,0.0,0.0,0.0,0.0,0.0,0.0,0.0,2.304297
C6orf48,0.0,0.0,1.720847,0.0,0.0,0.0,0.0,0.0,2.068839,0.0,2.047976,0.0,0.0,0.0,0.0,0.0,0.0,0.0,0.0,0.0,2.107231,0.0,0.0,0.0,0.0,0.0,0.0,0.0,0.0,2.305922,0.0,0.0,0.0,0.0,2.208684,0.0,0.0,2.352779,0.0,0.0,0.0,0.0,0.0,0.0,2.121967,0.0,0.0,0.0,0.0,0.0,0.0,0.0,0.0,1.518711,0.0,0.0,0.0,0.0,0.0,0.0,0.0,0.0,0.0,0.0,0.0,0.0,0.0
RPL36,3.981669,2.839257,4.026621,3.604035,3.834037,3.868288,4.246644,3.976131,3.749358,3.292377,3.548495,3.938384,3.900954,3.424359,3.932717,3.621406,3.655296,3.005378,3.897164,2.779884,3.792171,4.200106,3.645195,4.359526,3.527259,4.130347,2.973122,4.22024,3.40352,3.335779,3.777454,3.783734,4.30902,3.821721,3.726142,3.899057,3.377196,4.061967,3.585953,3.371295,4.155836,3.585384,2.912701,4.349834,3.959532,3.420536,4.105968,4.261694,3.569419,2.63272,4.107339,3.531275,4.182932,4.281193,2.819021,2.094015,3.486476,2.756103,3.807837,3.643623,3.643532,3.461483,4.085632,3.373107,3.750168,1.988038,3.612768
EIF3A,0.0,0.0,0.0,0.0,0.0,0.0,2.065222,0.0,0.0,0.0,0.0,0.0,0.0,0.0,0.0,0.0,0.0,0.0,0.0,2.779884,2.737665,0.0,0.0,0.0,0.0,2.583235,2.973122,0.0,2.112325,0.0,2.723587,0.0,0.0,0.0,0.0,0.0,0.0,0.0,2.279514,0.0,2.076734,0.0,0.0,0.0,0.0,0.0,1.941637,0.0,1.575444,0.0,0.0,0.0,2.008989,0.0,0.0,0.0,0.0,0.0,2.609079,0.0,0.0,0.0,0.0,0.0,0.0,1.988038,0.0
DHRS4L2,0.0,0.0,0.0,0.0,0.0,0.0,0.0,0.0,0.0,0.0,0.0,0.0,0.0,0.0,0.0,0.0,0.0,0.0,0.0,0.0,0.0,0.0,0.0,0.0,0.0,0.0,0.0,0.0,0.0,0.0,2.094015,0.0,0.0,0.0,0.0,0.0,0.0,0.0,0.0,0.0,0.0,0.0,0.0,0.0,0.0,0.0,0.0,0.0,0.0,0.0,0.0,0.0,0.0,0.0,0.0,0.0,0.0,0.0,0.0,0.0,0.0,0.0,0.0,0.0,0.0,0.0,0.0
EIF4A2,1.754819,0.0,2.32028,0.0,2.30755,0.0,2.065222,2.274021,0.0,3.292377,0.0,0.0,0.0,0.0,1.713724,2.113604,0.0,0.0,2.365796,0.0,0.0,0.0,0.0,0.0,0.0,0.0,0.0,0.0,0.0,2.305922,0.0,2.099651,0.0,0.0,0.0,3.012705,0.0,2.352779,2.279514,0.0,0.0,2.540741,2.272458,0.0,0.0,0.0,1.941637,2.078567,1.575444,0.0,0.0,0.0,2.008989,1.518711,0.0,0.0,2.188033,0.0,1.986951,0.0,0.0,0.0,0.0,2.713668,0.0,1.988038,2.304297
EIF5B,0.0,0.0,1.720847,0.0,0.0,0.0,0.0,2.274021,2.068839,0.0,0.0,2.239567,0.0,0.0,0.0,2.113604,0.0,0.0,0.0,2.146934,2.107231,2.116168,0.0,0.0,0.0,2.963201,0.0,0.0,0.0,2.947951,0.0,2.099651,0.0,2.29622,0.0,0.0,0.0,0.0,0.0,0.0,2.076734,1.923451,0.0,0.0,0.0,0.0,0.0,2.078567,0.0,0.0,1.606564,0.0,0.0,1.518711,0.0,2.094015,2.188033,0.0,0.0,0.0,0.0,0.0,0.0,2.084709,0.0,0.0,0.0
POSTN,0.0,0.0,0.0,0.0,0.0,0.0,0.0,0.0,0.0,0.0,0.0,0.0,0.0,0.0,0.0,0.0,0.0,0.0,0.0,0.0,0.0,0.0,0.0,0.0,0.0,0.0,0.0,0.0,0.0,0.0,0.0,0.0,0.0,0.0,0.0,0.0,0.0,0.0,0.0,0.0,0.0,0.0,0.0,0.0,0.0,0.0,0.0,0.0,0.0,0.0,0.0,0.0,0.0,0.0,0.0,0.0,0.0,0.0,0.0,0.0,0.0,0.0,0.0,0.0,0.0,0.0,0.0
NDUFB3,0.0,2.202934,0.0,0.0,0.0,0.0,2.065222,0.0,2.068839,0.0,0.0,0.0,0.0,0.0,1.713724,0.0,0.0,0.0,0.0,0.0,0.0,0.0,0.0,0.0,0.0,1.962901,0.0,0.0,0.0,2.305922,0.0,0.0,0.0,0.0,0.0,0.0,0.0,0.0,0.0,0.0,0.0,0.0,0.0,0.0,0.0,0.0,0.0,0.0,0.0,0.0,0.0,0.0,0.0,0.0,2.183826,0.0,0.0,0.0,0.0,0.0,1.732244,0.0,0.0,0.0,0.0,0.0,0.0
ARID5A,0.0,0.0,0.0,0.0,0.0,0.0,0.0,0.0,0.0,1.671058,0.0,0.0,0.0,0.0,0.0,0.0,0.0,0.0,0.0,0.0,2.107231,0.0,0.0,0.0,0.0,0.0,0.0,0.0,2.112325,0.0,2.094015,2.099651,0.0,0.0,0.0,0.0,0.0,0.0,0.0,0.0,0.0,0.0,0.0,0.0,0.0,0.0,0.0,0.0,0.0,0.0,0.0,0.0,0.0,0.0,0.0,0.0,0.0,0.0,0.0,0.0,1.732244,0.0,0.0,0.0,0.0,0.0,0.0
MGEA5,1.754819,2.202934,0.0,0.0,0.0,0.0,0.0,0.0,2.068839,1.671058,0.0,0.0,0.0,0.0,0.0,0.0,2.777053,0.0,0.0,0.0,2.107231,0.0,0.0,1.665819,0.0,0.0,0.0,2.358828,0.0,0.0,0.0,0.0,0.0,0.0,0.0,2.367547,0.0,0.0,0.0,0.0,0.0,0.0,0.0,0.0,0.0,2.385264,0.0,2.078567,0.0,0.0,1.606564,0.0,2.008989,0.0,2.183826,0.0,0.0,0.0,0.0,2.133695,0.0,0.0,0.0,2.084709,0.0,0.0,0.0
MRFAP1,0.0,0.0,0.0,0.0,0.0,0.0,2.065222,0.0,0.0,0.0,0.0,0.0,0.0,0.0,2.312454,0.0,2.144269,0.0,0.0,2.146934,2.107231,0.0,0.0,0.0,0.0,0.0,0.0,0.0,0.0,0.0,0.0,0.0,0.0,0.0,0.0,0.0,2.088418,0.0,0.0,0.0,0.0,0.0,0.0,0.0,0.0,0.0,0.0,0.0,1.575444,0.0,0.0,0.0,0.0,0.0,0.0,0.0,2.823479,0.0,0.0,0.0,0.0,0.0,0.0,0.0,0.0,0.0,0.0
LTBP4,0.0,0.0,0.0,0.0,0.0,0.0,0.0,0.0,0.0,0.0,0.0,0.0,0.0,0.0,0.0,0.0,0.0,0.0,0.0,0.0,0.0,0.0,0.0,0.0,0.0,0.0,0.0,0.0,0.0,0.0,0.0,0.0,0.0,0.0,0.0,0.0,0.0,0.0,0.0,0.0,0.0,0.0,0.0,0.0,0.0,0.0,0.0,0.0,0.0,0.0,0.0,0.0,2.008989,0.0,0.0,0.0,0.0,0.0,0.0,0.0,0.0,0.0,0.0,0.0,0.0,0.0,0.0
ASNA1,0.0,0.0,0.0,0.0,0.0,0.0,0.0,0.0,0.0,0.0,0.0,0.0,0.0,2.388854,0.0,0.0,0.0,2.360564,0.0,0.0,2.107231,0.0,0.0,0.0,0.0,0.0,0.0,0.0,0.0,0.0,0.0,0.0,0.0,0.0,0.0,0.0,0.0,0.0,0.0,0.0,0.0,0.0,0.0,0.0,0.0,0.0,0.0,0.0,1.575444,0.0,0.0,0.0,0.0,0.0,0.0,0.0,0.0,0.0,0.0,0.0,0.0,0.0,0.0,2.084709,0.0,0.0,0.0
TAF7,0.0,0.0,0.0,0.0,0.0,0.0,0.0,0.0,0.0,1.671058,0.0,0.0,0.0,0.0,0.0,0.0,0.0,0.0,0.0,0.0,0.0,0.0,0.0,0.0,0.0,0.0,0.0,0.0,0.0,0.0,2.094015,2.729593,2.120674,0.0,2.208684,0.0,0.0,0.0,0.0,0.0,0.0,0.0,0.0,0.0,2.121967,0.0,0.0,0.0,1.575444,0.0,2.194031,2.22914,0.0,1.518711,0.0,2.094015,0.0,0.0,0.0,0.0,0.0,0.0,0.0,0.0,0.0,0.0,0.0
A1BG,0.0,0.0,0.0,0.0,0.0,0.0,0.0,0.0,0.0,0.0,0.0,0.0,0.0,0.0,0.0,0.0,0.0,0.0,0.0,0.0,0.0,0.0,0.0,0.0,0.0,0.0,0.0,0.0,0.0,0.0,0.0,0.0,0.0,0.0,0.0,0.0,0.0,0.0,0.0,0.0,0.0,0.0,0.0,0.0,0.0,0.0,0.0,0.0,0.0,0.0,1.606564,0.0,0.0,0.0,0.0,0.0,0.0,0.0,0.0,0.0,0.0,2.165166,0.0,0.0,0.0,0.0,0.0
SLIT3,0.0,0.0,0.0,0.0,0.0,0.0,0.0,0.0,0.0,0.0,0.0,0.0,0.0,0.0,0.0,0.0,0.0,0.0,0.0,0.0,0.0,0.0,0.0,0.0,0.0,0.0,0.0,0.0,0.0,0.0,0.0,0.0,0.0,0.0,0.0,0.0,0.0,0.0,0.0,0.0,0.0,0.0,0.0,0.0,0.0,0.0,0.0,0.0,0.0,0.0,0.0,0.0,0.0,0.0,0.0,0.0,0.0,0.0,0.0,0.0,0.0,0.0,0.0,0.0,0.0,0.0,0.0
EIF3G,0.0,2.202934,0.0,0.0,0.0,0.0,2.065222,2.914348,0.0,0.0,0.0,0.0,2.369301,0.0,1.713724,0.0,0.0,0.0,0.0,0.0,0.0,0.0,0.0,1.665819,0.0,0.0,0.0,0.0,0.0,0.0,0.0,2.099651,0.0,0.0,0.0,0.0,0.0,0.0,2.279514,0.0,0.0,0.0,2.272458,0.0,2.121967,0.0,1.941637,2.078567,2.159381,2.008989,0.0,0.0,0.0,0.0,0.0,0.0,0.0,0.0,1.986951,0.0,0.0,2.165166,0.0,2.084709,0.0,0.0,0.0
NME3,0.0,0.0,1.720847,2.29622,0.0,0.0,0.0,0.0,0.0,0.0,0.0,0.0,0.0,0.0,2.312454,0.0,0.0,2.360564,0.0,0.0,0.0,0.0,0.0,0.0,0.0,1.962901,0.0,2.358828,0.0,0.0,0.0,0.0,0.0,0.0,2.208684,0.0,0.0,0.0,0.0,0.0,0.0,0.0,0.0,0.0,0.0,0.0,0.0,0.0,1.575444,0.0,0.0,0.0,0.0,0.0,0.0,0.0,0.0,0.0,0.0,0.0,0.0,0.0,2.235827,0.0,0.0,0.0,0.0
STK38L,0.0,0.0,0.0,0.0,0.0,0.0,0.0,0.0,0.0,0.0,0.0,0.0,0.0,0.0,0.0,0.0,0.0,0.0,0.0,0.0,0.0,0.0,0.0,0.0,0.0,0.0,0.0,0.0,0.0,0.0,0.0,0.0,0.0,0.0,0.0,0.0,0.0,0.0,0.0,0.0,0.0,0.0,0.0,0.0,0.0,0.0,0.0,0.0,0.0,0.0,0.0,0.0,0.0,0.0,0.0,0.0,0.0,0.0,0.0,0.0,0.0,0.0,0.0,0.0,0.0,0.0,0.0
TYMP,1.754819,0.0,0.0,0.0,0.0,0.0,0.0,0.0,0.0,0.0,0.0,2.877991,0.0,0.0,0.0,0.0,0.0,0.0,0.0,0.0,0.0,0.0,0.0,0.0,0.0,0.0,0.0,0.0,0.0,0.0,0.0,0.0,0.0,0.0,0.0,2.367547,0.0,0.0,0.0,0.0,0.0,0.0,2.272458,0.0,2.121967,0.0,0.0,0.0,0.0,0.0,0.0,0.0,0.0,0.0,0.0,0.0,0.0,2.124558,0.0,0.0,0.0,0.0,0.0,2.084709,0.0,1.988038,0.0
SNX17,0.0,0.0,0.0,0.0,0.0,0.0,0.0,0.0,0.0,1.671058,0.0,0.0,0.0,0.0,0.0,0.0,0.0,0.0,0.0,0.0,2.107231,0.0,0.0,0.0,0.0,0.0,0.0,0.0,2.112325,0.0,0.0,0.0,0.0,2.29622,0.0,0.0,0.0,0.0,0.0,0.0,0.0,0.0,2.272458,0.0,0.0,0.0,1.941637,0.0,0.0,0.0,0.0,0.0,0.0,0.0,0.0,0.0,0.0,0.0,0.0,0.0,1.732244,0.0,0.0,0.0,0.0,0.0,0.0
BHLHE40,0.0,0.0,0.0,0.0,0.0,0.0,0.0,0.0,0.0,0.0,0.0,0.0,0.0,0.0,2.312454,0.0,0.0,0.0,0.0,2.146934,0.0,0.0,0.0,0.0,0.0,0.0,0.0,0.0,0.0,0.0,0.0,0.0,0.0,0.0,0.0,0.0,0.0,0.0,0.0,0.0,0.0,0.0,0.0,0.0,0.0,0.0,0.0,0.0,0.0,2.008989,0.0,0.0,0.0,0.0,0.0,0.0,0.0,0.0,0.0,0.0,0.0,0.0,0.0,0.0,0.0,0.0,0.0
APOLD1,0.0,0.0,0.0,0.0,0.0,0.0,0.0,0.0,2.068839,0.0,0.0,0.0,0.0,0.0,1.713724,0.0,2.144269,0.0,0.0,0.0,0.0,0.0,0.0,0.0,0.0,0.0,0.0,0.0,0.0,0.0,0.0,0.0,0.0,0.0,0.0,0.0,0.0,0.0,0.0,0.0,0.0,1.923451,0.0,0.0,0.0,0.0,0.0,0.0,0.0,0.0,0.0,0.0,0.0,0.0,0.0,0.0,0.0,0.0,2.989704,0.0,0.0,0.0,0.0,0.0,0.0,0.0,0.0
MT-ND6,2.730933,0.0,0.0,0.0,0.0,2.339117,0.0,0.0,0.0,0.0,0.0,0.0,0.0,2.388854,0.0,0.0,0.0,0.0,2.365796,0.0,0.0,0.0,0.0,0.0,0.0,0.0,0.0,0.0,2.743088,0.0,0.0,0.0,0.0,0.0,2.208684,0.0,0.0,0.0,0.0,0.0,0.0,0.0,2.272458,2.250889,0.0,0.0,0.0,0.0,1.575444,0.0,0.0,0.0,0.0,0.0,0.0,0.0,0.0,0.0,0.0,2.765818,0.0,0.0,2.235827,0.0,0.0,0.0,0.0
ILF3-AS1,0.0,0.0,0.0,0.0,2.30755,2.339117,3.351594,2.914348,0.0,0.0,0.0,0.0,0.0,0.0,0.0,0.0,2.144269,0.0,0.0,0.0,0.0,0.0,2.597497,0.0,0.0,0.0,0.0,0.0,0.0,0.0,0.0,0.0,0.0,0.0,0.0,0.0,2.088418,2.352779,0.0,0.0,0.0,0.0,0.0,0.0,0.0,0.0,0.0,0.0,0.0,2.63272,0.0,0.0,0.0,0.0,0.0,0.0,2.188033,2.124558,1.986951,0.0,0.0,0.0,0.0,0.0,0.0,0.0,0.0
MYO1B,1.754819,0.0,0.0,0.0,0.0,0.0,0.0,0.0,0.0,0.0,0.0,0.0,0.0,0.0,0.0,0.0,0.0,0.0,0.0,0.0,2.737665,0.0,0.0,0.0,0.0,0.0,0.0,0.0,0.0,0.0,0.0,0.0,0.0,0.0,0.0,0.0,0.0,0.0,0.0,0.0,0.0,0.0,0.0,0.0,0.0,0.0,0.0,0.0,0.0,0.0,0.0,0.0,0.0,0.0,0.0,0.0,0.0,0.0,0.0,0.0,0.0,0.0,0.0,0.0,0.0,0.0,0.0
GNAQ,0.0,0.0,0.0,0.0,0.0,0.0,0.0,0.0,0.0,0.0,0.0,0.0,2.369301,0.0,2.312454,0.0,0.0,0.0,0.0,0.0,0.0,0.0,0.0,0.0,0.0,0.0,0.0,0.0,0.0,0.0,0.0,0.0,0.0,0.0,0.0,0.0,2.088418,0.0,0.0,0.0,0.0,3.193687,0.0,0.0,0.0,0.0,0.0,2.078567,2.159381,0.0,0.0,0.0,0.0,0.0,2.183826,0.0,0.0,0.0,0.0,0.0,0.0,0.0,0.0,0.0,0.0,0.0,0.0
PRR13,1.754819,2.202934,0.0,0.0,0.0,0.0,0.0,0.0,0.0,1.671058,0.0,0.0,0.0,0.0,0.0,0.0,0.0,0.0,0.0,0.0,0.0,0.0,0.0,0.0,0.0,0.0,0.0,0.0,0.0,2.305922,0.0,2.099651,0.0,0.0,2.845343,0.0,2.088418,2.352779,0.0,0.0,0.0,0.0,0.0,2.250889,0.0,0.0,0.0,0.0,0.0,0.0,1.606564,2.22914,0.0,0.0,2.183826,0.0,2.188033,0.0,0.0,0.0,0.0,0.0,2.235827,0.0,0.0,0.0,0.0
ZNHIT1,1.754819,0.0,0.0,0.0,0.0,0.0,2.692876,0.0,0.0,0.0,0.0,0.0,0.0,0.0,1.713724,0.0,0.0,0.0,0.0,0.0,0.0,0.0,0.0,0.0,0.0,0.0,0.0,0.0,0.0,0.0,0.0,0.0,0.0,0.0,0.0,0.0,0.0,0.0,0.0,0.0,0.0,1.923451,0.0,0.0,0.0,0.0,0.0,2.078567,1.575444,2.008989,1.606564,0.0,0.0,0.0,2.183826,0.0,0.0,0.0,0.0,2.133695,1.732244,2.165166,0.0,0.0,2.230622,0.0,2.304297
GLTSCR2,2.357528,2.202934,0.0,0.0,2.30755,2.339117,2.065222,0.0,0.0,0.0,0.0,0.0,3.014546,2.388854,0.0,2.113604,2.144269,2.360564,2.365796,0.0,0.0,0.0,0.0,2.259678,0.0,2.583235,0.0,2.358828,0.0,2.947951,2.094015,0.0,0.0,0.0,0.0,0.0,2.088418,0.0,2.279514,0.0,0.0,0.0,0.0,0.0,0.0,0.0,0.0,2.078567,1.575444,2.008989,1.606564,2.22914,2.63272,1.518711,0.0,2.723587,0.0,0.0,0.0,0.0,0.0,2.165166,2.235827,0.0,2.230622,2.610246,0.0
YWHAH,0.0,0.0,0.0,0.0,0.0,0.0,0.0,0.0,0.0,0.0,0.0,0.0,0.0,0.0,0.0,0.0,0.0,0.0,0.0,0.0,0.0,0.0,0.0,0.0,0.0,0.0,0.0,0.0,0.0,0.0,0.0,0.0,0.0,0.0,0.0,0.0,0.0,0.0,0.0,0.0,0.0,0.0,0.0,0.0,0.0,0.0,0.0,0.0,0.0,0.0,0.0,0.0,0.0,0.0,0.0,0.0,0.0,0.0,0.0,0.0,0.0,0.0,0.0,0.0,0.0,0.0,0.0
AP2S1,0.0,0.0,0.0,0.0,0.0,0.0,0.0,0.0,0.0,1.671058,0.0,0.0,0.0,0.0,0.0,0.0,0.0,0.0,2.365796,0.0,0.0,0.0,1.976168,0.0,0.0,0.0,0.0,0.0,0.0,0.0,0.0,2.099651,0.0,0.0,0.0,0.0,0.0,2.352779,0.0,2.339117,2.076734,0.0,0.0,0.0,0.0,2.385264,0.0,0.0,0.0,0.0,0.0,0.0,0.0,1.518711,0.0,0.0,0.0,0.0,0.0,0.0,2.33279,0.0,0.0,0.0,0.0,1.988038,2.304297
SEC61B,1.754819,2.202934,1.720847,2.29622,0.0,2.339117,0.0,0.0,0.0,0.0,0.0,0.0,2.369301,0.0,2.312454,0.0,2.144269,2.360564,0.0,2.779884,0.0,0.0,1.976168,1.665819,0.0,0.0,0.0,0.0,0.0,0.0,2.094015,0.0,2.120674,0.0,0.0,0.0,0.0,0.0,0.0,0.0,0.0,0.0,0.0,2.250889,0.0,0.0,0.0,0.0,0.0,0.0,1.606564,0.0,0.0,0.0,2.183826,0.0,2.188033,0.0,1.986951,2.133695,1.732244,2.165166,0.0,0.0,2.230622,2.610246,2.304297
RCAN1,0.0,0.0,0.0,0.0,0.0,0.0,0.0,0.0,0.0,0.0,0.0,0.0,0.0,0.0,0.0,0.0,0.0,0.0,0.0,0.0,0.0,0.0,0.0,0.0,0.0,0.0,0.0,0.0,0.0,0.0,0.0,0.0,0.0,0.0,0.0,0.0,0.0,0.0,0.0,0.0,0.0,0.0,0.0,0.0,0.0,0.0,0.0,0.0,0.0,0.0,0.0,0.0,0.0,1.518711,0.0,0.0,0.0,0.0,0.0,0.0,0.0,0.0,0.0,0.0,0.0,0.0,0.0
FRMD4A,0.0,0.0,0.0,0.0,0.0,0.0,0.0,0.0,0.0,0.0,0.0,0.0,0.0,0.0,0.0,0.0,0.0,0.0,0.0,0.0,0.0,0.0,0.0,0.0,0.0,0.0,0.0,0.0,0.0,0.0,0.0,0.0,0.0,0.0,0.0,0.0,0.0,0.0,0.0,0.0,0.0,0.0,0.0,0.0,0.0,0.0,0.0,0.0,0.0,0.0,0.0,0.0,0.0,0.0,0.0,0.0,0.0,0.0,0.0,0.0,0.0,0.0,0.0,0.0,0.0,0.0,0.0
VOPP1,0.0,0.0,0.0,0.0,0.0,0.0,0.0,0.0,0.0,0.0,0.0,0.0,0.0,0.0,0.0,0.0,0.0,0.0,0.0,0.0,0.0,0.0,1.976168,0.0,0.0,0.0,0.0,0.0,0.0,0.0,0.0,0.0,0.0,0.0,0.0,2.367547,0.0,0.0,0.0,0.0,0.0,0.0,0.0,0.0,0.0,0.0,0.0,0.0,0.0,0.0,0.0,0.0,0.0,0.0,0.0,0.0,0.0,0.0,0.0,0.0,1.732244,0.0,0.0,0.0,0.0,0.0,0.0
RSRC1,0.0,0.0,0.0,0.0,0.0,0.0,0.0,0.0,0.0,0.0,0.0,0.0,0.0,0.0,0.0,0.0,0.0,0.0,0.0,0.0,0.0,0.0,0.0,0.0,0.0,0.0,0.0,0.0,0.0,0.0,0.0,0.0,0.0,0.0,0.0,2.367547,0.0,0.0,0.0,0.0,0.0,0.0,0.0,0.0,0.0,0.0,0.0,0.0,0.0,0.0,0.0,2.866975,0.0,0.0,0.0,0.0,0.0,0.0,0.0,0.0,0.0,0.0,0.0,0.0,2.230622,0.0,0.0
H2AFZ,0.0,0.0,0.0,0.0,0.0,0.0,2.065222,0.0,0.0,1.671058,0.0,0.0,0.0,0.0,1.713724,0.0,0.0,0.0,0.0,0.0,0.0,0.0,0.0,1.665819,0.0,1.962901,2.329854,0.0,2.112325,0.0,0.0,2.099651,0.0,2.29622,0.0,2.367547,2.088418,0.0,2.279514,2.339117,2.705162,0.0,2.272458,2.250889,0.0,0.0,0.0,0.0,1.575444,0.0,0.0,0.0,0.0,0.0,0.0,2.094015,0.0,0.0,0.0,0.0,0.0,2.799237,0.0,2.084709,0.0,0.0,0.0
FNBP1,0.0,0.0,2.692448,0.0,0.0,0.0,0.0,0.0,0.0,0.0,0.0,2.239567,0.0,0.0,1.713724,0.0,0.0,0.0,2.365796,2.146934,0.0,0.0,1.976168,1.665819,0.0,0.0,0.0,0.0,2.112325,0.0,0.0,0.0,0.0,0.0,0.0,0.0,2.088418,0.0,0.0,0.0,0.0,0.0,0.0,0.0,0.0,0.0,0.0,0.0,0.0,0.0,1.606564,2.22914,0.0,0.0,0.0,0.0,0.0,2.124558,0.0,0.0,0.0,0.0,0.0,0.0,0.0,0.0,0.0
TMEM123,0.0,0.0,0.0,0.0,0.0,0.0,0.0,0.0,2.068839,0.0,0.0,0.0,0.0,0.0,0.0,0.0,0.0,2.360564,0.0,0.0,0.0,0.0,0.0,1.665819,0.0,0.0,0.0,0.0,0.0,0.0,0.0,0.0,0.0,2.29622,0.0,0.0,0.0,0.0,0.0,0.0,0.0,0.0,0.0,0.0,0.0,0.0,1.941637,0.0,0.0,2.008989,1.606564,2.22914,0.0,0.0,0.0,0.0,0.0,0.0,0.0,0.0,0.0,0.0,0.0,0.0,0.0,1.988038,0.0
SEC14L1,0.0,0.0,0.0,0.0,0.0,0.0,0.0,0.0,0.0,0.0,0.0,0.0,0.0,0.0,1.713724,2.113604,0.0,0.0,0.0,0.0,0.0,0.0,0.0,0.0,0.0,0.0,0.0,0.0,2.743088,0.0,0.0,0.0,0.0,0.0,0.0,0.0,0.0,0.0,0.0,0.0,0.0,0.0,0.0,0.0,0.0,0.0,0.0,0.0,0.0,0.0,0.0,0.0,0.0,0.0,0.0,2.094015,0.0,0.0,0.0,2.133695,0.0,0.0,0.0,0.0,0.0,0.0,0.0
TMEM256,0.0,0.0,1.720847,2.29622,0.0,2.339117,0.0,0.0,0.0,0.0,2.047976,0.0,2.369301,0.0,0.0,0.0,0.0,2.360564,0.0,2.146934,0.0,0.0,0.0,0.0,0.0,0.0,2.329854,0.0,0.0,0.0,0.0,0.0,2.120674,0.0,2.208684,0.0,0.0,0.0,2.279514,2.339117,0.0,0.0,0.0,0.0,0.0,0.0,0.0,0.0,0.0,0.0,0.0,0.0,2.008989,0.0,2.183826,0.0,0.0,0.0,1.986951,0.0,0.0,0.0,0.0,0.0,0.0,0.0,0.0
PLS3,0.0,0.0,0.0,0.0,0.0,0.0,0.0,0.0,0.0,0.0,0.0,0.0,0.0,0.0,2.312454,0.0,0.0,0.0,0.0,0.0,0.0,0.0,0.0,0.0,0.0,0.0,0.0,0.0,0.0,0.0,0.0,0.0,0.0,0.0,0.0,0.0,0.0,0.0,0.0,0.0,0.0,0.0,0.0,0.0,0.0,0.0,0.0,0.0,0.0,0.0,0.0,0.0,0.0,0.0,0.0,0.0,0.0,0.0,0.0,0.0,0.0,0.0,0.0,0.0,0.0,0.0,0.0
UGCG,0.0,0.0,0.0,0.0,0.0,0.0,0.0,0.0,0.0,0.0,0.0,2.239567,0.0,0.0,1.713724,0.0,0.0,0.0,0.0,0.0,0.0,0.0,0.0,0.0,0.0,0.0,0.0,0.0,2.112325,2.305922,0.0,0.0,0.0,0.0,0.0,0.0,0.0,0.0,0.0,0.0,0.0,0.0,0.0,0.0,0.0,0.0,0.0,0.0,0.0,0.0,0.0,0.0,0.0,0.0,2.183826,0.0,0.0,0.0,0.0,0.0,0.0,0.0,0.0,0.0,0.0,0.0,0.0
KLC1,0.0,0.0,0.0,0.0,0.0,0.0,0.0,0.0,0.0,0.0,0.0,0.0,0.0,0.0,0.0,0.0,0.0,0.0,0.0,0.0,0.0,2.116168,0.0,0.0,0.0,0.0,0.0,0.0,0.0,0.0,0.0,0.0,0.0,0.0,0.0,0.0,0.0,0.0,0.0,0.0,0.0,0.0,0.0,0.0,0.0,0.0,0.0,0.0,0.0,0.0,0.0,0.0,0.0,0.0,0.0,0.0,0.0,0.0,0.0,0.0,0.0,0.0,0.0,0.0,0.0,0.0,0.0
PSMC3,0.0,0.0,0.0,0.0,0.0,0.0,0.0,0.0,0.0,0.0,0.0,0.0,0.0,0.0,2.312454,0.0,0.0,0.0,0.0,0.0,0.0,2.116168,0.0,0.0,2.225449,0.0,0.0,0.0,0.0,0.0,0.0,0.0,0.0,0.0,0.0,0.0,0.0,0.0,0.0,0.0,0.0,0.0,0.0,0.0,0.0,0.0,0.0,0.0,0.0,0.0,0.0,0.0,0.0,0.0,0.0,0.0,0.0,0.0,0.0,0.0,1.732244,0.0,0.0,0.0,0.0,0.0,0.0
GPR183,0.0,0.0,1.720847,0.0,2.30755,0.0,2.065222,2.274021,0.0,0.0,0.0,2.239567,0.0,0.0,2.312454,2.113604,0.0,0.0,0.0,0.0,0.0,0.0,0.0,2.259678,0.0,1.962901,0.0,0.0,0.0,0.0,0.0,0.0,2.751972,0.0,0.0,0.0,2.717622,0.0,0.0,0.0,0.0,0.0,0.0,0.0,2.121967,2.385264,0.0,2.078567,1.575444,2.008989,1.606564,0.0,0.0,0.0,0.0,0.0,0.0,0.0,0.0,0.0,0.0,2.799237,0.0,0.0,2.230622,0.0,0.0
PPP1CB,1.754819,0.0,0.0,0.0,2.30755,0.0,0.0,2.274021,0.0,1.671058,0.0,0.0,0.0,0.0,0.0,0.0,0.0,0.0,0.0,2.146934,0.0,0.0,0.0,0.0,0.0,1.962901,2.329854,0.0,0.0,0.0,0.0,0.0,0.0,0.0,0.0,0.0,0.0,2.352779,2.279514,0.0,0.0,1.923451,0.0,0.0,0.0,0.0,0.0,0.0,0.0,0.0,1.606564,0.0,2.63272,1.518711,0.0,0.0,0.0,0.0,0.0,2.133695,0.0,0.0,0.0,0.0,0.0,0.0,0.0
SEPT2,0.0,2.202934,0.0,0.0,0.0,0.0,0.0,0.0,0.0,0.0,0.0,0.0,0.0,0.0,1.713724,0.0,0.0,0.0,0.0,0.0,0.0,0.0,0.0,0.0,0.0,0.0,0.0,0.0,0.0,0.0,0.0,0.0,0.0,0.0,0.0,0.0,0.0,0.0,0.0,0.0,0.0,0.0,0.0,0.0,0.0,0.0,0.0,2.078567,0.0,0.0,0.0,0.0,2.008989,0.0,0.0,0.0,0.0,0.0,0.0,2.133695,0.0,0.0,2.235827,0.0,0.0,0.0,0.0
PPP1R2,2.357528,0.0,1.720847,0.0,0.0,0.0,0.0,0.0,0.0,1.671058,0.0,0.0,0.0,0.0,1.713724,0.0,2.144269,0.0,0.0,0.0,0.0,2.747177,0.0,0.0,0.0,1.962901,0.0,0.0,0.0,0.0,0.0,0.0,0.0,0.0,2.208684,2.367547,0.0,0.0,0.0,2.339117,2.076734,0.0,2.272458,2.250889,2.121967,0.0,2.560346,0.0,2.159381,0.0,2.194031,0.0,0.0,2.459503,2.183826,0.0,2.188033,2.124558,0.0,0.0,0.0,0.0,2.235827,2.084709,0.0,1.988038,0.0
LHFP,0.0,0.0,0.0,0.0,0.0,0.0,0.0,0.0,0.0,0.0,0.0,0.0,0.0,0.0,0.0,0.0,0.0,0.0,0.0,0.0,0.0,0.0,0.0,0.0,0.0,0.0,0.0,0.0,0.0,0.0,0.0,0.0,0.0,0.0,0.0,0.0,0.0,0.0,0.0,0.0,0.0,0.0,0.0,0.0,0.0,0.0,0.0,0.0,0.0,0.0,0.0,0.0,0.0,0.0,0.0,0.0,0.0,0.0,0.0,0.0,0.0,0.0,0.0,0.0,0.0,0.0,0.0
RPL13A,4.067124,4.04936,4.426124,4.000387,3.834037,4.952872,4.579019,4.573704,4.031139,4.186116,4.007652,4.337335,5.494082,4.69967,4.096753,4.987438,4.515569,4.470179,4.076097,2.146934,3.397916,3.953067,4.239389,4.72331,3.92288,5.149577,2.329854,4.22024,4.0799,4.162532,4.175263,3.934631,4.489098,4.399731,4.501375,4.477798,4.73755,4.660247,3.803539,4.884384,4.155836,3.981564,4.257395,4.102201,4.835553,4.0972,4.971781,5.042432,4.132382,3.832773,4.170849,4.20968,4.362708,5.106257,4.028232,4.538247,3.703479,3.633525,4.937719,4.103769,4.259858,4.759956,4.838765,3.917921,4.327449,4.559314,4.607053
CYCS,2.357528,2.202934,0.0,0.0,0.0,0.0,0.0,0.0,0.0,0.0,0.0,0.0,0.0,0.0,0.0,0.0,0.0,0.0,0.0,2.779884,2.107231,0.0,0.0,0.0,0.0,0.0,2.329854,0.0,0.0,0.0,0.0,0.0,0.0,0.0,0.0,0.0,2.088418,0.0,0.0,2.339117,0.0,0.0,0.0,0.0,0.0,0.0,0.0,2.078567,0.0,2.63272,2.194031,0.0,0.0,0.0,2.183826,0.0,0.0,0.0,0.0,0.0,0.0,0.0,0.0,2.084709,0.0,1.988038,0.0
BAD,0.0,0.0,0.0,0.0,0.0,0.0,0.0,0.0,0.0,0.0,0.0,0.0,0.0,0.0,0.0,0.0,0.0,0.0,0.0,0.0,0.0,0.0,0.0,0.0,0.0,0.0,0.0,0.0,0.0,0.0,0.0,0.0,0.0,0.0,0.0,0.0,0.0,0.0,0.0,0.0,0.0,0.0,0.0,0.0,0.0,0.0,0.0,0.0,0.0,0.0,0.0,0.0,0.0,0.0,0.0,0.0,0.0,0.0,0.0,0.0,0.0,0.0,0.0,0.0,0.0,0.0,0.0
CYBRD1,0.0,0.0,0.0,0.0,0.0,0.0,0.0,0.0,0.0,0.0,0.0,0.0,0.0,0.0,0.0,0.0,0.0,0.0,0.0,0.0,0.0,0.0,0.0,0.0,0.0,0.0,0.0,0.0,0.0,0.0,0.0,0.0,0.0,0.0,0.0,0.0,0.0,0.0,0.0,0.0,0.0,0.0,0.0,0.0,0.0,0.0,0.0,0.0,0.0,0.0,0.0,0.0,0.0,0.0,0.0,0.0,0.0,0.0,0.0,0.0,0.0,0.0,0.0,0.0,0.0,0.0,0.0
NTMT1,0.0,0.0,0.0,0.0,0.0,0.0,0.0,0.0,0.0,0.0,0.0,0.0,0.0,2.388854,0.0,0.0,0.0,0.0,0.0,0.0,0.0,0.0,0.0,0.0,0.0,0.0,0.0,0.0,0.0,0.0,0.0,0.0,0.0,0.0,0.0,0.0,0.0,0.0,0.0,0.0,0.0,0.0,0.0,0.0,0.0,0.0,0.0,0.0,0.0,0.0,0.0,0.0,0.0,0.0,0.0,2.094015,0.0,0.0,0.0,0.0,1.732244,0.0,0.0,0.0,0.0,0.0,0.0
PHF3,0.0,0.0,0.0,0.0,0.0,0.0,0.0,0.0,0.0,0.0,0.0,0.0,0.0,0.0,1.713724,0.0,0.0,0.0,0.0,0.0,0.0,0.0,0.0,0.0,0.0,0.0,0.0,0.0,0.0,0.0,0.0,2.099651,0.0,0.0,0.0,0.0,0.0,2.352779,0.0,0.0,0.0,0.0,0.0,0.0,0.0,0.0,0.0,0.0,0.0,0.0,0.0,0.0,0.0,0.0,0.0,0.0,0.0,2.756103,0.0,0.0,0.0,0.0,0.0,0.0,2.230622,0.0,0.0
SFRP2,0.0,0.0,0.0,0.0,0.0,0.0,0.0,0.0,0.0,0.0,0.0,0.0,0.0,0.0,0.0,0.0,0.0,0.0,0.0,0.0,0.0,0.0,0.0,0.0,0.0,0.0,0.0,0.0,0.0,0.0,0.0,0.0,0.0,0.0,0.0,0.0,0.0,0.0,0.0,0.0,0.0,0.0,0.0,0.0,0.0,0.0,0.0,0.0,0.0,0.0,0.0,0.0,0.0,0.0,0.0,0.0,0.0,0.0,0.0,0.0,0.0,0.0,0.0,0.0,0.0,0.0,0.0
NR4A1,0.0,0.0,0.0,0.0,0.0,0.0,0.0,0.0,0.0,0.0,0.0,0.0,0.0,0.0,0.0,0.0,0.0,0.0,0.0,0.0,0.0,0.0,0.0,0.0,0.0,0.0,0.0,0.0,0.0,0.0,0.0,0.0,0.0,0.0,0.0,0.0,0.0,0.0,0.0,0.0,0.0,0.0,0.0,0.0,0.0,0.0,0.0,0.0,0.0,0.0,0.0,0.0,0.0,0.0,0.0,0.0,0.0,0.0,0.0,2.133695,0.0,0.0,0.0,0.0,0.0,0.0,0.0
EEA1,0.0,0.0,0.0,0.0,0.0,0.0,0.0,0.0,0.0,0.0,0.0,0.0,0.0,0.0,0.0,0.0,0.0,0.0,0.0,0.0,0.0,0.0,0.0,0.0,0.0,0.0,0.0,0.0,0.0,0.0,0.0,0.0,0.0,0.0,0.0,0.0,0.0,0.0,0.0,0.0,0.0,0.0,0.0,0.0,0.0,0.0,0.0,0.0,0.0,0.0,0.0,0.0,0.0,0.0,0.0,0.0,0.0,0.0,0.0,0.0,0.0,0.0,0.0,0.0,0.0,0.0,0.0
AXL,0.0,0.0,0.0,0.0,0.0,0.0,0.0,0.0,0.0,0.0,0.0,0.0,0.0,0.0,0.0,0.0,0.0,0.0,0.0,0.0,0.0,0.0,0.0,0.0,0.0,0.0,0.0,0.0,0.0,0.0,0.0,0.0,0.0,0.0,0.0,0.0,0.0,0.0,0.0,0.0,0.0,0.0,0.0,0.0,0.0,0.0,0.0,0.0,0.0,0.0,0.0,0.0,0.0,0.0,0.0,0.0,0.0,0.0,0.0,0.0,0.0,0.0,0.0,0.0,0.0,0.0,0.0
FKBP9,0.0,0.0,0.0,0.0,0.0,0.0,0.0,0.0,0.0,0.0,0.0,0.0,0.0,0.0,0.0,0.0,0.0,0.0,0.0,0.0,0.0,0.0,0.0,0.0,0.0,0.0,0.0,0.0,0.0,0.0,0.0,0.0,0.0,0.0,0.0,0.0,0.0,0.0,0.0,0.0,0.0,0.0,0.0,0.0,0.0,0.0,0.0,0.0,0.0,0.0,0.0,0.0,0.0,0.0,0.0,0.0,0.0,0.0,0.0,0.0,0.0,0.0,0.0,0.0,0.0,0.0,0.0
MRPS5,0.0,0.0,0.0,0.0,0.0,0.0,0.0,0.0,0.0,0.0,0.0,0.0,0.0,0.0,0.0,0.0,0.0,0.0,0.0,0.0,0.0,0.0,0.0,0.0,0.0,0.0,0.0,0.0,0.0,0.0,0.0,0.0,0.0,0.0,0.0,0.0,0.0,0.0,0.0,0.0,0.0,0.0,0.0,0.0,0.0,0.0,1.941637,0.0,0.0,0.0,0.0,0.0,0.0,0.0,0.0,0.0,0.0,0.0,0.0,0.0,0.0,0.0,0.0,0.0,0.0,0.0,0.0
CLMP,0.0,0.0,0.0,0.0,0.0,0.0,0.0,0.0,0.0,0.0,0.0,0.0,0.0,0.0,0.0,0.0,0.0,0.0,0.0,0.0,0.0,0.0,0.0,0.0,0.0,0.0,0.0,0.0,0.0,0.0,0.0,0.0,0.0,0.0,0.0,0.0,0.0,0.0,0.0,0.0,0.0,0.0,0.0,0.0,0.0,0.0,0.0,0.0,0.0,0.0,0.0,0.0,0.0,0.0,0.0,0.0,0.0,0.0,0.0,0.0,0.0,0.0,0.0,0.0,0.0,0.0,0.0
FOXO3,0.0,0.0,0.0,0.0,0.0,0.0,0.0,0.0,0.0,0.0,0.0,0.0,0.0,0.0,0.0,0.0,0.0,0.0,0.0,0.0,0.0,0.0,0.0,0.0,0.0,0.0,0.0,0.0,0.0,0.0,0.0,0.0,0.0,0.0,0.0,0.0,0.0,0.0,0.0,0.0,0.0,0.0,0.0,0.0,0.0,0.0,0.0,0.0,0.0,0.0,0.0,0.0,0.0,0.0,0.0,0.0,0.0,0.0,0.0,0.0,1.732244,0.0,0.0,0.0,0.0,0.0,0.0
PTTG1IP,0.0,0.0,0.0,0.0,0.0,0.0,0.0,0.0,0.0,0.0,0.0,0.0,0.0,0.0,0.0,0.0,0.0,0.0,0.0,0.0,0.0,0.0,0.0,0.0,0.0,0.0,0.0,0.0,0.0,0.0,0.0,0.0,0.0,0.0,0.0,0.0,0.0,0.0,0.0,0.0,0.0,0.0,0.0,0.0,0.0,0.0,0.0,0.0,0.0,0.0,0.0,0.0,0.0,0.0,2.183826,0.0,0.0,0.0,0.0,0.0,0.0,0.0,0.0,0.0,0.0,0.0,0.0
NEDD8,0.0,0.0,1.720847,0.0,0.0,0.0,0.0,0.0,0.0,0.0,2.047976,2.239567,0.0,0.0,1.713724,0.0,2.144269,0.0,0.0,0.0,0.0,2.116168,1.976168,0.0,0.0,1.962901,0.0,0.0,0.0,0.0,0.0,2.099651,0.0,0.0,2.208684,0.0,2.088418,0.0,0.0,2.982857,2.076734,1.923451,2.272458,0.0,0.0,0.0,0.0,0.0,0.0,2.008989,1.606564,2.22914,0.0,2.095889,0.0,0.0,0.0,0.0,0.0,0.0,0.0,0.0,0.0,2.084709,2.230622,0.0,0.0
TSPAN31,0.0,0.0,0.0,0.0,0.0,0.0,0.0,0.0,0.0,0.0,0.0,0.0,0.0,0.0,1.713724,0.0,0.0,0.0,0.0,0.0,0.0,0.0,0.0,0.0,0.0,0.0,0.0,0.0,0.0,0.0,0.0,0.0,0.0,0.0,0.0,0.0,0.0,0.0,0.0,0.0,0.0,0.0,0.0,0.0,0.0,0.0,0.0,0.0,0.0,0.0,0.0,0.0,0.0,0.0,0.0,0.0,0.0,2.124558,0.0,0.0,0.0,0.0,0.0,0.0,0.0,0.0,0.0
CAMLG,1.754819,0.0,0.0,0.0,0.0,0.0,0.0,0.0,0.0,0.0,0.0,0.0,0.0,2.388854,1.713724,0.0,0.0,0.0,0.0,0.0,0.0,0.0,0.0,0.0,0.0,0.0,0.0,0.0,0.0,0.0,0.0,0.0,0.0,0.0,0.0,0.0,0.0,0.0,0.0,0.0,0.0,0.0,0.0,0.0,0.0,0.0,0.0,0.0,0.0,0.0,2.194031,0.0,2.008989,0.0,0.0,0.0,0.0,0.0,2.609079,0.0,0.0,0.0,0.0,0.0,0.0,0.0,0.0
WBSCR22,1.754819,0.0,0.0,0.0,0.0,0.0,0.0,0.0,0.0,0.0,0.0,0.0,0.0,0.0,0.0,0.0,0.0,0.0,0.0,0.0,0.0,0.0,0.0,0.0,0.0,0.0,0.0,0.0,0.0,0.0,0.0,0.0,0.0,0.0,0.0,0.0,0.0,0.0,0.0,0.0,0.0,0.0,0.0,0.0,0.0,2.385264,0.0,0.0,0.0,0.0,0.0,0.0,0.0,0.0,0.0,0.0,0.0,0.0,0.0,0.0,1.732244,0.0,0.0,0.0,0.0,1.988038,0.0
ARL6IP5,1.754819,0.0,1.720847,0.0,0.0,2.339117,2.065222,0.0,2.068839,0.0,0.0,0.0,3.014546,0.0,0.0,0.0,2.144269,3.005378,0.0,0.0,2.737665,0.0,0.0,0.0,0.0,0.0,0.0,0.0,0.0,0.0,0.0,0.0,0.0,0.0,2.208684,0.0,2.088418,2.352779,2.279514,0.0,0.0,1.923451,0.0,0.0,0.0,0.0,0.0,0.0,2.525621,0.0,1.606564,2.22914,0.0,0.0,3.204398,0.0,0.0,0.0,1.986951,0.0,0.0,0.0,2.235827,0.0,0.0,2.610246,0.0
C19orf43,0.0,0.0,0.0,2.29622,0.0,0.0,0.0,2.914348,2.068839,0.0,2.047976,2.239567,0.0,2.388854,1.713724,0.0,0.0,0.0,0.0,2.779884,0.0,0.0,0.0,0.0,0.0,0.0,0.0,0.0,0.0,2.305922,2.094015,0.0,0.0,0.0,0.0,0.0,2.088418,2.997206,2.279514,2.339117,0.0,0.0,0.0,0.0,2.121967,0.0,0.0,2.078567,0.0,2.008989,0.0,0.0,0.0,1.518711,2.183826,0.0,0.0,2.756103,0.0,2.133695,2.33279,2.165166,0.0,0.0,0.0,0.0,2.304297
DDB1,0.0,0.0,0.0,0.0,0.0,0.0,0.0,0.0,0.0,0.0,0.0,0.0,0.0,0.0,0.0,0.0,0.0,0.0,0.0,0.0,0.0,0.0,0.0,0.0,0.0,0.0,0.0,0.0,0.0,0.0,0.0,0.0,0.0,0.0,0.0,0.0,0.0,0.0,0.0,0.0,0.0,0.0,0.0,0.0,0.0,0.0,0.0,0.0,0.0,0.0,0.0,0.0,0.0,0.0,0.0,2.094015,0.0,0.0,0.0,0.0,0.0,0.0,0.0,0.0,0.0,0.0,0.0
RPL17,1.754819,0.0,0.0,2.29622,2.30755,0.0,0.0,0.0,3.079471,2.635721,2.047976,2.877991,0.0,0.0,0.0,0.0,0.0,2.360564,0.0,0.0,0.0,2.116168,1.976168,1.665819,2.225449,3.237886,0.0,3.003556,2.112325,0.0,2.094015,0.0,2.751972,0.0,2.208684,0.0,2.088418,0.0,0.0,2.982857,2.076734,1.923451,0.0,2.250889,0.0,0.0,1.941637,0.0,1.575444,2.63272,1.606564,2.22914,2.008989,2.93554,2.819021,0.0,0.0,2.124558,1.986951,2.765818,2.705379,2.165166,2.235827,0.0,0.0,1.988038,0.0
HYAL2,0.0,0.0,0.0,0.0,0.0,0.0,0.0,0.0,0.0,0.0,0.0,0.0,0.0,0.0,1.713724,0.0,0.0,0.0,0.0,0.0,0.0,0.0,0.0,0.0,0.0,0.0,0.0,0.0,0.0,2.305922,0.0,0.0,0.0,0.0,0.0,0.0,0.0,0.0,0.0,0.0,0.0,0.0,0.0,0.0,0.0,0.0,0.0,0.0,0.0,0.0,0.0,0.0,0.0,0.0,0.0,0.0,0.0,0.0,0.0,0.0,0.0,0.0,0.0,0.0,0.0,0.0,0.0
ARL6IP1,0.0,2.839257,0.0,0.0,0.0,0.0,0.0,0.0,2.068839,1.671058,0.0,0.0,2.369301,0.0,0.0,0.0,0.0,0.0,0.0,0.0,2.107231,0.0,1.976168,0.0,0.0,0.0,0.0,0.0,0.0,0.0,0.0,0.0,0.0,0.0,0.0,0.0,0.0,0.0,0.0,0.0,0.0,1.923451,0.0,0.0,0.0,0.0,0.0,0.0,1.575444,0.0,0.0,0.0,2.008989,0.0,2.183826,0.0,0.0,0.0,0.0,0.0,0.0,0.0,2.874041,0.0,0.0,1.988038,0.0
NOL7,1.754819,2.202934,1.720847,0.0,0.0,0.0,0.0,0.0,0.0,0.0,0.0,0.0,0.0,0.0,0.0,0.0,0.0,0.0,0.0,0.0,0.0,0.0,0.0,0.0,0.0,0.0,0.0,0.0,0.0,2.305922,2.094015,0.0,0.0,0.0,0.0,0.0,0.0,0.0,0.0,0.0,0.0,0.0,0.0,0.0,0.0,0.0,1.941637,0.0,0.0,0.0,0.0,0.0,0.0,0.0,0.0,0.0,0.0,0.0,1.986951,2.133695,0.0,0.0,0.0,0.0,0.0,0.0,0.0
ILK,0.0,0.0,0.0,0.0,0.0,0.0,0.0,0.0,0.0,0.0,0.0,0.0,0.0,0.0,1.713724,0.0,0.0,0.0,0.0,0.0,0.0,0.0,0.0,0.0,0.0,0.0,2.329854,0.0,0.0,0.0,0.0,0.0,2.120674,0.0,0.0,0.0,0.0,0.0,0.0,0.0,0.0,0.0,0.0,0.0,0.0,0.0,0.0,0.0,0.0,0.0,0.0,0.0,0.0,0.0,0.0,0.0,0.0,0.0,0.0,0.0,0.0,0.0,0.0,0.0,0.0,0.0,0.0
DNAJC4,0.0,0.0,0.0,0.0,0.0,0.0,0.0,0.0,0.0,0.0,0.0,0.0,0.0,0.0,0.0,0.0,0.0,0.0,0.0,0.0,0.0,0.0,0.0,0.0,0.0,0.0,0.0,0.0,0.0,0.0,0.0,0.0,0.0,0.0,0.0,0.0,0.0,0.0,0.0,0.0,0.0,0.0,0.0,0.0,0.0,0.0,0.0,0.0,1.575444,0.0,0.0,0.0,0.0,0.0,0.0,0.0,0.0,0.0,0.0,0.0,0.0,0.0,0.0,0.0,0.0,0.0,0.0
CLTC,0.0,0.0,0.0,0.0,0.0,0.0,0.0,0.0,0.0,2.265462,0.0,0.0,0.0,0.0,0.0,0.0,0.0,0.0,0.0,0.0,0.0,0.0,0.0,0.0,0.0,0.0,2.329854,0.0,0.0,0.0,2.094015,0.0,0.0,0.0,0.0,0.0,0.0,2.352779,0.0,0.0,0.0,0.0,0.0,0.0,0.0,0.0,0.0,0.0,0.0,0.0,0.0,0.0,0.0,0.0,0.0,0.0,0.0,2.124558,0.0,0.0,1.732244,0.0,0.0,0.0,0.0,0.0,0.0
ATP6V1G1,0.0,0.0,0.0,0.0,2.30755,0.0,0.0,0.0,0.0,0.0,0.0,2.239567,2.369301,0.0,1.713724,0.0,0.0,0.0,0.0,0.0,2.107231,2.116168,2.597497,0.0,2.863073,0.0,0.0,0.0,2.112325,0.0,2.094015,0.0,0.0,0.0,2.208684,2.367547,0.0,2.352779,0.0,0.0,2.076734,0.0,0.0,2.250889,0.0,0.0,2.560346,2.078567,2.159381,2.008989,2.194031,0.0,2.63272,2.459503,0.0,0.0,2.188033,2.124558,1.986951,2.765818,1.732244,2.165166,0.0,2.084709,0.0,2.9909,0.0
TUBB,2.357528,2.202934,0.0,0.0,0.0,0.0,0.0,0.0,0.0,0.0,0.0,0.0,0.0,0.0,0.0,0.0,0.0,0.0,2.365796,0.0,0.0,0.0,0.0,0.0,0.0,0.0,0.0,0.0,0.0,0.0,0.0,0.0,0.0,2.29622,0.0,0.0,0.0,2.352779,0.0,0.0,0.0,0.0,0.0,0.0,0.0,0.0,0.0,0.0,0.0,0.0,1.606564,2.22914,2.008989,0.0,0.0,0.0,0.0,0.0,0.0,0.0,1.732244,0.0,0.0,0.0,0.0,2.9909,0.0
SSBP3,0.0,0.0,0.0,0.0,0.0,0.0,0.0,0.0,0.0,0.0,0.0,0.0,0.0,0.0,0.0,0.0,0.0,0.0,0.0,0.0,0.0,0.0,0.0,0.0,0.0,0.0,0.0,0.0,0.0,0.0,0.0,0.0,0.0,0.0,2.20868396862704,0.0,0.0,0.0,0.0,0.0,0.0,0.0,0.0,0.0,0.0,0.0,0.0,0.0,0.0,0.0,0.0,0.0,0.0,0.0,0.0,0.0,0.0,0.0,0.0,0.0,0.0,0.0,0.0,0.0,0.0,0.0,0.0
CLEC11A,0.0,0.0,0.0,0.0,0.0,0.0,0.0,0.0,0.0,0.0,0.0,0.0,0.0,0.0,0.0,0.0,0.0,0.0,0.0,0.0,0.0,0.0,0.0,0.0,0.0,0.0,0.0,0.0,0.0,0.0,0.0,0.0,0.0,0.0,0.0,0.0,0.0,0.0,0.0,0.0,0.0,0.0,0.0,0.0,0.0,0.0,0.0,0.0,0.0,0.0,0.0,0.0,0.0,0.0,0.0,0.0,0.0,0.0,0.0,0.0,0.0,0.0,0.0,0.0,0.0,0.0,0.0
NDUFC1,0.0,2.202934,0.0,0.0,0.0,0.0,0.0,0.0,0.0,1.671058,0.0,0.0,0.0,0.0,0.0,0.0,0.0,0.0,0.0,0.0,0.0,0.0,0.0,0.0,0.0,0.0,0.0,0.0,0.0,2.305922,0.0,0.0,0.0,0.0,0.0,0.0,0.0,0.0,0.0,0.0,0.0,0.0,0.0,0.0,0.0,0.0,0.0,0.0,0.0,0.0,0.0,0.0,0.0,0.0,0.0,0.0,0.0,0.0,1.986951,0.0,0.0,0.0,0.0,0.0,0.0,0.0,0.0
PARL,0.0,0.0,0.0,0.0,0.0,0.0,0.0,0.0,0.0,0.0,0.0,0.0,0.0,0.0,0.0,0.0,0.0,0.0,0.0,0.0,0.0,0.0,1.976168,0.0,0.0,0.0,0.0,0.0,2.112325,0.0,0.0,0.0,0.0,0.0,0.0,0.0,0.0,0.0,0.0,0.0,0.0,0.0,0.0,2.250889,0.0,0.0,0.0,0.0,0.0,0.0,1.606564,2.22914,0.0,0.0,0.0,0.0,0.0,0.0,0.0,0.0,0.0,0.0,0.0,0.0,0.0,0.0,2.304297
PCM1,0.0,0.0,1.720847,0.0,0.0,0.0,0.0,0.0,0.0,0.0,0.0,0.0,0.0,2.388854,0.0,0.0,2.144269,0.0,0.0,0.0,0.0,0.0,0.0,0.0,0.0,0.0,0.0,0.0,0.0,0.0,2.094015,0.0,0.0,0.0,0.0,0.0,0.0,0.0,0.0,0.0,0.0,0.0,0.0,0.0,0.0,2.385264,1.941637,0.0,0.0,2.008989,2.194031,0.0,2.008989,0.0,0.0,0.0,0.0,2.124558,0.0,0.0,1.732244,0.0,0.0,2.713668,0.0,0.0,0.0
MYO9A,0.0,0.0,0.0,0.0,0.0,0.0,0.0,0.0,0.0,0.0,0.0,0.0,0.0,0.0,1.713724,0.0,2.144269,0.0,0.0,0.0,0.0,0.0,0.0,0.0,0.0,0.0,0.0,0.0,0.0,0.0,0.0,2.099651,0.0,0.0,0.0,0.0,0.0,0.0,0.0,0.0,0.0,0.0,0.0,0.0,0.0,0.0,0.0,0.0,0.0,0.0,0.0,0.0,0.0,0.0,0.0,0.0,0.0,0.0,0.0,0.0,0.0,0.0,2.235827,0.0,0.0,0.0,0.0
MAP3K7,0.0,0.0,0.0,0.0,0.0,0.0,0.0,0.0,0.0,0.0,0.0,0.0,0.0,0.0,0.0,0.0,0.0,0.0,0.0,2.146934,0.0,0.0,0.0,0.0,0.0,0.0,0.0,0.0,0.0,0.0,0.0,0.0,0.0,0.0,0.0,0.0,0.0,0.0,2.279514,0.0,0.0,0.0,0.0,0.0,0.0,0.0,0.0,0.0,0.0,2.008989,0.0,0.0,0.0,0.0,0.0,0.0,0.0,2.124558,0.0,0.0,0.0,0.0,0.0,0.0,0.0,0.0,0.0
FUS,2.730933,0.0,0.0,0.0,2.30755,0.0,0.0,2.274021,2.696737,0.0,2.674451,0.0,2.369301,0.0,0.0,0.0,3.16156,0.0,0.0,2.146934,0.0,0.0,2.977829,0.0,0.0,0.0,2.973122,0.0,0.0,0.0,2.094015,0.0,0.0,0.0,2.845343,0.0,0.0,2.352779,0.0,0.0,0.0,1.923451,2.272458,0.0,0.0,0.0,1.941637,2.078567,0.0,0.0,0.0,0.0,0.0,0.0,2.183826,0.0,0.0,0.0,0.0,2.133695,1.732244,0.0,0.0,0.0,0.0,0.0,2.304297
GTF2A2,2.357528,0.0,0.0,0.0,0.0,0.0,0.0,0.0,0.0,0.0,0.0,0.0,0.0,0.0,0.0,0.0,0.0,0.0,0.0,0.0,2.107231,0.0,0.0,0.0,0.0,0.0,0.0,0.0,0.0,0.0,0.0,0.0,0.0,0.0,0.0,2.367547,0.0,0.0,0.0,0.0,0.0,0.0,0.0,2.250889,0.0,0.0,0.0,0.0,0.0,0.0,0.0,0.0,0.0,0.0,0.0,0.0,0.0,0.0,0.0,0.0,1.732244,0.0,0.0,2.084709,0.0,0.0,0.0
FAM198B,0.0,0.0,0.0,0.0,0.0,0.0,0.0,0.0,0.0,0.0,0.0,0.0,0.0,0.0,0.0,0.0,0.0,0.0,0.0,0.0,0.0,0.0,0.0,0.0,0.0,0.0,0.0,0.0,0.0,0.0,0.0,0.0,0.0,0.0,0.0,0.0,0.0,0.0,0.0,0.0,0.0,0.0,0.0,0.0,0.0,0.0,0.0,0.0,0.0,0.0,0.0,0.0,0.0,0.0,0.0,0.0,0.0,0.0,0.0,0.0,0.0,0.0,0.0,0.0,0.0,0.0,0.0
CSNK1E,0.0,0.0,0.0,0.0,0.0,0.0,0.0,0.0,0.0,0.0,0.0,0.0,0.0,0.0,1.713724,0.0,0.0,0.0,0.0,0.0,0.0,0.0,0.0,0.0,0.0,0.0,0.0,0.0,0.0,0.0,0.0,0.0,0.0,0.0,0.0,0.0,0.0,0.0,0.0,0.0,0.0,0.0,0.0,0.0,0.0,0.0,0.0,0.0,0.0,0.0,0.0,0.0,0.0,0.0,0.0,0.0,0.0,0.0,0.0,0.0,0.0,0.0,0.0,2.713668,0.0,0.0,0.0
LUM,0.0,0.0,0.0,0.0,0.0,0.0,0.0,0.0,0.0,0.0,2.047976,0.0,0.0,0.0,0.0,0.0,0.0,0.0,0.0,0.0,0.0,0.0,0.0,0.0,0.0,0.0,0.0,0.0,2.112325,0.0,0.0,0.0,0.0,0.0,0.0,0.0,0.0,0.0,0.0,0.0,0.0,0.0,0.0,0.0,0.0,0.0,0.0,0.0,0.0,0.0,0.0,2.22914,0.0,0.0,0.0,0.0,0.0,0.0,0.0,0.0,0.0,0.0,0.0,0.0,0.0,0.0,0.0
RAMP2,0.0,0.0,0.0,0.0,0.0,0.0,0.0,0.0,0.0,0.0,0.0,0.0,0.0,0.0,3.342775,0.0,0.0,0.0,0.0,0.0,0.0,0.0,0.0,0.0,0.0,0.0,0.0,0.0,0.0,0.0,0.0,0.0,0.0,0.0,0.0,0.0,0.0,0.0,0.0,0.0,0.0,0.0,0.0,0.0,0.0,0.0,0.0,0.0,0.0,0.0,0.0,0.0,0.0,0.0,0.0,0.0,0.0,0.0,0.0,0.0,0.0,0.0,0.0,0.0,0.0,0.0,0.0
RPS6KA3,1.754819,0.0,0.0,0.0,0.0,0.0,0.0,0.0,0.0,0.0,0.0,0.0,3.014546,0.0,1.713724,0.0,2.144269,0.0,0.0,0.0,0.0,0.0,0.0,0.0,0.0,0.0,0.0,0.0,0.0,0.0,0.0,0.0,0.0,0.0,0.0,0.0,0.0,0.0,0.0,0.0,0.0,0.0,0.0,0.0,0.0,0.0,0.0,0.0,1.575444,0.0,0.0,0.0,2.008989,0.0,0.0,0.0,0.0,0.0,0.0,0.0,0.0,0.0,0.0,0.0,0.0,0.0,0.0
YPEL5,0.0,0.0,1.720847,2.29622,0.0,0.0,0.0,0.0,0.0,1.671058,2.047976,0.0,0.0,0.0,0.0,0.0,0.0,2.360564,0.0,0.0,0.0,0.0,0.0,0.0,0.0,0.0,0.0,0.0,0.0,0.0,0.0,2.729593,0.0,0.0,0.0,0.0,0.0,0.0,0.0,0.0,0.0,0.0,0.0,0.0,0.0,0.0,0.0,0.0,0.0,0.0,0.0,0.0,2.008989,0.0,0.0,0.0,0.0,0.0,1.986951,0.0,0.0,0.0,0.0,0.0,0.0,0.0,0.0
C1orf43,0.0,0.0,0.0,0.0,0.0,0.0,0.0,0.0,0.0,0.0,0.0,0.0,0.0,0.0,0.0,0.0,0.0,0.0,0.0,0.0,0.0,0.0,0.0,0.0,0.0,0.0,0.0,0.0,0.0,0.0,0.0,0.0,0.0,2.29621992739132,0.0,0.0,0.0,0.0,0.0,0.0,0.0,0.0,0.0,0.0,2.12196671391844,0.0,0.0,0.0,0.0,0.0,0.0,0.0,0.0,0.0,0.0,0.0,0.0,0.0,0.0,0.0,1.73224424421223,0.0,0.0,0.0,0.0,0.0,0.0
UBE2D3,1.754819,2.202934,1.720847,2.29622,0.0,2.339117,0.0,0.0,0.0,0.0,2.047976,0.0,0.0,0.0,1.713724,0.0,0.0,0.0,2.365796,2.146934,0.0,0.0,0.0,0.0,0.0,0.0,0.0,0.0,0.0,0.0,0.0,0.0,2.751972,0.0,2.845343,0.0,2.717622,2.352779,0.0,0.0,2.076734,1.923451,2.272458,0.0,0.0,0.0,0.0,0.0,1.575444,0.0,1.606564,0.0,0.0,0.0,0.0,0.0,0.0,0.0,2.609079,0.0,1.732244,2.165166,0.0,2.084709,2.230622,0.0,0.0
